Trade number,Type,Date and time,Signal,Price USD,Size (qty),Size (value),Net PnL USD,Return %,Commission USD,Favorable excursion USD,Favorable excursion %,Adverse excursion USD,Adverse excursion %,Cumulative PnL USD,Cumulative PnL %,Duration (bars)
1,Exit long,2025-10-14 09:55,sl1|exit_reason=be|mfe_r=0.866473,187.88,66,12402.72,-2.64,-0.02,0,49.5,0.40,-17.82,-0.14,-2.64,-0.01,2
1,Entry long,2025-10-14 09:45,sl1|setup=vwap_reclaim|side=long|grade=B|size=half|score=3|window=open|tier=core|rvol=0.420706|rs_vs_spy=0.919112|gap_atr=-0.616396|ext_atr=0.020461|risk_atr=0.08,187.92,66,12402.72,-2.64,-0.02,0,49.5,0.40,-17.82,-0.14,-2.64,-0.01,2
2,Exit short,2025-10-15 10:05,sl1|exit_reason=be|mfe_r=0.954045,189.77,47,8917.31,-1.88,-0.02,0,46.53,0.52,-46.53,-0.52,-4.52,-0.02,6
2,Entry short,2025-10-15 09:35,sl1|setup=orb_break|side=short|grade=B|size=half|score=3|window=open|tier=core|rvol=0.331326|rs_vs_spy=-1.375968|gap_atr=0.589773|ext_atr=0.114187|risk_atr=0.115409,189.73,47,8917.31,-1.88,-0.02,0,46.53,0.52,-46.53,-0.52,-4.52,-0.02,6
3,Exit short,2025-10-16 09:40,sl1|exit_reason=stop|mfe_r=0,197.57,88,17283.2,-102.96,-0.60,0,27.28,0.16,-102.96,-0.60,-107.48,-0.43,1
3,Entry short,2025-10-16 09:35,sl1|setup=orb_break|side=short|grade=A|size=full|score=4|window=open|tier=core|rvol=1.97775|rs_vs_spy=-1.729832|gap_atr=0.887109|ext_atr=0.275001|risk_atr=0.126118,196.4,88,17283.2,-102.96,-0.60,0,27.28,0.16,-102.96,-0.60,-107.48,-0.43,1
4,Exit long,2025-10-16 10:20,sl1|exit_reason=trail|mfe_r=1.567133,202.43,69,13943.52,24.15,0.17,0,75.9,0.54,-40.02,-0.29,-83.33,-0.33,1
4,Entry long,2025-10-16 10:15,sl1|setup=orb_break|side=long|grade=A|size=half|score=5|window=midday|tier=core|rvol=1.740887|rs_vs_spy=1.106505|gap_atr=0.887109|ext_atr=0.352788|risk_atr=0.08,202.08,69,13943.52,24.15,0.17,0,75.9,0.54,-40.02,-0.29,-83.33,-0.33,1
5,Exit short,2025-10-16 14:40,sl1|exit_reason=time|mfe_r=0.406891,201.62,30,6020.7,-27.9,-0.46,0,19.2,0.32,-35.1,-0.58,-111.23,-0.44,6
5,Entry short,2025-10-16 14:10,sl1|setup=vwap_loss|side=short|grade=B|size=half|score=3|window=power|tier=core|rvol=1.785579|rs_vs_spy=1.665363|gap_atr=0.887109|ext_atr=0.13157|risk_atr=0.18157,200.69,30,6020.7,-27.9,-0.46,0,19.2,0.32,-35.1,-0.58,-111.23,-0.44,6
6,Exit short,2025-10-17 09:45,sl1|exit_reason=stop|mfe_r=0,198.25,66,13031.7,-52.8,-0.41,0,39.6,0.30,-52.8,-0.41,-164.03,-0.66,1
6,Entry short,2025-10-17 09:40,sl1|setup=orb_break|side=short|grade=B|size=half|score=4|window=open|tier=core|rvol=0.695419|rs_vs_spy=-0.713185|gap_atr=-0.361434|ext_atr=0.139939|risk_atr=0.081103,197.45,66,13031.7,-52.8,-0.41,0,39.6,0.30,-52.8,-0.41,-164.03,-0.66,1
7,Exit long,2025-10-17 10:15,sl1|exit_reason=stop|mfe_r=0.260446,200.01,28,5650.96,-50.68,-0.90,0,12.32,0.22,-50.68,-0.90,-214.71,-0.86,3
7,Entry long,2025-10-17 10:00,sl1|setup=orb_retest|side=long|grade=B|size=half|score=3|window=open|tier=core|rvol=1.005584|rs_vs_spy=1.103214|gap_atr=-0.361434|ext_atr=0.20571|risk_atr=0.189425,201.82,28,5650.96,-50.68,-0.90,0,12.32,0.22,-50.68,-0.90,-214.71,-0.86,3
8,Exit short,2025-10-20 09:50,sl1|exit_reason=stop|mfe_r=0,209.7,54,11222.82,-100.98,-0.90,0,0,0.00,-100.98,-0.90,-315.69,-1.26,1
8,Entry short,2025-10-20 09:45,sl1|setup=orb_break|side=short|grade=A|size=full|score=4|window=open|tier=core|rvol=1.605543|rs_vs_spy=-1.212234|gap_atr=0.802779|ext_atr=0.304047|risk_atr=0.197538,207.83,54,11222.82,-100.98,-0.90,0,0,0.00,-100.98,-0.90,-315.69,-1.26,1
9,Exit short,2025-10-20 14:55,sl1|exit_reason=time|mfe_r=0.474178,206.14,38,7832.18,-1.14,-0.01,0,22.8,0.29,-7.22,-0.09,-316.83,-1.27,6
9,Entry short,2025-10-20 14:25,sl1|setup=lod_break|side=short|grade=B|size=half|score=3|window=power|tier=core|rvol=0.927909|rs_vs_spy=-2.420272|gap_atr=0.802779|ext_atr=0.331625|risk_atr=0.141845,206.11,38,7832.18,-1.14,-0.01,0,22.8,0.29,-7.22,-0.09,-316.83,-1.27,6
10,Exit short,2025-10-21 09:45,sl1|exit_reason=stop|mfe_r=0,203.41,31,6255.18,-50.53,-0.81,0,10.85,0.17,-50.53,-0.81,-367.36,-1.47,1
10,Entry short,2025-10-21 09:40,sl1|setup=orb_break|side=short|grade=B|size=half|score=4|window=open|tier=core|rvol=0.650583|rs_vs_spy=-1.152413|gap_atr=-0.266331|ext_atr=0.180388|risk_atr=0.167546,201.78,31,6255.18,-50.53,-0.81,0,10.85,0.17,-50.53,-0.81,-367.36,-1.47,1
11,Exit long,2025-10-22 10:10,sl1|exit_reason=stop|mfe_r=0.048116,202.49,17,3492.48,-50.15,-1.44,0,2.04,0.06,-50.15,-1.44,-417.51,-1.67,6
11,Entry long,2025-10-22 09:40,sl1|setup=orb_break|side=long|grade=B|size=half|score=4|window=open|tier=core|rvol=0.522918|rs_vs_spy=1.476747|gap_atr=0.027741|ext_atr=0.314791|risk_atr=0.316531,205.44,17,3492.48,-50.15,-1.44,0,2.04,0.06,-50.15,-1.44,-417.51,-1.67,6
12,Exit long,2025-10-23 10:00,sl1|exit_reason=trail|mfe_r=1.785831,203.47,20,4031.6,37.8,0.94,0,87.6,2.17,-25.2,-0.63,-379.71,-1.52,5
12,Entry long,2025-10-23 09:35,sl1|setup=orb_break|side=long|grade=B|size=half|score=4|window=open|tier=core|rvol=1.057837|rs_vs_spy=2.426965|gap_atr=-0.206294|ext_atr=0.24308|risk_atr=0.259987,201.58,20,4031.6,37.8,0.94,0,87.6,2.17,-25.2,-0.63,-379.71,-1.52,5
13,Exit long,2025-10-23 15:40,sl1|exit_reason=time|mfe_r=0.224812,205.43,38,7829.14,-22.8,-0.29,0,10.26,0.13,-24.7,-0.32,-402.51,-1.61,6
13,Entry long,2025-10-23 15:10,sl1|setup=hod_break|side=long|grade=B|size=half|score=4|window=power|tier=core|rvol=0.859326|rs_vs_spy=4.144826|gap_atr=-0.206294|ext_atr=0.292799|risk_atr=0.136119,206.03,38,7829.14,-22.8,-0.29,0,10.26,0.13,-24.7,-0.32,-402.51,-1.61,6
14,Exit long,2025-10-24 10:25,sl1|exit_reason=be|mfe_r=1.066764,214.13,47,10065.99,-1.88,-0.02,0,52.17,0.52,-47,-0.47,-404.39,-1.62,9
14,Entry long,2025-10-24 09:40,sl1|setup=orb_break|side=long|grade=B|size=half|score=4|window=open|tier=core|rvol=1.434972|rs_vs_spy=0.707449|gap_atr=0.583512|ext_atr=0.109299|risk_atr=0.108249,214.17,47,10065.99,-1.88,-0.02,0,52.17,0.52,-47,-0.47,-404.39,-1.62,9
15,Exit long,2025-10-24 14:45,sl1|exit_reason=be|mfe_r=0.80743,217.8,38,8277.92,-1.52,-0.02,0,38.76,0.47,-2.66,-0.03,-405.91,-1.62,4
15,Entry long,2025-10-24 14:25,sl1|setup=hod_break|side=long|grade=B|size=half|score=4|window=power|tier=core|rvol=1.257298|rs_vs_spy=2.306795|gap_atr=0.583512|ext_atr=0.23725|risk_atr=0.131626,217.84,38,8277.92,-1.52,-0.02,0,38.76,0.47,-2.66,-0.03,-405.91,-1.62,4
16,Exit long,2025-10-24 15:30,sl1|exit_reason=time|mfe_r=0.060069,218.58,24,5266.08,-20.16,-0.38,0,2.64,0.05,-21.6,-0.41,-426.07,-1.70,6
16,Entry long,2025-10-24 15:00,sl1|setup=hod_break|side=long|grade=B|size=half|score=4|window=power|tier=core|rvol=1.340764|rs_vs_spy=3.021145|gap_atr=0.583512|ext_atr=0.36417|risk_atr=0.212656,219.42,24,5266.08,-20.16,-0.38,0,2.64,0.05,-21.6,-0.41,-426.07,-1.70,6
17,Exit short,2025-10-27 09:40,sl1|exit_reason=stop|mfe_r=0,222.1,62,13717.5,-52.7,-0.38,0,45.88,0.33,-52.7,-0.38,-478.77,-1.92,1
17,Entry short,2025-10-27 09:35,sl1|setup=orb_break|side=short|grade=B|size=half|score=3|window=open|tier=core|rvol=1.270082|rs_vs_spy=-1.586381|gap_atr=0.579665|ext_atr=0.166015|risk_atr=0.08,221.25,62,13717.5,-52.7,-0.38,0,45.88,0.33,-52.7,-0.38,-478.77,-1.92,1
18,Exit short,2025-10-29 09:45,sl1|exit_reason=stop|mfe_r=0.721175,228.51,39,8860.8,-51.09,-0.58,0,34.71,0.39,-51.09,-0.58,-529.86,-2.12,2
18,Entry short,2025-10-29 09:35,sl1|setup=orb_break|side=short|grade=B|size=half|score=3|window=open|tier=core|rvol=0.89119|rs_vs_spy=-0.822897|gap_atr=0.745596|ext_atr=0.149374|risk_atr=0.130941,227.2,39,8860.8,-51.09,-0.58,0,34.71,0.39,-51.09,-0.58,-529.86,-2.12,2
19,Exit short,2025-10-30 09:45,sl1|exit_reason=stop|mfe_r=0.065767,223.98,19,4205.65,-49.97,-1.19,0,2.85,0.07,-49.97,-1.19,-579.83,-2.32,2
19,Entry short,2025-10-30 09:35,sl1|setup=orb_break|side=short|grade=B|size=half|score=4|window=open|tier=core|rvol=0.591168|rs_vs_spy=-1.898989|gap_atr=-0.032998|ext_atr=0.224378|risk_atr=0.26655,221.35,19,4205.65,-49.97,-1.19,0,2.85,0.07,-49.97,-1.19,-579.83,-2.32,2
20,Exit long,2025-10-31 09:40,sl1|exit_reason=be|mfe_r=0.948446,230.33,58,13365.52,-6.38,-0.05,0,45.82,0.34,-19.14,-0.14,-586.21,-2.34,1
20,Entry long,2025-10-31 09:35,sl1|setup=orb_break|side=long|grade=B|size=half|score=4|window=open|tier=core|rvol=0.504076|rs_vs_spy=1.304672|gap_atr=0.385525|ext_atr=0.076309|risk_atr=0.090082,230.44,58,13365.52,-6.38,-0.05,0,45.82,0.34,-19.14,-0.14,-586.21,-2.34,1
21,Exit short,2025-10-31 10:05,sl1|exit_reason=stop|mfe_r=0,227.48,65,14734.2,-52,-0.35,0,16.9,0.11,-52,-0.35,-638.21,-2.55,1
21,Entry short,2025-10-31 10:00,sl1|setup=orb_break|side=short|grade=B|size=half|score=3|window=open|tier=core|rvol=0.541015|rs_vs_spy=-0.096843|gap_atr=0.385525|ext_atr=0.249051|risk_atr=0.08,226.68,65,14734.2,-52,-0.35,0,16.9,0.11,-52,-0.35,-638.21,-2.55,1
22,Exit long,2025-11-03 10:10,sl1|exit_reason=stop|mfe_r=0.65781,233.61,64,15003.52,-52.48,-0.35,0,31.36,0.21,-52.48,-0.35,-690.69,-2.76,2
22,Entry long,2025-11-03 10:00,sl1|setup=vwap_reclaim|side=long|grade=B|size=half|score=4|window=open|tier=core|rvol=1.005572|rs_vs_spy=0.702977|gap_atr=1.053527|ext_atr=0.019813|risk_atr=0.08,234.43,64,15003.52,-52.48,-0.35,0,31.36,0.21,-52.48,-0.35,-690.69,-2.76,2
23,Exit short,2025-11-04 15:00,sl1|exit_reason=stop|mfe_r=0.400468,220.9,62,13643.72,-52.08,-0.38,0,18.6,0.14,-52.08,-0.38,-742.77,-2.97,4
23,Entry short,2025-11-04 14:40,sl1|setup=orb_break|side=short|grade=B|size=half|score=4|window=power|tier=core|rvol=1.186708|rs_vs_spy=-0.756569|gap_atr=-1.24896|ext_atr=0.389102|risk_atr=0.08,220.06,62,13643.72,-52.08,-0.38,0,18.6,0.14,-52.08,-0.38,-742.77,-2.97,4
24,Exit short,2025-11-04 15:50,sl1|exit_reason=eod|mfe_r=0.852491,217.92,24,5265.12,35.04,0.67,0,41.52,0.79,-14.4,-0.27,-707.73,-2.83,6
24,Entry short,2025-11-04 15:20,sl1|setup=lod_break|side=short|grade=B|size=half|score=4|window=power|tier=core|rvol=1.203795|rs_vs_spy=-1.121809|gap_atr=-1.24896|ext_atr=0.422949|risk_atr=0.205521,219.38,24,5265.12,35.04,0.67,0,41.52,0.79,-14.4,-0.27,-707.73,-2.83,6
25,Exit long,2025-11-05 09:55,sl1|exit_reason=trail|mfe_r=2.558953,233.45,24,5526.96,75.84,1.37,0,125.76,2.28,-21.12,-0.38,-631.89,-2.53,4
25,Entry long,2025-11-05 09:35,sl1|setup=orb_break|side=long|grade=B|size=half|score=4|window=open|tier=core|rvol=1.395821|rs_vs_spy=2.128103|gap_atr=0.710237|ext_atr=0.22406|risk_atr=0.195568,230.29,24,5526.96,75.84,1.37,0,125.76,2.28,-21.12,-0.38,-631.89,-2.53,4
26,Exit long,2025-11-05 15:50,sl1|exit_reason=eod|mfe_r=1.17159,238.81,30,7140,24.3,0.34,0,56.4,0.79,-8.7,-0.12,-607.59,-2.43,18
26,Entry long,2025-11-05 14:20,sl1|setup=hod_break|side=long|grade=B|size=half|score=4|window=power|tier=core|rvol=1.463172|rs_vs_spy=4.736416|gap_atr=0.710237|ext_atr=0.362983|risk_atr=0.154295,238,30,7140,24.3,0.34,0,56.4,0.79,-8.7,-0.12,-607.59,-2.43,18
27,Exit long,2025-11-06 09:50,sl1|exit_reason=be|mfe_r=0.84867,243.44,14,3408.72,-0.56,-0.02,0,41.02,1.20,-9.52,-0.28,-608.15,-2.43,3
27,Entry long,2025-11-06 09:35,sl1|setup=orb_break|side=long|grade=B|size=half|score=4|window=open|tier=core|rvol=1.134552|rs_vs_spy=2.411512|gap_atr=0.016784|ext_atr=0.265211|risk_atr=0.307055,243.48,14,3408.72,-0.56,-0.02,0,41.02,1.20,-9.52,-0.28,-608.15,-2.43,3
28,Exit long,2025-11-06 13:00,sl1|exit_reason=stop|mfe_r=0,238.96,23,5545.3,-49.22,-0.89,0,0,0.00,-49.22,-0.89,-657.37,-2.63,2
28,Entry long,2025-11-06 12:50,sl1|setup=vwap_reclaim|side=long|grade=A|size=half|score=5|window=midday|tier=core|rvol=1.616776|rs_vs_spy=2.221352|gap_atr=0.016784|ext_atr=0.135488|risk_atr=0.185488,241.1,23,5545.3,-49.22,-0.89,0,0,0.00,-49.22,-0.89,-657.37,-2.63,2
29,Exit long,2025-11-06 13:45,sl1|exit_reason=be|mfe_r=1.082105,239.75,55,13188.45,-2.2,-0.02,0,52.8,0.40,-2.2,-0.02,-659.57,-2.64,3
29,Entry long,2025-11-06 13:30,sl1|setup=vwap_reclaim|side=long|grade=A|size=half|score=5|window=midday|tier=core|rvol=1.604416|rs_vs_spy=1.668504|gap_atr=0.016784|ext_atr=0.024973|risk_atr=0.08,239.79,55,13188.45,-2.2,-0.02,0,52.8,0.40,-2.2,-0.02,-659.57,-2.64,3
30,Exit short,2025-11-07 09:40,sl1|exit_reason=stop|mfe_r=0,232.42,22,5012.48,-100.76,-2.01,0,2.86,0.06,-100.76,-2.01,-760.33,-3.04,1
30,Entry short,2025-11-07 09:35,sl1|setup=orb_break|side=short|grade=A|size=full|score=5|window=open|tier=core|rvol=1.694707|rs_vs_spy=-2.213154|gap_atr=-0.362578|ext_atr=0.348135|risk_atr=0.4,227.84,22,5012.48,-100.76,-2.01,0,2.86,0.06,-100.76,-2.01,-760.33,-3.04,1
31,Exit short,2025-11-07 11:20,sl1|exit_reason=trail|mfe_r=1.844148,229.63,15,3483.9,39.45,1.13,0,87.3,2.51,-2.85,-0.08,-720.88,-2.88,9
31,Entry short,2025-11-07 10:35,sl1|setup=pdl_retest|side=short|grade=A|size=half|score=5|window=midday|tier=core|rvol=1.76228|rs_vs_spy=-0.359139|gap_atr=-0.362578|ext_atr=0.257805|risk_atr=0.279368,232.26,15,3483.9,39.45,1.13,0,87.3,2.51,-2.85,-0.08,-720.88,-2.88,9
32,Exit long,2025-11-10 09:45,sl1|exit_reason=stop|mfe_r=0,254.42,107,27327.8,-104.86,-0.38,0,5.35,0.02,-104.86,-0.38,-825.74,-3.30,1
32,Entry long,2025-11-10 09:40,sl1|setup=orb_break|side=long|grade=A|size=full|score=5|window=open|tier=core|rvol=2.517585|rs_vs_spy=2.767838|gap_atr=0.862632|ext_atr=0.150023|risk_atr=0.08,255.4,107,27327.8,-104.86,-0.38,0,5.35,0.02,-104.86,-0.38,-825.74,-3.30,1
33,Exit long,2025-11-10 13:00,sl1|exit_reason=be|mfe_r=0.920426,254.41,53,13485.85,-2.12,-0.02,0,44.52,0.33,-20.14,-0.15,-827.86,-3.31,6
33,Entry long,2025-11-10 12:30,sl1|setup=vwap_reclaim|side=long|grade=A|size=half|score=5|window=midday|tier=core|rvol=1.509923|rs_vs_spy=2.502831|gap_atr=0.862632|ext_atr=0.027831|risk_atr=0.08,254.45,53,13485.85,-2.12,-0.02,0,44.52,0.33,-20.14,-0.15,-827.86,-3.31,6
34,Exit short,2025-11-11 09:55,sl1|exit_reason=trail|mfe_r=1.613962,244.83,21,5170.83,29.4,0.57,0,85.47,1.65,-19.74,-0.38,-798.46,-3.19,4
34,Entry short,2025-11-11 09:35,sl1|setup=orb_break|side=short|grade=B|size=half|score=4|window=open|tier=core|rvol=0.921186|rs_vs_spy=-0.873513|gap_atr=-0.40285|ext_atr=0.117035|risk_atr=0.19329,246.23,21,5170.83,29.4,0.57,0,85.47,1.65,-19.74,-0.38,-798.46,-3.19,4
35,Exit short,2025-11-12 10:00,sl1|exit_reason=stop|mfe_r=0.19584,244.01,21,5074.02,-50.19,-0.99,0,9.24,0.18,-50.19,-0.99,-848.65,-3.39,3
35,Entry short,2025-11-12 09:45,sl1|setup=orb_break|side=short|grade=B|size=half|score=3|window=open|tier=core|rvol=0.589522|rs_vs_spy=-0.976734|gap_atr=0.275106|ext_atr=0.149838|risk_atr=0.189775,241.62,21,5074.02,-50.19,-0.99,0,9.24,0.18,-50.19,-0.99,-848.65,-3.39,3
36,Exit short,2025-11-13 09:45,sl1|exit_reason=stop|mfe_r=0,242.51,15,3588.3,-49.35,-1.38,0,0,0.00,-49.35,-1.38,-898,-3.59,1
36,Entry short,2025-11-13 09:40,sl1|setup=orb_break|side=short|grade=B|size=half|score=4|window=open|tier=core|rvol=0.961869|rs_vs_spy=-1.384612|gap_atr=-0.117458|ext_atr=0.343551|risk_atr=0.268373,239.22,15,3588.3,-49.35,-1.38,0,0,0.00,-49.35,-1.38,-898,-3.59,1
37,Exit long,2025-11-13 10:15,sl1|exit_reason=stop|mfe_r=0,246.72,26,6465.16,-50.44,-0.78,0,20.54,0.32,-50.44,-0.78,-948.44,-3.79,1
37,Entry long,2025-11-13 10:10,sl1|setup=orb_break|side=long|grade=B|size=half|score=4|window=open|tier=core|rvol=0.972048|rs_vs_spy=2.083442|gap_atr=-0.117458|ext_atr=0.386421|risk_atr=0.156705,248.66,26,6465.16,-50.44,-0.78,0,20.54,0.32,-50.44,-0.78,-948.44,-3.79,1
38,Exit long,2025-11-14 10:05,sl1|exit_reason=trail|mfe_r=2.250677,246.73,9,2164.23,56.34,2.60,0,101.97,4.71,-4.23,-0.20,-892.1,-3.57,6
38,Entry long,2025-11-14 09:35,sl1|setup=orb_break|side=long|grade=B|size=half|score=3|window=open|tier=core|rvol=1.01346|rs_vs_spy=3.792364|gap_atr=-0.437841|ext_atr=0.298982|risk_atr=0.4,240.47,9,2164.23,56.34,2.60,0,101.97,4.71,-4.23,-0.20,-892.1,-3.57,6
39,Exit long,2025-11-17 09:40,sl1|exit_reason=stop|mfe_r=0,256.08,32,8293.12,-98.56,-1.19,0,14.08,0.17,-98.56,-1.19,-990.66,-3.96,1
39,Entry long,2025-11-17 09:35,sl1|setup=orb_break|side=long|grade=A|size=full|score=5|window=open|tier=core|rvol=1.520302|rs_vs_spy=4.511462|gap_atr=0.002981|ext_atr=0.298186|risk_atr=0.225899,259.16,32,8293.12,-98.56,-1.19,0,14.08,0.17,-98.56,-1.19,-990.66,-3.96,1
40,Exit short,2025-11-17 15:50,sl1|exit_reason=be|mfe_r=1.045326,242.46,17,4121.14,-0.68,-0.02,0,50.32,1.22,-4.42,-0.11,-991.34,-3.97,16
40,Entry short,2025-11-17 14:30,sl1|setup=lod_break|side=short|grade=B|size=half|score=4|window=power|tier=core|rvol=1.116731|rs_vs_spy=-1.102094|gap_atr=0.002981|ext_atr=0.733867|risk_atr=0.212479,242.42,17,4121.14,-0.68,-0.02,0,50.32,1.22,-4.42,-0.11,-991.34,-3.97,16
41,Exit short,2025-11-18 09:45,sl1|exit_reason=stop|mfe_r=0,235.18,30,7005.3,-50.1,-0.72,0,40.8,0.58,-50.1,-0.72,-1041.44,-4.17,1
41,Entry short,2025-11-18 09:40,sl1|setup=orb_break|side=short|grade=B|size=half|score=4|window=open|tier=core|rvol=0.602145|rs_vs_spy=-0.791092|gap_atr=-0.466098|ext_atr=0.177673|risk_atr=0.116585,233.51,30,7005.3,-50.1,-0.72,0,40.8,0.58,-50.1,-0.72,-1041.44,-4.17,1
42,Exit short,2025-11-18 14:35,sl1|exit_reason=stop|mfe_r=0,232.43,44,10175.88,-51.04,-0.50,0,4.84,0.05,-51.04,-0.50,-1092.48,-4.37,1
42,Entry short,2025-11-18 14:30,sl1|setup=vwap_loss|side=short|grade=B|size=half|score=4|window=power|tier=core|rvol=1.164935|rs_vs_spy=-1.875252|gap_atr=-0.466098|ext_atr=0.008058|risk_atr=0.08,231.27,44,10175.88,-51.04,-0.50,0,4.84,0.05,-51.04,-0.50,-1092.48,-4.37,1
43,Exit short,2025-11-19 09:50,sl1|exit_reason=be|mfe_r=0.81239,227.62,27,6144.66,-1.08,-0.02,0,39.96,0.65,-14.58,-0.24,-1093.56,-4.37,2
43,Entry short,2025-11-19 09:40,sl1|setup=vwap_loss|side=short|grade=B|size=half|score=4|window=open|tier=core|rvol=0.691586|rs_vs_spy=-0.05991|gap_atr=-0.105353|ext_atr=0.080553|risk_atr=0.130553,227.58,27,6144.66,-1.08,-0.02,0,39.96,0.65,-14.58,-0.24,-1093.56,-4.37,2
44,Exit short,2025-11-20 09:55,sl1|exit_reason=be|mfe_r=1.414872,223.38,12,2680.08,-0.48,-0.02,0,66.84,2.49,-9.36,-0.35,-1094.04,-4.38,4
44,Entry short,2025-11-20 09:35,sl1|setup=orb_break|side=short|grade=B|size=half|score=3|window=open|tier=core|rvol=1.211455|rs_vs_spy=-2.950457|gap_atr=0.276742|ext_atr=0.239421|risk_atr=0.27403,223.34,12,2680.08,-0.48,-0.02,0,66.84,2.49,-9.36,-0.35,-1094.04,-4.38,4
45,Exit short,2025-11-20 15:50,sl1|exit_reason=eod|mfe_r=1.338576,201.31,17,3457.29,35.02,1.01,0,64.09,1.85,-12.07,-0.35,-1059.02,-4.24,8
45,Entry short,2025-11-20 15:10,sl1|setup=lod_break|side=short|grade=B|size=half|score=3|window=power|tier=core|rvol=1.486736|rs_vs_spy=-9.055933|gap_atr=0.276742|ext_atr=0.748034|risk_atr=0.196381,203.37,17,3457.29,35.02,1.01,0,64.09,1.85,-12.07,-0.35,-1059.02,-4.24,8
46,Exit long,2025-11-21 09:55,sl1|exit_reason=stop|mfe_r=0,202.24,17,3487.04,-48.96,-1.40,0,0,0.00,-48.96,-1.40,-1107.98,-4.43,1
46,Entry long,2025-11-21 09:50,sl1|setup=vwap_reclaim|side=long|grade=B|size=half|score=4|window=open|tier=core|rvol=0.620579|rs_vs_spy=0.115341|gap_atr=0.201897|ext_atr=0.131973|risk_atr=0.181973,205.12,17,3487.04,-48.96,-1.40,0,0,0.00,-48.96,-1.40,-1107.98,-4.43,1
47,Exit short,2025-11-21 10:15,sl1|exit_reason=be|mfe_r=1.037434,199.86,31,6161.56,-34.1,-0.55,0,50.84,0.83,-38.44,-0.62,-1142.08,-4.57,1
47,Entry short,2025-11-21 10:10,sl1|setup=pdl_break|side=short|grade=B|size=half|score=4|window=open|tier=core|rvol=0.629502|rs_vs_spy=-2.611339|gap_atr=0.201897|ext_atr=0.239192|risk_atr=0.102557,198.76,31,6161.56,-34.1,-0.55,0,50.84,0.83,-38.44,-0.62,-1142.08,-4.57,1
48,Exit long,2025-11-21 14:40,sl1|exit_reason=time|mfe_r=0.339761,210.46,10,2104,0.6,0.03,0,15.9,0.76,-6.3,-0.30,-1141.48,-4.57,6
48,Entry long,2025-11-21 14:10,sl1|setup=hod_break|side=long|grade=B|size=half|score=4|window=power|tier=core|rvol=1.123384|rs_vs_spy=1.606877|gap_atr=0.201897|ext_atr=0.585996|risk_atr=0.303718,210.4,10,2104,0.6,0.03,0,15.9,0.76,-6.3,-0.30,-1141.48,-4.57,6
49,Exit long,2025-11-24 09:50,sl1|exit_reason=stop|mfe_r=0,219.58,24,5319.36,-49.44,-0.93,0,0,0.00,-49.44,-0.93,-1190.92,-4.76,1
49,Entry long,2025-11-24 09:45,sl1|setup=orb_break|side=long|grade=B|size=half|score=4|window=open|tier=core|rvol=1.039836|rs_vs_spy=3.871857|gap_atr=0.384905|ext_atr=0.134327|risk_atr=0.126855,221.64,24,5319.36,-49.44,-0.93,0,0,0.00,-49.44,-0.93,-1190.92,-4.76,1
50,Exit short,2025-11-25 09:50,sl1|exit_reason=be|mfe_r=0.98307,217.41,35,7607.95,-1.4,-0.02,0,47.95,0.63,-11.55,-0.15,-1192.32,-4.77,2
50,Entry short,2025-11-25 09:40,sl1|setup=orb_break|side=short|grade=B|size=half|score=4|window=open|tier=core|rvol=0.48882|rs_vs_spy=-0.649321|gap_atr=-0.286092|ext_atr=0.093771|risk_atr=0.087938,217.37,35,7607.95,-1.4,-0.02,0,47.95,0.63,-11.55,-0.15,-1192.32,-4.77,2
51,Exit long,2025-11-26 15:35,sl1|exit_reason=time|mfe_r=0.447052,232.41,39,9097.14,-33.15,-0.36,0,21.06,0.23,-35.1,-0.39,-1225.47,-4.90,6
51,Entry long,2025-11-26 15:05,sl1|setup=orb_break|side=long|grade=B|size=half|score=4|window=power|tier=core|rvol=0.515788|rs_vs_spy=1.160357|gap_atr=0.317407|ext_atr=0.189166|risk_atr=0.08,233.26,39,9097.14,-33.15,-0.36,0,21.06,0.23,-35.1,-0.39,-1225.47,-4.90,6
52,Exit short,2025-11-28 09:45,sl1|exit_reason=stop|mfe_r=0,236.83,40,9421.6,-51.6,-0.55,0,8.8,0.09,-51.6,-0.55,-1277.07,-5.11,1
52,Entry short,2025-11-28 09:40,sl1|setup=vwap_loss|side=short|grade=B|size=half|score=3|window=open|tier=core|rvol=0.675224|rs_vs_spy=-0.174707|gap_atr=0.366352|ext_atr=0.032194|risk_atr=0.082194,235.54,40,9421.6,-51.6,-0.55,0,8.8,0.09,-51.6,-0.55,-1277.07,-5.11,1
53,Exit short,2025-11-28 10:40,sl1|exit_reason=be|mfe_r=1.208,235.49,30,7063.5,-1.2,-0.02,0,58.8,0.83,-15.3,-0.22,-1278.27,-5.11,6
53,Entry short,2025-11-28 10:10,sl1|setup=vwap_loss|side=short|grade=B|size=half|score=3|window=open|tier=core|rvol=0.62497|rs_vs_spy=-0.265745|gap_atr=0.366352|ext_atr=0.057806|risk_atr=0.107806,235.45,30,7063.5,-1.2,-0.02,0,58.8,0.83,-15.3,-0.22,-1278.27,-5.11,6
54,Exit long,2025-12-01 10:00,sl1|exit_reason=be|mfe_r=0.815677,234.98,35,8225.7,-1.4,-0.02,0,39.55,0.48,-30.45,-0.37,-1279.67,-5.12,3
54,Entry long,2025-12-01 09:45,sl1|setup=vwap_reclaim|side=long|grade=B|size=half|score=3|window=open|tier=core|rvol=0.498464|rs_vs_spy=0.971419|gap_atr=-0.306241|ext_atr=0.046054|risk_atr=0.096054,235.02,35,8225.7,-1.4,-0.02,0,39.55,0.48,-30.45,-0.37,-1279.67,-5.12,3
55,Exit long,2025-12-02 09:50,sl1|exit_reason=stop|mfe_r=0.145703,240.31,14,3414.04,-49.7,-1.46,0,6.86,0.20,-49.7,-1.46,-1329.37,-5.32,3
55,Entry long,2025-12-02 09:35,sl1|setup=orb_break|side=long|grade=B|size=half|score=4|window=open|tier=core|rvol=0.703035|rs_vs_spy=2.041761|gap_atr=-0.12912|ext_atr=0.199727|risk_atr=0.242985,243.86,14,3414.04,-49.7,-1.46,0,6.86,0.20,-49.7,-1.46,-1329.37,-5.32,3
56,Exit short,2025-12-02 15:50,sl1|exit_reason=stop|mfe_r=0.147516,239.87,43,10262.81,-51.6,-0.50,0,6.45,0.06,-51.6,-0.50,-1380.97,-5.52,3
56,Entry short,2025-12-02 15:35,sl1|setup=vwap_loss|side=short|grade=B|size=half|score=4|window=power|tier=core|rvol=0.741717|rs_vs_spy=-0.074789|gap_atr=-0.12912|ext_atr=0.027629|risk_atr=0.08,238.67,43,10262.81,-51.6,-0.50,0,6.45,0.06,-51.6,-0.50,-1380.97,-5.52,3
57,Exit short,2025-12-03 10:05,sl1|exit_reason=time|mfe_r=0.256842,232.09,10,2293.4,-27.5,-1.20,0,12.5,0.55,-37.7,-1.64,-1408.47,-5.63,6
57,Entry short,2025-12-03 09:35,sl1|setup=orb_break|side=short|grade=B|size=half|score=4|window=open|tier=core|rvol=0.989118|rs_vs_spy=-3.004756|gap_atr=-0.22067|ext_atr=0.2199|risk_atr=0.350849,229.34,10,2293.4,-27.5,-1.20,0,12.5,0.55,-37.7,-1.64,-1408.47,-5.63,6
58,Exit short,2025-12-04 10:10,sl1|exit_reason=stop|mfe_r=0.610464,226.92,45,10110.6,-100.8,-1.00,0,59.4,0.59,-100.8,-1.00,-1509.27,-6.04,6
58,Entry short,2025-12-04 09:40,sl1|setup=orb_break|side=short|grade=A|size=full|score=5|window=open|tier=core|rvol=1.609653|rs_vs_spy=-2.217388|gap_atr=-0.279835|ext_atr=0.15055|risk_atr=0.157905,224.68,45,10110.6,-100.8,-1.00,0,59.4,0.59,-100.8,-1.00,-1509.27,-6.04,6
59,Exit short,2025-12-04 14:30,sl1|exit_reason=stop|mfe_r=0,227.64,44,9965.12,-51.04,-0.51,0,0,0.00,-51.04,-0.51,-1560.31,-6.24,2
59,Entry short,2025-12-04 14:20,sl1|setup=vwap_loss|side=short|grade=B|size=half|score=4|window=power|tier=core|rvol=1.076835|rs_vs_spy=-1.143888|gap_atr=-0.279835|ext_atr=0.005937|risk_atr=0.08,226.48,44,9965.12,-51.04,-0.51,0,0,0.00,-51.04,-0.51,-1560.31,-6.24,2
60,Exit long,2025-12-05 10:25,sl1|exit_reason=trail|mfe_r=2.238924,234.55,22,5101.58,58.52,1.15,0,107.14,2.10,-14.3,-0.28,-1501.79,-6.01,8
60,Entry long,2025-12-05 09:45,sl1|setup=pdh_break|side=long|grade=B|size=half|score=4|window=open|tier=core|rvol=0.858583|rs_vs_spy=1.196058|gap_atr=0.154952|ext_atr=0.063812|risk_atr=0.159636,231.89,22,5101.58,58.52,1.15,0,107.14,2.10,-14.3,-0.28,-1501.79,-6.01,8
61,Exit long,2025-12-08 09:45,sl1|exit_reason=stop|mfe_r=0,247.04,31,7708.77,-50.53,-0.66,0,9.92,0.13,-50.53,-0.66,-1552.32,-6.21,1
61,Entry long,2025-12-08 09:40,sl1|setup=orb_break|side=long|grade=B|size=half|score=4|window=open|tier=core|rvol=1.433483|rs_vs_spy=2.162275|gap_atr=0.470847|ext_atr=0.17324|risk_atr=0.1157,248.67,31,7708.77,-50.53,-0.66,0,9.92,0.13,-50.53,-0.66,-1552.32,-6.21,1
62,Exit long,2025-12-09 09:45,sl1|exit_reason=trail|mfe_r=1.509785,247.53,46,11362.92,23.46,0.21,0,74.52,0.66,-40.02,-0.35,-1528.86,-6.12,2
62,Entry long,2025-12-09 09:35,sl1|setup=orb_break|side=long|grade=B|size=half|score=4|window=open|tier=core|rvol=0.768993|rs_vs_spy=0.921837|gap_atr=-0.180806|ext_atr=0.088703|risk_atr=0.08,247.02,46,11362.92,23.46,0.21,0,74.52,0.66,-40.02,-0.35,-1528.86,-6.12,2
63,Exit long,2025-12-09 10:15,sl1|exit_reason=stop|mfe_r=0.305368,248.53,42,10489.5,-51.24,-0.49,0,14.28,0.14,-51.24,-0.49,-1580.1,-6.32,3
63,Entry long,2025-12-09 10:00,sl1|setup=pdh_break|side=long|grade=B|size=half|score=4|window=open|tier=core|rvol=0.793438|rs_vs_spy=1.940396|gap_atr=-0.180806|ext_atr=0.200029|risk_atr=0.086824,249.75,42,10489.5,-51.24,-0.49,0,14.28,0.14,-51.24,-0.49,-1580.1,-6.32,3
64,Exit short,2025-12-10 09:45,sl1|exit_reason=stop|mfe_r=0.479157,254.29,27,6815.61,-50.22,-0.74,0,22.95,0.34,-50.22,-0.74,-1630.32,-6.52,2
64,Entry short,2025-12-10 09:35,sl1|setup=orb_break|side=short|grade=B|size=half|score=4|window=open|tier=core|rvol=1.04973|rs_vs_spy=-1.013818|gap_atr=0.194616|ext_atr=0.107495|risk_atr=0.134358,252.43,27,6815.61,-50.22,-0.74,0,22.95,0.34,-50.22,-0.74,-1630.32,-6.52,2
65,Exit long,2025-12-10 15:00,sl1|exit_reason=time|mfe_r=0.393729,262.55,16,4186.72,14.08,0.34,0,18.72,0.45,-42.72,-1.02,-1616.24,-6.46,6
65,Entry long,2025-12-10 14:30,sl1|setup=hod_break|side=long|grade=B|size=half|score=4|window=power|tier=core|rvol=0.982103|rs_vs_spy=2.05304|gap_atr=0.194616|ext_atr=0.404244|risk_atr=0.223464,261.67,16,4186.72,14.08,0.34,0,18.72,0.45,-42.72,-1.02,-1616.24,-6.46,6
66,Exit short,2025-12-11 09:55,sl1|exit_reason=trail|mfe_r=5.475405,254.53,46,11928.72,220.34,1.85,0,272.32,2.28,-3.22,-0.03,-1395.9,-5.58,3
66,Entry short,2025-12-11 09:40,sl1|setup=orb_break|side=short|grade=B|size=half|score=4|window=open|tier=core|rvol=0.750088|rs_vs_spy=-0.99776|gap_atr=-0.142324|ext_atr=0.086726|risk_atr=0.08,259.32,46,11928.72,220.34,1.85,0,272.32,2.28,-3.22,-0.03,-1395.9,-5.58,3
67,Exit short,2025-12-11 14:55,sl1|exit_reason=stop|mfe_r=0.018436,258.59,46,11843.16,-51.98,-0.44,0,0,0.00,-51.98,-0.44,-1447.88,-5.79,4
67,Entry short,2025-12-11 14:35,sl1|setup=vwap_loss|side=short|grade=B|size=half|score=4|window=power|tier=core|rvol=1.043086|rs_vs_spy=-2.168041|gap_atr=-0.142324|ext_atr=0.01523|risk_atr=0.08,257.46,46,11843.16,-51.98,-0.44,0,0,0.00,-51.98,-0.44,-1447.88,-5.79,4
68,Exit short,2025-12-12 11:05,sl1|exit_reason=trail|mfe_r=2.44064,242.23,17,4186.25,68.34,1.63,0,117.64,2.81,-24.65,-0.59,-1379.54,-5.52,13
68,Entry short,2025-12-12 10:00,sl1|setup=orb_break|side=short|grade=B|size=half|score=4|window=open|tier=core|rvol=1.184214|rs_vs_spy=-3.41632|gap_atr=-0.216187|ext_atr=0.273753|risk_atr=0.209725,246.25,17,4186.25,68.34,1.63,0,117.64,2.81,-24.65,-0.59,-1379.54,-5.52,13
69,Exit short,2025-12-15 15:50,sl1|exit_reason=eod|mfe_r=2.424673,237.3,24,5783.04,87.84,1.52,0,119.04,2.06,-11.52,-0.20,-1291.7,-5.17,18
69,Entry short,2025-12-15 14:20,sl1|setup=lod_break|side=short|grade=B|size=half|score=3|window=power|tier=core|rvol=0.798962|rs_vs_spy=-1.857804|gap_atr=0.451455|ext_atr=0.255695|risk_atr=0.148121,240.96,24,5783.04,87.84,1.52,0,119.04,2.06,-11.52,-0.20,-1291.7,-5.17,18
70,Exit short,2025-12-16 09:45,sl1|exit_reason=stop|mfe_r=0,236.04,45,10569.6,-52.2,-0.49,0,76.5,0.72,-52.2,-0.49,-1343.9,-5.38,1
70,Entry short,2025-12-16 09:40,sl1|setup=orb_break|side=short|grade=B|size=half|score=4|window=open|tier=core|rvol=0.491848|rs_vs_spy=-0.298784|gap_atr=-0.126768|ext_atr=0.115496|risk_atr=0.08,234.88,45,10569.6,-52.2,-0.49,0,76.5,0.72,-52.2,-0.49,-1343.9,-5.38,1
71,Exit long,2025-12-16 10:05,sl1|exit_reason=stop|mfe_r=0,237.1,45,10721.7,-52.2,-0.49,0,3.6,0.03,-52.2,-0.49,-1396.1,-5.58,1
71,Entry long,2025-12-16 10:00,sl1|setup=orb_retest|side=long|grade=B|size=half|score=4|window=open|tier=core|rvol=0.545469|rs_vs_spy=0.949922|gap_atr=-0.126768|ext_atr=0.095778|risk_atr=0.08,238.26,45,10721.7,-52.2,-0.49,0,3.6,0.03,-52.2,-0.49,-1396.1,-5.58,1
72,Exit short,2025-12-17 09:45,sl1|exit_reason=stop|mfe_r=0,235.05,36,8410.32,-51.48,-0.61,0,14.4,0.17,-51.48,-0.61,-1447.58,-5.79,1
72,Entry short,2025-12-17 09:40,sl1|setup=orb_break|side=short|grade=B|size=half|score=3|window=open|tier=core|rvol=1.472297|rs_vs_spy=-1.151088|gap_atr=0.30321|ext_atr=0.086782|risk_atr=0.102507,233.62,36,8410.32,-51.48,-0.61,0,14.4,0.17,-51.48,-0.61,-1447.58,-5.79,1
73,Exit short,2025-12-17 10:10,sl1|exit_reason=stop|mfe_r=0,236.02,92,21609.88,-103.96,-0.48,0,0,0.00,-103.96,-0.48,-1551.54,-6.21,1
73,Entry short,2025-12-17 10:05,sl1|setup=vwap_loss|side=short|grade=A|size=full|score=4|window=open|tier=core|rvol=1.784779|rs_vs_spy=-0.606036|gap_atr=0.30321|ext_atr=0.006499|risk_atr=0.08,234.89,92,21609.88,-103.96,-0.48,0,0,0.00,-103.96,-0.48,-1551.54,-6.21,1
74,Exit short,2025-12-18 10:20,sl1|exit_reason=trail|mfe_r=2.230457,249.15,46,11579.58,118.68,1.02,0,218.04,1.88,-7.82,-0.07,-1432.86,-5.73,3
74,Entry short,2025-12-18 10:05,sl1|setup=orb_break|side=short|grade=A|size=full|score=4|window=open|tier=core|rvol=3.773454|rs_vs_spy=-1.901494|gap_atr=2.262854|ext_atr=0.455322|risk_atr=0.15598,251.73,46,11579.58,118.68,1.02,0,218.04,1.88,-7.82,-0.07,-1432.86,-5.73,3
75,Exit long,2025-12-19 09:50,sl1|exit_reason=trail|mfe_r=3.38411,266.56,55,14425.95,234.85,1.63,0,336.05,2.33,-76.45,-0.53,-1198.01,-4.79,3
75,Entry long,2025-12-19 09:35,sl1|setup=orb_break|side=long|grade=A|size=full|score=5|window=open|tier=core|rvol=1.899198|rs_vs_spy=3.896491|gap_atr=0.222969|ext_atr=0.155513|risk_atr=0.117409,262.29,55,14425.95,234.85,1.63,0,336.05,2.33,-76.45,-0.53,-1198.01,-4.79,3
76,Exit long,2025-12-19 10:45,sl1|exit_reason=trail|mfe_r=1.685233,264.59,40,10551.6,32,0.30,0,82.4,0.78,-8.4,-0.08,-1166.01,-4.66,2
76,Entry long,2025-12-19 10:35,sl1|setup=vwap_reclaim|side=long|grade=A|size=half|score=5|window=midday|tier=core|rvol=2.130371|rs_vs_spy=4.197843|gap_atr=0.222969|ext_atr=0.025745|risk_atr=0.08,263.79,40,10551.6,32,0.30,0,82.4,0.78,-8.4,-0.08,-1166.01,-4.66,2
77,Exit long,2025-12-19 11:15,sl1|exit_reason=stop|mfe_r=0,262.53,40,10552.4,-51.2,-0.49,0,12,0.11,-51.2,-0.49,-1217.21,-4.87,1
77,Entry long,2025-12-19 11:10,sl1|setup=vwap_reclaim|side=long|grade=A|size=half|score=5|window=midday|tier=core|rvol=1.937931|rs_vs_spy=4.266381|gap_atr=0.222969|ext_atr=0.024555|risk_atr=0.08,263.81,40,10552.4,-51.2,-0.49,0,12,0.11,-51.2,-0.49,-1217.21,-4.87,1
78,Exit short,2025-12-22 09:40,sl1|exit_reason=stop|mfe_r=0,271.48,39,10537.02,-50.7,-0.48,0,14.43,0.14,-50.7,-0.48,-1267.91,-5.07,1
78,Entry short,2025-12-22 09:35,sl1|setup=orb_break|side=short|grade=B|size=half|score=3|window=open|tier=core|rvol=1.456572|rs_vs_spy=-2.417016|gap_atr=0.713671|ext_atr=0.160817|risk_atr=0.08,270.18,39,10537.02,-50.7,-0.48,0,14.43,0.14,-50.7,-0.48,-1267.91,-5.07,1
79,Exit short,2025-12-22 10:15,sl1|exit_reason=be|mfe_r=0.802938,272.02,26,7062.12,-10.4,-0.15,0,38.74,0.55,-32.5,-0.46,-1278.31,-5.11,3
79,Entry short,2025-12-22 10:00,sl1|setup=vwap_loss|side=short|grade=B|size=half|score=3|window=open|tier=core|rvol=1.267743|rs_vs_spy=-1.920836|gap_atr=0.713671|ext_atr=0.069459|risk_atr=0.119459,271.62,26,7062.12,-10.4,-0.15,0,38.74,0.55,-32.5,-0.46,-1278.31,-5.11,3
80,Exit long,2025-12-24 09:50,sl1|exit_reason=trail|mfe_r=1.871279,285.38,20,5666.6,41,0.72,0,89.4,1.58,-4.6,-0.08,-1237.31,-4.95,3
80,Entry long,2025-12-24 09:35,sl1|setup=orb_break|side=long|grade=B|size=half|score=4|window=open|tier=core|rvol=0.847443|rs_vs_spy=1.902933|gap_atr=0.110609|ext_atr=0.070628|risk_atr=0.157976,283.33,20,5666.6,41,0.72,0,89.4,1.58,-4.6,-0.08,-1237.31,-4.95,3
81,Exit short,2025-12-26 10:40,sl1|exit_reason=stop|mfe_r=0.457285,286.48,41,11694.43,-51.25,-0.44,0,21.73,0.19,-51.25,-0.44,-1288.56,-5.15,6
81,Entry short,2025-12-26 10:10,sl1|setup=orb_break|side=short|grade=B|size=half|score=3|window=open|tier=core|rvol=0.703737|rs_vs_spy=-1.797529|gap_atr=0.25874|ext_atr=0.107097|risk_atr=0.08,285.23,41,11694.43,-51.25,-0.44,0,21.73,0.19,-51.25,-0.44,-1288.56,-5.15,6
82,Exit long,2025-12-29 09:45,sl1|exit_reason=be|mfe_r=1.033442,285.48,25,7138,-1,-0.01,0,50,0.70,-9.25,-0.13,-1289.56,-5.16,2
82,Entry long,2025-12-29 09:35,sl1|setup=orb_break|side=long|grade=B|size=half|score=3|window=open|tier=core|rvol=0.428796|rs_vs_spy=1.741712|gap_atr=-0.328442|ext_atr=0.147783|risk_atr=0.134871,285.52,25,7138,-1,-0.01,0,50,0.70,-9.25,-0.13,-1289.56,-5.16,2
83,Exit long,2025-12-29 15:50,sl1|exit_reason=eod|mfe_r=1.126054,293.73,24,7012.32,37.2,0.53,0,55.68,0.79,-2.16,-0.03,-1252.36,-5.01,14
83,Entry long,2025-12-29 14:40,sl1|setup=hod_break|side=long|grade=B|size=half|score=3|window=power|tier=core|rvol=0.772725|rs_vs_spy=4.250336|gap_atr=-0.328442|ext_atr=0.318924|risk_atr=0.143387,292.18,24,7012.32,37.2,0.53,0,55.68,0.79,-2.16,-0.03,-1252.36,-5.01,14
84,Exit long,2025-12-30 09:45,sl1|exit_reason=stop|mfe_r=0,296.48,42,12502.98,-50.82,-0.41,0,0.42,0.00,-50.82,-0.41,-1303.18,-5.21,1
84,Entry long,2025-12-30 09:40,sl1|setup=orb_break|side=long|grade=B|size=half|score=4|window=open|tier=core|rvol=0.877533|rs_vs_spy=1.053835|gap_atr=0.021232|ext_atr=0.052214|risk_atr=0.08,297.69,42,12502.98,-50.82,-0.41,0,0.42,0.00,-50.82,-0.41,-1303.18,-5.21,1
85,Exit short,2025-12-31 10:05,sl1|exit_reason=time|mfe_r=0.186577,286.17,15,4292.25,-0.3,-0.01,0,8.55,0.20,-35.55,-0.83,-1303.48,-5.21,6
85,Entry short,2025-12-31 09:35,sl1|setup=orb_break|side=short|grade=B|size=half|score=4|window=open|tier=core|rvol=0.548654|rs_vs_spy=-2.208665|gap_atr=0.032041|ext_atr=0.163573|risk_atr=0.225157,286.15,15,4292.25,-0.3,-0.01,0,8.55,0.20,-35.55,-0.83,-1303.48,-5.21,6
86,Exit short,2025-12-31 15:30,sl1|exit_reason=trail|mfe_r=2.518765,285.34,44,12628,73.04,0.58,0,123.64,0.98,-8.8,-0.07,-1230.44,-4.92,15
86,Entry short,2025-12-31 14:15,sl1|setup=vwap_loss|side=short|grade=B|size=half|score=4|window=power|tier=core|rvol=0.568075|rs_vs_spy=-1.829889|gap_atr=0.032041|ext_atr=0.016245|risk_atr=0.08,287,44,12628,73.04,0.58,0,123.64,0.98,-8.8,-0.07,-1230.44,-4.92,15
87,Exit long,2026-01-02 10:20,sl1|exit_reason=trail|mfe_r=1.93805,307.57,41,12520.17,90.2,0.72,0,189.42,1.51,-2.87,-0.02,-1140.24,-4.56,8
87,Entry long,2026-01-02 09:40,sl1|setup=orb_break|side=long|grade=A|size=full|score=5|window=open|tier=core|rvol=1.501795|rs_vs_spy=3.582759|gap_atr=0.709265|ext_atr=0.244403|risk_atr=0.174971,305.37,41,12520.17,90.2,0.72,0,189.42,1.51,-2.87,-0.02,-1140.24,-4.56,8
88,Exit long,2026-01-02 15:00,sl1|exit_reason=time|mfe_r=0.134346,313.74,32,10046.08,-6.4,-0.06,0,12.48,0.12,-17.6,-0.18,-1146.64,-4.59,6
88,Entry long,2026-01-02 14:30,sl1|setup=hod_break|side=long|grade=A|size=full|score=5|window=power|tier=core|rvol=1.624501|rs_vs_spy=6.682032|gap_atr=0.709265|ext_atr=0.471698|risk_atr=0.223035,313.94,32,10046.08,-6.4,-0.06,0,12.48,0.12,-17.6,-0.18,-1146.64,-4.59,6
89,Exit short,2026-01-05 09:45,sl1|exit_reason=be|mfe_r=1.341141,315.77,31,9787.63,-1.24,-0.01,0,66.03,0.67,-20.15,-0.21,-1147.88,-4.59,2
89,Entry short,2026-01-05 09:35,sl1|setup=orb_break|side=short|grade=B|size=half|score=3|window=open|tier=core|rvol=1.182765|rs_vs_spy=-2.950546|gap_atr=0.656025|ext_atr=0.149347|risk_atr=0.107865,315.73,31,9787.63,-1.24,-0.01,0,66.03,0.67,-20.15,-0.21,-1147.88,-4.59,2
90,Exit short,2026-01-05 14:40,sl1|exit_reason=time|mfe_r=0.148095,310.04,20,6198,-2.8,-0.05,0,7,0.11,-20.8,-0.34,-1150.68,-4.60,6
90,Entry short,2026-01-05 14:10,sl1|setup=lod_break|side=short|grade=B|size=half|score=3|window=power|tier=core|rvol=1.19683|rs_vs_spy=-4.930117|gap_atr=0.656025|ext_atr=0.351792|risk_atr=0.168104,309.9,20,6198,-2.8,-0.05,0,7,0.11,-20.8,-0.34,-1150.68,-4.60,6
91,Exit long,2026-01-06 09:50,sl1|exit_reason=trail|mfe_r=3.572126,331.9,83,27327.75,219.95,0.80,0,352.75,1.29,-48.14,-0.18,-930.73,-3.72,1
91,Entry long,2026-01-06 09:45,sl1|setup=orb_break|side=long|grade=A|size=full|score=5|window=open|tier=core|rvol=1.661415|rs_vs_spy=3.248481|gap_atr=0.410251|ext_atr=0.311064|risk_atr=0.08,329.25,83,27327.75,219.95,0.80,0,352.75,1.29,-48.14,-0.18,-930.73,-3.72,1
92,Exit long,2026-01-06 14:50,sl1|exit_reason=time|mfe_r=0.372643,338.38,34,11477.04,27.88,0.24,0,36.38,0.32,-21.76,-0.19,-902.85,-3.61,6
92,Entry long,2026-01-06 14:20,sl1|setup=hod_break|side=long|grade=A|size=full|score=5|window=power|tier=core|rvol=1.719738|rs_vs_spy=5.442184|gap_atr=0.410251|ext_atr=0.45212|risk_atr=0.195759,337.56,34,11477.04,27.88,0.24,0,36.38,0.32,-21.76,-0.19,-902.85,-3.61,6
93,Exit long,2026-01-06 15:50,sl1|exit_reason=eod|mfe_r=0.950733,343.74,26,8862.62,74.62,0.84,0,94.38,1.06,-2.34,-0.03,-828.23,-3.31,7
93,Entry long,2026-01-06 15:15,sl1|setup=hod_break|side=long|grade=A|size=full|score=5|window=power|tier=core|rvol=1.823121|rs_vs_spy=6.493779|gap_atr=0.410251|ext_atr=0.594425|risk_atr=0.256935,340.87,26,8862.62,74.62,0.84,0,94.38,1.06,-2.34,-0.03,-828.23,-3.31,7
94,Exit long,2026-01-07 10:15,sl1|exit_reason=be|mfe_r=1.068439,342.17,34,11635.14,-1.36,-0.01,0,51.68,0.44,-17.34,-0.15,-829.59,-3.32,2
94,Entry long,2026-01-07 10:05,sl1|setup=vwap_reclaim|side=long|grade=B|size=half|score=4|window=open|tier=core|rvol=1.148998|rs_vs_spy=0.472066|gap_atr=-0.172956|ext_atr=0.039033|risk_atr=0.089033,342.21,34,11635.14,-1.36,-0.01,0,51.68,0.44,-17.34,-0.15,-829.59,-3.32,2
95,Exit short,2026-01-07 15:20,sl1|exit_reason=time|mfe_r=0.23674,337.48,38,12824.24,0,0.00,0,11.02,0.09,-50.16,-0.39,-829.59,-3.32,6
95,Entry short,2026-01-07 14:50,sl1|setup=orb_break|side=short|grade=B|size=half|score=4|window=power|tier=core|rvol=1.151206|rs_vs_spy=-0.901663|gap_atr=-0.172956|ext_atr=0.249187|risk_atr=0.080885,337.48,38,12824.24,0,0.00,0,11.02,0.09,-50.16,-0.39,-829.59,-3.32,6
96,Exit short,2026-01-08 10:05,sl1|exit_reason=trail|mfe_r=2.695976,329.87,19,6349.61,82.08,1.29,0,131.48,2.07,-26.03,-0.41,-747.51,-2.99,5
96,Entry short,2026-01-08 09:40,sl1|setup=orb_break|side=short|grade=B|size=half|score=3|window=open|tier=core|rvol=0.601352|rs_vs_spy=-2.407594|gap_atr=0.2748|ext_atr=0.182109|risk_atr=0.164128,334.19,19,6349.61,82.08,1.29,0,131.48,2.07,-26.03,-0.41,-747.51,-2.99,5
97,Exit long,2026-01-09 09:45,sl1|exit_reason=trail|mfe_r=1.788365,335.35,28,9352.84,36.96,0.40,0,113.68,1.22,-24.36,-0.26,-710.55,-2.84,2
97,Entry long,2026-01-09 09:35,sl1|setup=orb_break|side=long|grade=B|size=half|score=4|window=open|tier=core|rvol=0.730989|rs_vs_spy=0.190495|gap_atr=0.351248|ext_atr=0.111891|risk_atr=0.106942,334.03,28,9352.84,36.96,0.40,0,113.68,1.22,-24.36,-0.26,-710.55,-2.84,2
98,Exit long,2026-01-09 15:35,sl1|exit_reason=be|mfe_r=0.754968,343.49,16,5496.48,-0.64,-0.01,0,36.16,0.66,-16.96,-0.31,-711.19,-2.84,15
98,Entry long,2026-01-09 14:20,sl1|setup=hod_break|side=long|grade=B|size=half|score=4|window=power|tier=core|rvol=1.046932|rs_vs_spy=2.635775|gap_atr=0.351248|ext_atr=0.313902|risk_atr=0.186919,343.53,16,5496.48,-0.64,-0.01,0,36.16,0.66,-16.96,-0.31,-711.19,-2.84,15
99,Exit long,2026-01-12 10:05,sl1|exit_reason=stop|mfe_r=0.013539,342.81,9,3132.27,-46.98,-1.50,0,0.45,0.01,-46.98,-1.50,-758.17,-3.03,6
99,Entry long,2026-01-12 09:35,sl1|setup=orb_break|side=long|grade=B|size=half|score=3|window=open|tier=core|rvol=0.854988|rs_vs_spy=1.914558|gap_atr=-0.271895|ext_atr=0.245238|risk_atr=0.31519,348.03,9,3132.27,-46.98,-1.50,0,0.45,0.01,-46.98,-1.50,-758.17,-3.03,6
100,Exit long,2026-01-12 15:40,sl1|exit_reason=time|mfe_r=0.345086,346.32,23,7962.14,3.22,0.04,0,16.56,0.21,-25.76,-0.32,-754.95,-3.02,6
100,Entry long,2026-01-12 15:10,sl1|setup=vwap_reclaim|side=long|grade=B|size=half|score=3|window=power|tier=core|rvol=0.603178|rs_vs_spy=0.945566|gap_atr=-0.271895|ext_atr=0.080729|risk_atr=0.130729,346.18,23,7962.14,3.22,0.04,0,16.56,0.21,-25.76,-0.32,-754.95,-3.02,6
101,Exit short,2026-01-13 09:40,sl1|exit_reason=trail|mfe_r=2.801338,341.97,39,13406.25,69.42,0.52,0,138.06,1.03,-1.95,-0.01,-685.53,-2.74,1
101,Entry short,2026-01-13 09:35,sl1|setup=orb_break|side=short|grade=B|size=half|score=4|window=open|tier=core|rvol=0.717708|rs_vs_spy=-0.756504|gap_atr=0.022663|ext_atr=0.089609|risk_atr=0.08,343.75,39,13406.25,69.42,0.52,0,138.06,1.03,-1.95,-0.01,-685.53,-2.74,1
102,Exit short,2026-01-13 15:50,sl1|exit_reason=eod|mfe_r=0.541755,337.52,19,6395.4,-17.48,-0.27,0,26.41,0.41,-25.27,-0.40,-703.01,-2.81,10
102,Entry short,2026-01-13 15:00,sl1|setup=lod_break|side=short|grade=B|size=half|score=4|window=power|tier=core|rvol=0.765356|rs_vs_spy=-2.37577|gap_atr=0.022663|ext_atr=0.246141|risk_atr=0.163841,336.6,19,6395.4,-17.48,-0.27,0,26.41,0.41,-25.27,-0.40,-703.01,-2.81,10
103,Exit short,2026-01-14 09:45,sl1|exit_reason=stop|mfe_r=0.358378,336.03,15,4990.8,-49.65,-0.99,0,17.25,0.35,-49.65,-0.99,-752.66,-3.01,2
103,Entry short,2026-01-14 09:35,sl1|setup=pdl_break|side=short|grade=B|size=half|score=4|window=open|tier=core|rvol=0.514028|rs_vs_spy=-0.581002|gap_atr=-0.204477|ext_atr=0.146915|risk_atr=0.205403,332.72,15,4990.8,-49.65,-0.99,0,17.25,0.35,-49.65,-0.99,-752.66,-3.01,2
104,Exit short,2026-01-14 10:10,sl1|exit_reason=stop|mfe_r=0,335.9,23,7675.1,-50.6,-0.66,0,17.94,0.23,-50.6,-0.66,-803.26,-3.21,1
104,Entry short,2026-01-14 10:05,sl1|setup=vwap_loss|side=short|grade=B|size=half|score=4|window=open|tier=core|rvol=0.477178|rs_vs_spy=-0.033639|gap_atr=-0.204477|ext_atr=0.085808|risk_atr=0.135808,333.7,23,7675.1,-50.6,-0.66,0,17.94,0.23,-50.6,-0.66,-803.26,-3.21,1
105,Exit short,2026-01-15 10:10,sl1|exit_reason=stop|mfe_r=0.185037,344.82,40,13740.4,-52.4,-0.38,0,8.4,0.06,-52.4,-0.38,-855.66,-3.42,2
105,Entry short,2026-01-15 10:00,sl1|setup=vwap_loss|side=short|grade=B|size=half|score=3|window=open|tier=core|rvol=0.809299|rs_vs_spy=-0.385904|gap_atr=0.775224|ext_atr=0.006937|risk_atr=0.08,343.51,40,13740.4,-52.4,-0.38,0,8.4,0.06,-52.4,-0.38,-855.66,-3.42,2
106,Exit short,2026-01-15 14:40,sl1|exit_reason=be|mfe_r=1.238942,340.32,40,13611.2,-1.6,-0.01,0,60.8,0.45,-32.8,-0.24,-857.26,-3.43,6
106,Entry short,2026-01-15 14:10,sl1|setup=orb_break|side=short|grade=B|size=half|score=3|window=power|tier=core|rvol=0.884398|rs_vs_spy=-1.426356|gap_atr=0.775224|ext_atr=0.196363|risk_atr=0.08,340.28,40,13611.2,-1.6,-0.01,0,60.8,0.45,-32.8,-0.24,-857.26,-3.43,6
107,Exit short,2026-01-15 15:50,sl1|exit_reason=eod|mfe_r=0.6643,337.51,19,6425.42,12.73,0.20,0,32.49,0.51,-9.31,-0.14,-844.53,-3.38,4
107,Entry short,2026-01-15 15:30,sl1|setup=lod_break|side=short|grade=B|size=half|score=3|window=power|tier=core|rvol=0.828567|rs_vs_spy=-1.673104|gap_atr=0.775224|ext_atr=0.307663|risk_atr=0.167611,338.18,19,6425.42,12.73,0.20,0,32.49,0.51,-9.31,-0.14,-844.53,-3.38,4
108,Exit long,2026-01-16 15:30,sl1|exit_reason=be|mfe_r=1.471765,358.45,40,14339.6,-1.6,-0.01,0,72,0.50,-10,-0.07,-846.13,-3.38,6
108,Entry long,2026-01-16 15:00,sl1|setup=vwap_reclaim|side=long|grade=B|size=half|score=4|window=power|tier=core|rvol=1.442187|rs_vs_spy=1.656356|gap_atr=1.058377|ext_atr=0.022796|risk_atr=0.08,358.49,40,14339.6,-1.6,-0.01,0,72,0.50,-10,-0.07,-846.13,-3.38,6
109,Exit long,2026-01-20 09:55,sl1|exit_reason=be|mfe_r=0.906002,377.54,22,8306.76,-0.88,-0.01,0,86.9,1.05,-64.46,-0.78,-847.01,-3.39,3
109,Entry long,2026-01-20 09:40,sl1|setup=orb_break|side=long|grade=A|size=full|score=5|window=open|tier=core|rvol=1.576247|rs_vs_spy=3.239941|gap_atr=0.127146|ext_atr=0.300775|risk_atr=0.266574,377.58,22,8306.76,-0.88,-0.01,0,86.9,1.05,-64.46,-0.78,-847.01,-3.39,3
110,Exit long,2026-01-20 11:15,sl1|exit_reason=trail|mfe_r=1.558907,373.1,38,14151.58,26.22,0.19,0,95.76,0.68,-0.76,-0.01,-820.79,-3.28,2
110,Entry long,2026-01-20 11:05,sl1|setup=vwap_reclaim|side=long|grade=A|size=half|score=5|window=midday|tier=core|rvol=1.756049|rs_vs_spy=1.736307|gap_atr=0.127146|ext_atr=0.01225|risk_atr=0.08,372.41,38,14151.58,26.22,0.19,0,95.76,0.68,-0.76,-0.01,-820.79,-3.28,2
111,Exit short,2026-01-20 14:35,sl1|exit_reason=be|mfe_r=1.345983,363.23,38,13801.22,-1.52,-0.01,0,69.92,0.51,-15.96,-0.12,-822.31,-3.29,4
111,Entry short,2026-01-20 14:15,sl1|setup=orb_break|side=short|grade=B|size=half|score=4|window=power|tier=core|rvol=1.620844|rs_vs_spy=0.048467|gap_atr=0.127146|ext_atr=0.451878|risk_atr=0.08,363.19,38,13801.22,-1.52,-0.01,0,69.92,0.51,-15.96,-0.12,-822.31,-3.29,4
112,Exit long,2026-01-21 11:55,sl1|exit_reason=trail|mfe_r=2.980554,388.42,9,3398.94,96.84,2.85,0,146.16,4.30,-5.94,-0.17,-725.47,-2.90,27
112,Entry long,2026-01-21 09:40,sl1|setup=orb_retest|side=long|grade=B|size=half|score=4|window=open|tier=core|rvol=1.190359|rs_vs_spy=1.227769|gap_atr=0.469856|ext_atr=0.272982|risk_atr=0.326527,377.66,9,3398.94,96.84,2.85,0,146.16,4.30,-5.94,-0.17,-725.47,-2.90,27
113,Exit short,2026-01-21 15:40,sl1|exit_reason=stop|mfe_r=0,386.45,37,14247.59,-51.06,-0.36,0,12.95,0.09,-51.06,-0.36,-776.53,-3.11,1
113,Entry short,2026-01-21 15:35,sl1|setup=vwap_loss|side=short|grade=B|size=half|score=3|window=power|tier=core|rvol=1.63072|rs_vs_spy=2.373875|gap_atr=0.469856|ext_atr=0.007137|risk_atr=0.08,385.07,37,14247.59,-51.06,-0.36,0,12.95,0.09,-51.06,-0.36,-776.53,-3.11,1
114,Exit short,2026-01-22 09:40,sl1|exit_reason=trail|mfe_r=2.84808,379.91,35,13352.5,55.65,0.42,0,139.65,1.05,-13.3,-0.10,-720.88,-2.88,1
114,Entry short,2026-01-22 09:35,sl1|setup=orb_break|side=short|grade=B|size=half|score=3|window=open|tier=core|rvol=1.492222|rs_vs_spy=-3.866072|gap_atr=0.430124|ext_atr=0.130129|risk_atr=0.08,381.5,35,13352.5,55.65,0.42,0,139.65,1.05,-13.3,-0.10,-720.88,-2.88,1
115,Exit short,2026-01-22 10:05,sl1|exit_reason=stop|mfe_r=0,383.86,35,13384.35,-50.75,-0.38,0,23.45,0.18,-50.75,-0.38,-771.63,-3.09,1
115,Entry short,2026-01-22 10:00,sl1|setup=vwap_loss|side=short|grade=B|size=half|score=3|window=open|tier=core|rvol=1.363949|rs_vs_spy=-3.200278|gap_atr=0.430124|ext_atr=0.014021|risk_atr=0.08,382.41,35,13384.35,-50.75,-0.38,0,23.45,0.18,-50.75,-0.38,-771.63,-3.09,1
116,Exit long,2026-01-23 10:00,sl1|exit_reason=trail|mfe_r=4.205813,402.55,35,13930.7,158.55,1.14,0,209.3,1.50,-15.75,-0.11,-613.08,-2.45,2
116,Entry long,2026-01-23 09:50,sl1|setup=pdh_break|side=long|grade=B|size=half|score=4|window=open|tier=core|rvol=0.766412|rs_vs_spy=0.234449|gap_atr=-0.02187|ext_atr=0.144257|risk_atr=0.08,398.02,35,13930.7,158.55,1.14,0,209.3,1.50,-15.75,-0.11,-613.08,-2.45,2
117,Exit short,2026-01-26 09:40,sl1|exit_reason=stop|mfe_r=0,386.99,27,10397.97,-50.76,-0.49,0,14.04,0.14,-50.76,-0.49,-663.84,-2.66,1
117,Entry short,2026-01-26 09:35,sl1|setup=orb_break|side=short|grade=B|size=half|score=4|window=open|tier=core|rvol=0.999605|rs_vs_spy=-2.816929|gap_atr=-0.220345|ext_atr=0.197825|risk_atr=0.101359,385.11,27,10397.97,-50.76,-0.49,0,14.04,0.14,-50.76,-0.49,-663.84,-2.66,1
118,Exit long,2026-01-26 10:10,sl1|exit_reason=stop|mfe_r=0,394.83,22,8735.1,-48.84,-0.56,0,20.9,0.24,-48.84,-0.56,-712.68,-2.85,1
118,Entry long,2026-01-26 10:05,sl1|setup=orb_break|side=long|grade=B|size=half|score=4|window=open|tier=core|rvol=0.897756|rs_vs_spy=0.155106|gap_atr=-0.220345|ext_atr=0.341298|risk_atr=0.120135,397.05,22,8735.1,-48.84,-0.56,0,20.9,0.24,-48.84,-0.56,-712.68,-2.85,1
119,Exit long,2026-01-27 14:50,sl1|exit_reason=time|mfe_r=0.123697,414.64,15,6240.75,-21.15,-0.34,0,5.7,0.09,-38.7,-0.62,-733.83,-2.94,6
119,Entry long,2026-01-27 14:20,sl1|setup=hod_break|side=long|grade=B|size=half|score=4|window=power|tier=core|rvol=0.861083|rs_vs_spy=2.536062|gap_atr=0.867065|ext_atr=0.40127|risk_atr=0.180543,416.05,15,6240.75,-21.15,-0.34,0,5.7,0.09,-38.7,-0.62,-733.83,-2.94,6
120,Exit long,2026-01-28 09:50,sl1|exit_reason=stop|mfe_r=0.072636,427.54,6,2610.12,-44.88,-1.72,0,3.12,0.12,-44.88,-1.72,-778.71,-3.11,2
120,Entry long,2026-01-28 09:40,sl1|setup=orb_retest|side=long|grade=B|size=half|score=4|window=open|tier=core|rvol=1.12627|rs_vs_spy=2.888345|gap_atr=0.659908|ext_atr=0.37054|risk_atr=0.4,435.02,6,2610.12,-44.88,-1.72,0,3.12,0.12,-44.88,-1.72,-778.71,-3.11,2
121,Exit long,2026-01-28 15:50,sl1|exit_reason=eod|mfe_r=0.518925,434.3,12,5241.24,-29.64,-0.57,0,25.56,0.49,-41.28,-0.79,-808.35,-3.23,12
121,Entry long,2026-01-28 14:50,sl1|setup=hod_break|side=long|grade=B|size=half|score=4|window=power|tier=core|rvol=1.101566|rs_vs_spy=3.586664|gap_atr=0.659908|ext_atr=0.374119|risk_atr=0.22292,436.77,12,5241.24,-29.64,-0.57,0,25.56,0.49,-41.28,-0.79,-808.35,-3.23,12
122,Exit long,2026-01-29 09:55,sl1|exit_reason=stop|mfe_r=0,439.3,14,6199.34,-49.14,-0.79,0,25.34,0.41,-49.14,-0.79,-857.49,-3.43,1
122,Entry long,2026-01-29 09:50,sl1|setup=orb_retest|side=long|grade=B|size=half|score=4|window=open|tier=core|rvol=1.0958|rs_vs_spy=1.26091|gap_atr=0.214674|ext_atr=0.222807|risk_atr=0.179478,442.81,14,6199.34,-49.14,-0.79,0,25.34,0.41,-49.14,-0.79,-857.49,-3.43,1
123,Exit short,2026-01-29 10:25,sl1|exit_reason=stop|mfe_r=0.084535,433.44,13,5584.93,-49.79,-0.89,0,3.9,0.07,-49.79,-0.89,-907.28,-3.63,3
123,Entry short,2026-01-29 10:10,sl1|setup=orb_break|side=short|grade=B|size=half|score=4|window=open|tier=core|rvol=1.140423|rs_vs_spy=-1.187141|gap_atr=0.214674|ext_atr=0.405015|risk_atr=0.196051,429.61,13,5584.93,-49.79,-0.89,0,3.9,0.07,-49.79,-0.89,-907.28,-3.63,3
124,Exit short,2026-01-30 10:35,sl1|exit_reason=be|mfe_r=1.198943,440.52,9,3964.32,-0.36,-0.01,0,56.07,1.41,-34.83,-0.88,-907.64,-3.63,7
124,Entry short,2026-01-30 10:00,sl1|setup=orb_break|side=short|grade=B|size=half|score=3|window=open|tier=core|rvol=1.04847|rs_vs_spy=-1.325932|gap_atr=0.535036|ext_atr=0.447289|risk_atr=0.262504,440.48,9,3964.32,-0.36,-0.01,0,56.07,1.41,-34.83,-0.88,-907.64,-3.63,7
125,Exit short,2026-01-30 15:35,sl1|exit_reason=trail|mfe_r=1.806038,414.39,6,2521.08,34.74,1.38,0,78.36,3.11,-15.06,-0.60,-872.9,-3.49,10
125,Entry short,2026-01-30 14:45,sl1|setup=lod_break|side=short|grade=B|size=half|score=3|window=power|tier=core|rvol=1.111382|rs_vs_spy=-5.744112|gap_atr=0.535036|ext_atr=0.940317|risk_atr=0.3647,420.18,6,2521.08,34.74,1.38,0,78.36,3.11,-15.06,-0.60,-872.9,-3.49,10
126,Exit long,2026-02-02 10:25,sl1|exit_reason=trail|mfe_r=2.740718,433.35,20,8581.4,85.6,1.00,0,151.8,1.77,-32.8,-0.38,-787.3,-3.15,4
126,Entry long,2026-02-02 10:05,sl1|setup=orb_break|side=long|grade=B|size=half|score=4|window=open|tier=core|rvol=0.837436|rs_vs_spy=3.369294|gap_atr=-0.119205|ext_atr=0.275075|risk_atr=0.113485,429.07,20,8581.4,85.6,1.00,0,151.8,1.77,-32.8,-0.38,-787.3,-3.15,4
127,Exit short,2026-02-03 09:45,sl1|exit_reason=trail|mfe_r=2.323655,429.65,27,11664,63.45,0.54,0,129.87,1.11,-18.9,-0.16,-723.85,-2.90,2
127,Entry short,2026-02-03 09:35,sl1|setup=orb_break|side=short|grade=B|size=half|score=4|window=open|tier=core|rvol=0.897891|rs_vs_spy=-2.224343|gap_atr=0.195607|ext_atr=0.151829|risk_atr=0.08,432,27,11664,63.45,0.54,0,129.87,1.11,-18.9,-0.16,-723.85,-2.90,2
128,Exit short,2026-02-03 14:10,sl1|exit_reason=stop|mfe_r=0.480854,411.16,20,8174,-49.2,-0.60,0,22.8,0.28,-49.2,-0.60,-773.05,-3.09,2
128,Entry short,2026-02-03 14:00,sl1|setup=pdl_retest|side=short|grade=B|size=half|score=4|window=power|tier=core|rvol=1.111697|rs_vs_spy=-5.889527|gap_atr=0.195607|ext_atr=0.594662|risk_atr=0.106518,408.7,20,8174,-49.2,-0.60,0,22.8,0.28,-49.2,-0.60,-773.05,-3.09,2
129,Exit short,2026-02-04 10:05,sl1|exit_reason=trail|mfe_r=1.554384,404.43,17,6900.81,25.5,0.37,0,79.73,1.16,-6.97,-0.10,-747.55,-2.99,2
129,Entry short,2026-02-04 09:55,sl1|setup=pdl_break|side=short|grade=B|size=half|score=4|window=open|tier=core|rvol=0.759753|rs_vs_spy=-0.811402|gap_atr=-0.38276|ext_atr=0.021264|risk_atr=0.118472,405.93,17,6900.81,25.5,0.37,0,79.73,1.16,-6.97,-0.10,-747.55,-2.99,2
130,Exit long,2026-02-05 10:00,sl1|exit_reason=stop|mfe_r=0.556482,377.88,5,1931.5,-42.1,-2.18,0,23.15,1.20,-42.1,-2.18,-789.65,-3.16,5
130,Entry long,2026-02-05 09:35,sl1|setup=orb_break|side=long|grade=B|size=half|score=3|window=open|tier=core|rvol=1.179528|rs_vs_spy=4.257207|gap_atr=-0.377118|ext_atr=0.362546|risk_atr=0.324215,386.3,5,1931.5,-42.1,-2.18,0,23.15,1.20,-42.1,-2.18,-789.65,-3.16,5
131,Exit long,2026-02-06 15:45,sl1|exit_reason=time|mfe_r=0.199697,395.43,11,4353.36,-3.63,-0.08,0,9.35,0.21,-18.7,-0.43,-793.28,-3.17,6
131,Entry long,2026-02-06 15:15,sl1|setup=hod_break|side=long|grade=B|size=half|score=4|window=power|tier=core|rvol=0.839782|rs_vs_spy=3.487162|gap_atr=-0.182604|ext_atr=0.332918|risk_atr=0.169262,395.76,11,4353.36,-3.63,-0.08,0,9.35,0.21,-18.7,-0.43,-793.28,-3.17,6
132,Exit long,2026-02-09 10:00,sl1|exit_reason=stop|mfe_r=0.020331,381.2,6,2334.66,-47.46,-2.03,0,0.84,0.04,-47.46,-2.03,-840.74,-3.36,3
132,Entry long,2026-02-09 09:45,sl1|setup=orb_break|side=long|grade=B|size=half|score=3|window=open|tier=core|rvol=1.065034|rs_vs_spy=1.959083|gap_atr=-0.547685|ext_atr=0.404671|risk_atr=0.307436,389.11,6,2334.66,-47.46,-2.03,0,0.84,0.04,-47.46,-2.03,-840.74,-3.36,3
133,Exit short,2026-02-10 09:40,sl1|exit_reason=trail|mfe_r=1.804972,369.21,24,8896.08,35.04,0.39,0,87.84,0.99,-0.48,-0.01,-805.7,-3.22,1
133,Entry short,2026-02-10 09:35,sl1|setup=orb_break|side=short|grade=B|size=half|score=4|window=open|tier=core|rvol=0.948591|rs_vs_spy=-1.320525|gap_atr=-0.284675|ext_atr=0.075049|risk_atr=0.08,370.67,24,8896.08,35.04,0.39,0,87.84,0.99,-0.48,-0.01,-805.7,-3.22,1
134,Exit long,2026-02-10 10:20,sl1|exit_reason=stop|mfe_r=0.571049,378.6,18,6863.22,-48.42,-0.71,0,26.82,0.39,-48.42,-0.71,-854.12,-3.42,2
134,Entry long,2026-02-10 10:10,sl1|setup=orb_break|side=long|grade=B|size=half|score=3|window=open|tier=core|rvol=1.033082|rs_vs_spy=1.336571|gap_atr=-0.284675|ext_atr=0.303757|risk_atr=0.103757,381.29,18,6863.22,-48.42,-0.71,0,26.82,0.39,-48.42,-0.71,-854.12,-3.42,2
135,Exit short,2026-02-10 15:20,sl1|exit_reason=trail|mfe_r=2.844793,371,24,8993.28,89.28,0.99,0,138.72,1.54,-30.72,-0.34,-764.84,-3.06,6
135,Entry short,2026-02-10 14:50,sl1|setup=vwap_loss|side=short|grade=B|size=half|score=4|window=power|tier=core|rvol=0.883585|rs_vs_spy=-0.118165|gap_atr=-0.284675|ext_atr=0.002828|risk_atr=0.08,374.72,24,8993.28,89.28,0.99,0,138.72,1.54,-30.72,-0.34,-764.84,-3.06,6
136,Exit long,2026-02-11 09:45,sl1|exit_reason=stop|mfe_r=0,399.54,25,10039.5,-51,-0.51,0,0,0.00,-51,-0.51,-815.84,-3.26,1
136,Entry long,2026-02-11 09:40,sl1|setup=vwap_reclaim|side=long|grade=B|size=half|score=4|window=open|tier=core|rvol=1.164512|rs_vs_spy=1.744353|gap_atr=0.88276|ext_atr=0.026362|risk_atr=0.08,401.58,25,10039.5,-51,-0.51,0,0,0.00,-51,-0.51,-815.84,-3.26,1
137,Exit long,2026-02-11 14:55,sl1|exit_reason=stop|mfe_r=0.536922,408.73,25,10269.25,-51,-0.50,0,26.25,0.26,-51,-0.50,-866.84,-3.47,2
137,Entry long,2026-02-11 14:45,sl1|setup=orb_break|side=long|grade=B|size=half|score=4|window=power|tier=core|rvol=1.187992|rs_vs_spy=4.388228|gap_atr=0.88276|ext_atr=0.468546|risk_atr=0.08,410.77,25,10269.25,-51,-0.50,0,26.25,0.26,-51,-0.50,-866.84,-3.47,2
138,Exit long,2026-02-12 09:45,sl1|exit_reason=be|mfe_r=1.064068,434.31,11,4777.85,-0.44,-0.01,0,48.62,1.02,-3.85,-0.08,-867.28,-3.47,2
138,Entry long,2026-02-12 09:35,sl1|setup=orb_break|side=long|grade=B|size=half|score=4|window=open|tier=core|rvol=1.392129|rs_vs_spy=2.628401|gap_atr=0.485926|ext_atr=0.162447|risk_atr=0.160159,434.35,11,4777.85,-0.44,-0.01,0,48.62,1.02,-3.85,-0.08,-867.28,-3.47,2
139,Exit long,2026-02-17 09:45,sl1|exit_reason=stop|mfe_r=0.058281,401.48,6,2453.4,-44.52,-1.81,0,2.46,0.10,-44.52,-1.81,-911.8,-3.65,2
139,Entry long,2026-02-17 09:35,sl1|setup=orb_break|side=long|grade=B|size=half|score=3|window=open|tier=core|rvol=0.643988|rs_vs_spy=1.661361|gap_atr=-0.406264|ext_atr=0.211454|risk_atr=0.279875,408.9,6,2453.4,-44.52,-1.81,0,2.46,0.10,-44.52,-1.81,-911.8,-3.65,2
140,Exit short,2026-02-17 10:15,sl1|exit_reason=stop|mfe_r=0,398.74,23,9121.57,-49.45,-0.54,0,6.44,0.07,-49.45,-0.54,-961.25,-3.84,1
140,Entry short,2026-02-17 10:10,sl1|setup=orb_break|side=short|grade=B|size=half|score=4|window=open|tier=core|rvol=0.645034|rs_vs_spy=-0.573523|gap_atr=-0.406264|ext_atr=0.183954|risk_atr=0.08,396.59,23,9121.57,-49.45,-0.54,0,6.44,0.07,-49.45,-0.54,-961.25,-3.84,1
141,Exit long,2026-02-18 09:45,sl1|exit_reason=stop|mfe_r=0,403.15,24,9726.24,-50.64,-0.52,0,6.48,0.07,-50.64,-0.52,-1011.89,-4.05,1
141,Entry long,2026-02-18 09:40,sl1|setup=orb_break|side=long|grade=B|size=half|score=4|window=open|tier=core|rvol=0.552787|rs_vs_spy=1.312378|gap_atr=-0.021326|ext_atr=0.156458|risk_atr=0.08,405.26,24,9726.24,-50.64,-0.52,0,6.48,0.07,-50.64,-0.52,-1011.89,-4.05,1
142,Exit long,2026-02-18 13:40,sl1|exit_reason=trail|mfe_r=2.261277,423.08,10,4171.3,59.5,1.43,0,107.2,2.57,-1.8,-0.04,-952.39,-3.81,42
142,Entry long,2026-02-18 10:10,sl1|setup=pdh_break|side=long|grade=B|size=half|score=4|window=open|tier=core|rvol=0.73704|rs_vs_spy=3.87776|gap_atr=-0.021326|ext_atr=0.401956|risk_atr=0.184158,417.13,10,4171.3,59.5,1.43,0,107.2,2.57,-1.8,-0.04,-952.39,-3.81,42
143,Exit short,2026-02-19 09:50,sl1|exit_reason=stop|mfe_r=0,412.69,23,9442.42,-49.45,-0.52,0,1.61,0.02,-49.45,-0.52,-1001.84,-4.01,1
143,Entry short,2026-02-19 09:45,sl1|setup=orb_break|side=short|grade=B|size=half|score=4|window=open|tier=core|rvol=0.917799|rs_vs_spy=-1.278053|gap_atr=-0.198873|ext_atr=0.085333|risk_atr=0.08,410.54,23,9442.42,-49.45,-0.52,0,1.61,0.02,-49.45,-0.52,-1001.84,-4.01,1
144,Exit long,2026-02-20 09:45,sl1|exit_reason=trail|mfe_r=2.108739,427.61,22,9354.18,53.24,0.57,0,118.8,1.27,-13.64,-0.15,-948.6,-3.79,2
144,Entry long,2026-02-20 09:35,sl1|setup=orb_break|side=long|grade=B|size=half|score=4|window=open|tier=core|rvol=0.914963|rs_vs_spy=2.145026|gap_atr=-0.061056|ext_atr=0.091373|risk_atr=0.087421,425.19,22,9354.18,53.24,0.57,0,118.8,1.27,-13.64,-0.15,-948.6,-3.79,2
145,Exit long,2026-02-23 09:40,sl1|exit_reason=stop|mfe_r=0,424.02,17,7256.79,-48.45,-0.67,0,0,0.00,-48.45,-0.67,-997.05,-3.99,1
145,Entry long,2026-02-23 09:35,sl1|setup=orb_break|side=long|grade=B|size=half|score=4|window=open|tier=core|rvol=0.703261|rs_vs_spy=0.758412|gap_atr=-0.221684|ext_atr=0.188445|risk_atr=0.113628,426.87,17,7256.79,-48.45,-0.67,0,0,0.00,-48.45,-0.67,-997.05,-3.99,1
146,Exit long,2026-02-23 15:50,sl1|exit_reason=eod|mfe_r=0.896663,420.9,25,10538,-15.5,-0.15,0,43.75,0.42,-19,-0.18,-1012.55,-4.05,2
146,Entry long,2026-02-23 15:40,sl1|setup=vwap_reclaim|side=long|grade=B|size=half|score=4|window=power|tier=core|rvol=0.676711|rs_vs_spy=0.639502|gap_atr=-0.221684|ext_atr=0.004189|risk_atr=0.08,421.52,25,10538,-15.5,-0.15,0,43.75,0.42,-19,-0.18,-1012.55,-4.05,2
147,Exit short,2026-02-24 09:55,sl1|exit_reason=be|mfe_r=1.113941,425.12,15,6367.8,-9,-0.14,0,53.25,0.84,-15.75,-0.25,-1021.55,-4.09,1
147,Entry short,2026-02-24 09:50,sl1|setup=vwap_loss|side=short|grade=B|size=half|score=3|window=open|tier=core|rvol=1.006476|rs_vs_spy=-1.375885|gap_atr=0.32512|ext_atr=0.083073|risk_atr=0.133073,424.52,15,6367.8,-9,-0.14,0,53.25,0.84,-15.75,-0.25,-1021.55,-4.09,1
148,Exit short,2026-02-24 14:05,sl1|exit_reason=stop|mfe_r=0,416.67,24,9950.16,-49.92,-0.50,0,36,0.36,-49.92,-0.50,-1071.47,-4.29,1
148,Entry short,2026-02-24 14:00,sl1|setup=pdl_retest|side=short|grade=B|size=half|score=3|window=power|tier=core|rvol=1.160823|rs_vs_spy=-4.171371|gap_atr=0.32512|ext_atr=0.429668|risk_atr=0.084464,414.59,24,9950.16,-49.92,-0.50,0,36,0.36,-49.92,-0.50,-1071.47,-4.29,1
149,Exit long,2026-02-25 09:45,sl1|exit_reason=trail|mfe_r=2.583014,434.92,25,10797.75,75.25,0.70,0,124.25,1.15,-43,-0.40,-996.22,-3.98,2
149,Entry long,2026-02-25 09:35,sl1|setup=orb_break|side=long|grade=B|size=half|score=4|window=open|tier=core|rvol=1.105777|rs_vs_spy=1.126132|gap_atr=0.34454|ext_atr=0.088288|risk_atr=0.08,431.91,25,10797.75,75.25,0.70,0,124.25,1.15,-43,-0.40,-996.22,-3.98,2
150,Exit short,2026-02-25 14:20,sl1|exit_reason=stop|mfe_r=0.159527,425.93,19,8044.22,-48.45,-0.60,0,7.22,0.09,-48.45,-0.60,-1044.67,-4.18,4
150,Entry short,2026-02-25 14:00,sl1|setup=orb_retest|side=short|grade=B|size=half|score=3|window=power|tier=core|rvol=0.80481|rs_vs_spy=-1.099208|gap_atr=0.34454|ext_atr=0.28282|risk_atr=0.103834,423.38,19,8044.22,-48.45,-0.60,0,7.22,0.09,-48.45,-0.60,-1044.67,-4.18,4
151,Exit long,2026-02-25 15:05,sl1|exit_reason=stop|mfe_r=0.362347,428.1,25,10752,-49.5,-0.46,0,17,0.16,-49.5,-0.46,-1094.17,-4.38,3
151,Entry long,2026-02-25 14:50,sl1|setup=vwap_reclaim|side=long|grade=B|size=half|score=4|window=power|tier=core|rvol=0.828272|rs_vs_spy=0.405834|gap_atr=0.34454|ext_atr=0.006976|risk_atr=0.08,430.08,25,10752,-49.5,-0.46,0,17,0.16,-49.5,-0.46,-1094.17,-4.38,3
152,Exit short,2026-02-26 09:45,sl1|exit_reason=stop|mfe_r=0,427.22,13,5505.24,-48.62,-0.88,0,39.26,0.71,-48.62,-0.88,-1142.79,-4.57,1
152,Entry short,2026-02-26 09:40,sl1|setup=vwap_loss|side=short|grade=B|size=half|score=4|window=open|tier=core|rvol=0.793751|rs_vs_spy=-0.052358|gap_atr=-0.174576|ext_atr=0.10546|risk_atr=0.15546,423.48,13,5505.24,-48.62,-0.88,0,39.26,0.71,-48.62,-0.88,-1142.79,-4.57,1
153,Exit short,2026-03-03 10:00,sl1|exit_reason=stop|mfe_r=0,385.68,25,9591.25,-50.75,-0.53,0,7.5,0.08,-50.75,-0.53,-1193.54,-4.77,1
153,Entry short,2026-03-03 09:55,sl1|setup=vwap_loss|side=short|grade=B|size=half|score=4|window=open|tier=core|rvol=1.087469|rs_vs_spy=-0.319485|gap_atr=-1.112272|ext_atr=0.034103|risk_atr=0.084103,383.65,25,9591.25,-50.75,-0.53,0,7.5,0.08,-50.75,-0.53,-1193.54,-4.77,1
154,Exit long,2026-03-04 11:10,sl1|exit_reason=trail|mfe_r=3.677047,403.49,12,4714.56,127.32,2.70,0,175.44,3.72,-43.56,-0.92,-1066.22,-4.26,17
154,Entry long,2026-03-04 09:45,sl1|setup=pdh_break|side=long|grade=B|size=half|score=4|window=open|tier=core|rvol=0.802939|rs_vs_spy=0.027567|gap_atr=0.542447|ext_atr=0.054378|risk_atr=0.161656,392.88,12,4714.56,127.32,2.70,0,175.44,3.72,-43.56,-0.92,-1066.22,-4.26,17
155,Exit short,2026-03-05 09:45,sl1|exit_reason=stop|mfe_r=0,399.67,23,9143.19,-49.22,-0.54,0,15.18,0.17,-49.22,-0.54,-1115.44,-4.46,1
155,Entry short,2026-03-05 09:40,sl1|setup=orb_break|side=short|grade=B|size=half|score=4|window=open|tier=core|rvol=0.518819|rs_vs_spy=-0.476343|gap_atr=-0.071933|ext_atr=0.123563|risk_atr=0.084158,397.53,23,9143.19,-49.22,-0.54,0,15.18,0.17,-49.22,-0.54,-1115.44,-4.46,1
156,Exit short,2026-03-06 15:40,sl1|exit_reason=trail|mfe_r=6.124822,369.81,25,9498.75,253.5,2.67,0,311.75,3.28,-15,-0.16,-861.94,-3.45,10
156,Entry short,2026-03-06 14:50,sl1|setup=pdl_break|side=short|grade=B|size=half|score=4|window=power|tier=core|rvol=0.970307|rs_vs_spy=-0.47144|gap_atr=-0.638954|ext_atr=0.20414|risk_atr=0.08,379.95,25,9498.75,253.5,2.67,0,311.75,3.28,-15,-0.16,-861.94,-3.45,10
157,Exit short,2026-03-09 09:55,sl1|exit_reason=stop|mfe_r=0.196655,362.85,12,4304.28,-49.92,-1.16,0,12.12,0.28,-49.92,-1.16,-911.86,-3.65,3
157,Entry short,2026-03-09 09:40,sl1|setup=orb_break|side=short|grade=B|size=half|score=4|window=open|tier=core|rvol=1.153737|rs_vs_spy=-1.176946|gap_atr=-0.247442|ext_atr=0.1519|risk_atr=0.163593,358.69,12,4304.28,-49.92,-1.16,0,12.12,0.28,-49.92,-1.16,-911.86,-3.65,3
158,Exit short,2026-03-09 10:15,sl1|exit_reason=stop|mfe_r=0,363.94,24,8685.36,-49.2,-0.57,0,15.84,0.18,-49.2,-0.57,-961.06,-3.84,1
158,Entry short,2026-03-09 10:10,sl1|setup=vwap_loss|side=short|grade=B|size=half|score=4|window=open|tier=core|rvol=1.056711|rs_vs_spy=-0.117891|gap_atr=-0.247442|ext_atr=0.018042|risk_atr=0.08,361.89,24,8685.36,-49.2,-0.57,0,15.84,0.18,-49.2,-0.57,-961.06,-3.84,1
159,Exit long,2026-03-10 12:00,sl1|exit_reason=trail|mfe_r=2.137017,410.91,11,4466.55,53.46,1.20,0,101.2,2.27,-20.35,-0.46,-907.6,-3.63,29
159,Entry long,2026-03-10 09:35,sl1|setup=orb_break|side=long|grade=B|size=half|score=4|window=open|tier=core|rvol=1.360581|rs_vs_spy=3.073042|gap_atr=0.188411|ext_atr=0.193853|risk_atr=0.167952,406.05,11,4466.55,53.46,1.20,0,101.2,2.27,-20.35,-0.46,-907.6,-3.63,29
160,Exit long,2026-03-11 10:30,sl1|exit_reason=trail|mfe_r=1.557278,414.24,13,5358.73,26.39,0.49,0,75.14,1.40,-22.88,-0.43,-881.21,-3.52,9
160,Entry long,2026-03-11 09:45,sl1|setup=vwap_reclaim|side=long|grade=B|size=half|score=4|window=open|tier=core|rvol=0.746129|rs_vs_spy=0.474852|gap_atr=0.289964|ext_atr=0.094863|risk_atr=0.144863,412.21,13,5358.73,26.39,0.49,0,75.14,1.40,-22.88,-0.43,-881.21,-3.52,9
161,Exit short,2026-03-12 10:00,sl1|exit_reason=be|mfe_r=0.798572,405.34,28,11348.4,-1.12,-0.01,0,78.68,0.69,-39.76,-0.35,-882.33,-3.53,3
161,Entry short,2026-03-12 09:45,sl1|setup=orb_break|side=short|grade=A|size=full|score=5|window=open|tier=core|rvol=1.553256|rs_vs_spy=-1.027351|gap_atr=-0.336677|ext_atr=0.135949|risk_atr=0.140202,405.3,28,11348.4,-1.12,-0.01,0,78.68,0.69,-39.76,-0.35,-882.33,-3.53,3
162,Exit short,2026-03-12 15:30,sl1|exit_reason=stop|mfe_r=0.357396,406.11,23,9290.62,-49.91,-0.54,0,17.02,0.18,-49.91,-0.54,-932.24,-3.73,5
162,Entry short,2026-03-12 15:05,sl1|setup=vwap_loss|side=short|grade=B|size=half|score=4|window=power|tier=core|rvol=1.241088|rs_vs_spy=-0.976037|gap_atr=-0.336677|ext_atr=0.034129|risk_atr=0.084129,403.94,23,9290.62,-49.91,-0.54,0,17.02,0.18,-49.91,-0.54,-932.24,-3.73,5
163,Exit long,2026-03-13 10:25,sl1|exit_reason=be|mfe_r=1.271559,423.27,10,4233.1,-0.4,-0.01,0,60.1,1.42,-8.1,-0.19,-932.64,-3.73,9
163,Entry long,2026-03-13 09:40,sl1|setup=orb_break|side=long|grade=B|size=half|score=4|window=open|tier=core|rvol=1.297424|rs_vs_spy=1.856399|gap_atr=0.341396|ext_atr=0.176008|risk_atr=0.189353,423.31,10,4233.1,-0.4,-0.01,0,60.1,1.42,-8.1,-0.19,-932.64,-3.73,9
164,Exit long,2026-03-13 15:00,sl1|exit_reason=trail|mfe_r=1.811795,424.27,24,10144.56,37.92,0.37,0,86.64,0.85,-11.28,-0.11,-894.72,-3.58,7
164,Entry long,2026-03-13 14:25,sl1|setup=vwap_reclaim|side=long|grade=B|size=half|score=4|window=power|tier=core|rvol=1.276298|rs_vs_spy=2.990095|gap_atr=0.341396|ext_atr=0.01601|risk_atr=0.08,422.69,24,10144.56,37.92,0.37,0,86.64,0.85,-11.28,-0.11,-894.72,-3.58,7
165,Exit long,2026-03-16 09:50,sl1|exit_reason=be|mfe_r=1.25212,451.4,18,8125.92,-0.72,-0.01,0,61.74,0.76,-2.88,-0.04,-895.44,-3.58,2
165,Entry long,2026-03-16 09:40,sl1|setup=vwap_reclaim|side=long|grade=B|size=half|score=4|window=open|tier=core|rvol=1.390818|rs_vs_spy=0.993434|gap_atr=0.802575|ext_atr=0.060347|risk_atr=0.110347,451.44,18,8125.92,-0.72,-0.01,0,61.74,0.76,-2.88,-0.04,-895.44,-3.58,2
166,Exit short,2026-03-17 09:50,sl1|exit_reason=be|mfe_r=0.825072,447.23,20,8943.8,-0.8,-0.01,0,41.6,0.47,-38.2,-0.43,-896.24,-3.58,3
166,Entry short,2026-03-17 09:35,sl1|setup=orb_break|side=short|grade=B|size=half|score=3|window=open|tier=core|rvol=0.991191|rs_vs_spy=-1.399595|gap_atr=0.423366|ext_atr=0.118989|risk_atr=0.095566,447.19,20,8943.8,-0.8,-0.01,0,41.6,0.47,-38.2,-0.43,-896.24,-3.58,3
167,Exit long,2026-03-17 14:35,sl1|exit_reason=time|mfe_r=0.399783,459.51,14,6419.14,14,0.22,0,18.48,0.29,-4.9,-0.08,-882.24,-3.53,6
167,Entry long,2026-03-17 14:05,sl1|setup=hod_break|side=long|grade=B|size=half|score=4|window=power|tier=core|rvol=1.181168|rs_vs_spy=1.345323|gap_atr=0.423366|ext_atr=0.200198|risk_atr=0.132807,458.51,14,6419.14,14,0.22,0,18.48,0.29,-4.9,-0.08,-882.24,-3.53,6
168,Exit long,2026-03-17 15:50,sl1|exit_reason=eod|mfe_r=0.26429,461.24,13,6002.75,-6.63,-0.11,0,12.48,0.21,-39,-0.65,-888.87,-3.56,6
168,Entry long,2026-03-17 15:20,sl1|setup=hod_break|side=long|grade=B|size=half|score=4|window=power|tier=core|rvol=1.223651|rs_vs_spy=2.213796|gap_atr=0.423366|ext_atr=0.288713|risk_atr=0.146922,461.75,13,6002.75,-6.63,-0.11,0,12.48,0.21,-39,-0.65,-888.87,-3.56,6
169,Exit short,2026-03-18 09:45,sl1|exit_reason=stop|mfe_r=0,462.71,18,8279.64,-49.14,-0.59,0,3.24,0.04,-49.14,-0.59,-938.01,-3.75,1
169,Entry short,2026-03-18 09:40,sl1|setup=orb_break|side=short|grade=B|size=half|score=4|window=open|tier=core|rvol=1.117369|rs_vs_spy=-1.11833|gap_atr=0.129159|ext_atr=0.112313|risk_atr=0.107761,459.98,18,8279.64,-49.14,-0.59,0,3.24,0.04,-49.14,-0.59,-938.01,-3.75,1
170,Exit long,2026-03-20 09:45,sl1|exit_reason=stop|mfe_r=0,442.98,12,5365.8,-50.04,-0.93,0,14.76,0.28,-50.04,-0.93,-988.05,-3.95,1
170,Entry long,2026-03-20 09:40,sl1|setup=orb_break|side=long|grade=B|size=half|score=4|window=open|tier=core|rvol=0.766434|rs_vs_spy=0.689445|gap_atr=0.001583|ext_atr=0.216635|risk_atr=0.163211,447.15,12,5365.8,-50.04,-0.93,0,14.76,0.28,-50.04,-0.93,-988.05,-3.95,1
171,Exit short,2026-03-20 14:30,sl1|exit_reason=time|mfe_r=0.443008,418.96,7,2936.71,3.99,0.14,0,19.32,0.66,-17.64,-0.60,-984.06,-3.94,6
171,Entry short,2026-03-20 14:00,sl1|setup=lod_break|side=short|grade=B|size=half|score=4|window=power|tier=core|rvol=1.237622|rs_vs_spy=-4.686884|gap_atr=0.001583|ext_atr=0.470708|risk_atr=0.248403,419.53,7,2936.71,3.99,0.14,0,19.32,0.66,-17.64,-0.60,-984.06,-3.94,6
172,Exit short,2026-03-20 15:50,sl1|exit_reason=eod|mfe_r=0.138757,419.14,9,3744.9,-27.36,-0.73,0,6.75,0.18,-39.78,-1.06,-1011.42,-4.05,5
172,Entry short,2026-03-20 15:25,sl1|setup=lod_break|side=short|grade=B|size=half|score=4|window=power|tier=core|rvol=1.303877|rs_vs_spy=-4.89844|gap_atr=0.001583|ext_atr=0.507301|risk_atr=0.219663,416.1,9,3744.9,-27.36,-0.73,0,6.75,0.18,-39.78,-1.06,-1011.42,-4.05,5
173,Exit short,2026-03-23 10:05,sl1|exit_reason=trail|mfe_r=1.575302,418.54,24,10072.56,27.6,0.27,0,77.76,0.77,-27.36,-0.27,-983.82,-3.94,2
173,Entry short,2026-03-23 09:55,sl1|setup=orb_break|side=short|grade=B|size=half|score=4|window=open|tier=core|rvol=0.897835|rs_vs_spy=-1.951329|gap_atr=0.138975|ext_atr=0.151083|risk_atr=0.08,419.69,24,10072.56,27.6,0.27,0,77.76,0.77,-27.36,-0.27,-983.82,-3.94,2
174,Exit short,2026-03-24 09:45,sl1|exit_reason=trail|mfe_r=3.181108,393.19,23,9151.01,107.64,1.18,0,165.37,1.81,-6.44,-0.07,-876.18,-3.50,2
174,Entry short,2026-03-24 09:35,sl1|setup=orb_break|side=short|grade=B|size=half|score=4|window=open|tier=core|rvol=0.681303|rs_vs_spy=-0.844269|gap_atr=-0.106745|ext_atr=0.101369|risk_atr=0.08,397.87,23,9151.01,107.64,1.18,0,165.37,1.81,-6.44,-0.07,-876.18,-3.50,2
175,Exit short,2026-03-24 10:25,sl1|exit_reason=trail|mfe_r=2.41007,393.19,23,9112.6,69.23,0.76,0,119.6,1.31,-23.23,-0.25,-806.95,-3.23,3
175,Entry short,2026-03-24 10:10,sl1|setup=vwap_loss|side=short|grade=B|size=half|score=4|window=open|tier=core|rvol=0.863326|rs_vs_spy=-1.46148|gap_atr=-0.106745|ext_atr=0.002254|risk_atr=0.08,396.2,23,9112.6,69.23,0.76,0,119.6,1.31,-23.23,-0.25,-806.95,-3.23,3
176,Exit short,2026-03-25 09:55,sl1|exit_reason=be|mfe_r=1.445156,377.71,32,12085.44,-1.28,-0.01,0,142.72,1.18,-13.76,-0.11,-808.23,-3.23,2
176,Entry short,2026-03-25 09:45,sl1|setup=vwap_loss|side=short|grade=A|size=full|score=5|window=open|tier=core|rvol=1.775166|rs_vs_spy=-1.252824|gap_atr=-0.480069|ext_atr=0.067925|risk_atr=0.117925,377.67,32,12085.44,-1.28,-0.01,0,142.72,1.18,-13.76,-0.11,-808.23,-3.23,2
177,Exit short,2026-03-25 11:15,sl1|exit_reason=trail|mfe_r=2.187317,377.73,23,8744.14,56.35,0.64,0,105.34,1.20,-30.13,-0.34,-751.88,-3.01,6
177,Entry short,2026-03-25 10:45,sl1|setup=vwap_loss|side=short|grade=A|size=half|score=5|window=midday|tier=core|rvol=1.503723|rs_vs_spy=-0.76447|gap_atr=-0.480069|ext_atr=0.017812|risk_atr=0.08,380.18,23,8744.14,56.35,0.64,0,105.34,1.20,-30.13,-0.34,-751.88,-3.01,6
178,Exit short,2026-03-25 15:15,sl1|exit_reason=be|mfe_r=0.965273,379.94,23,8737.7,-0.92,-0.01,0,46.23,0.53,-2.99,-0.03,-752.8,-3.01,3
178,Entry short,2026-03-25 15:00,sl1|setup=vwap_loss|side=short|grade=B|size=half|score=4|window=power|tier=core|rvol=1.212493|rs_vs_spy=-0.4049|gap_atr=-0.480069|ext_atr=0.008157|risk_atr=0.08,379.9,23,8737.7,-0.92,-0.01,0,46.23,0.53,-2.99,-0.03,-752.8,-3.01,3
179,Exit short,2026-03-26 09:45,sl1|exit_reason=be|mfe_r=1.090882,369.22,13,4799.34,-0.52,-0.01,0,51.74,1.08,-4.16,-0.09,-753.32,-3.01,2
179,Entry short,2026-03-26 09:35,sl1|setup=pdl_break|side=short|grade=B|size=half|score=4|window=open|tier=core|rvol=0.919058|rs_vs_spy=-0.036836|gap_atr=-0.464891|ext_atr=0.062817|risk_atr=0.1403,369.18,13,4799.34,-0.52,-0.01,0,51.74,1.08,-4.16,-0.09,-753.32,-3.01,2
180,Exit short,2026-03-26 10:10,sl1|exit_reason=stop|mfe_r=0.172182,366.36,23,8377.06,-49.22,-0.59,0,11.96,0.14,-49.22,-0.59,-802.54,-3.21,2
180,Entry short,2026-03-26 10:00,sl1|setup=orb_retest|side=short|grade=B|size=half|score=4|window=open|tier=core|rvol=0.887226|rs_vs_spy=-1.860316|gap_atr=-0.464891|ext_atr=0.152493|risk_atr=0.08,364.22,23,8377.06,-49.22,-0.59,0,11.96,0.14,-49.22,-0.59,-802.54,-3.21,2
181,Exit short,2026-03-26 14:30,sl1|exit_reason=time|mfe_r=0.165025,353.16,7,2476.95,4.83,0.19,0,7.14,0.29,-16.03,-0.65,-797.71,-3.19,6
181,Entry short,2026-03-26 14:00,sl1|setup=lod_break|side=short|grade=B|size=half|score=4|window=power|tier=core|rvol=0.994411|rs_vs_spy=-3.629068|gap_atr=-0.464891|ext_atr=0.388557|risk_atr=0.241134,353.85,7,2476.95,4.83,0.19,0,7.14,0.29,-16.03,-0.65,-797.71,-3.19,6
182,Exit long,2026-03-27 09:50,sl1|exit_reason=be|mfe_r=1.050615,362.88,11,3992.12,-0.44,-0.01,0,48.18,1.21,-34.76,-0.87,-798.15,-3.19,3
182,Entry long,2026-03-27 09:35,sl1|setup=orb_break|side=long|grade=B|size=half|score=4|window=open|tier=core|rvol=0.949566|rs_vs_spy=1.047423|gap_atr=0.168672|ext_atr=0.144855|risk_atr=0.157679,362.92,11,3992.12,-0.44,-0.01,0,48.18,1.21,-34.76,-0.87,-798.15,-3.19,3
183,Exit long,2026-03-27 10:30,sl1|exit_reason=stop|mfe_r=0.317227,359.61,17,6164.03,-50.66,-0.82,0,15.47,0.25,-50.66,-0.82,-848.81,-3.40,4
183,Entry long,2026-03-27 10:10,sl1|setup=vwap_reclaim|side=long|grade=B|size=half|score=4|window=open|tier=core|rvol=0.932658|rs_vs_spy=1.151861|gap_atr=0.168672|ext_atr=0.060377|risk_atr=0.110377,362.59,17,6164.03,-50.66,-0.82,0,15.47,0.25,-50.66,-0.82,-848.81,-3.40,4
184,Exit short,2026-03-30 15:50,sl1|exit_reason=eod|mfe_r=3.257018,322.49,5,1727.9,115.45,6.68,0,135.75,7.86,-8.4,-0.49,-733.36,-2.93,75
184,Entry short,2026-03-30 09:35,sl1|setup=orb_break|side=short|grade=B|size=half|score=4|window=open|tier=core|rvol=0.931392|rs_vs_spy=-4.34605|gap_atr=0.21121|ext_atr=0.262622|risk_atr=0.324417,345.58,5,1727.9,115.45,6.68,0,135.75,7.86,-8.4,-0.49,-733.36,-2.93,75
185,Exit short,2026-03-31 09:55,sl1|exit_reason=stop|mfe_r=0.537053,320.38,8,2516.48,-46.56,-1.85,0,24.64,0.98,-46.56,-1.85,-779.92,-3.12,4
185,Entry short,2026-03-31 09:35,sl1|setup=orb_break|side=short|grade=B|size=half|score=4|window=open|tier=core|rvol=1.356532|rs_vs_spy=-2.355426|gap_atr=-0.002773|ext_atr=0.202994|risk_atr=0.213433,314.56,8,2516.48,-46.56,-1.85,0,24.64,0.98,-46.56,-1.85,-779.92,-3.12,4
186,Exit long,2026-03-31 15:50,sl1|exit_reason=eod|mfe_r=0.6519,336.49,8,2666.56,25.36,0.95,0,29.36,1.10,-16.24,-0.61,-754.56,-3.02,10
186,Entry long,2026-03-31 15:00,sl1|setup=hod_break|side=long|grade=B|size=half|score=4|window=power|tier=core|rvol=1.287885|rs_vs_spy=2.042238|gap_atr=-0.002773|ext_atr=0.33533|risk_atr=0.209296,333.32,8,2666.56,25.36,0.95,0,29.36,1.10,-16.24,-0.61,-754.56,-3.02,10
187,Exit long,2026-04-01 09:40,sl1|exit_reason=stop|mfe_r=0,351.32,10,3560.2,-47,-1.32,0,4.1,0.12,-47,-1.32,-801.56,-3.21,1
187,Entry long,2026-04-01 09:35,sl1|setup=orb_break|side=long|grade=B|size=half|score=4|window=open|tier=core|rvol=1.112161|rs_vs_spy=1.649088|gap_atr=0.431929|ext_atr=0.163825|risk_atr=0.172615,356.02,10,3560.2,-47,-1.32,0,4.1,0.12,-47,-1.32,-801.56,-3.21,1
188,Exit short,2026-04-01 15:20,sl1|exit_reason=stop|mfe_r=0.379698,368.45,23,8423.75,-50.6,-0.60,0,18.4,0.22,-50.6,-0.60,-852.16,-3.41,6
188,Entry short,2026-04-01 14:50,sl1|setup=vwap_loss|side=short|grade=B|size=half|score=3|window=power|tier=core|rvol=1.517954|rs_vs_spy=4.782792|gap_atr=0.431929|ext_atr=0.002614|risk_atr=0.08,366.25,23,8423.75,-50.6,-0.60,0,18.4,0.22,-50.6,-0.60,-852.16,-3.41,6
189,Exit long,2026-04-02 12:15,sl1|exit_reason=trail|mfe_r=1.927765,359.43,7,2474.71,41.3,1.67,0,86.31,3.49,-14.14,-0.57,-810.86,-3.24,29
189,Entry long,2026-04-02 09:50,sl1|setup=orb_retest|side=long|grade=B|size=half|score=3|window=open|tier=core|rvol=0.818435|rs_vs_spy=3.149163|gap_atr=-0.941361|ext_atr=0.25668|risk_atr=0.229392,353.53,7,2474.71,41.3,1.67,0,86.31,3.49,-14.14,-0.57,-810.86,-3.24,29
190,Exit long,2026-04-02 15:15,sl1|exit_reason=time|mfe_r=0.168018,364.8,13,4760.6,-18.2,-0.38,0,7.8,0.16,-18.85,-0.40,-829.06,-3.32,6
190,Entry long,2026-04-02 14:45,sl1|setup=hod_break|side=long|grade=B|size=half|score=3|window=power|tier=core|rvol=0.842229|rs_vs_spy=5.953412|gap_atr=-0.941361|ext_atr=0.287074|risk_atr=0.13213,366.2,13,4760.6,-18.2,-0.38,0,7.8,0.16,-18.85,-0.40,-829.06,-3.32,6
191,Exit long,2026-04-06 10:05,sl1|exit_reason=stop|mfe_r=0.427677,376.78,8,3060.8,-46.56,-1.52,0,19.6,0.64,-46.56,-1.52,-875.62,-3.50,4
191,Entry long,2026-04-06 09:45,sl1|setup=orb_retest|side=long|grade=B|size=half|score=4|window=open|tier=core|rvol=0.694549|rs_vs_spy=2.282537|gap_atr=0.256201|ext_atr=0.199295|risk_atr=0.206945,382.6,8,3060.8,-46.56,-1.52,0,19.6,0.64,-46.56,-1.52,-875.62,-3.50,4
192,Exit short,2026-04-07 10:15,sl1|exit_reason=be|mfe_r=1.070209,368.19,13,4785.95,-0.52,-0.01,0,52.65,1.10,-4.16,-0.09,-876.14,-3.50,4
192,Entry short,2026-04-07 09:55,sl1|setup=pdl_retest|side=short|grade=B|size=half|score=4|window=open|tier=core|rvol=0.407486|rs_vs_spy=-1.197282|gap_atr=-0.133713|ext_atr=0.217567|risk_atr=0.139509,368.15,13,4785.95,-0.52,-0.01,0,52.65,1.10,-4.16,-0.09,-876.14,-3.50,4
193,Exit short,2026-04-07 15:20,sl1|exit_reason=stop|mfe_r=0.696995,373.53,22,8168.6,-49.06,-0.60,0,33,0.40,-49.06,-0.60,-925.2,-3.70,6
193,Entry short,2026-04-07 14:50,sl1|setup=vwap_loss|side=short|grade=B|size=half|score=4|window=power|tier=core|rvol=0.507702|rs_vs_spy=-0.382729|gap_atr=-0.133713|ext_atr=0.027011|risk_atr=0.08,371.3,22,8168.6,-49.06,-0.60,0,33,0.40,-49.06,-0.60,-925.2,-3.70,6
194,Exit short,2026-04-08 09:45,sl1|exit_reason=stop|mfe_r=0,410.22,23,9385.15,-49.91,-0.53,0,21.62,0.23,-49.91,-0.53,-975.11,-3.90,1
194,Entry short,2026-04-08 09:40,sl1|setup=orb_break|side=short|grade=B|size=half|score=3|window=open|tier=core|rvol=1.116474|rs_vs_spy=-1.523569|gap_atr=1.423382|ext_atr=0.118683|risk_atr=0.080688,408.05,23,9385.15,-49.91,-0.53,0,21.62,0.23,-49.91,-0.53,-975.11,-3.90,1
195,Exit short,2026-04-08 15:05,sl1|exit_reason=trail|mfe_r=1.541361,404.36,19,7708.68,25.84,0.34,0,75.43,0.98,-21.09,-0.27,-949.27,-3.80,10
195,Entry short,2026-04-08 14:15,sl1|setup=vwap_loss|side=short|grade=B|size=half|score=3|window=power|tier=core|rvol=0.868125|rs_vs_spy=-2.050741|gap_atr=1.423382|ext_atr=0.048073|risk_atr=0.098073,405.72,19,7708.68,25.84,0.34,0,75.43,0.98,-21.09,-0.27,-949.27,-3.80,10
196,Exit long,2026-04-09 09:50,sl1|exit_reason=stop|mfe_r=0.194579,411.97,21,8700.93,-49.56,-0.57,0,9.03,0.10,-49.56,-0.57,-998.83,-4.00,2
196,Entry long,2026-04-09 09:40,sl1|setup=orb_break|side=long|grade=B|size=half|score=4|window=open|tier=core|rvol=0.580962|rs_vs_spy=1.485642|gap_atr=0.045498|ext_atr=0.104418|risk_atr=0.084857,414.33,21,8700.93,-49.56,-0.57,0,9.03,0.10,-49.56,-0.57,-998.83,-4.00,2
197,Exit long,2026-04-09 15:50,sl1|exit_reason=eod|mfe_r=3.1025,422.56,22,9172.24,124.08,1.35,0,154,1.68,-26.4,-0.29,-874.75,-3.50,13
197,Entry long,2026-04-09 14:45,sl1|setup=pdh_break|side=long|grade=B|size=half|score=4|window=power|tier=core|rvol=0.718749|rs_vs_spy=1.576862|gap_atr=0.045498|ext_atr=0.317428|risk_atr=0.083023,416.92,22,9172.24,124.08,1.35,0,154,1.68,-26.4,-0.29,-874.75,-3.50,13
198,Exit short,2026-04-10 09:45,sl1|exit_reason=stop|mfe_r=0.290006,417.68,8,3293.92,-47.52,-1.44,0,13.52,0.41,-47.52,-1.44,-922.27,-3.69,2
198,Entry short,2026-04-10 09:35,sl1|setup=orb_break|side=short|grade=B|size=half|score=4|window=open|tier=core|rvol=0.940526|rs_vs_spy=-1.913376|gap_atr=-0.049026|ext_atr=0.145077|risk_atr=0.217351,411.74,8,3293.92,-47.52,-1.44,0,13.52,0.41,-47.52,-1.44,-922.27,-3.69,2
199,Exit long,2026-04-13 15:25,sl1|exit_reason=trail|mfe_r=2.16194,422.8,21,8823.57,55.23,0.63,0,103.95,1.18,-22.47,-0.25,-867.04,-3.47,8
199,Entry long,2026-04-13 14:45,sl1|setup=orb_break|side=long|grade=B|size=half|score=4|window=power|tier=core|rvol=0.693377|rs_vs_spy=0.046075|gap_atr=-0.157389|ext_atr=0.191447|risk_atr=0.087819,420.17,21,8823.57,55.23,0.63,0,103.95,1.18,-22.47,-0.25,-867.04,-3.47,8
200,Exit long,2026-04-13 15:50,sl1|exit_reason=eod|mfe_r=0.892952,424.84,23,9752.69,18.63,0.19,0,42.55,0.44,-4.83,-0.05,-848.41,-3.39,2
200,Entry long,2026-04-13 15:40,sl1|setup=pdh_retest|side=long|grade=B|size=half|score=4|window=power|tier=core|rvol=0.721059|rs_vs_spy=0.813504|gap_atr=-0.157389|ext_atr=0.29673|risk_atr=0.08,424.03,23,9752.69,18.63,0.19,0,42.55,0.44,-4.83,-0.05,-848.41,-3.39,2
201,Exit short,2026-04-14 10:05,sl1|exit_reason=stop|mfe_r=0,431.67,24,10309.92,-50.16,-0.49,0,1.92,0.02,-50.16,-0.49,-898.57,-3.59,1
201,Entry short,2026-04-14 10:00,sl1|setup=vwap_loss|side=short|grade=B|size=half|score=3|window=open|tier=core|rvol=0.842658|rs_vs_spy=-1.377146|gap_atr=0.307374|ext_atr=0.017403|risk_atr=0.08,429.58,24,10309.92,-50.16,-0.49,0,1.92,0.02,-50.16,-0.49,-898.57,-3.59,1
202,Exit long,2026-04-14 14:30,sl1|exit_reason=time|mfe_r=0.139253,457.08,6,2744.34,-1.86,-0.07,0,6.36,0.23,-15.96,-0.58,-900.43,-3.60,6
202,Entry long,2026-04-14 14:00,sl1|setup=hod_break|side=long|grade=B|size=half|score=4|window=power|tier=core|rvol=0.880777|rs_vs_spy=4.404121|gap_atr=0.307374|ext_atr=0.698934|risk_atr=0.302715,457.39,6,2744.34,-1.86,-0.07,0,6.36,0.23,-15.96,-0.58,-900.43,-3.60,6
203,Exit long,2026-04-16 10:15,sl1|exit_reason=trail|mfe_r=1.781387,457.17,16,7276.64,38.08,0.52,0,88.16,1.21,-25.92,-0.36,-862.35,-3.45,4
203,Entry long,2026-04-16 09:55,sl1|setup=orb_break|side=long|grade=B|size=half|score=4|window=open|tier=core|rvol=0.693557|rs_vs_spy=0.62781|gap_atr=-0.120286|ext_atr=0.175025|risk_atr=0.116326,454.79,16,7276.64,38.08,0.52,0,88.16,1.21,-25.92,-0.36,-862.35,-3.45,4
204,Exit short,2026-04-17 10:00,sl1|exit_reason=be|mfe_r=0.925171,459.13,10,4590.9,-0.4,-0.01,0,44.7,0.97,-3.8,-0.08,-862.75,-3.45,2
204,Entry short,2026-04-17 09:50,sl1|setup=orb_break|side=short|grade=B|size=half|score=3|window=open|tier=core|rvol=0.807225|rs_vs_spy=-1.911059|gap_atr=0.371022|ext_atr=0.252453|risk_atr=0.186208,459.09,10,4590.9,-0.4,-0.01,0,44.7,0.97,-3.8,-0.08,-862.75,-3.45,2
205,Exit short,2026-04-20 10:10,sl1|exit_reason=be|mfe_r=1.478587,451.58,13,5870.02,-0.52,-0.01,0,72.15,1.23,-19.89,-0.34,-863.27,-3.45,5
205,Entry short,2026-04-20 09:45,sl1|setup=orb_retest|side=short|grade=B|size=half|score=4|window=open|tier=core|rvol=0.615933|rs_vs_spy=-1.433096|gap_atr=0.122151|ext_atr=0.143945|risk_atr=0.147486,451.54,13,5870.02,-0.52,-0.01,0,72.15,1.23,-19.89,-0.34,-863.27,-3.45,5
206,Exit short,2026-04-21 10:35,sl1|exit_reason=trail|mfe_r=3.012819,446.23,24,10807.92,98.4,0.91,0,148.56,1.37,-41.28,-0.38,-764.87,-3.06,7
206,Entry short,2026-04-21 10:00,sl1|setup=orb_break|side=short|grade=B|size=half|score=4|window=open|tier=core|rvol=0.490819|rs_vs_spy=-0.325462|gap_atr=0.127305|ext_atr=0.110934|risk_atr=0.08,450.33,24,10807.92,98.4,0.91,0,148.56,1.37,-41.28,-0.38,-764.87,-3.06,7
207,Exit long,2026-04-22 15:20,sl1|exit_reason=be|mfe_r=0.820217,488.12,10,4881.6,-0.4,-0.01,0,38.1,0.78,-14.1,-0.29,-765.27,-3.06,8
207,Entry long,2026-04-22 14:40,sl1|setup=hod_break|side=long|grade=B|size=half|score=4|window=power|tier=core|rvol=1.312631|rs_vs_spy=5.376663|gap_atr=0.534166|ext_atr=0.519276|risk_atr=0.186002,488.16,10,4881.6,-0.4,-0.01,0,38.1,0.78,-14.1,-0.29,-765.27,-3.06,8
208,Exit short,2026-04-23 10:15,sl1|exit_reason=trail|mfe_r=2.494856,473.95,23,10972.38,71.53,0.65,0,120.52,1.10,-4.37,-0.04,-693.74,-2.77,2
208,Entry short,2026-04-23 10:05,sl1|setup=orb_break|side=short|grade=B|size=half|score=4|window=open|tier=core|rvol=1.184308|rs_vs_spy=-1.231843|gap_atr=-0.183272|ext_atr=0.018192|risk_atr=0.08,477.06,23,10972.38,71.53,0.65,0,120.52,1.10,-4.37,-0.04,-693.74,-2.77,2
209,Exit long,2026-04-24 10:35,sl1|exit_reason=time|mfe_r=0.454828,502.1,6,2997.24,15.36,0.51,0,19.56,0.65,-19.74,-0.66,-678.38,-2.71,6
209,Entry long,2026-04-24 10:05,sl1|setup=pdh_retest|side=long|grade=B|size=half|score=4|window=open|tier=core|rvol=1.273461|rs_vs_spy=0.880372|gap_atr=0.523235|ext_atr=0.069947|risk_atr=0.277043,499.54,6,2997.24,15.36,0.51,0,19.56,0.65,-19.74,-0.66,-678.38,-2.71,6
210,Exit long,2026-04-27 09:40,sl1|exit_reason=stop|mfe_r=0,520.01,24,12531.12,-50.88,-0.41,0,0,0.00,-50.88,-0.41,-729.26,-2.92,1
210,Entry long,2026-04-27 09:35,sl1|setup=orb_break|side=long|grade=B|size=half|score=4|window=open|tier=core|rvol=1.423982|rs_vs_spy=2.105784|gap_atr=0.541268|ext_atr=0.071224|risk_atr=0.08,522.13,24,12531.12,-50.88,-0.41,0,0,0.00,-50.88,-0.41,-729.26,-2.92,1
211,Exit long,2026-04-27 10:10,sl1|exit_reason=stop|mfe_r=0.081527,519.98,14,7379.96,-100.24,-1.36,0,7.84,0.11,-100.24,-1.36,-829.5,-3.32,3
211,Entry long,2026-04-27 09:55,sl1|setup=vwap_reclaim|side=long|grade=A|size=full|score=5|window=open|tier=core|rvol=1.545251|rs_vs_spy=3.123534|gap_atr=0.541268|ext_atr=0.223877|risk_atr=0.273877,527.14,14,7379.96,-100.24,-1.36,0,7.84,0.11,-100.24,-1.36,-829.5,-3.32,3
212,Exit long,2026-04-28 09:50,sl1|exit_reason=be|mfe_r=1.163038,512.97,10,5130.1,-0.4,-0.01,0,57.6,1.12,-8.2,-0.16,-829.9,-3.32,3
212,Entry long,2026-04-28 09:35,sl1|setup=orb_break|side=long|grade=B|size=half|score=3|window=open|tier=core|rvol=1.136329|rs_vs_spy=1.848981|gap_atr=-0.793385|ext_atr=0.208158|risk_atr=0.186868,513.01,10,5130.1,-0.4,-0.01,0,57.6,1.12,-8.2,-0.16,-829.9,-3.32,3
213,Exit short,2026-04-29 09:50,sl1|exit_reason=stop|mfe_r=0,522.27,15,7784.85,-49.2,-0.63,0,9.6,0.12,-49.2,-0.63,-879.1,-3.52,1
213,Entry short,2026-04-29 09:45,sl1|setup=orb_break|side=short|grade=B|size=half|score=3|window=open|tier=core|rvol=1.259549|rs_vs_spy=-1.34228|gap_atr=0.823004|ext_atr=0.236493|risk_atr=0.118523,518.99,15,7784.85,-49.2,-0.63,0,9.6,0.12,-49.2,-0.63,-879.1,-3.52,1
214,Exit long,2026-04-30 09:50,sl1|exit_reason=stop|mfe_r=0,527.67,17,9019.52,-49.13,-0.54,0,11.73,0.13,-49.13,-0.54,-928.23,-3.71,1
214,Entry long,2026-04-30 09:45,sl1|setup=vwap_reclaim|side=long|grade=B|size=half|score=4|window=open|tier=core|rvol=0.924194|rs_vs_spy=0.494472|gap_atr=0.402932|ext_atr=0.054327|risk_atr=0.104327,530.56,17,9019.52,-49.13,-0.54,0,11.73,0.13,-49.13,-0.54,-928.23,-3.71,1
215,Exit long,2026-05-01 10:30,sl1|exit_reason=trail|mfe_r=3.125803,538.76,7,3666.18,105.14,2.87,0,154.91,4.23,-1.26,-0.03,-823.09,-3.29,11
215,Entry long,2026-05-01 09:35,sl1|setup=orb_break|side=long|grade=B|size=half|score=4|window=open|tier=core|rvol=1.004843|rs_vs_spy=2.214206|gap_atr=-0.195621|ext_atr=0.212938|risk_atr=0.256287,523.74,7,3666.18,105.14,2.87,0,154.91,4.23,-1.26,-0.03,-823.09,-3.29,11
216,Exit long,2026-05-01 14:35,sl1|exit_reason=trail|mfe_r=2.942403,540.56,17,9097.89,91.63,1.01,0,139.57,1.53,-26.01,-0.29,-731.46,-2.93,10
216,Entry long,2026-05-01 13:45,sl1|setup=vwap_reclaim|side=long|grade=A|size=half|score=5|window=midday|tier=core|rvol=1.566147|rs_vs_spy=4.344578|gap_atr=-0.195621|ext_atr=0.051138|risk_atr=0.101138,535.17,17,9097.89,91.63,1.01,0,139.57,1.53,-26.01,-0.29,-731.46,-2.93,10
217,Exit long,2026-05-04 10:20,sl1|exit_reason=trail|mfe_r=1.84696,584.74,12,6936.24,80.64,1.16,0,176.88,2.55,-33.84,-0.49,-650.82,-2.60,9
217,Entry long,2026-05-04 09:35,sl1|setup=orb_break|side=long|grade=A|size=full|score=5|window=open|tier=core|rvol=1.653888|rs_vs_spy=3.062244|gap_atr=0.667725|ext_atr=0.30275|risk_atr=0.283084,578.02,12,6936.24,80.64,1.16,0,176.88,2.55,-33.84,-0.49,-650.82,-2.60,9
218,Exit long,2026-05-04 15:35,sl1|exit_reason=stop|mfe_r=0,577.49,22,12755.38,-50.6,-0.40,0,0,0.00,-50.6,-0.40,-701.42,-2.81,1
218,Entry long,2026-05-04 15:30,sl1|setup=vwap_reclaim|side=long|grade=B|size=half|score=4|window=power|tier=core|rvol=1.106843|rs_vs_spy=3.633283|gap_atr=0.667725|ext_atr=0.002427|risk_atr=0.08,579.79,22,12755.38,-50.6,-0.40,0,0,0.00,-50.6,-0.40,-701.42,-2.81,1
219,Exit long,2026-05-05 10:35,sl1|exit_reason=trail|mfe_r=2.366425,641.02,9,5639.49,129.69,2.30,0,225.18,3.99,-36.45,-0.65,-571.73,-2.29,12
219,Entry long,2026-05-05 09:35,sl1|setup=orb_break|side=long|grade=A|size=full|score=5|window=open|tier=core|rvol=2.375995|rs_vs_spy=2.718782|gap_atr=1.117435|ext_atr=0.341954|risk_atr=0.354755,626.61,9,5639.49,129.69,2.30,0,225.18,3.99,-36.45,-0.65,-571.73,-2.29,12
220,Exit short,2026-05-06 09:50,sl1|exit_reason=stop|mfe_r=0,656.87,18,11775.24,-48.42,-0.41,0,5.04,0.04,-48.42,-0.41,-620.15,-2.48,1
220,Entry short,2026-05-06 09:45,sl1|setup=vwap_loss|side=short|grade=B|size=half|score=3|window=open|tier=core|rvol=1.380238|rs_vs_spy=-1.062044|gap_atr=0.601671|ext_atr=0.020567|risk_atr=0.08,654.18,18,11775.24,-48.42,-0.41,0,5.04,0.04,-48.42,-0.41,-620.15,-2.48,1
221,Exit short,2026-05-07 09:45,sl1|exit_reason=stop|mfe_r=0,647.26,18,11601.54,-49.14,-0.42,0,63.54,0.55,-49.14,-0.42,-669.29,-2.68,1
221,Entry short,2026-05-07 09:40,sl1|setup=orb_break|side=short|grade=B|size=half|score=4|window=open|tier=core|rvol=0.60243|rs_vs_spy=-0.700963|gap_atr=-0.507808|ext_atr=0.19704|risk_atr=0.08,644.53,18,11601.54,-49.14,-0.42,0,63.54,0.55,-49.14,-0.42,-669.29,-2.68,1
222,Exit long,2026-05-07 10:20,sl1|exit_reason=trail|mfe_r=2.790109,676.44,11,7375.72,65.12,0.88,0,138.16,1.87,-44.22,-0.60,-604.17,-2.42,3
222,Entry long,2026-05-07 10:05,sl1|setup=pdh_break|side=long|grade=B|size=half|score=3|window=open|tier=core|rvol=0.760452|rs_vs_spy=3.229808|gap_atr=-0.507808|ext_atr=0.430257|risk_atr=0.134287,670.52,11,7375.72,65.12,0.88,0,138.16,1.87,-44.22,-0.60,-604.17,-2.42,3
223,Exit long,2026-05-08 09:40,sl1|exit_reason=stop|mfe_r=0,693.25,16,11142.56,-50.56,-0.45,0,44.64,0.40,-50.56,-0.45,-654.73,-2.62,1
223,Entry long,2026-05-08 09:35,sl1|setup=orb_break|side=long|grade=B|size=half|score=4|window=open|tier=core|rvol=1.318394|rs_vs_spy=2.954545|gap_atr=0.85824|ext_atr=0.174644|risk_atr=0.090194,696.41,16,11142.56,-50.56,-0.45,0,44.64,0.40,-50.56,-0.45,-654.73,-2.62,1
224,Exit long,2026-05-08 15:20,sl1|exit_reason=time|mfe_r=0.001034,737.57,10,7418.7,-43,-0.58,0,0,0.00,-87.4,-1.18,-697.73,-2.79,6
224,Entry long,2026-05-08 14:50,sl1|setup=hod_break|side=long|grade=A|size=full|score=5|window=power|tier=core|rvol=1.662148|rs_vs_spy=9.450427|gap_atr=0.85824|ext_atr=0.704487|risk_atr=0.279537,741.87,10,7418.7,-43,-0.58,0,0,0.00,-87.4,-1.18,-697.73,-2.79,6
225,Exit short,2026-05-11 10:00,sl1|exit_reason=stop|mfe_r=0,783.81,6,4613.76,-89.1,-1.93,0,1.2,0.03,-89.1,-1.93,-786.83,-3.15,1
225,Entry short,2026-05-11 09:55,sl1|setup=orb_retest|side=short|grade=A|size=full|score=4|window=open|tier=core|rvol=1.608847|rs_vs_spy=-3.319578|gap_atr=1.165752|ext_atr=0.548889|risk_atr=0.376746,768.96,6,4613.76,-89.1,-1.93,0,1.2,0.03,-89.1,-1.93,-786.83,-3.15,1
226,Exit short,2026-05-11 15:40,sl1|exit_reason=be|mfe_r=1.343948,792.25,15,11883.15,-0.6,-0.01,0,63.15,0.53,-25.2,-0.21,-787.43,-3.15,2
226,Entry short,2026-05-11 15:30,sl1|setup=vwap_loss|side=short|grade=B|size=half|score=3|window=power|tier=core|rvol=1.357441|rs_vs_spy=-0.378429|gap_atr=1.165752|ext_atr=0.029897|risk_atr=0.08,792.21,15,11883.15,-0.6,-0.01,0,63.15,0.53,-25.2,-0.21,-787.43,-3.15,2
227,Exit long,2026-05-12 09:45,sl1|exit_reason=be|mfe_r=0.990017,776.3,9,6999.3,-12.6,-0.18,0,45.45,0.65,-44.91,-0.64,-800.03,-3.20,1
227,Entry long,2026-05-12 09:40,sl1|setup=orb_break|side=long|grade=B|size=half|score=3|window=open|tier=core|rvol=1.094924|rs_vs_spy=0.433778|gap_atr=-0.504295|ext_atr=0.185555|risk_atr=0.123037,777.7,9,6999.3,-12.6,-0.18,0,45.45,0.65,-44.91,-0.64,-800.03,-3.20,1
228,Exit short,2026-05-13 09:40,sl1|exit_reason=stop|mfe_r=0,799.27,4,3155.92,-41.16,-1.30,0,4.16,0.13,-41.16,-1.30,-841.19,-3.36,1
228,Entry short,2026-05-13 09:35,sl1|setup=orb_break|side=short|grade=B|size=half|score=3|window=open|tier=core|rvol=0.849292|rs_vs_spy=-2.695156|gap_atr=1.042296|ext_atr=0.199528|risk_atr=0.227828,788.98,4,3155.92,-41.16,-1.30,0,4.16,0.13,-41.16,-1.30,-841.19,-3.36,1
229,Exit long,2026-05-14 09:55,sl1|exit_reason=be|mfe_r=1.041179,801.66,5,4008.5,-0.2,0.00,0,51.55,1.29,-17.1,-0.43,-841.39,-3.37,4
229,Entry long,2026-05-14 09:35,sl1|setup=orb_break|side=long|grade=B|size=half|score=3|window=open|tier=core|rvol=0.941115|rs_vs_spy=1.519443|gap_atr=-0.340712|ext_atr=0.208997|risk_atr=0.219361,801.7,5,4008.5,-0.2,0.00,0,51.55,1.29,-17.1,-0.43,-841.39,-3.37,4
230,Exit short,2026-05-15 10:05,sl1|exit_reason=be|mfe_r=0.805888,725.09,6,4350.3,-0.24,-0.01,0,36.3,0.83,-13.5,-0.31,-841.63,-3.37,2
230,Entry short,2026-05-15 09:55,sl1|setup=orb_break|side=short|grade=B|size=half|score=4|window=open|tier=core|rvol=0.994708|rs_vs_spy=-0.938723|gap_atr=-0.92609|ext_atr=0.251013|risk_atr=0.160548,725.05,6,4350.3,-0.24,-0.01,0,36.3,0.83,-13.5,-0.31,-841.63,-3.37,2
231,Exit short,2026-05-18 10:05,sl1|exit_reason=stop|mfe_r=0,721.3,7,4999.75,-49.35,-0.99,0,20.02,0.40,-49.35,-0.99,-890.98,-3.56,1
231,Entry short,2026-05-18 10:00,sl1|setup=pdl_break|side=short|grade=B|size=half|score=3|window=open|tier=core|rvol=0.77291|rs_vs_spy=-4.758524|gap_atr=0.581539|ext_atr=0.389956|risk_atr=0.153995,714.25,7,4999.75,-49.35,-0.99,0,20.02,0.40,-49.35,-0.99,-890.98,-3.56,1
232,Exit short,2026-05-18 15:00,sl1|exit_reason=be|mfe_r=1.152693,675.52,4,2701.92,-0.16,-0.01,0,48.92,1.81,-2.52,-0.09,-891.14,-3.56,12
232,Entry short,2026-05-18 14:00,sl1|setup=lod_break|side=short|grade=B|size=half|score=3|window=power|tier=core|rvol=0.877266|rs_vs_spy=-9.477264|gap_atr=0.581539|ext_atr=0.671007|risk_atr=0.233655,675.48,4,2701.92,-0.16,-0.01,0,48.92,1.81,-2.52,-0.09,-891.14,-3.56,12
233,Exit long,2026-05-19 09:40,sl1|exit_reason=stop|mfe_r=0,688.03,4,2795.48,-43.36,-1.55,0,0.68,0.02,-43.36,-1.55,-934.5,-3.74,1
233,Entry long,2026-05-19 09:35,sl1|setup=orb_break|side=long|grade=B|size=half|score=3|window=open|tier=core|rvol=0.903508|rs_vs_spy=5.044226|gap_atr=-0.343753|ext_atr=0.228813|risk_atr=0.22065,698.87,4,2795.48,-43.36,-1.55,0,0.68,0.02,-43.36,-1.55,-934.5,-3.74,1
234,Exit short,2026-05-19 10:20,sl1|exit_reason=be|mfe_r=0.831915,658.36,6,3949.92,-0.24,-0.01,0,36.6,0.93,-10.08,-0.26,-934.74,-3.74,2
234,Entry short,2026-05-19 10:10,sl1|setup=pdl_retest|side=short|grade=B|size=half|score=4|window=open|tier=core|rvol=0.888772|rs_vs_spy=-0.712361|gap_atr=-0.343753|ext_atr=0.435684|risk_atr=0.150347,658.32,6,3949.92,-0.24,-0.01,0,36.6,0.93,-10.08,-0.26,-934.74,-3.74,2
235,Exit long,2026-05-21 09:45,sl1|exit_reason=trail|mfe_r=2.202354,748.39,12,8979,1.68,0.02,0,104.88,1.17,-17.52,-0.20,-933.06,-3.73,1
235,Entry long,2026-05-21 09:40,sl1|setup=orb_break|side=long|grade=B|size=half|score=4|window=open|tier=core|rvol=0.681931|rs_vs_spy=1.707283|gap_atr=0.089904|ext_atr=0.103871|risk_atr=0.08,748.25,12,8979,1.68,0.02,0,104.88,1.17,-17.52,-0.20,-933.06,-3.73,1
236,Exit long,2026-05-22 09:40,sl1|exit_reason=stop|mfe_r=0,755.6,12,9117.72,-50.52,-0.55,0,25.56,0.28,-50.52,-0.55,-983.58,-3.93,1
236,Entry long,2026-05-22 09:35,sl1|setup=orb_break|side=long|grade=B|size=half|score=4|window=open|tier=core|rvol=0.462838|rs_vs_spy=0.206553|gap_atr=-0.110576|ext_atr=0.103636|risk_atr=0.085862,759.81,12,9117.72,-50.52,-0.55,0,25.56,0.28,-50.52,-0.55,-983.58,-3.93,1
237,Exit long,2026-05-22 10:15,sl1|exit_reason=be|mfe_r=0.837439,754.48,12,9072.24,-18.48,-0.20,0,40.56,0.45,-22.08,-0.24,-1002.06,-4.01,1
237,Entry long,2026-05-22 10:10,sl1|setup=vwap_reclaim|side=long|grade=B|size=half|score=4|window=open|tier=core|rvol=0.494497|rs_vs_spy=0.003145|gap_atr=-0.110576|ext_atr=0.033679|risk_atr=0.083679,756.02,12,9072.24,-18.48,-0.20,0,40.56,0.45,-22.08,-0.24,-1002.06,-4.01,1
238,Exit long,2026-05-26 09:45,sl1|exit_reason=trail|mfe_r=2.178864,852.58,8,6788.56,32.08,0.47,0,103.04,1.52,-19.76,-0.29,-969.98,-3.88,2
238,Entry long,2026-05-26 09:35,sl1|setup=orb_break|side=long|grade=B|size=half|score=4|window=open|tier=core|rvol=1.474803|rs_vs_spy=3.50923|gap_atr=1.458753|ext_atr=0.244078|risk_atr=0.124878,848.57,8,6788.56,32.08,0.47,0,103.04,1.52,-19.76,-0.29,-969.98,-3.88,2
239,Exit long,2026-05-26 15:50,sl1|exit_reason=be|mfe_r=1.435214,900.97,9,8109.09,-0.36,0.00,0,141.57,1.75,-7.65,-0.09,-970.34,-3.88,19
239,Entry long,2026-05-26 14:15,sl1|setup=hod_break|side=long|grade=A|size=full|score=5|window=power|tier=core|rvol=1.593895|rs_vs_spy=9.878084|gap_atr=1.458753|ext_atr=0.612459|risk_atr=0.231468,901.01,9,8109.09,-0.36,0.00,0,141.57,1.75,-7.65,-0.09,-970.34,-3.88,19
240,Exit short,2026-05-27 09:45,sl1|exit_reason=trail|mfe_r=1.535993,922.63,8,7367.12,-13.92,-0.19,0,151.76,2.06,-56.88,-0.77,-984.26,-3.94,2
240,Entry short,2026-05-27 09:35,sl1|setup=orb_break|side=short|grade=A|size=full|score=4|window=open|tier=core|rvol=1.751869|rs_vs_spy=-3.585758|gap_atr=1.060917|ext_atr=0.254637|risk_atr=0.2213,920.89,8,7367.12,-13.92,-0.19,0,151.76,2.06,-56.88,-0.77,-984.26,-3.94,2
241,Exit short,2026-05-27 10:15,sl1|exit_reason=trail|mfe_r=3.112789,916.16,21,19444.11,204.75,1.05,0,308.49,1.59,-39.27,-0.20,-779.51,-3.12,2
241,Entry short,2026-05-27 10:05,sl1|setup=vwap_loss|side=short|grade=A|size=full|score=4|window=open|tier=core|rvol=1.617507|rs_vs_spy=-3.072976|gap_atr=1.060917|ext_atr=0.032949|risk_atr=0.082949,925.91,21,19444.11,204.75,1.05,0,308.49,1.59,-39.27,-0.20,-779.51,-3.12,2
242,Exit short,2026-05-28 14:50,sl1|exit_reason=stop|mfe_r=0,934.58,7,6495.86,-46.2,-0.71,0,3.5,0.05,-46.2,-0.71,-825.71,-3.30,1
242,Entry short,2026-05-28 14:45,sl1|setup=vwap_loss|side=short|grade=B|size=half|score=4|window=power|tier=core|rvol=0.963643|rs_vs_spy=-0.761869|gap_atr=0.023355|ext_atr=0.065517|risk_atr=0.115517,927.98,7,6495.86,-46.2,-0.71,0,3.5,0.05,-46.2,-0.71,-825.71,-3.30,1
243,Exit short,2026-05-28 15:25,sl1|exit_reason=trail|mfe_r=2.292492,924.73,11,10236.16,64.13,0.63,0,125.95,1.23,-0.22,0.00,-761.58,-3.05,3
243,Entry short,2026-05-28 15:10,sl1|setup=vwap_loss|side=short|grade=B|size=half|score=4|window=power|tier=core|rvol=0.959233|rs_vs_spy=-0.482341|gap_atr=0.023355|ext_atr=0.021242|risk_atr=0.08,930.56,11,10236.16,64.13,0.63,0,125.95,1.23,-0.22,0.00,-761.58,-3.05,3
244,Exit long,2026-05-29 09:50,sl1|exit_reason=trail|mfe_r=2.214755,970.92,11,10625.89,54.23,0.51,0,108.68,1.02,-28.71,-0.27,-707.35,-2.83,1
244,Entry long,2026-05-29 09:45,sl1|setup=orb_break|side=long|grade=B|size=half|score=4|window=open|tier=core|rvol=0.92381|rs_vs_spy=0.722151|gap_atr=0.594718|ext_atr=0.156483|risk_atr=0.08,965.99,11,10625.89,54.23,0.51,0,108.68,1.02,-28.71,-0.27,-707.35,-2.83,1
245,Exit short,2026-05-29 15:30,sl1|exit_reason=be|mfe_r=1.104862,946.2,9,8515.44,-0.36,0.00,0,50.67,0.60,-8.91,-0.10,-707.71,-2.83,4
245,Entry short,2026-05-29 15:10,sl1|setup=orb_break|side=short|grade=B|size=half|score=3|window=power|tier=core|rvol=1.012997|rs_vs_spy=-1.178039|gap_atr=0.594718|ext_atr=0.292012|risk_atr=0.091521,946.16,9,8515.44,-0.36,0.00,0,50.67,0.60,-8.91,-0.10,-707.71,-2.83,4
246,Exit long,2026-06-01 10:15,sl1|exit_reason=stop|mfe_r=0,1020.34,11,11273.46,-49.72,-0.44,0,31.24,0.28,-49.72,-0.44,-757.43,-3.03,1
246,Entry long,2026-06-01 10:10,sl1|setup=vwap_reclaim|side=long|grade=B|size=half|score=4|window=open|tier=core|rvol=1.065905|rs_vs_spy=1.412529|gap_atr=0.685213|ext_atr=0.009966|risk_atr=0.08,1024.86,11,11273.46,-49.72,-0.44,0,31.24,0.28,-49.72,-0.44,-757.43,-3.03,1
247,Exit long,2026-06-02 10:00,sl1|exit_reason=stop|mfe_r=0,1049.14,10,10541.2,-49.8,-0.47,0,8.8,0.08,-49.8,-0.47,-807.23,-3.23,1
247,Entry long,2026-06-02 09:55,sl1|setup=orb_break|side=long|grade=B|size=half|score=4|window=open|tier=core|rvol=0.73501|rs_vs_spy=0.334306|gap_atr=0.24592|ext_atr=0.286853|risk_atr=0.085878,1054.12,10,10541.2,-49.8,-0.47,0,8.8,0.08,-49.8,-0.47,-807.23,-3.23,1
248,Exit short,2026-06-03 09:50,sl1|exit_reason=trail|mfe_r=2.263024,1045.13,10,10509,57.7,0.55,0,104,0.99,-21.6,-0.21,-749.53,-3.00,2
248,Entry short,2026-06-03 09:40,sl1|setup=orb_break|side=short|grade=B|size=half|score=3|window=open|tier=core|rvol=0.726029|rs_vs_spy=-2.40546|gap_atr=0.262876|ext_atr=0.168883|risk_atr=0.08,1050.9,10,10509,57.7,0.55,0,104,0.99,-21.6,-0.21,-749.53,-3.00,2
249,Exit long,2026-06-03 15:50,sl1|exit_reason=trail|mfe_r=2.37829,1084.63,10,10782.8,63.5,0.59,0,110.1,1.02,-7.9,-0.07,-686.03,-2.74,4
249,Entry long,2026-06-03 15:30,sl1|setup=pdh_break|side=long|grade=B|size=half|score=4|window=power|tier=core|rvol=0.722366|rs_vs_spy=0.352131|gap_atr=0.262876|ext_atr=0.260855|risk_atr=0.080579,1078.28,10,10782.8,63.5,0.59,0,110.1,1.02,-7.9,-0.07,-686.03,-2.74,4
250,Exit short,2026-06-04 09:45,sl1|exit_reason=stop|mfe_r=0,999.98,4,3957.6,-42.32,-1.07,0,5.6,0.14,-42.32,-1.07,-728.35,-2.91,1
250,Entry short,2026-06-04 09:40,sl1|setup=orb_break|side=short|grade=B|size=half|score=4|window=open|tier=core|rvol=1.171595|rs_vs_spy=-1.790958|gap_atr=-1.260327|ext_atr=0.275552|risk_atr=0.184653,989.4,4,3957.6,-42.32,-1.07,0,5.6,0.14,-42.32,-1.07,-728.35,-2.91,1
251,Exit long,2026-06-04 14:30,sl1|exit_reason=time|mfe_r=0.45925,1027.74,3,3091.56,-8.34,-0.27,0,17.19,0.56,-17.28,-0.56,-736.69,-2.95,6
251,Entry long,2026-06-04 14:00,sl1|setup=hod_break|side=long|grade=B|size=half|score=3|window=power|tier=core|rvol=1.169081|rs_vs_spy=1.524929|gap_atr=-1.260327|ext_atr=0.497147|risk_atr=0.219377,1030.52,3,3091.56,-8.34,-0.27,0,17.19,0.56,-17.28,-0.56,-736.69,-2.95,6
252,Exit short,2026-06-05 09:50,sl1|exit_reason=trail|mfe_r=2.010818,929.55,9,8415.81,49.86,0.59,0,99.81,1.19,-35.19,-0.42,-686.83,-2.75,2
252,Entry short,2026-06-05 09:40,sl1|setup=orb_break|side=short|grade=B|size=half|score=4|window=open|tier=core|rvol=0.916568|rs_vs_spy=-0.708689|gap_atr=-0.866195|ext_atr=0.185214|risk_atr=0.09102,935.09,9,8415.81,49.86,0.59,0,99.81,1.19,-35.19,-0.42,-686.83,-2.75,2
253,Exit short,2026-06-05 14:55,sl1|exit_reason=be|mfe_r=0.828385,882.89,2,1765.7,-0.08,0.00,0,29.46,1.67,-1.32,-0.07,-686.91,-2.75,5
253,Entry short,2026-06-05 14:30,sl1|setup=lod_break|side=short|grade=B|size=half|score=4|window=power|tier=core|rvol=1.353148|rs_vs_spy=-4.958113|gap_atr=-0.866195|ext_atr=0.625966|risk_atr=0.293329,882.85,2,1765.7,-0.08,0.00,0,29.46,1.67,-1.32,-0.07,-686.91,-2.75,5
254,Exit short,2026-06-05 15:45,sl1|exit_reason=time|mfe_r=0.0614,882.3,2,1735.64,-28.96,-1.67,0,2.56,0.15,-37.04,-2.13,-715.87,-2.86,6
254,Entry short,2026-06-05 15:15,sl1|setup=lod_break|side=short|grade=B|size=half|score=4|window=power|tier=core|rvol=1.409703|rs_vs_spy=-5.972879|gap_atr=-0.866195|ext_atr=0.784656|risk_atr=0.348795,867.82,2,1735.64,-28.96,-1.67,0,2.56,0.15,-37.04,-2.13,-715.87,-2.86,6
255,Exit long,2026-06-08 09:45,sl1|exit_reason=be|mfe_r=0.858107,939.11,6,5656.92,-22.26,-0.39,0,37.08,0.66,-27.3,-0.48,-738.13,-2.95,1
255,Entry long,2026-06-08 09:40,sl1|setup=vwap_reclaim|side=long|grade=B|size=half|score=4|window=open|tier=core|rvol=1.079491|rs_vs_spy=0.560297|gap_atr=1.126618|ext_atr=0.059815|risk_atr=0.109815,942.82,6,5656.92,-22.26,-0.39,0,37.08,0.66,-27.3,-0.48,-738.13,-2.95,1
256,Exit short,2026-06-09 10:00,sl1|exit_reason=be|mfe_r=1.375403,975.02,9,8774.82,-0.36,0.00,0,75.51,0.86,-2.34,-0.03,-738.49,-2.95,2
256,Entry short,2026-06-09 09:50,sl1|setup=vwap_loss|side=short|grade=B|size=half|score=3|window=open|tier=core|rvol=0.602349|rs_vs_spy=-1.528872|gap_atr=0.566153|ext_atr=0.026302|risk_atr=0.08,974.98,9,8774.82,-0.36,0.00,0,75.51,0.86,-2.34,-0.03,-738.49,-2.95,2
257,Exit long,2026-06-10 09:50,sl1|exit_reason=trail|mfe_r=1.667059,928.57,6,5539.08,32.34,0.58,0,86.04,1.55,-1.68,-0.03,-706.15,-2.82,2
257,Entry long,2026-06-10 09:40,sl1|setup=orb_break|side=long|grade=B|size=half|score=3|window=open|tier=core|rvol=0.562235|rs_vs_spy=1.602303|gap_atr=-0.436084|ext_atr=0.182132|risk_atr=0.11171,923.18,6,5539.08,32.34,0.58,0,86.04,1.55,-1.68,-0.03,-706.15,-2.82,2
258,Exit short,2026-06-10 15:30,sl1|exit_reason=stop|mfe_r=0.141188,900.12,3,2660.94,-39.42,-1.48,0,5.49,0.21,-39.42,-1.48,-745.57,-2.98,3
258,Entry short,2026-06-10 15:15,sl1|setup=lod_break|side=short|grade=B|size=half|score=4|window=power|tier=core|rvol=0.859793|rs_vs_spy=-1.072496|gap_atr=-0.436084|ext_atr=0.366573|risk_atr=0.17959,886.98,3,2660.94,-39.42,-1.48,0,5.49,0.21,-39.42,-1.48,-745.57,-2.98,3
259,Exit long,2026-06-11 15:50,sl1|exit_reason=eod|mfe_r=2.119122,989.78,2,1902.78,76.78,4.04,0,84.46,4.44,-14.78,-0.78,-668.79,-2.68,19
259,Entry long,2026-06-11 14:15,sl1|setup=hod_break|side=long|grade=B|size=half|score=4|window=power|tier=core|rvol=0.899543|rs_vs_spy=4.272039|gap_atr=0.175306|ext_atr=0.405259|risk_atr=0.27306,951.39,2,1902.78,76.78,4.04,0,84.46,4.44,-14.78,-0.78,-668.79,-2.68,19
260,Exit short,2026-06-12 09:45,sl1|exit_reason=stop|mfe_r=0,973.09,5,4821.05,-44.4,-0.92,0,2.05,0.04,-44.4,-0.92,-713.19,-2.85,1
260,Entry short,2026-06-12 09:40,sl1|setup=vwap_loss|side=short|grade=B|size=half|score=4|window=open|tier=core|rvol=0.682461|rs_vs_spy=-0.113286|gap_atr=-0.321681|ext_atr=0.067329|risk_atr=0.117329,964.21,5,4821.05,-44.4,-0.92,0,2.05,0.04,-44.4,-0.92,-713.19,-2.85,1
261,Exit long,2026-06-12 10:20,sl1|exit_reason=trail|mfe_r=1.554197,1004.86,6,6003.78,25.38,0.42,0,71.82,1.20,-32.88,-0.55,-687.81,-2.75,4
261,Entry long,2026-06-12 10:00,sl1|setup=pdh_break|side=long|grade=B|size=half|score=3|window=open|tier=core|rvol=0.787162|rs_vs_spy=3.255604|gap_atr=-0.321681|ext_atr=0.299059|risk_atr=0.102462,1000.63,6,6003.78,25.38,0.42,0,71.82,1.20,-32.88,-0.55,-687.81,-2.75,4
262,Exit long,2026-06-15 14:55,sl1|exit_reason=trail|mfe_r=1.937254,1088.9,5,5405.25,39.25,0.73,0,81.5,1.51,-9.75,-0.18,-648.56,-2.59,8
262,Entry long,2026-06-15 14:15,sl1|setup=hod_break|side=long|grade=B|size=half|score=4|window=power|tier=core|rvol=0.786479|rs_vs_spy=1.999246|gap_atr=1.013862|ext_atr=0.177463|risk_atr=0.114369,1081.05,5,5405.25,39.25,0.73,0,81.5,1.51,-9.75,-0.18,-648.56,-2.59,8
263,Exit short,2026-06-16 09:45,sl1|exit_reason=stop|mfe_r=0,1101.82,8,8765.12,-49.44,-0.56,0,17.44,0.20,-49.44,-0.56,-698,-2.79,1
263,Entry short,2026-06-16 09:40,sl1|setup=vwap_loss|side=short|grade=B|size=half|score=4|window=open|tier=core|rvol=0.822748|rs_vs_spy=-0.381893|gap_atr=0.148292|ext_atr=0.022368|risk_atr=0.08,1095.64,8,8765.12,-49.44,-0.56,0,17.44,0.20,-49.44,-0.56,-698,-2.79,1
264,Exit short,2026-06-17 09:40,sl1|exit_reason=stop|mfe_r=0,1046.22,3,3100.98,-37.68,-1.22,0,0.84,0.03,-37.68,-1.22,-735.68,-2.94,1
264,Entry short,2026-06-17 09:35,sl1|setup=orb_break|side=short|grade=B|size=half|score=3|window=open|tier=core|rvol=0.623517|rs_vs_spy=-2.558845|gap_atr=0.537772|ext_atr=0.138495|risk_atr=0.161134,1033.66,3,3100.98,-37.68,-1.22,0,0.84,0.03,-37.68,-1.22,-735.68,-2.94,1
265,Exit long,2026-06-17 15:10,sl1|exit_reason=time|mfe_r=0.160195,1092.76,1,1088.18,4.58,0.42,0,4.81,0.44,-19.92,-1.83,-731.1,-2.92,6
265,Entry long,2026-06-17 14:40,sl1|setup=hod_break|side=long|grade=B|size=half|score=4|window=power|tier=core|rvol=0.817113|rs_vs_spy=2.636324|gap_atr=0.537772|ext_atr=0.503557|risk_atr=0.388273,1088.18,1,1088.18,4.58,0.42,0,4.81,0.44,-19.92,-1.83,-731.1,-2.92,6
266,Exit long,2026-06-18 09:55,sl1|exit_reason=stop|mfe_r=0.533445,1099.35,5,5545.8,-49.05,-0.88,0,25.95,0.47,-49.05,-0.88,-780.15,-3.12,2
266,Entry long,2026-06-18 09:45,sl1|setup=vwap_reclaim|side=long|grade=B|size=half|score=4|window=open|tier=core|rvol=1.226712|rs_vs_spy=0.49272|gap_atr=0.850391|ext_atr=0.075556|risk_atr=0.125556,1109.16,5,5545.8,-49.05,-0.88,0,25.95,0.47,-49.05,-0.88,-780.15,-3.12,2
267,Exit long,2026-06-18 15:50,sl1|exit_reason=be|mfe_r=1.032339,1138.64,4,4554.72,-0.16,0.00,0,42.88,0.94,-5.56,-0.12,-780.31,-3.12,22
267,Entry long,2026-06-18 14:00,sl1|setup=hod_break|side=long|grade=B|size=half|score=4|window=power|tier=core|rvol=1.078783|rs_vs_spy=2.963384|gap_atr=0.850391|ext_atr=0.248315|risk_atr=0.133743,1138.68,4,4554.72,-0.16,0.00,0,42.88,0.94,-5.56,-0.12,-780.31,-3.12,22
268,Exit short,2026-06-22 15:00,sl1|exit_reason=stop|mfe_r=0.043849,1192.75,7,8304.24,-45.01,-0.54,0,1.82,0.02,-45.01,-0.54,-825.32,-3.30,4
268,Entry short,2026-06-22 14:40,sl1|setup=vwap_loss|side=short|grade=B|size=half|score=3|window=power|tier=core|rvol=0.873048|rs_vs_spy=-0.398873|gap_atr=0.803871|ext_atr=0.028908|risk_atr=0.08,1186.32,7,8304.24,-45.01,-0.54,0,1.82,0.02,-45.01,-0.54,-825.32,-3.30,4
269,Exit short,2026-06-23 09:45,sl1|exit_reason=stop|mfe_r=0,1075.42,7,7482.93,-45.01,-0.60,0,37.87,0.51,-45.01,-0.60,-870.33,-3.48,1
269,Entry short,2026-06-23 09:40,sl1|setup=vwap_loss|side=short|grade=B|size=half|score=4|window=open|tier=core|rvol=1.263017|rs_vs_spy=-1.16332|gap_atr=-1.669879|ext_atr=0.0198|risk_atr=0.08,1068.99,7,7482.93,-45.01,-0.60,0,37.87,0.51,-45.01,-0.60,-870.33,-3.48,1
270,Exit short,2026-06-23 14:50,sl1|exit_reason=trail|mfe_r=2.380887,1045.39,7,7379.12,61.39,0.83,0,106.26,1.44,-0.28,0.00,-808.94,-3.24,3
270,Entry short,2026-06-23 14:35,sl1|setup=orb_break|side=short|grade=B|size=half|score=4|window=power|tier=core|rvol=0.854233|rs_vs_spy=-2.536621|gap_atr=-1.669879|ext_atr=0.349931|risk_atr=0.08,1054.16,7,7379.12,61.39,0.83,0,106.26,1.44,-0.28,0.00,-808.94,-3.24,3
271,Exit short,2026-06-24 09:40,sl1|exit_reason=trail|mfe_r=2.86869,1040.08,7,7363.86,83.3,1.13,0,138.74,1.88,-9.24,-0.13,-725.64,-2.90,1
271,Entry short,2026-06-24 09:35,sl1|setup=orb_break|side=short|grade=B|size=half|score=3|window=open|tier=core|rvol=0.819911|rs_vs_spy=-2.858558|gap_atr=0.343896|ext_atr=0.158357|risk_atr=0.08,1051.98,7,7363.86,83.3,1.13,0,138.74,1.88,-9.24,-0.13,-725.64,-2.90,1
272,Exit short,2026-06-24 15:35,sl1|exit_reason=stop|mfe_r=0.065641,1023.59,1,993.08,-30.51,-3.07,0,1.98,0.20,-30.51,-3.07,-756.15,-3.02,6
272,Entry short,2026-06-24 15:05,sl1|setup=lod_break|side=short|grade=B|size=half|score=3|window=power|tier=core|rvol=0.824755|rs_vs_spy=-7.622439|gap_atr=0.343896|ext_atr=0.519115|risk_atr=0.352443,993.08,1,993.08,-30.51,-3.07,0,1.98,0.20,-30.51,-3.07,-756.15,-3.02,6
273,Exit short,2026-06-25 10:05,sl1|exit_reason=trail|mfe_r=2.063945,1165.19,3,3587.46,91.89,2.56,0,178.47,4.97,-9.6,-0.27,-664.26,-2.66,4
273,Entry short,2026-06-25 09:45,sl1|setup=orb_retest|side=short|grade=A|size=full|score=4|window=open|tier=core|rvol=2.691407|rs_vs_spy=-2.272322|gap_atr=2.159385|ext_atr=0.378146|risk_atr=0.331939,1195.82,3,3587.46,91.89,2.56,0,178.47,4.97,-9.6,-0.27,-664.26,-2.66,4
274,Exit short,2026-06-25 15:25,sl1|exit_reason=stop|mfe_r=0.579938,1205.72,14,16782.22,-97.86,-0.58,0,56.14,0.33,-97.86,-0.58,-762.12,-3.05,2
274,Entry short,2026-06-25 15:15,sl1|setup=vwap_loss|side=short|grade=A|size=full|score=4|window=power|tier=core|rvol=1.780955|rs_vs_spy=-1.94719|gap_atr=2.159385|ext_atr=0.010299|risk_atr=0.08,1198.73,14,16782.22,-97.86,-0.58,0,56.14,0.33,-97.86,-0.58,-762.12,-3.05,2
275,Exit short,2026-06-26 09:50,sl1|exit_reason=stop|mfe_r=0,1141.13,5,5662.5,-43.15,-0.76,0,3.95,0.07,-43.15,-0.76,-805.27,-3.22,1
275,Entry short,2026-06-26 09:45,sl1|setup=pdl_break|side=short|grade=B|size=half|score=4|window=open|tier=core|rvol=0.849821|rs_vs_spy=-0.534997|gap_atr=-0.790556|ext_atr=0.073922|risk_atr=0.089934,1132.5,5,5662.5,-43.15,-0.76,0,3.95,0.07,-43.15,-0.76,-805.27,-3.22,1
276,Exit short,2026-06-29 10:20,sl1|exit_reason=trail|mfe_r=3.668513,1042.01,2,2182.08,98.06,4.49,0,134.88,6.18,-16.98,-0.78,-707.21,-2.83,9
276,Entry short,2026-06-29 09:35,sl1|setup=orb_break|side=short|grade=B|size=half|score=4|window=open|tier=core|rvol=0.840352|rs_vs_spy=-3.560554|gap_atr=0.013553|ext_atr=0.159259|risk_atr=0.193205,1091.04,2,2182.08,98.06,4.49,0,134.88,6.18,-16.98,-0.78,-707.21,-2.83,9
277,Exit long,2026-06-29 15:15,sl1|exit_reason=time|mfe_r=0.092843,1136.37,2,2276.24,-3.5,-0.15,0,3.66,0.16,-27.34,-1.20,-710.71,-2.84,6
277,Entry long,2026-06-29 14:45,sl1|setup=hod_break|side=long|grade=B|size=half|score=4|window=power|tier=core|rvol=1.085318|rs_vs_spy=0.211051|gap_atr=0.013553|ext_atr=0.546342|risk_atr=0.209355,1138.12,2,2276.24,-3.5,-0.15,0,3.66,0.16,-27.34,-1.20,-710.71,-2.84,6
278,Exit short,2026-06-30 09:50,sl1|exit_reason=stop|mfe_r=0.365385,1148.31,4,4548.28,-44.96,-0.99,0,16.28,0.36,-44.96,-0.99,-755.67,-3.02,2
278,Entry short,2026-06-30 09:40,sl1|setup=vwap_loss|side=short|grade=B|size=half|score=4|window=open|tier=core|rvol=0.698172|rs_vs_spy=-0.755095|gap_atr=-0.010019|ext_atr=0.065021|risk_atr=0.115021,1137.07,4,4548.28,-44.96,-0.99,0,16.28,0.36,-44.96,-0.99,-755.67,-3.02,2
279,Exit short,2026-06-30 10:35,sl1|exit_reason=time|mfe_r=0.042568,1148.99,2,2283.74,-14.24,-0.62,0,1.54,0.07,-28.76,-1.26,-769.91,-3.08,6
279,Entry short,2026-06-30 10:05,sl1|setup=orb_fail|side=short|grade=B|size=half|score=3|window=open|tier=core|rvol=0.631167|rs_vs_spy=-0.557464|gap_atr=-0.010019|ext_atr=0.021632|risk_atr=0.18949,1141.87,2,2283.74,-14.24,-0.62,0,1.54,0.07,-28.76,-1.26,-769.91,-3.08,6
280,Exit short,2026-07-01 10:10,sl1|exit_reason=stop|mfe_r=0.233928,1085.51,6,6467.88,-45.18,-0.70,0,10.38,0.16,-45.18,-0.70,-815.09,-3.26,2
280,Entry short,2026-07-01 10:00,sl1|setup=vwap_loss|side=short|grade=B|size=half|score=4|window=open|tier=core|rvol=0.70977|rs_vs_spy=-0.436385|gap_atr=-0.757447|ext_atr=0.01494|risk_atr=0.08,1077.98,6,6467.88,-45.18,-0.70,0,10.38,0.16,-45.18,-0.70,-815.09,-3.26,2
281,Exit long,2026-07-02 10:00,sl1|exit_reason=trail|mfe_r=2.022442,1053.13,6,6272.16,46.62,0.74,0,92.64,1.48,-10.02,-0.16,-768.47,-3.07,3
281,Entry long,2026-07-02 09:45,sl1|setup=vwap_reclaim|side=long|grade=B|size=half|score=4|window=open|tier=core|rvol=0.448773|rs_vs_spy=0.045325|gap_atr=0.086863|ext_atr=0.006437|risk_atr=0.08,1045.36,6,6272.16,46.62,0.74,0,92.64,1.48,-10.02,-0.16,-768.47,-3.07,3
282,Exit short,2026-07-02 15:50,sl1|exit_reason=eod|mfe_r=0.129503,964.6,2,1905.42,-23.78,-1.25,0,4.82,0.25,-31.94,-1.68,-792.25,-3.17,6
282,Entry short,2026-07-02 15:20,sl1|setup=lod_break|side=short|grade=B|size=half|score=4|window=power|tier=core|rvol=0.901239|rs_vs_spy=-7.670366|gap_atr=0.086863|ext_atr=0.430954|risk_atr=0.196373,952.71,2,1905.42,-23.78,-1.25,0,4.82,0.25,-31.94,-1.68,-792.25,-3.17,6
283,Exit short,2026-07-06 10:05,sl1|exit_reason=be|mfe_r=1.141686,1000.77,6,6004.38,-0.24,0.00,0,52.98,0.88,-10.8,-0.18,-792.49,-3.17,3
283,Entry short,2026-07-06 09:50,sl1|setup=vwap_loss|side=short|grade=B|size=half|score=3|window=open|tier=core|rvol=0.529995|rs_vs_spy=-0.639353|gap_atr=0.322871|ext_atr=0.00993|risk_atr=0.08,1000.73,6,6004.38,-0.24,0.00,0,52.98,0.88,-10.8,-0.18,-792.49,-3.17,3
284,Exit short,2026-07-07 10:00,sl1|exit_reason=be|mfe_r=1.45577,920.71,6,5524.02,-0.24,0.00,0,64.92,1.18,-17.28,-0.31,-792.73,-3.17,3
284,Entry short,2026-07-07 09:45,sl1|setup=vwap_loss|side=short|grade=B|size=half|score=4|window=open|tier=core|rvol=0.857664|rs_vs_spy=-0.17487|gap_atr=-0.658373|ext_atr=0.029719|risk_atr=0.08,920.67,6,5524.02,-0.24,0.00,0,64.92,1.18,-17.28,-0.31,-792.73,-3.17,3
285,Exit short,2026-07-07 15:25,sl1|exit_reason=be|mfe_r=1.019979,916.39,6,5498.1,-0.24,0.00,0,54.42,0.99,-27.84,-0.51,-792.97,-3.17,6
285,Entry short,2026-07-07 14:55,sl1|setup=vwap_loss|side=short|grade=B|size=half|score=4|window=power|tier=core|rvol=0.875964|rs_vs_spy=-0.35819|gap_atr=-0.658373|ext_atr=0.02016|risk_atr=0.08,916.35,6,5498.1,-0.24,0.00,0,54.42,0.99,-27.84,-0.51,-792.97,-3.17,6
286,Exit long,2026-07-08 09:45,sl1|exit_reason=be|mfe_r=1.120717,942.31,5,4731.4,-19.85,-0.42,0,49.85,1.05,-19.85,-0.42,-812.82,-3.25,1
286,Entry long,2026-07-08 09:40,sl1|setup=orb_break|side=long|grade=B|size=half|score=3|window=open|tier=core|rvol=0.694183|rs_vs_spy=4.711255|gap_atr=-0.392893|ext_atr=0.102363|risk_atr=0.095768,946.28,5,4731.4,-19.85,-0.42,0,49.85,1.05,-19.85,-0.42,-812.82,-3.25,1
287,Exit long,2026-07-08 15:30,sl1|exit_reason=trail|mfe_r=1.549763,943.08,6,5634.18,24.3,0.43,0,69.12,1.23,-24.54,-0.44,-788.52,-3.15,18
287,Entry long,2026-07-08 14:00,sl1|setup=vwap_reclaim|side=long|grade=B|size=half|score=3|window=power|tier=core|rvol=0.621041|rs_vs_spy=3.777264|gap_atr=-0.392893|ext_atr=0.018382|risk_atr=0.08,939.03,6,5634.18,24.3,0.43,0,69.12,1.23,-24.54,-0.44,-788.52,-3.15,18
288,Exit long,2026-07-09 10:10,sl1|exit_reason=be|mfe_r=1.320507,1025.59,6,6153.84,-0.3,0.00,0,59.16,0.96,-3,-0.05,-788.82,-3.16,4
288,Entry long,2026-07-09 09:50,sl1|setup=orb_break|side=long|grade=B|size=half|score=4|window=open|tier=core|rvol=0.773054|rs_vs_spy=0.992232|gap_atr=0.706172|ext_atr=0.102253|risk_atr=0.08261,1025.64,6,6153.84,-0.3,0.00,0,59.16,0.96,-3,-0.05,-788.82,-3.16,4
289,Exit short,2026-07-09 15:50,sl1|exit_reason=eod|mfe_r=2.229135,987.18,6,6024.9,101.82,1.69,0,101.94,1.69,-31.2,-0.52,-687,-2.75,10
289,Entry short,2026-07-09 15:00,sl1|setup=orb_break|side=short|grade=B|size=half|score=3|window=power|tier=core|rvol=0.719989|rs_vs_spy=-1.37424|gap_atr=0.706172|ext_atr=0.153921|risk_atr=0.084211,1004.15,6,6024.9,101.82,1.69,0,101.94,1.69,-31.2,-0.52,-687,-2.75,10
290,Exit short,2026-07-10 09:45,sl1|exit_reason=stop|mfe_r=0,972.02,6,5788.5,-43.62,-0.75,0,0.06,0.00,-43.62,-0.75,-730.62,-2.92,1
290,Entry short,2026-07-10 09:40,sl1|setup=vwap_loss|side=short|grade=B|size=half|score=4|window=open|tier=core|rvol=0.586911|rs_vs_spy=-0.051465|gap_atr=-0.290915|ext_atr=0.014325|risk_atr=0.08,964.75,6,5788.5,-43.62,-0.75,0,0.06,0.00,-43.62,-0.75,-730.62,-2.92,1
291,Exit short,2026-07-13 09:55,sl1|exit_reason=stop|mfe_r=0.675951,920.54,4,3639.12,-43.04,-1.18,0,28.88,0.79,-43.04,-1.18,-773.66,-3.09,4
291,Entry short,2026-07-13 09:35,sl1|setup=orb_break|side=short|grade=B|size=half|score=4|window=open|tier=core|rvol=0.999495|rs_vs_spy=-2.138947|gap_atr=-0.586325|ext_atr=0.092039|risk_atr=0.123089,909.78,4,3639.12,-43.04,-1.18,0,28.88,0.79,-43.04,-1.18,-773.66,-3.09,4
292,Exit short,2026-07-14 15:30,sl1|exit_reason=time|mfe_r=0.257882,979.93,7,6832.42,-27.09,-0.40,0,12.32,0.18,-37.45,-0.55,-800.75,-3.20,6
292,Entry short,2026-07-14 15:00,sl1|setup=vwap_loss|side=short|grade=B|size=half|score=3|window=power|tier=core|rvol=0.683612|rs_vs_spy=-1.325639|gap_atr=0.593419|ext_atr=0.008413|risk_atr=0.08,976.06,7,6832.42,-27.09,-0.40,0,12.32,0.18,-37.45,-0.55,-800.75,-3.20,6
293,Exit short,2026-07-15 09:55,sl1|exit_reason=be|mfe_r=0.970379,954.72,7,6682.76,-0.28,0.00,0,45.64,0.68,-23.24,-0.35,-801.03,-3.20,3
293,Entry short,2026-07-15 09:40,sl1|setup=orb_break|side=short|grade=B|size=half|score=4|window=open|tier=core|rvol=0.803288|rs_vs_spy=-2.176088|gap_atr=-0.079826|ext_atr=0.087805|risk_atr=0.08,954.68,7,6682.76,-0.28,0.00,0,45.64,0.68,-23.24,-0.35,-801.03,-3.20,3
294,Exit short,2026-07-15 10:45,sl1|exit_reason=trail|mfe_r=2.346855,919.37,3,2818.14,60.03,2.13,0,104.79,3.72,-2.97,-0.11,-741,-2.96,7
294,Entry short,2026-07-15 10:10,sl1|setup=pdl_retest|side=short|grade=B|size=half|score=4|window=open|tier=core|rvol=0.906439|rs_vs_spy=-3.798382|gap_atr=-0.079826|ext_atr=0.182322|risk_atr=0.176772,939.38,3,2818.14,60.03,2.13,0,104.79,3.72,-2.97,-0.11,-741,-2.96,7
295,Exit long,2026-07-15 14:15,sl1|exit_reason=stop|mfe_r=0.058146,907.74,6,5494.2,-47.76,-0.87,0,2.64,0.05,-47.76,-0.87,-788.76,-3.16,2
295,Entry long,2026-07-15 14:05,sl1|setup=vwap_reclaim|side=long|grade=B|size=half|score=4|window=power|tier=core|rvol=1.552546|rs_vs_spy=-6.201353|gap_atr=-0.079826|ext_atr=0.043905|risk_atr=0.093905,915.7,6,5494.2,-47.76,-0.87,0,2.64,0.05,-47.76,-0.87,-788.76,-3.16,2
296,Exit long,2026-07-16 10:10,sl1|exit_reason=be|mfe_r=1.034989,871.73,6,5230.62,-0.24,0.00,0,48.78,0.93,-13.56,-0.26,-789,-3.16,2
296,Entry long,2026-07-16 10:00,sl1|setup=vwap_reclaim|side=long|grade=B|size=half|score=3|window=open|tier=core|rvol=1.246031|rs_vs_spy=0.602247|gap_atr=-0.42906|ext_atr=0.041512|risk_atr=0.091512,871.77,6,5230.62,-0.24,0.00,0,48.78,0.93,-13.56,-0.26,-789,-3.16,2
297,Exit short,2026-07-17 09:45,sl1|exit_reason=stop|mfe_r=0.398178,820.26,4,3234.44,-46.6,-1.44,0,18.4,0.57,-46.6,-1.44,-835.6,-3.34,2
297,Entry short,2026-07-17 09:35,sl1|setup=orb_break|side=short|grade=B|size=half|score=4|window=open|tier=core|rvol=1.495264|rs_vs_spy=-1.669394|gap_atr=-0.369654|ext_atr=0.125838|risk_atr=0.137381,808.61,4,3234.44,-46.6,-1.44,0,18.4,0.57,-46.6,-1.44,-835.6,-3.34,2
298,Exit long,2026-07-17 12:20,sl1|exit_reason=stop|mfe_r=0.666017,880.72,7,6212.64,-47.6,-0.77,0,31.36,0.50,-47.6,-0.77,-883.2,-3.53,3
298,Entry long,2026-07-17 12:05,sl1|setup=pdh_break|side=long|grade=A|size=half|score=4|window=midday|tier=core|rvol=1.915451|rs_vs_spy=7.321027|gap_atr=-0.369654|ext_atr=0.406707|risk_atr=0.08,887.52,7,6212.64,-47.6,-0.77,0,31.36,0.50,-47.6,-0.77,-883.2,-3.53,3
299,Exit long,2026-07-20 09:45,sl1|exit_reason=stop|mfe_r=0,889.73,7,6276.41,-48.3,-0.77,0,16.24,0.26,-48.3,-0.77,-931.5,-3.73,1
299,Entry long,2026-07-20 09:40,sl1|setup=orb_break|side=long|grade=B|size=half|score=4|window=open|tier=core|rvol=0.973407|rs_vs_spy=1.089911|gap_atr=0.417345|ext_atr=0.062656|risk_atr=0.08,896.63,7,6276.41,-48.3,-0.77,0,16.24,0.26,-48.3,-0.77,-931.5,-3.73,1
300,Exit short,2026-07-20 10:20,sl1|exit_reason=trail|mfe_r=1.631077,874.02,7,6141.03,22.89,0.37,0,77.98,1.27,-13.44,-0.22,-908.61,-3.63,2
300,Entry short,2026-07-20 10:10,sl1|setup=orb_break|side=short|grade=B|size=half|score=3|window=open|tier=core|rvol=0.867178|rs_vs_spy=-0.611999|gap_atr=0.417345|ext_atr=0.124386|risk_atr=0.08,877.29,7,6141.03,22.89,0.37,0,77.98,1.27,-13.44,-0.22,-908.61,-3.63,2
301,Exit short,2026-07-20 15:35,sl1|exit_reason=time|mfe_r=0.390487,864.72,3,2595.93,1.77,0.07,0,19.23,0.74,-7.98,-0.31,-906.84,-3.63,6
301,Entry short,2026-07-20 15:05,sl1|setup=lod_break|side=short|grade=B|size=half|score=3|window=power|tier=core|rvol=0.920059|rs_vs_spy=-1.660199|gap_atr=0.417345|ext_atr=0.224445|risk_atr=0.192446,865.31,3,2595.93,1.77,0.07,0,19.23,0.74,-7.98,-0.31,-906.84,-3.63,6
302,Exit long,2026-07-21 09:45,sl1|exit_reason=stop|mfe_r=0.096295,932.62,12,11285.4,-93.96,-0.83,0,8.76,0.08,-93.96,-0.83,-1000.8,-4.00,2
302,Entry long,2026-07-21 09:35,sl1|setup=orb_break|side=long|grade=A|size=full|score=5|window=open|tier=core|rvol=1.596949|rs_vs_spy=1.767668|gap_atr=0.710106|ext_atr=0.072863|risk_atr=0.093645,940.45,12,11285.4,-93.96,-0.83,0,8.76,0.08,-93.96,-0.83,-1000.8,-4.00,2
303,Exit long,2026-07-22 10:20,sl1|exit_reason=trail|mfe_r=1.707212,968.44,4,3844.52,29.24,0.76,0,70.96,1.85,-38.44,-1.00,-971.56,-3.89,9
303,Entry long,2026-07-22 09:35,sl1|setup=orb_break|side=long|grade=B|size=half|score=3|window=open|tier=core|rvol=1.022295|rs_vs_spy=2.334131|gap_atr=-0.372589|ext_atr=0.108862|risk_atr=0.121539,961.13,4,3844.52,29.24,0.76,0,70.96,1.85,-38.44,-1.00,-971.56,-3.89,9
304,Exit long,2026-07-23 09:45,sl1|exit_reason=be|mfe_r=0.916308,987.49,3,2962.59,-0.12,0.00,0,41.55,1.40,-3.39,-0.11,-971.68,-3.89,2
304,Entry long,2026-07-23 09:35,sl1|setup=orb_break|side=long|grade=B|size=half|score=4|window=open|tier=core|rvol=1.058401|rs_vs_spy=0.91872|gap_atr=0.20416|ext_atr=0.089925|risk_atr=0.154555,987.53,3,2962.59,-0.12,0.00,0,41.55,1.40,-3.39,-0.11,-971.68,-3.89,2
305,Exit short,2026-07-24 10:55,sl1|exit_reason=trail|mfe_r=1.842776,936.86,2,1902.62,28.9,1.52,0,63.36,3.33,-4.54,-0.24,-942.78,-3.77,16
305,Entry short,2026-07-24 09:35,sl1|setup=pdl_break|side=short|grade=B|size=half|score=4|window=open|tier=core|rvol=0.949147|rs_vs_spy=-0.896379|gap_atr=-0.36468|ext_atr=0.092244|risk_atr=0.213306,951.31,2,1902.62,28.9,1.52,0,63.36,3.33,-4.54,-0.24,-942.78,-3.77,16
306,Exit short,2026-07-24 14:55,sl1|exit_reason=time|mfe_r=0.393053,915.02,2,1832.08,2.04,0.11,0,13.36,0.73,-3.28,-0.18,-940.74,-3.76,6
306,Entry short,2026-07-24 14:25,sl1|setup=lod_break|side=short|grade=B|size=half|score=4|window=power|tier=core|rvol=0.892301|rs_vs_spy=-4.577311|gap_atr=-0.36468|ext_atr=0.255573|risk_atr=0.211369,916.04,2,1832.08,2.04,0.11,0,13.36,0.73,-3.28,-0.18,-940.74,-3.76,6
307,Exit short,2026-07-27 10:45,sl1|exit_reason=trail|mfe_r=4.989669,865.55,4,3633.28,171.08,4.71,0,214.12,5.89,-5.72,-0.16,-769.66,-3.08,10
307,Entry short,2026-07-27 09:55,sl1|setup=orb_break|side=short|grade=B|size=half|score=4|window=open|tier=core|rvol=0.870558|rs_vs_spy=-2.149507|gap_atr=0.13721|ext_atr=0.170267|risk_atr=0.132425,908.32,4,3633.28,171.08,4.71,0,214.12,5.89,-5.72,-0.16,-769.66,-3.08,10
308,Exit short,2026-07-28 10:05,sl1|exit_reason=be|mfe_r=0.757632,817.74,3,2453.1,-0.12,0.00,0,36.6,1.49,-27.9,-1.14,-769.78,-3.08,6
308,Entry short,2026-07-28 09:35,sl1|setup=orb_break|side=short|grade=B|size=half|score=4|window=open|tier=core|rvol=1.466424|rs_vs_spy=-2.436132|gap_atr=-0.741752|ext_atr=0.17178|risk_atr=0.199165,817.7,3,2453.1,-0.12,0.00,0,36.6,1.49,-27.9,-1.14,-769.78,-3.08,6
309,Exit short,2026-07-28 11:20,sl1|exit_reason=stop|mfe_r=0.404401,818.6,7,5684.56,-45.64,-0.80,0,18.2,0.32,-45.64,-0.80,-815.42,-3.26,4
309,Entry short,2026-07-28 11:00,sl1|setup=vwap_loss|side=short|grade=A|size=half|score=5|window=midday|tier=core|rvol=1.542197|rs_vs_spy=-3.16082|gap_atr=-0.741752|ext_atr=0.007509|risk_atr=0.08,812.08,7,5684.56,-45.64,-0.80,0,18.2,0.32,-45.64,-0.80,-815.42,-3.26,4
310,Exit short,2026-07-28 14:30,sl1|exit_reason=stop|mfe_r=0.117307,820.31,7,5696.53,-45.64,-0.80,0,5.18,0.09,-45.64,-0.80,-861.06,-3.44,4
310,Entry short,2026-07-28 14:10,sl1|setup=vwap_loss|side=short|grade=B|size=half|score=4|window=power|tier=core|rvol=1.231338|rs_vs_spy=-3.262931|gap_atr=-0.741752|ext_atr=0.020735|risk_atr=0.08,813.79,7,5696.53,-45.64,-0.80,0,5.18,0.09,-45.64,-0.80,-861.06,-3.44,4
311,Exit short,2026-07-29 15:50,sl1|exit_reason=eod|mfe_r=0.717054,745.43,2,1512.58,21.72,1.44,0,30.56,2.02,-5.88,-0.39,-839.34,-3.36,4
311,Entry short,2026-07-29 15:30,sl1|setup=lod_break|side=short|grade=B|size=half|score=4|window=power|tier=core|rvol=1.195876|rs_vs_spy=-8.450448|gap_atr=0.167196|ext_atr=0.335981|risk_atr=0.256656,756.29,2,1512.58,21.72,1.44,0,30.56,2.02,-5.88,-0.39,-839.34,-3.36,4
312,Exit long,2026-07-30 10:05,sl1|exit_reason=trail|mfe_r=4.123495,834.78,10,8053.4,294.4,3.66,0,389.1,4.83,-18.2,-0.23,-544.94,-2.18,6
312,Entry long,2026-07-30 09:35,sl1|setup=orb_break|side=long|grade=A|size=full|score=5|window=open|tier=core|rvol=1.517167|rs_vs_spy=1.687442|gap_atr=0.642398|ext_atr=0.070659|risk_atr=0.111569,805.34,10,8053.4,294.4,3.66,0,389.1,4.83,-18.2,-0.23,-544.94,-2.18,6
313,Exit long,2026-07-30 10:40,sl1|exit_reason=be|mfe_r=0.80902,854.31,2,1708.7,-0.08,0.00,0,27.08,1.58,-3.96,-0.23,-545.02,-2.18,4
313,Entry long,2026-07-30 10:20,sl1|setup=pdh_break|side=long|grade=A|size=half|score=5|window=midday|tier=core|rvol=1.650551|rs_vs_spy=7.504997|gap_atr=0.642398|ext_atr=0.3618|risk_atr=0.198073,854.35,2,1708.7,-0.08,0.00,0,27.08,1.58,-3.96,-0.23,-545.02,-2.18,4
314,Exit long,2026-07-30 15:35,sl1|exit_reason=time|mfe_r=0.371245,874.83,3,2632.98,-8.49,-0.32,0,14.52,0.55,-19.74,-0.75,-553.51,-2.21,6
314,Entry long,2026-07-30 15:05,sl1|setup=hod_break|side=long|grade=B|size=half|score=4|window=power|tier=core|rvol=1.313652|rs_vs_spy=9.925744|gap_atr=0.642398|ext_atr=0.387546|risk_atr=0.154703,877.66,3,2632.98,-8.49,-0.32,0,14.52,0.55,-19.74,-0.75,-553.51,-2.21,6
315,Exit short,2026-07-31 13:35,sl1|exit_reason=trail|mfe_r=1.907237,852.24,2,1766.44,61.96,3.51,0,130.42,7.38,-16.04,-0.91,-491.55,-1.97,47
315,Entry short,2026-07-31 09:40,sl1|setup=orb_retest|side=short|grade=A|size=full|score=4|window=open|tier=core|rvol=1.703612|rs_vs_spy=-3.751419|gap_atr=0.503118|ext_atr=0.294177|risk_atr=0.385037,883.22,2,1766.44,61.96,3.51,0,130.42,7.38,-16.04,-0.91,-491.55,-1.97,47
316,Exit long,2026-08-04 10:00,sl1|exit_reason=stop|mfe_r=0.73444,870.48,4,3524.16,-42.24,-1.20,0,30.8,0.87,-42.24,-1.20,-533.79,-2.14,4
316,Entry long,2026-08-04 09:40,sl1|setup=orb_break|side=long|grade=B|size=half|score=4|window=open|tier=core|rvol=0.762597|rs_vs_spy=1.542017|gap_atr=0.417885|ext_atr=0.100828|risk_atr=0.118334,881.04,4,3524.16,-42.24,-1.20,0,30.8,0.87,-42.24,-1.20,-533.79,-2.14,4
317,Exit long,2026-08-05 10:00,sl1|exit_reason=be|mfe_r=0.872495,911.56,3,2734.8,-0.12,0.00,0,43.35,1.59,-6.9,-0.25,-533.91,-2.14,4
317,Entry long,2026-08-05 09:40,sl1|setup=orb_break|side=long|grade=B|size=half|score=4|window=open|tier=core|rvol=0.682512|rs_vs_spy=2.953498|gap_atr=-0.084728|ext_atr=0.142596|risk_atr=0.189122,911.6,3,2734.8,-0.12,0.00,0,43.35,1.59,-6.9,-0.25,-533.91,-2.14,4
318,Exit short,2026-08-07 10:05,sl1|exit_reason=trail|mfe_r=2.474894,865.98,4,3523.32,59.4,1.69,0,105.32,2.99,-34.12,-0.97,-474.51,-1.90,6
318,Entry short,2026-08-07 09:35,sl1|setup=orb_break|side=short|grade=B|size=half|score=3|window=open|tier=core|rvol=1.031467|rs_vs_spy=-2.638219|gap_atr=0.276875|ext_atr=0.078538|risk_atr=0.118866,880.83,4,3523.32,59.4,1.69,0,105.32,2.99,-34.12,-0.97,-474.51,-1.90,6
319,Exit short,2026-08-07 14:55,sl1|exit_reason=time|mfe_r=0.175107,873.84,7,6080.06,-36.82,-0.61,0,8.19,0.13,-38.71,-0.64,-511.33,-2.05,6
319,Entry short,2026-08-07 14:25,sl1|setup=vwap_loss|side=short|grade=B|size=half|score=3|window=power|tier=core|rvol=0.833314|rs_vs_spy=-4.04168|gap_atr=0.276875|ext_atr=0.011155|risk_atr=0.08,868.58,7,6080.06,-36.82,-0.61,0,8.19,0.13,-38.71,-0.64,-511.33,-2.05,6
320,Exit long,2026-08-10 10:15,sl1|exit_reason=trail|mfe_r=2.161182,887.46,6,5273.22,51.54,0.98,0,96.36,1.83,-44.04,-0.84,-459.79,-1.84,6
320,Entry long,2026-08-10 09:45,sl1|setup=orb_break|side=long|grade=B|size=half|score=4|window=open|tier=core|rvol=0.756056|rs_vs_spy=1.762348|gap_atr=-0.170226|ext_atr=0.12509|risk_atr=0.089635,878.87,6,5273.22,51.54,0.98,0,96.36,1.83,-44.04,-0.84,-459.79,-1.84,6
321,Exit short,2026-08-11 09:50,sl1|exit_reason=be|mfe_r=0.85724,861.02,5,4304.9,-0.2,0.00,0,42.2,0.98,-26.3,-0.61,-459.99,-1.84,3
321,Entry short,2026-08-11 09:35,sl1|setup=orb_break|side=short|grade=B|size=half|score=4|window=open|tier=core|rvol=0.710107|rs_vs_spy=-1.043172|gap_atr=0.126911|ext_atr=0.088928|risk_atr=0.123396,860.98,5,4304.9,-0.2,0.00,0,42.2,0.98,-26.3,-0.61,-459.99,-1.84,3
322,Exit short,2026-08-11 10:20,sl1|exit_reason=be|mfe_r=0.79241,853.59,7,5974.85,-0.28,0.00,0,62.16,1.04,-13.65,-0.23,-460.27,-1.84,2
322,Entry short,2026-08-11 10:10,sl1|setup=pdl_break|side=short|grade=B|size=half|score=4|window=open|tier=core|rvol=0.63316|rs_vs_spy=-1.983345|gap_atr=0.126911|ext_atr=0.112178|risk_atr=0.08,853.55,7,5974.85,-0.28,0.00,0,62.16,1.04,-13.65,-0.23,-460.27,-1.84,2
323,Exit long,2026-08-12 10:20,sl1|exit_reason=be|mfe_r=1.469594,915.85,4,3663.56,-0.16,0.00,0,60.44,1.65,-11.52,-0.31,-460.43,-1.84,8
323,Entry long,2026-08-12 09:40,sl1|setup=vwap_reclaim|side=long|grade=B|size=half|score=4|window=open|tier=core|rvol=0.905646|rs_vs_spy=0.569491|gap_atr=0.581591|ext_atr=0.084193|risk_atr=0.134193,915.89,4,3663.56,-0.16,0.00,0,60.44,1.65,-11.52,-0.31,-460.43,-1.84,8
324,Exit long,2026-08-13 09:55,sl1|exit_reason=trail|mfe_r=2.182251,932.26,6,5535.06,58.5,1.06,0,108.36,1.96,-0.9,-0.02,-401.93,-1.61,4
324,Entry long,2026-08-13 09:35,sl1|setup=orb_break|side=long|grade=B|size=half|score=4|window=open|tier=core|rvol=0.50246|rs_vs_spy=0.878156|gap_atr=0.023473|ext_atr=0.080068|risk_atr=0.108977,922.51,6,5535.06,58.5,1.06,0,108.36,1.96,-0.9,-0.02,-401.93,-1.61,4
325,Exit long,2026-08-17 10:00,sl1|exit_reason=stop|mfe_r=0,1015.84,7,7155.54,-44.66,-0.62,0,19.04,0.27,-44.66,-0.62,-446.59,-1.79,1
325,Entry long,2026-08-17 09:55,sl1|setup=orb_break|side=long|grade=B|size=half|score=4|window=open|tier=core|rvol=0.894589|rs_vs_spy=2.335952|gap_atr=0.385273|ext_atr=0.146823|risk_atr=0.087112,1022.22,7,7155.54,-44.66,-0.62,0,19.04,0.27,-44.66,-0.62,-446.59,-1.79,1
326,Exit short,2026-08-18 10:25,sl1|exit_reason=stop|mfe_r=0.153737,957.64,6,5698.2,-47.64,-0.84,0,7.2,0.13,-47.64,-0.84,-494.23,-1.98,3
326,Entry short,2026-08-18 10:10,sl1|setup=orb_break|side=short|grade=B|size=half|score=4|window=open|tier=core|rvol=0.884128|rs_vs_spy=-0.680594|gap_atr=-0.758849|ext_atr=0.185737|risk_atr=0.109519,949.7,6,5698.2,-47.64,-0.84,0,7.2,0.13,-47.64,-0.84,-494.23,-1.98,3
327,Exit short,2026-08-18 14:35,sl1|exit_reason=time|mfe_r=0.221125,935.84,4,3717.32,-26.04,-0.70,0,9.72,0.26,-30.6,-0.82,-520.27,-2.08,6
327,Entry short,2026-08-18 14:05,sl1|setup=lod_break|side=short|grade=B|size=half|score=4|window=power|tier=core|rvol=1.001876|rs_vs_spy=-2.731954|gap_atr=-0.758849|ext_atr=0.258184|risk_atr=0.153539,929.33,4,3717.32,-26.04,-0.70,0,9.72,0.26,-30.6,-0.82,-520.27,-2.08,6
328,Exit short,2026-08-19 09:55,sl1|exit_reason=trail|mfe_r=3.786761,925.1,7,6608.7,133,2.01,0,181.02,2.74,-22.19,-0.34,-387.27,-1.55,3
328,Entry short,2026-08-19 09:40,sl1|setup=orb_retest|side=short|grade=B|size=half|score=4|window=open|tier=core|rvol=0.988804|rs_vs_spy=-1.552003|gap_atr=0.24382|ext_atr=0.029541|risk_atr=0.09351,944.1,7,6608.7,133,2.01,0,181.02,2.74,-22.19,-0.34,-387.27,-1.55,3
329,Exit long,2026-08-20 09:40,sl1|exit_reason=stop|mfe_r=0,944.42,6,5709.72,-43.2,-0.76,0,13.68,0.24,-43.2,-0.76,-430.47,-1.72,1
329,Entry long,2026-08-20 09:35,sl1|setup=orb_break|side=long|grade=B|size=half|score=4|window=open|tier=core|rvol=0.717825|rs_vs_spy=1.596753|gap_atr=-0.037711|ext_atr=0.081501|risk_atr=0.100656,951.62,6,5709.72,-43.2,-0.76,0,13.68,0.24,-43.2,-0.76,-430.47,-1.72,1
330,Exit long,2026-08-20 11:05,sl1|exit_reason=trail|mfe_r=1.520383,954.66,5,4748.5,24.8,0.52,0,73.05,1.54,-29.25,-0.62,-405.67,-1.62,12
330,Entry long,2026-08-20 10:05,sl1|setup=vwap_reclaim|side=long|grade=B|size=half|score=4|window=open|tier=core|rvol=0.630004|rs_vs_spy=1.478882|gap_atr=-0.037711|ext_atr=0.0854|risk_atr=0.1354,949.7,5,4748.5,24.8,0.52,0,73.05,1.54,-29.25,-0.62,-405.67,-1.62,12
331,Exit long,2026-08-20 15:50,sl1|exit_reason=eod|mfe_r=0.210785,969.69,3,2901.96,7.11,0.25,0,8.01,0.28,-7.83,-0.27,-398.56,-1.59,5
331,Entry long,2026-08-20 15:25,sl1|setup=hod_break|side=long|grade=B|size=half|score=4|window=power|tier=core|rvol=0.766626|rs_vs_spy=3.773307|gap_atr=-0.037711|ext_atr=0.19474|risk_atr=0.179573,967.32,3,2901.96,7.11,0.25,0,8.01,0.28,-7.83,-0.27,-398.56,-1.59,5
332,Exit short,2026-08-21 09:45,sl1|exit_reason=stop|mfe_r=0.156063,981,7,6821.36,-45.64,-0.67,0,6.93,0.10,-45.64,-0.67,-444.2,-1.78,2
332,Entry short,2026-08-21 09:35,sl1|setup=orb_break|side=short|grade=B|size=half|score=4|window=open|tier=core|rvol=0.887612|rs_vs_spy=-1.408013|gap_atr=0.22215|ext_atr=0.079633|risk_atr=0.093206,974.48,7,6821.36,-45.64,-0.67,0,6.93,0.10,-45.64,-0.67,-444.2,-1.78,2
333,Exit short,2026-08-24 09:55,sl1|exit_reason=trail|mfe_r=2.024392,900.88,7,6354.67,48.51,0.76,0,96.32,1.52,-15.33,-0.24,-395.69,-1.58,4
333,Entry short,2026-08-24 09:35,sl1|setup=orb_break|side=short|grade=B|size=half|score=4|window=open|tier=core|rvol=1.016277|rs_vs_spy=-2.697488|gap_atr=-0.47513|ext_atr=0.120181|risk_atr=0.101993,907.81,7,6354.67,48.51,0.76,0,96.32,1.52,-15.33,-0.24,-395.69,-1.58,4
334,Exit short,2026-08-25 10:25,sl1|exit_reason=be|mfe_r=1.401049,923.97,9,8315.37,-0.36,0.00,0,68.04,0.82,-12.33,-0.15,-396.05,-1.58,3
334,Entry short,2026-08-25 10:10,sl1|setup=orb_break|side=short|grade=B|size=half|score=3|window=open|tier=core|rvol=0.694994|rs_vs_spy=-0.410399|gap_atr=0.2774|ext_atr=0.127475|risk_atr=0.08,923.93,9,8315.37,-0.36,0.00,0,68.04,0.82,-12.33,-0.15,-396.05,-1.58,3
335,Exit long,2026-08-25 15:35,sl1|exit_reason=time|mfe_r=0.009765,926.46,8,7451.2,-39.52,-0.53,0,0.32,0.00,-46.96,-0.63,-435.57,-1.74,6
335,Entry long,2026-08-25 15:05,sl1|setup=vwap_reclaim|side=long|grade=B|size=half|score=4|window=power|tier=core|rvol=0.633714|rs_vs_spy=0.363303|gap_atr=0.2774|ext_atr=0.040855|risk_atr=0.090855,931.4,8,7451.2,-39.52,-0.53,0,0.32,0.00,-46.96,-0.63,-435.57,-1.74,6
336,Exit long,2026-08-26 10:05,sl1|exit_reason=stop|mfe_r=0,932.7,9,8441.82,-47.52,-0.56,0,2.88,0.03,-47.52,-0.56,-483.09,-1.93,1
336,Entry long,2026-08-26 10:00,sl1|setup=orb_break|side=long|grade=B|size=half|score=4|window=open|tier=core|rvol=0.578982|rs_vs_spy=0.931283|gap_atr=-0.090539|ext_atr=0.036969|risk_atr=0.08,937.98,9,8441.82,-47.52,-0.56,0,2.88,0.03,-47.52,-0.56,-483.09,-1.93,1
337,Exit short,2026-08-27 09:45,sl1|exit_reason=trail|mfe_r=1.753683,942,10,9457.1,37.1,0.39,0,87.1,0.92,-31.7,-0.34,-445.99,-1.78,2
337,Entry short,2026-08-27 09:35,sl1|setup=orb_break|side=short|grade=B|size=half|score=3|window=open|tier=core|rvol=1.453236|rs_vs_spy=-2.206052|gap_atr=0.494326|ext_atr=0.076897|risk_atr=0.08,945.71,10,9457.1,37.1,0.39,0,87.1,0.92,-31.7,-0.34,-445.99,-1.78,2
338,Exit short,2026-08-27 10:15,sl1|exit_reason=stop|mfe_r=0,929.38,10,9243.6,-50.2,-0.54,0,22.6,0.24,-50.2,-0.54,-496.19,-1.98,1
338,Entry short,2026-08-27 10:10,sl1|setup=pdl_break|side=short|grade=B|size=half|score=3|window=open|tier=core|rvol=1.340335|rs_vs_spy=-4.469046|gap_atr=0.494326|ext_atr=0.234741|risk_atr=0.08,924.36,10,9243.6,-50.2,-0.54,0,22.6,0.24,-50.2,-0.54,-496.19,-1.98,1
339,Exit long,2026-08-28 10:10,sl1|exit_reason=be|mfe_r=1.46104,926.22,5,4631.3,-0.2,0.00,0,64.55,1.39,-19.7,-0.43,-496.39,-1.99,7
339,Entry long,2026-08-28 09:35,sl1|setup=orb_break|side=long|grade=B|size=half|score=4|window=open|tier=core|rvol=0.631704|rs_vs_spy=0.651444|gap_atr=-0.166647|ext_atr=0.124595|risk_atr=0.142287,926.26,5,4631.3,-0.2,0.00,0,64.55,1.39,-19.7,-0.43,-496.39,-1.99,7
340,Exit long,2026-08-28 15:10,sl1|exit_reason=stop|mfe_r=0.683311,925.35,10,9303.7,-50.2,-0.54,0,33.8,0.36,-50.2,-0.54,-546.59,-2.19,13
340,Entry long,2026-08-28 14:05,sl1|setup=vwap_reclaim|side=long|grade=B|size=half|score=4|window=power|tier=core|rvol=0.970262|rs_vs_spy=1.444433|gap_atr=-0.166647|ext_atr=0.002707|risk_atr=0.08,930.37,10,9303.7,-50.2,-0.54,0,33.8,0.36,-50.2,-0.54,-546.59,-2.19,13
341,Exit long,2026-08-31 10:00,sl1|exit_reason=trail|mfe_r=2.15681,945.57,10,9400.2,55.5,0.59,0,129.2,1.37,-4.1,-0.04,-491.09,-1.96,3
341,Entry long,2026-08-31 09:45,sl1|setup=vwap_reclaim|side=long|grade=B|size=half|score=4|window=open|tier=core|rvol=0.812121|rs_vs_spy=1.143594|gap_atr=-0.036891|ext_atr=0.017377|risk_atr=0.08,940.02,10,9400.2,55.5,0.59,0,129.2,1.37,-4.1,-0.04,-491.09,-1.96,3
342,Exit short,2026-09-01 14:55,sl1|exit_reason=be|mfe_r=0.930498,929.03,7,6502.93,-0.28,0.00,0,45.85,0.71,-21.07,-0.32,-491.37,-1.97,9
342,Entry short,2026-09-01 14:10,sl1|setup=orb_break|side=short|grade=B|size=half|score=4|window=power|tier=core|rvol=1.073193|rs_vs_spy=-1.100938|gap_atr=-0.297691|ext_atr=0.285935|risk_atr=0.121288,928.99,7,6502.93,-0.28,0.00,0,45.85,0.71,-21.07,-0.32,-491.37,-1.97,9
343,Exit long,2026-09-02 09:45,sl1|exit_reason=trail|mfe_r=1.783004,950.81,10,9472.6,35.5,0.37,0,101.9,1.08,-9.3,-0.10,-455.87,-1.82,2
343,Entry long,2026-09-02 09:35,sl1|setup=orb_break|side=long|grade=B|size=half|score=4|window=open|tier=core|rvol=0.901932|rs_vs_spy=1.763489|gap_atr=-0.042757|ext_atr=0.099778|risk_atr=0.08,947.26,10,9472.6,35.5,0.37,0,101.9,1.08,-9.3,-0.10,-455.87,-1.82,2
344,Exit long,2026-09-02 10:25,sl1|exit_reason=be|mfe_r=0.844695,944.11,10,9441.5,-0.4,0.00,0,38.6,0.41,-43,-0.46,-456.27,-1.83,4
344,Entry long,2026-09-02 10:05,sl1|setup=vwap_reclaim|side=long|grade=B|size=half|score=4|window=open|tier=core|rvol=1.155347|rs_vs_spy=1.261497|gap_atr=-0.042757|ext_atr=0.001237|risk_atr=0.08,944.15,10,9441.5,-0.4,0.00,0,38.6,0.41,-43,-0.46,-456.27,-1.83,4
345,Exit short,2026-09-03 10:20,sl1|exit_reason=stop|mfe_r=0.265254,939.45,19,17753.41,-96.14,-0.54,0,24.89,0.14,-96.14,-0.54,-552.41,-2.21,3
345,Entry short,2026-09-03 10:05,sl1|setup=vwap_loss|side=short|grade=A|size=full|score=5|window=open|tier=core|rvol=1.595609|rs_vs_spy=-2.342202|gap_atr=0.04593|ext_atr=0.040312|risk_atr=0.090312,934.39,19,17753.41,-96.14,-0.54,0,24.89,0.14,-96.14,-0.54,-552.41,-2.21,3
346,Exit long,2026-09-04 10:10,sl1|exit_reason=stop|mfe_r=0.561386,991.93,13,12992.72,-97.63,-0.75,0,54.21,0.42,-97.63,-0.75,-650.04,-2.60,3
346,Entry long,2026-09-04 09:55,sl1|setup=orb_break|side=long|grade=A|size=full|score=5|window=open|tier=core|rvol=1.997665|rs_vs_spy=2.908989|gap_atr=0.23204|ext_atr=0.149989|risk_atr=0.137015,999.44,13,12992.72,-97.63,-0.75,0,54.21,0.42,-97.63,-0.75,-650.04,-2.60,3
347,Exit long,2026-09-04 15:50,sl1|exit_reason=eod|mfe_r=0.586694,1011.98,12,12098.28,45.48,0.38,0,54.24,0.45,-8.28,-0.07,-604.56,-2.42,3
347,Entry long,2026-09-04 15:35,sl1|setup=hod_break|side=long|grade=A|size=full|score=5|window=power|tier=core|rvol=1.725973|rs_vs_spy=4.141923|gap_atr=0.23204|ext_atr=0.188911|risk_atr=0.142056,1008.19,12,12098.28,45.48,0.38,0,54.24,0.45,-8.28,-0.07,-604.56,-2.42,3
348,Exit short,2026-09-08 09:45,sl1|exit_reason=stop|mfe_r=0,1018.99,5,5050.2,-44.75,-0.89,0,0,0.00,-44.75,-0.89,-649.31,-2.60,1
348,Entry short,2026-09-08 09:40,sl1|setup=orb_break|side=short|grade=B|size=half|score=3|window=open|tier=core|rvol=1.133068|rs_vs_spy=-2.322354|gap_atr=0.395877|ext_atr=0.24408|risk_atr=0.162326,1010.04,5,5050.2,-44.75,-0.89,0,0,0.00,-44.75,-0.89,-649.31,-2.60,1
349,Exit short,2026-09-08 15:35,sl1|exit_reason=time|mfe_r=0.173299,1008.02,5,5042.35,2.25,0.04,0,8.45,0.17,-14.85,-0.29,-647.06,-2.59,6
349,Entry short,2026-09-08 15:05,sl1|setup=lod_break|side=short|grade=B|size=half|score=3|window=power|tier=core|rvol=0.921632|rs_vs_spy=-2.416735|gap_atr=0.395877|ext_atr=0.206848|risk_atr=0.179929,1008.47,5,5042.35,2.25,0.04,0,8.45,0.17,-14.85,-0.29,-647.06,-2.59,6
350,Exit long,2026-09-09 10:15,sl1|exit_reason=trail|mfe_r=4.163416,1034.5,6,6058.08,148.92,2.46,0,196.26,3.24,-7.74,-0.13,-498.14,-1.99,7
350,Entry long,2026-09-09 09:40,sl1|setup=orb_break|side=long|grade=B|size=half|score=4|window=open|tier=core|rvol=0.717656|rs_vs_spy=1.112576|gap_atr=-0.027579|ext_atr=0.145022|risk_atr=0.145508,1009.68,6,6058.08,148.92,2.46,0,196.26,3.24,-7.74,-0.13,-498.14,-1.99,7
351,Exit long,2026-09-09 14:40,sl1|exit_reason=time|mfe_r=0.307718,1025.96,11,11287.54,-1.98,-0.02,0,14.41,0.13,-19.03,-0.17,-500.12,-2.00,6
351,Entry long,2026-09-09 14:10,sl1|setup=vwap_reclaim|side=long|grade=B|size=half|score=4|window=power|tier=core|rvol=1.095178|rs_vs_spy=2.936921|gap_atr=-0.027579|ext_atr=0.017005|risk_atr=0.08,1026.14,11,11287.54,-1.98,-0.02,0,14.41,0.13,-19.03,-0.17,-500.12,-2.00,6
352,Exit long,2026-09-09 15:50,sl1|exit_reason=eod|mfe_r=1.050407,1027.09,11,11280.28,17.71,0.16,0,49.72,0.44,-10.01,-0.09,-482.41,-1.93,8
352,Entry long,2026-09-09 15:10,sl1|setup=vwap_reclaim|side=long|grade=B|size=half|score=4|window=power|tier=core|rvol=1.033178|rs_vs_spy=2.797565|gap_atr=-0.027579|ext_atr=0.00517|risk_atr=0.08,1025.48,11,11280.28,17.71,0.16,0,49.72,0.44,-10.01,-0.09,-482.41,-1.93,8
353,Exit short,2026-09-10 10:20,sl1|exit_reason=time|mfe_r=0.330129,991.23,5,4929.9,-26.25,-0.53,0,14.9,0.30,-38.7,-0.79,-508.66,-2.03,6
353,Entry short,2026-09-10 09:50,sl1|setup=pdl_retest|side=short|grade=B|size=half|score=4|window=open|tier=core|rvol=1.116379|rs_vs_spy=-0.989476|gap_atr=-0.570637|ext_atr=0.086359|risk_atr=0.169077,985.98,5,4929.9,-26.25,-0.53,0,14.9,0.30,-38.7,-0.79,-508.66,-2.03,6
354,Exit short,2026-09-11 09:40,sl1|exit_reason=be|mfe_r=0.850294,978.17,5,4886.95,-3.9,-0.08,0,38.5,0.79,-20.1,-0.41,-512.56,-2.05,1
354,Entry short,2026-09-11 09:35,sl1|setup=orb_break|side=short|grade=B|size=half|score=4|window=open|tier=core|rvol=0.747929|rs_vs_spy=-1.700469|gap_atr=0.246076|ext_atr=0.142258|risk_atr=0.168808,977.39,5,4886.95,-3.9,-0.08,0,38.5,0.79,-20.1,-0.41,-512.56,-2.05,1
355,Exit short,2026-09-11 10:10,sl1|exit_reason=stop|mfe_r=0.674387,976.23,9,8738.46,-47.61,-0.54,0,31.68,0.36,-47.61,-0.54,-560.17,-2.24,2
355,Entry short,2026-09-11 10:00,sl1|setup=pdl_break|side=short|grade=B|size=half|score=4|window=open|tier=core|rvol=0.734463|rs_vs_spy=-2.334196|gap_atr=0.246076|ext_atr=0.172323|risk_atr=0.097598,970.94,9,8738.46,-47.61,-0.54,0,31.68,0.36,-47.61,-0.54,-560.17,-2.24,2
356,Exit short,2026-09-14 10:00,sl1|exit_reason=stop|mfe_r=0.202247,911.62,7,6333.25,-48.09,-0.76,0,9.52,0.15,-48.09,-0.76,-608.26,-2.43,2
356,Entry short,2026-09-14 09:50,sl1|setup=vwap_loss|side=short|grade=B|size=half|score=4|window=open|tier=core|rvol=1.25937|rs_vs_spy=-0.291899|gap_atr=-1.335178|ext_atr=0.081615|risk_atr=0.131615,904.75,7,6333.25,-48.09,-0.76,0,9.52,0.15,-48.09,-0.76,-608.26,-2.43,2
357,Exit short,2026-09-16 09:40,sl1|exit_reason=stop|mfe_r=0,928.65,12,11094,-49.8,-0.45,0,8.16,0.07,-49.8,-0.45,-658.06,-2.63,1
357,Entry short,2026-09-16 09:35,sl1|setup=orb_break|side=short|grade=B|size=half|score=4|window=open|tier=core|rvol=0.500514|rs_vs_spy=-0.947193|gap_atr=0.137836|ext_atr=0.094512|risk_atr=0.08,924.5,12,11094,-49.8,-0.45,0,8.16,0.07,-49.8,-0.45,-658.06,-2.63,1
358,Exit short,2026-09-16 10:10,sl1|exit_reason=stop|mfe_r=0.227051,932.94,9,8348.13,-48.33,-0.58,0,10.71,0.13,-48.33,-0.58,-706.39,-2.83,2
358,Entry short,2026-09-16 10:00,sl1|setup=vwap_loss|side=short|grade=B|size=half|score=4|window=open|tier=core|rvol=0.524908|rs_vs_spy=-0.737079|gap_atr=0.137836|ext_atr=0.053897|risk_atr=0.103897,927.57,9,8348.13,-48.33,-0.58,0,10.71,0.13,-48.33,-0.58,-706.39,-2.83,2
359,Exit long,2026-09-17 10:00,sl1|exit_reason=be|mfe_r=0.995218,978.77,6,5872.86,-0.24,0.00,0,44.34,0.75,-4.26,-0.07,-706.63,-2.83,4
359,Entry long,2026-09-17 09:40,sl1|setup=orb_break|side=long|grade=B|size=half|score=4|window=open|tier=core|rvol=1.461199|rs_vs_spy=2.85387|gap_atr=0.567001|ext_atr=0.149272|risk_atr=0.150989,978.81,6,5872.86,-0.24,0.00,0,44.34,0.75,-4.26,-0.07,-706.63,-2.83,4
360,Exit long,2026-09-17 15:35,sl1|exit_reason=time|mfe_r=0.326999,978.56,12,11734.44,8.28,0.07,0,15.24,0.13,-33.24,-0.28,-698.35,-2.79,6
360,Entry long,2026-09-17 15:05,sl1|setup=vwap_reclaim|side=long|grade=B|size=half|score=4|window=power|tier=core|rvol=0.930377|rs_vs_spy=2.512933|gap_atr=0.567001|ext_atr=0.021771|risk_atr=0.08,977.87,12,11734.44,8.28,0.07,0,15.24,0.13,-33.24,-0.28,-698.35,-2.79,6
361,Exit long,2026-09-18 09:45,sl1|exit_reason=be|mfe_r=0.865376,990.46,12,11886.12,-0.6,-0.01,0,41.28,0.35,-36.12,-0.30,-698.95,-2.80,2
361,Entry long,2026-09-18 09:35,sl1|setup=orb_break|side=long|grade=B|size=half|score=4|window=open|tier=core|rvol=0.670413|rs_vs_spy=0.701357|gap_atr=0.139659|ext_atr=0.071001|risk_atr=0.08,990.51,12,11886.12,-0.6,-0.01,0,41.28,0.35,-36.12,-0.30,-698.95,-2.80,2
362,Exit long,2026-09-18 14:30,sl1|exit_reason=time|mfe_r=0.196411,1004.47,5,5019.4,2.95,0.06,0,8.85,0.18,-15.3,-0.30,-696,-2.78,6
362,Entry long,2026-09-18 14:00,sl1|setup=hod_break|side=long|grade=B|size=half|score=4|window=power|tier=core|rvol=1.132653|rs_vs_spy=2.194447|gap_atr=0.139659|ext_atr=0.205678|risk_atr=0.182087,1003.88,5,5019.4,2.95,0.06,0,8.85,0.18,-15.3,-0.30,-696,-2.78,6
363,Exit long,2026-09-18 15:20,sl1|exit_reason=time|mfe_r=0.143951,1006.93,5,5042.5,-7.85,-0.16,0,6.15,0.12,-8.8,-0.17,-703.85,-2.82,6
363,Entry long,2026-09-18 14:50,sl1|setup=hod_break|side=long|grade=B|size=half|score=4|window=power|tier=core|rvol=1.22077|rs_vs_spy=2.455061|gap_atr=0.139659|ext_atr=0.263679|risk_atr=0.173496,1008.5,5,5042.5,-7.85,-0.16,0,6.15,0.12,-8.8,-0.17,-703.85,-2.82,6
364,Exit long,2026-09-21 09:45,sl1|exit_reason=be|mfe_r=0.833647,1057.47,5,5287.55,-0.2,0.00,0,34.8,0.66,-2.85,-0.05,-704.05,-2.82,2
364,Entry long,2026-09-21 09:35,sl1|setup=orb_break|side=long|grade=B|size=half|score=4|window=open|tier=core|rvol=1.210709|rs_vs_spy=1.194067|gap_atr=0.585502|ext_atr=0.176324|risk_atr=0.169983,1057.51,5,5287.55,-0.2,0.00,0,34.8,0.66,-2.85,-0.05,-704.05,-2.82,2
365,Exit long,2026-09-22 09:45,sl1|exit_reason=trail|mfe_r=2.614026,1057.61,11,11555.94,77.77,0.67,0,126.61,1.10,-1.87,-0.02,-626.28,-2.51,2
365,Entry long,2026-09-22 09:35,sl1|setup=orb_break|side=long|grade=B|size=half|score=4|window=open|tier=core|rvol=0.737495|rs_vs_spy=1.581598|gap_atr=-0.216594|ext_atr=0.118778|risk_atr=0.089621,1050.54,11,11555.94,77.77,0.67,0,126.61,1.10,-1.87,-0.02,-626.28,-2.51,2
366,Exit long,2026-09-22 14:45,sl1|exit_reason=time|mfe_r=0.187515,1087.72,6,6526.08,0.24,0.00,0,8.64,0.13,-15.42,-0.24,-626.04,-2.50,6
366,Entry long,2026-09-22 14:15,sl1|setup=hod_break|side=long|grade=B|size=half|score=4|window=power|tier=core|rvol=1.267756|rs_vs_spy=5.295047|gap_atr=-0.216594|ext_atr=0.298244|risk_atr=0.1582,1087.68,6,6526.08,0.24,0.00,0,8.64,0.13,-15.42,-0.24,-626.04,-2.50,6
367,Exit long,2026-09-22 15:35,sl1|exit_reason=time|mfe_r=0.152005,1094.61,5,5469,4.05,0.07,0,7,0.13,-16.45,-0.30,-621.99,-2.49,6
367,Entry long,2026-09-22 15:05,sl1|setup=hod_break|side=long|grade=B|size=half|score=4|window=power|tier=core|rvol=1.29661|rs_vs_spy=5.913423|gap_atr=-0.216594|ext_atr=0.384166|risk_atr=0.189811,1093.8,5,5469,4.05,0.07,0,7,0.13,-16.45,-0.30,-621.99,-2.49,6
368,Exit short,2026-09-24 10:00,sl1|exit_reason=stop|mfe_r=0.074385,1052.85,9,9425.61,-50.04,-0.53,0,3.51,0.04,-50.04,-0.53,-672.03,-2.69,2
368,Entry short,2026-09-24 09:50,sl1|setup=vwap_loss|side=short|grade=B|size=half|score=4|window=open|tier=core|rvol=0.654086|rs_vs_spy=-0.350234|gap_atr=-0.43497|ext_atr=0.060585|risk_atr=0.110585,1047.29,9,9425.61,-50.04,-0.53,0,3.51,0.04,-50.04,-0.53,-672.03,-2.69,2