Trade number,Type,Date and time,Signal,Price USD,Size (qty),Size (value),Net PnL USD,Return %,Commission USD,Favorable excursion USD,Favorable excursion %,Adverse excursion USD,Adverse excursion %,Cumulative PnL USD,Cumulative PnL %,Duration (bars)
1,Exit short,2025-10-14 09:45,sl1|exit_reason=stop|mfe_r=0,702.22,36,25228.8,-51.12,-0.20,0,0,0.00,-51.12,-0.20,-51.12,-0.20,1
1,Entry short,2025-10-14 09:40,sl1|setup=orb_break|side=short|grade=B|size=half|score=4|window=open|tier=core|rvol=0.515548|rs_vs_spy=-0.48125|gap_atr=-0.440585|ext_atr=0.089029|risk_atr=0.08,700.8,36,25228.8,-51.12,-0.20,0,0,0.00,-51.12,-0.20,-51.12,-0.20,1
2,Exit long,2025-10-14 10:10,sl1|exit_reason=be|mfe_r=0.914659,708.88,28,19849.76,-1.12,-0.01,0,44.52,0.22,-28.56,-0.14,-52.24,-0.21,2
2,Entry long,2025-10-14 10:00,sl1|setup=orb_break|side=long|grade=B|size=half|score=3|window=open|tier=core|rvol=0.497945|rs_vs_spy=0.083439|gap_atr=-0.440585|ext_atr=0.338184|risk_atr=0.102312,708.92,28,19849.76,-1.12,-0.01,0,44.52,0.22,-28.56,-0.14,-52.24,-0.21,2
3,Exit short,2025-10-14 15:50,sl1|exit_reason=trail|mfe_r=1.721457,706.82,25,17703.75,33.25,0.19,0,83.75,0.47,-2.5,-0.01,-18.99,-0.08,3
3,Entry short,2025-10-14 15:35,sl1|setup=vwap_loss|side=short|grade=B|size=half|score=4|window=power|tier=core|rvol=0.451001|rs_vs_spy=-0.855083|gap_atr=-0.440585|ext_atr=0.063787|risk_atr=0.113787,708.15,25,17703.75,33.25,0.19,0,83.75,0.47,-2.5,-0.01,-18.99,-0.08,3
4,Exit long,2025-10-15 09:45,sl1|exit_reason=be|mfe_r=1.277382,717.05,21,15058.89,-0.84,-0.01,0,61.74,0.41,-0.84,-0.01,-19.83,-0.08,2
4,Entry long,2025-10-15 09:35,sl1|setup=pdh_break|side=long|grade=B|size=half|score=4|window=open|tier=core|rvol=0.501195|rs_vs_spy=0.025599|gap_atr=0.49811|ext_atr=0.086756|risk_atr=0.135157,717.09,21,15058.89,-0.84,-0.01,0,61.74,0.41,-0.84,-0.01,-19.83,-0.08,2
5,Exit long,2025-10-15 15:25,sl1|exit_reason=stop|mfe_r=0.145817,716.6,36,25848.72,-51.12,-0.20,0,6.48,0.03,-51.12,-0.20,-70.95,-0.28,5
5,Entry long,2025-10-15 15:00,sl1|setup=vwap_reclaim|side=long|grade=B|size=half|score=4|window=power|tier=core|rvol=0.598259|rs_vs_spy=0.347248|gap_atr=0.49811|ext_atr=0.005872|risk_atr=0.08,718.02,36,25848.72,-51.12,-0.20,0,6.48,0.03,-51.12,-0.20,-70.95,-0.28,5
6,Exit long,2025-10-16 09:50,sl1|exit_reason=trail|mfe_r=2.144129,724,34,24561.26,54.74,0.22,0,105.06,0.43,-13.26,-0.05,-16.21,-0.06,2
6,Entry long,2025-10-16 09:40,sl1|setup=orb_break|side=long|grade=B|size=half|score=4|window=open|tier=core|rvol=0.48779|rs_vs_spy=0.641441|gap_atr=-0.030277|ext_atr=0.088551|risk_atr=0.085275,722.39,34,24561.26,54.74,0.22,0,105.06,0.43,-13.26,-0.05,-16.21,-0.06,2
7,Exit short,2025-10-16 14:40,sl1|exit_reason=be|mfe_r=0.983756,708.1,11,7788.66,-0.44,-0.01,0,45.1,0.58,-3.19,-0.04,-16.65,-0.07,8
7,Entry short,2025-10-16 14:00,sl1|setup=lod_break|side=short|grade=B|size=half|score=4|window=power|tier=core|rvol=0.663724|rs_vs_spy=-0.28907|gap_atr=-0.030277|ext_atr=0.574704|risk_atr=0.246517,708.06,11,7788.66,-0.44,-0.01,0,45.1,0.58,-3.19,-0.04,-16.65,-0.07,8
8,Exit long,2025-10-17 09:40,sl1|exit_reason=stop|mfe_r=0,709.39,25,17785.25,-50.5,-0.28,0,27.25,0.15,-50.5,-0.28,-67.15,-0.27,1
8,Entry long,2025-10-17 09:35,sl1|setup=orb_break|side=long|grade=B|size=half|score=3|window=open|tier=core|rvol=0.574398|rs_vs_spy=0.560223|gap_atr=-0.276559|ext_atr=0.071295|risk_atr=0.113733,711.41,25,17785.25,-50.5,-0.28,0,27.25,0.15,-50.5,-0.28,-67.15,-0.27,1
9,Exit long,2025-10-17 14:45,sl1|exit_reason=time|mfe_r=0.232624,716.36,12,8597.16,-0.84,-0.01,0,10.8,0.13,-12,-0.14,-67.99,-0.27,6
9,Entry long,2025-10-17 14:15,sl1|setup=hod_break|side=long|grade=B|size=half|score=3|window=power|tier=core|rvol=0.578354|rs_vs_spy=0.552991|gap_atr=-0.276559|ext_atr=0.284079|risk_atr=0.228104,716.43,12,8597.16,-0.84,-0.01,0,10.8,0.13,-12,-0.14,-67.99,-0.27,6
10,Exit long,2025-10-20 09:55,sl1|exit_reason=trail|mfe_r=1.550785,728.38,19,13813,26.22,0.19,0,79.8,0.58,-0.38,0.00,-41.77,-0.17,2
10,Entry long,2025-10-20 09:45,sl1|setup=orb_break|side=long|grade=B|size=half|score=4|window=open|tier=core|rvol=0.716169|rs_vs_spy=0.500834|gap_atr=0.246663|ext_atr=0.15849|risk_atr=0.151844,727,19,13813,26.22,0.19,0,79.8,0.58,-0.38,0.00,-41.77,-0.17,2
11,Exit short,2025-10-21 09:50,sl1|exit_reason=stop|mfe_r=0,735.07,23,16857.16,-49.45,-0.29,0,7.82,0.05,-49.45,-0.29,-91.22,-0.36,1
11,Entry short,2025-10-21 09:45,sl1|setup=orb_break|side=short|grade=B|size=half|score=4|window=open|tier=core|rvol=0.877863|rs_vs_spy=-0.299467|gap_atr=0.211458|ext_atr=0.125787|risk_atr=0.124216,732.92,23,16857.16,-49.45,-0.29,0,7.82,0.05,-49.45,-0.29,-91.22,-0.36,1
12,Exit long,2025-10-22 10:05,sl1|exit_reason=trail|mfe_r=1.993432,738.12,20,14714.6,47.8,0.32,0,97.4,0.66,-9.2,-0.06,-43.42,-0.17,4
12,Entry long,2025-10-22 09:45,sl1|setup=orb_break|side=long|grade=B|size=half|score=4|window=open|tier=core|rvol=0.606925|rs_vs_spy=0.360981|gap_atr=0.047384|ext_atr=0.15382|risk_atr=0.149021,735.73,20,14714.6,47.8,0.32,0,97.4,0.66,-9.2,-0.06,-43.42,-0.17,4
13,Exit long,2025-10-22 15:40,sl1|exit_reason=be|mfe_r=0.812521,732.36,37,27098.8,-1.48,-0.01,0,38.85,0.14,-24.79,-0.09,-44.9,-0.18,5
13,Entry long,2025-10-22 15:15,sl1|setup=vwap_reclaim|side=long|grade=B|size=half|score=4|window=power|tier=core|rvol=0.975835|rs_vs_spy=0.513599|gap_atr=0.047384|ext_atr=0.005746|risk_atr=0.08,732.4,37,27098.8,-1.48,-0.01,0,38.85,0.14,-24.79,-0.09,-44.9,-0.18,5
14,Exit long,2025-10-23 09:50,sl1|exit_reason=trail|mfe_r=4.151766,739.81,37,27267.15,105.82,0.39,0,201.65,0.74,-20.72,-0.08,60.92,0.24,3
14,Entry long,2025-10-23 09:35,sl1|setup=orb_break|side=long|grade=B|size=half|score=4|window=open|tier=core|rvol=0.867803|rs_vs_spy=0.256916|gap_atr=0.037343|ext_atr=0.07899|risk_atr=0.08,736.95,37,27267.15,105.82,0.39,0,201.65,0.74,-20.72,-0.08,60.92,0.24,3
15,Exit long,2025-10-23 10:25,sl1|exit_reason=stop|mfe_r=0.592025,739.66,37,27417.74,-50.32,-0.18,0,28.12,0.10,-50.32,-0.18,10.6,0.04,3
15,Entry long,2025-10-23 10:10,sl1|setup=pdh_retest|side=long|grade=B|size=half|score=4|window=open|tier=core|rvol=0.993913|rs_vs_spy=0.787381|gap_atr=0.037343|ext_atr=0.131097|risk_atr=0.08,741.02,37,27417.74,-50.32,-0.18,0,28.12,0.10,-50.32,-0.18,10.6,0.04,3
16,Exit short,2025-10-24 10:00,sl1|exit_reason=be|mfe_r=0.937268,734.28,22,16153.28,-0.88,-0.01,0,44.88,0.28,-26.4,-0.16,9.72,0.04,4
16,Entry short,2025-10-24 09:40,sl1|setup=orb_break|side=short|grade=B|size=half|score=4|window=open|tier=core|rvol=1.000928|rs_vs_spy=-0.459187|gap_atr=0.172959|ext_atr=0.14595|risk_atr=0.137733,734.24,22,16153.28,-0.88,-0.01,0,44.88,0.28,-26.4,-0.16,9.72,0.04,4
17,Exit long,2025-10-24 14:55,sl1|exit_reason=stop|mfe_r=0,738.44,21,15556.8,-49.56,-0.32,0,0,0.00,-49.56,-0.32,-39.84,-0.16,4
17,Entry long,2025-10-24 14:35,sl1|setup=orb_break|side=long|grade=B|size=half|score=4|window=power|tier=core|rvol=1.060554|rs_vs_spy=0.2928|gap_atr=0.172959|ext_atr=0.327289|risk_atr=0.144939,740.8,21,15556.8,-49.56,-0.32,0,0,0.00,-49.56,-0.32,-39.84,-0.16,4
18,Exit long,2025-10-27 09:50,sl1|exit_reason=trail|mfe_r=1.640448,752.92,34,25568.68,30.6,0.12,0,81.26,0.32,-36.72,-0.14,-9.24,-0.04,2
18,Entry long,2025-10-27 09:40,sl1|setup=vwap_reclaim|side=long|grade=B|size=half|score=4|window=open|tier=core|rvol=1.409793|rs_vs_spy=0.298382|gap_atr=0.72218|ext_atr=0.04456|risk_atr=0.09456,752.02,34,25568.68,30.6,0.12,0,81.26,0.32,-36.72,-0.14,-9.24,-0.04,2
19,Exit long,2025-10-28 09:45,sl1|exit_reason=stop|mfe_r=0,755.06,17,12885.32,-49.3,-0.38,0,0,0.00,-49.3,-0.38,-58.54,-0.23,1
19,Entry long,2025-10-28 09:40,sl1|setup=orb_break|side=long|grade=B|size=half|score=4|window=open|tier=core|rvol=1.490475|rs_vs_spy=0.867079|gap_atr=0.123175|ext_atr=0.16402|risk_atr=0.182111,757.96,17,12885.32,-49.3,-0.38,0,0,0.00,-49.3,-0.38,-58.54,-0.23,1
20,Exit short,2025-10-28 15:45,sl1|exit_reason=be|mfe_r=1.340251,752.74,39,29355.3,-1.56,-0.01,0,64.74,0.22,-43.68,-0.15,-60.1,-0.24,9
20,Entry short,2025-10-28 15:00,sl1|setup=vwap_loss|side=short|grade=B|size=half|score=4|window=power|tier=core|rvol=1.431234|rs_vs_spy=-0.120486|gap_atr=0.123175|ext_atr=0.023262|risk_atr=0.08,752.7,39,29355.3,-1.56,-0.01,0,64.74,0.22,-43.68,-0.15,-60.1,-0.24,9
21,Exit short,2025-10-29 09:45,sl1|exit_reason=trail|mfe_r=2.629441,748.35,75,56284.5,158.25,0.28,0,259.5,0.46,-40.5,-0.07,98.15,0.39,2
21,Entry short,2025-10-29 09:35,sl1|setup=orb_break|side=short|grade=A|size=full|score=5|window=open|tier=core|rvol=2.336141|rs_vs_spy=-0.557219|gap_atr=0.208798|ext_atr=0.139851|risk_atr=0.085554,750.46,75,56284.5,158.25,0.28,0,259.5,0.46,-40.5,-0.07,98.15,0.39,2
22,Exit short,2025-10-29 11:00,sl1|exit_reason=trail|mfe_r=1.737289,748.05,40,29956.8,34.8,0.12,0,97.2,0.32,-29.6,-0.10,132.95,0.53,4
22,Entry short,2025-10-29 10:40,sl1|setup=vwap_loss|side=short|grade=A|size=half|score=5|window=midday|tier=core|rvol=2.162566|rs_vs_spy=-0.675656|gap_atr=0.208798|ext_atr=0.012486|risk_atr=0.08,748.92,40,29956.8,34.8,0.12,0,97.2,0.32,-29.6,-0.10,132.95,0.53,4
23,Exit short,2025-10-29 13:15,sl1|exit_reason=stop|mfe_r=0.353104,750,30,22449.3,-50.7,-0.23,0,16.8,0.07,-50.7,-0.23,82.25,0.33,4
23,Entry short,2025-10-29 12:55,sl1|setup=vwap_loss|side=short|grade=A|size=half|score=5|window=midday|tier=core|rvol=1.94025|rs_vs_spy=-0.795706|gap_atr=0.208798|ext_atr=0.056182|risk_atr=0.106182,748.31,30,22449.3,-50.7,-0.23,0,16.8,0.07,-50.7,-0.23,82.25,0.33,4
24,Exit short,2025-10-30 09:45,sl1|exit_reason=stop|mfe_r=0,661.23,72,47506.32,-102.24,-0.22,0,9.36,0.02,-102.24,-0.22,-19.99,-0.08,1
24,Entry short,2025-10-30 09:40,sl1|setup=vwap_loss|side=short|grade=A|size=full|score=5|window=open|tier=core|rvol=13.160751|rs_vs_spy=-1.115967|gap_atr=-5.34929|ext_atr=0.038299|risk_atr=0.088299,659.81,72,47506.32,-102.24,-0.22,0,9.36,0.02,-102.24,-0.22,-19.99,-0.08,1
25,Exit short,2025-10-30 10:05,sl1|exit_reason=stop|mfe_r=0,664.27,80,53038.4,-103.2,-0.19,0,16,0.03,-103.2,-0.19,-123.19,-0.49,1
25,Entry short,2025-10-30 10:00,sl1|setup=vwap_loss|side=short|grade=A|size=full|score=5|window=open|tier=core|rvol=10.548911|rs_vs_spy=-0.932922|gap_atr=-5.34929|ext_atr=0.004428|risk_atr=0.08,662.98,80,53038.4,-103.2,-0.19,0,16,0.03,-103.2,-0.19,-123.19,-0.49,1
26,Exit short,2025-10-31 09:55,sl1|exit_reason=be|mfe_r=1.080966,658.08,28,18425.12,-1.12,-0.01,0,106.12,0.58,-1.12,-0.01,-124.31,-0.50,2
26,Entry short,2025-10-31 09:45,sl1|setup=orb_break|side=short|grade=A|size=full|score=4|window=open|tier=core|rvol=2.585017|rs_vs_spy=-2.205241|gap_atr=0.387231|ext_atr=0.22589|risk_atr=0.162481,658.04,28,18425.12,-1.12,-0.01,0,106.12,0.58,-1.12,-0.01,-124.31,-0.50,2
27,Exit short,2025-10-31 14:35,sl1|exit_reason=trail|mfe_r=2.44324,647.62,57,37054.56,140.22,0.38,0,240.54,0.65,-6.27,-0.02,15.91,0.06,3
27,Entry short,2025-10-31 14:20,sl1|setup=pdl_break|side=short|grade=A|size=full|score=4|window=power|tier=core|rvol=3.085463|rs_vs_spy=-3.22624|gap_atr=0.387231|ext_atr=0.305612|risk_atr=0.08,650.08,57,37054.56,140.22,0.38,0,240.54,0.65,-6.27,-0.02,15.91,0.06,3
28,Exit long,2025-11-03 10:15,sl1|exit_reason=stop|mfe_r=0.671731,656,28,18419.24,-51.24,-0.28,0,32.76,0.18,-51.24,-0.28,-35.33,-0.14,2
28,Entry long,2025-11-03 10:05,sl1|setup=orb_break|side=long|grade=B|size=half|score=4|window=open|tier=core|rvol=1.08336|rs_vs_spy=0.722539|gap_atr=0.339969|ext_atr=0.115528|risk_atr=0.08,657.83,28,18419.24,-51.24,-0.28,0,32.76,0.18,-51.24,-0.28,-35.33,-0.14,2
29,Exit short,2025-11-03 14:30,sl1|exit_reason=time|mfe_r=0.029709,644.46,9,5775.93,-24.21,-0.42,0,1.17,0.02,-28.08,-0.49,-59.54,-0.24,6
29,Entry short,2025-11-03 14:00,sl1|setup=lod_break|side=short|grade=B|size=half|score=3|window=power|tier=core|rvol=1.265892|rs_vs_spy=-1.806091|gap_atr=0.339969|ext_atr=0.398278|risk_atr=0.227047,641.77,9,5775.93,-24.21,-0.42,0,1.17,0.02,-28.08,-0.49,-59.54,-0.24,6
30,Exit long,2025-11-04 10:00,sl1|exit_reason=be|mfe_r=1.298314,638.09,18,11486.34,-0.72,-0.01,0,64.26,0.56,-3.42,-0.03,-60.26,-0.24,2
30,Entry long,2025-11-04 09:50,sl1|setup=orb_break|side=long|grade=B|size=half|score=3|window=open|tier=core|rvol=0.942976|rs_vs_spy=1.286214|gap_atr=-0.440533|ext_atr=0.20286|risk_atr=0.123983,638.13,18,11486.34,-0.72,-0.01,0,64.26,0.56,-3.42,-0.03,-60.26,-0.24,2
31,Exit short,2025-11-06 09:45,sl1|exit_reason=trail|mfe_r=2.138407,626.22,29,18215.48,55.1,0.30,0,114.84,0.63,-0.58,0.00,-5.16,-0.02,2
31,Entry short,2025-11-06 09:35,sl1|setup=orb_break|side=short|grade=B|size=half|score=4|window=open|tier=core|rvol=0.667481|rs_vs_spy=-1.271681|gap_atr=-0.007946|ext_atr=0.131588|risk_atr=0.08,628.12,29,18215.48,55.1,0.30,0,114.84,0.63,-0.58,0.00,-5.16,-0.02,2
32,Exit short,2025-11-07 10:10,sl1|exit_reason=be|mfe_r=0.948711,607.96,11,6687.12,-0.44,-0.01,0,46.09,0.69,-30.91,-0.46,-5.6,-0.02,7
32,Entry short,2025-11-07 09:35,sl1|setup=orb_break|side=short|grade=B|size=half|score=4|window=open|tier=core|rvol=0.717743|rs_vs_spy=-0.877936|gap_atr=-0.123393|ext_atr=0.193274|risk_atr=0.209796,607.92,11,6687.12,-0.44,-0.01,0,46.09,0.69,-30.91,-0.46,-5.6,-0.02,7
33,Exit long,2025-11-07 14:45,sl1|exit_reason=stop|mfe_r=0,616.19,29,17919.97,-50.46,-0.28,0,1.45,0.01,-50.46,-0.28,-56.06,-0.22,1
33,Entry long,2025-11-07 14:40,sl1|setup=orb_break|side=long|grade=B|size=half|score=4|window=power|tier=core|rvol=1.016237|rs_vs_spy=0.008621|gap_atr=-0.123393|ext_atr=0.459486|risk_atr=0.08,617.93,29,17919.97,-50.46,-0.28,0,1.45,0.01,-50.46,-0.28,-56.06,-0.22,1
34,Exit long,2025-11-07 15:35,sl1|exit_reason=time|mfe_r=0.074231,618.91,9,5580.09,-9.9,-0.18,0,3.51,0.06,-29.43,-0.53,-65.96,-0.26,6
34,Entry long,2025-11-07 15:05,sl1|setup=hod_break|side=long|grade=B|size=half|score=4|window=power|tier=core|rvol=1.020646|rs_vs_spy=0.316065|gap_atr=-0.123393|ext_atr=0.531622|risk_atr=0.261126,620.01,9,5580.09,-9.9,-0.18,0,3.51,0.06,-29.43,-0.53,-65.96,-0.26,6
35,Exit long,2025-11-10 10:50,sl1|exit_reason=stop|mfe_r=0.606312,630.32,17,10764.4,-48.96,-0.45,0,28.9,0.27,-48.96,-0.45,-114.92,-0.46,10
35,Entry long,2025-11-10 10:00,sl1|setup=orb_break|side=long|grade=B|size=half|score=4|window=open|tier=core|rvol=0.519006|rs_vs_spy=0.14291|gap_atr=0.440235|ext_atr=0.206589|risk_atr=0.134215,633.2,17,10764.4,-48.96,-0.45,0,28.9,0.27,-48.96,-0.45,-114.92,-0.46,10
36,Exit short,2025-11-12 10:35,sl1|exit_reason=trail|mfe_r=4.117795,612.71,14,8723.54,145.6,1.67,0,197.54,2.26,-9.8,-0.11,30.68,0.12,12
36,Entry short,2025-11-12 09:35,sl1|setup=orb_break|side=short|grade=B|size=half|score=4|window=open|tier=core|rvol=0.374244|rs_vs_spy=-0.801855|gap_atr=0.043008|ext_atr=0.11564|risk_atr=0.16963,623.11,14,8723.54,145.6,1.67,0,197.54,2.26,-9.8,-0.11,30.68,0.12,12
37,Exit long,2025-11-13 10:00,sl1|exit_reason=be|mfe_r=1.484376,613.08,30,18393.6,-1.2,-0.01,0,73.2,0.40,-7.2,-0.04,29.48,0.12,2
37,Entry long,2025-11-13 09:50,sl1|setup=vwap_reclaim|side=long|grade=B|size=half|score=4|window=open|tier=core|rvol=0.655724|rs_vs_spy=0.294386|gap_atr=0.190643|ext_atr=0.03164|risk_atr=0.08164,613.12,30,18393.6,-1.2,-0.01,0,73.2,0.40,-7.2,-0.04,29.48,0.12,2
38,Exit long,2025-11-14 15:00,sl1|exit_reason=time|mfe_r=0.141908,611.88,16,9812,-21.92,-0.22,0,6.56,0.07,-23.04,-0.23,7.56,0.03,6
38,Entry long,2025-11-14 14:30,sl1|setup=hod_break|side=long|grade=B|size=half|score=3|window=power|tier=core|rvol=0.820949|rs_vs_spy=0.634812|gap_atr=-0.413144|ext_atr=0.307962|risk_atr=0.152297,613.25,16,9812,-21.92,-0.22,0,6.56,0.07,-23.04,-0.23,7.56,0.03,6
39,Exit short,2025-11-17 11:40,sl1|exit_reason=be|mfe_r=0.880298,607.88,10,6078.4,-0.4,-0.01,0,41.7,0.69,-7.9,-0.13,7.16,0.03,20
39,Entry short,2025-11-17 10:00,sl1|setup=orb_fail|side=short|grade=B|size=half|score=3|window=open|tier=core|rvol=0.711468|rs_vs_spy=-0.569712|gap_atr=-0.009093|ext_atr=0.022705|risk_atr=0.240452,607.84,10,6078.4,-0.4,-0.01,0,41.7,0.69,-7.9,-0.13,7.16,0.03,20
40,Exit short,2025-11-17 15:50,sl1|exit_reason=eod|mfe_r=0.729293,599.28,11,6585.37,-6.71,-0.10,0,35.75,0.54,-23.54,-0.36,0.45,0.00,15
40,Entry short,2025-11-17 14:35,sl1|setup=lod_break|side=short|grade=B|size=half|score=4|window=power|tier=core|rvol=0.60991|rs_vs_spy=-0.949494|gap_atr=-0.009093|ext_atr=0.357624|risk_atr=0.226511,598.67,11,6585.37,-6.71,-0.10,0,35.75,0.54,-23.54,-0.36,0.45,0.00,15
41,Exit short,2025-11-18 10:05,sl1|exit_reason=trail|mfe_r=4.285054,585.39,31,18304.88,157.79,0.86,0,207.08,1.13,-40.61,-0.22,158.24,0.63,5
41,Entry short,2025-11-18 09:40,sl1|setup=orb_break|side=short|grade=B|size=half|score=4|window=open|tier=core|rvol=0.840565|rs_vs_spy=-0.084778|gap_atr=-0.542859|ext_atr=0.125872|risk_atr=0.08,590.48,31,18304.88,157.79,0.86,0,207.08,1.13,-40.61,-0.22,158.24,0.63,5
42,Exit long,2025-11-18 15:50,sl1|exit_reason=eod|mfe_r=0.718912,599.55,11,6606.71,-11.66,-0.18,0,32.89,0.50,-22.11,-0.33,146.58,0.59,19
42,Entry long,2025-11-18 14:15,sl1|setup=hod_break|side=long|grade=B|size=half|score=3|window=power|tier=core|rvol=1.130917|rs_vs_spy=1.289584|gap_atr=-0.542859|ext_atr=0.44184|risk_atr=0.214221,600.61,11,6606.71,-11.66,-0.18,0,32.89,0.50,-22.11,-0.33,146.58,0.59,19
43,Exit short,2025-11-19 09:40,sl1|exit_reason=stop|mfe_r=0,589.88,29,17056.64,-49.88,-0.29,0,19.14,0.11,-49.88,-0.29,96.7,0.39,1
43,Entry short,2025-11-19 09:35,sl1|setup=orb_break|side=short|grade=B|size=half|score=4|window=open|tier=core|rvol=0.944055|rs_vs_spy=-1.14111|gap_atr=-0.19751|ext_atr=0.091107|risk_atr=0.085772,588.16,29,17056.64,-49.88,-0.29,0,19.14,0.11,-49.88,-0.29,96.7,0.39,1
44,Exit long,2025-11-20 09:40,sl1|exit_reason=stop|mfe_r=0,602.5,15,9085.05,-47.55,-0.52,0,4.8,0.05,-47.55,-0.52,49.15,0.20,1
44,Entry long,2025-11-20 09:35,sl1|setup=orb_break|side=long|grade=B|size=half|score=4|window=open|tier=core|rvol=1.42076|rs_vs_spy=0.422865|gap_atr=0.629615|ext_atr=0.156247|risk_atr=0.161656,605.67,15,9085.05,-47.55,-0.52,0,4.8,0.05,-47.55,-0.52,49.15,0.20,1
45,Exit long,2025-11-21 09:45,sl1|exit_reason=stop|mfe_r=0,592.54,30,17826.9,-50.7,-0.28,0,23.1,0.13,-50.7,-0.28,-1.55,-0.01,1
45,Entry long,2025-11-21 09:40,sl1|setup=orb_break|side=long|grade=B|size=half|score=4|window=open|tier=core|rvol=0.792315|rs_vs_spy=1.084758|gap_atr=-0.029033|ext_atr=0.076673|risk_atr=0.083617,594.23,30,17826.9,-50.7,-0.28,0,23.1,0.13,-50.7,-0.28,-1.55,-0.01,1
46,Exit short,2025-11-21 10:20,sl1|exit_reason=be|mfe_r=1.362527,587.94,31,18205.37,-20.77,-0.11,0,65.72,0.36,-47.12,-0.26,-22.32,-0.09,2
46,Entry short,2025-11-21 10:10,sl1|setup=orb_break|side=short|grade=B|size=half|score=4|window=open|tier=core|rvol=0.723686|rs_vs_spy=-0.005623|gap_atr=-0.029033|ext_atr=0.198659|risk_atr=0.08,587.27,31,18205.37,-20.77,-0.11,0,65.72,0.36,-47.12,-0.26,-22.32,-0.09,2
47,Exit long,2025-11-21 14:35,sl1|exit_reason=time|mfe_r=0.185803,596.36,10,5971.6,-8,-0.13,0,9,0.15,-17.7,-0.30,-30.32,-0.12,6
47,Entry long,2025-11-21 14:05,sl1|setup=hod_break|side=long|grade=B|size=half|score=4|window=power|tier=core|rvol=0.883337|rs_vs_spy=0.152209|gap_atr=-0.029033|ext_atr=0.383504|risk_atr=0.252206,597.16,10,5971.6,-8,-0.13,0,9,0.15,-17.7,-0.30,-30.32,-0.12,6
48,Exit long,2025-11-24 09:45,sl1|exit_reason=trail|mfe_r=2.662216,604.87,32,19276.48,79.36,0.41,0,131.52,0.68,-11.84,-0.06,49.04,0.20,1
48,Entry long,2025-11-24 09:40,sl1|setup=orb_break|side=long|grade=B|size=half|score=4|window=open|tier=core|rvol=1.018855|rs_vs_spy=0.586708|gap_atr=0.213751|ext_atr=0.08852|risk_atr=0.08,602.39,32,19276.48,79.36,0.41,0,131.52,0.68,-11.84,-0.06,49.04,0.20,1
49,Exit long,2025-11-25 10:00,sl1|exit_reason=stop|mfe_r=0,623.28,9,5657.49,-47.97,-0.85,0,0.18,0.00,-47.97,-0.85,1.07,0.00,1
49,Entry long,2025-11-25 09:55,sl1|setup=orb_break|side=long|grade=B|size=half|score=4|window=open|tier=core|rvol=1.477107|rs_vs_spy=0.701296|gap_atr=0.557873|ext_atr=0.271126|risk_atr=0.269274,628.61,9,5657.49,-47.97,-0.85,0,0.18,0.00,-47.97,-0.85,1.07,0.00,1
50,Exit long,2025-11-25 14:35,sl1|exit_reason=time|mfe_r=0.470421,631.5,18,11376.36,-9.36,-0.08,0,22.14,0.19,-10.26,-0.09,-8.29,-0.03,6
50,Entry long,2025-11-25 14:05,sl1|setup=hod_break|side=long|grade=B|size=half|score=4|window=power|tier=core|rvol=1.111954|rs_vs_spy=0.520909|gap_atr=0.557873|ext_atr=0.274747|risk_atr=0.135501,632.02,18,11376.36,-9.36,-0.08,0,22.14,0.19,-10.26,-0.09,-8.29,-0.03,6
51,Exit long,2025-11-28 09:45,sl1|exit_reason=trail|mfe_r=2.074442,639.55,32,20414.72,50.88,0.25,0,110.4,0.54,-27.84,-0.14,42.59,0.17,2
51,Entry long,2025-11-28 09:35,sl1|setup=orb_break|side=long|grade=B|size=half|score=4|window=open|tier=core|rvol=0.331439|rs_vs_spy=0.262361|gap_atr=0.133028|ext_atr=0.03955|risk_atr=0.08,637.96,32,20414.72,50.88,0.25,0,110.4,0.54,-27.84,-0.14,42.59,0.17,2
52,Exit long,2025-12-01 10:25,sl1|exit_reason=be|mfe_r=1.233946,641.97,18,11556.18,-0.72,-0.01,0,60.3,0.52,-2.16,-0.02,41.87,0.17,7
52,Entry long,2025-12-01 09:50,sl1|setup=vwap_reclaim|side=long|grade=B|size=half|score=3|window=open|tier=core|rvol=0.50717|rs_vs_spy=0.082039|gap_atr=-0.454262|ext_atr=0.096386|risk_atr=0.146386,642.01,18,11556.18,-0.72,-0.01,0,60.3,0.52,-2.16,-0.02,41.87,0.17,7
53,Exit short,2025-12-01 14:40,sl1|exit_reason=time|mfe_r=0.489102,641.4,33,21177.75,11.55,0.05,0,23.43,0.11,-43.23,-0.20,53.42,0.21,6
53,Entry short,2025-12-01 14:10,sl1|setup=vwap_loss|side=short|grade=B|size=half|score=4|window=power|tier=core|rvol=0.427987|rs_vs_spy=-0.065812|gap_atr=-0.454262|ext_atr=0.000904|risk_atr=0.08,641.75,33,21177.75,11.55,0.05,0,23.43,0.11,-43.23,-0.20,53.42,0.21,6
54,Exit short,2025-12-02 09:45,sl1|exit_reason=be|mfe_r=1.474915,640.62,34,21766.12,-14.96,-0.07,0,71.74,0.33,-14.96,-0.07,38.46,0.15,1
54,Entry short,2025-12-02 09:40,sl1|setup=orb_break|side=short|grade=B|size=half|score=4|window=open|tier=core|rvol=0.540057|rs_vs_spy=-0.396214|gap_atr=0.071184|ext_atr=0.085612|risk_atr=0.08,640.18,34,21766.12,-14.96,-0.07,0,71.74,0.33,-14.96,-0.07,38.46,0.15,1
55,Exit long,2025-12-02 14:30,sl1|exit_reason=time|mfe_r=0.041433,647.13,15,9713.25,-6.3,-0.06,0,1.65,0.02,-31.65,-0.33,32.16,0.13,6
55,Entry long,2025-12-02 14:00,sl1|setup=hod_break|side=long|grade=B|size=half|score=4|window=power|tier=core|rvol=0.624855|rs_vs_spy=0.846111|gap_atr=0.071184|ext_atr=0.248571|risk_atr=0.17381,647.55,15,9713.25,-6.3,-0.06,0,1.65,0.02,-31.65,-0.33,32.16,0.13,6
56,Exit long,2025-12-03 10:05,sl1|exit_reason=stop|mfe_r=0,646.46,35,22676.5,-50.4,-0.22,0,0,0.00,-50.4,-0.22,-18.24,-0.07,1
56,Entry long,2025-12-03 10:00,sl1|setup=pdh_break|side=long|grade=B|size=half|score=4|window=open|tier=core|rvol=0.510177|rs_vs_spy=0.270897|gap_atr=-0.148318|ext_atr=0.136272|risk_atr=0.08,647.9,35,22676.5,-50.4,-0.22,0,0,0.00,-50.4,-0.22,-18.24,-0.07,1
57,Exit long,2025-12-04 10:10,sl1|exit_reason=be|mfe_r=1.011304,666.7,20,13334.8,-0.8,-0.01,0,49.6,0.37,-7.8,-0.06,-19.04,-0.08,2
57,Entry long,2025-12-04 10:00,sl1|setup=vwap_reclaim|side=long|grade=B|size=half|score=4|window=open|tier=core|rvol=3.207168|rs_vs_spy=-1.037158|gap_atr=2.121925|ext_atr=0.095225|risk_atr=0.145225,666.74,20,13334.8,-0.8,-0.01,0,49.6,0.37,-7.8,-0.06,-19.04,-0.08,2
58,Exit long,2025-12-05 10:25,sl1|exit_reason=trail|mfe_r=3.868473,671.26,28,18653.88,141.4,0.76,0,203.28,1.09,-6.16,-0.03,122.36,0.49,5
58,Entry long,2025-12-05 10:00,sl1|setup=vwap_reclaim|side=long|grade=B|size=half|score=4|window=open|tier=core|rvol=0.810708|rs_vs_spy=0.019188|gap_atr=0.122193|ext_atr=0.046445|risk_atr=0.096445,666.21,28,18653.88,141.4,0.76,0,203.28,1.09,-6.16,-0.03,122.36,0.49,5
59,Exit long,2025-12-08 09:40,sl1|exit_reason=stop|mfe_r=0,672.08,34,22901.38,-50.66,-0.22,0,4.42,0.02,-50.66,-0.22,71.7,0.29,1
59,Entry long,2025-12-08 09:35,sl1|setup=orb_break|side=long|grade=B|size=half|score=4|window=open|tier=core|rvol=0.651089|rs_vs_spy=0.692198|gap_atr=-0.197635|ext_atr=0.039785|risk_atr=0.08,673.57,34,22901.38,-50.66,-0.22,0,4.42,0.02,-50.66,-0.22,71.7,0.29,1
60,Exit short,2025-12-09 09:55,sl1|exit_reason=stop|mfe_r=0.08636,656.47,17,11112.05,-47.94,-0.43,0,3.74,0.03,-47.94,-0.43,23.76,0.10,2
60,Entry short,2025-12-09 09:45,sl1|setup=orb_break|side=short|grade=B|size=half|score=4|window=open|tier=core|rvol=0.911503|rs_vs_spy=-1.631113|gap_atr=-0.182012|ext_atr=0.184172|risk_atr=0.15807,653.65,17,11112.05,-47.94,-0.43,0,3.74,0.03,-47.94,-0.43,23.76,0.10,2
61,Exit short,2025-12-09 15:50,sl1|exit_reason=stop|mfe_r=0.561677,657.82,35,22972.95,-50.75,-0.22,0,26.95,0.12,-50.75,-0.22,-26.99,-0.11,5
61,Entry short,2025-12-09 15:25,sl1|setup=vwap_loss|side=short|grade=B|size=half|score=4|window=power|tier=core|rvol=0.855572|rs_vs_spy=-1.115854|gap_atr=-0.182012|ext_atr=0.018727|risk_atr=0.08,656.37,35,22972.95,-50.75,-0.22,0,26.95,0.12,-50.75,-0.22,-26.99,-0.11,5
62,Exit short,2025-12-10 09:45,sl1|exit_reason=stop|mfe_r=0,650.26,36,23357.88,-51.48,-0.22,0,0,0.00,-51.48,-0.22,-78.47,-0.31,1
62,Entry short,2025-12-10 09:40,sl1|setup=orb_break|side=short|grade=B|size=half|score=4|window=open|tier=core|rvol=0.567892|rs_vs_spy=-0.154702|gap_atr=-0.417657|ext_atr=0.064645|risk_atr=0.08,648.83,36,23357.88,-51.48,-0.22,0,0,0.00,-51.48,-0.22,-78.47,-0.31,1
63,Exit long,2025-12-11 10:50,sl1|exit_reason=be|mfe_r=1.39661,648.86,10,6489,-0.4,-0.01,0,63.5,0.98,-26,-0.40,-78.87,-0.32,14
63,Entry long,2025-12-11 09:40,sl1|setup=orb_retest|side=long|grade=B|size=half|score=3|window=open|tier=core|rvol=0.568606|rs_vs_spy=0.747657|gap_atr=-0.370428|ext_atr=0.227283|risk_atr=0.267968,648.9,10,6489,-0.4,-0.01,0,63.5,0.98,-26,-0.40,-78.87,-0.32,14
64,Exit short,2025-12-12 10:00,sl1|exit_reason=stop|mfe_r=0.569932,650.4,20,12958,-50,-0.39,0,27.6,0.21,-50,-0.39,-128.87,-0.52,4
64,Entry short,2025-12-12 09:40,sl1|setup=vwap_loss|side=short|grade=B|size=half|score=4|window=open|tier=core|rvol=0.687564|rs_vs_spy=-0.303364|gap_atr=-0.156178|ext_atr=0.095871|risk_atr=0.145871,647.9,20,12958,-50,-0.39,0,27.6,0.21,-50,-0.39,-128.87,-0.52,4
65,Exit long,2025-12-15 09:50,sl1|exit_reason=stop|mfe_r=0.058743,645.77,30,19422.9,-49.8,-0.26,0,2.4,0.01,-49.8,-0.26,-178.67,-0.71,2
65,Entry long,2025-12-15 09:40,sl1|setup=orb_break|side=long|grade=B|size=half|score=4|window=open|tier=core|rvol=0.598406|rs_vs_spy=0.568934|gap_atr=0.087719|ext_atr=0.147564|risk_atr=0.097164,647.43,30,19422.9,-49.8,-0.26,0,2.4,0.01,-49.8,-0.26,-178.67,-0.71,2
66,Exit short,2025-12-15 10:15,sl1|exit_reason=stop|mfe_r=0,642.4,37,23717.74,-51.06,-0.22,0,10.36,0.04,-51.06,-0.22,-229.73,-0.92,1
66,Entry short,2025-12-15 10:10,sl1|setup=orb_break|side=short|grade=B|size=half|score=4|window=open|tier=core|rvol=0.628532|rs_vs_spy=-0.087328|gap_atr=0.087719|ext_atr=0.21195|risk_atr=0.08,641.02,37,23717.74,-51.06,-0.22,0,10.36,0.04,-51.06,-0.22,-229.73,-0.92,1
67,Exit long,2025-12-16 09:40,sl1|exit_reason=stop|mfe_r=0,647.71,37,24016.33,-51.06,-0.21,0,18.87,0.08,-51.06,-0.21,-280.79,-1.12,1
67,Entry long,2025-12-16 09:35,sl1|setup=orb_break|side=long|grade=B|size=half|score=4|window=open|tier=core|rvol=0.419985|rs_vs_spy=0.8273|gap_atr=-0.243982|ext_atr=0.104299|risk_atr=0.080953,649.09,37,24016.33,-51.06,-0.21,0,18.87,0.08,-51.06,-0.21,-280.79,-1.12,1
68,Exit long,2025-12-16 10:00,sl1|exit_reason=stop|mfe_r=0,652.15,34,22223.76,-50.66,-0.23,0,18.36,0.08,-50.66,-0.23,-331.45,-1.33,1
68,Entry long,2025-12-16 09:55,sl1|setup=pdh_break|side=long|grade=B|size=half|score=4|window=open|tier=core|rvol=0.559906|rs_vs_spy=1.341502|gap_atr=-0.243982|ext_atr=0.255721|risk_atr=0.087629,653.64,34,22223.76,-50.66,-0.23,0,18.36,0.08,-50.66,-0.23,-331.45,-1.33,1
69,Exit long,2025-12-18 10:00,sl1|exit_reason=be|mfe_r=1.188221,661.99,31,20522.93,-1.24,-0.01,0,58.59,0.29,-26.35,-0.13,-332.69,-1.33,2
69,Entry long,2025-12-18 09:50,sl1|setup=pdh_break|side=long|grade=B|size=half|score=4|window=open|tier=core|rvol=1.142236|rs_vs_spy=0.665754|gap_atr=0.501563|ext_atr=0.124973|risk_atr=0.098321,662.03,31,20522.93,-1.24,-0.01,0,58.59,0.29,-26.35,-0.13,-332.69,-1.33,2
70,Exit short,2025-12-19 10:15,sl1|exit_reason=be|mfe_r=0.779124,661.78,37,24484.38,-1.48,-0.01,0,37.74,0.15,-41.81,-0.17,-334.17,-1.34,3
70,Entry short,2025-12-19 10:00,sl1|setup=orb_break|side=short|grade=B|size=half|score=4|window=open|tier=core|rvol=1.157815|rs_vs_spy=-1.158371|gap_atr=0.104283|ext_atr=0.098875|risk_atr=0.08,661.74,37,24484.38,-1.48,-0.01,0,37.74,0.15,-41.81,-0.17,-334.17,-1.34,3
71,Exit short,2025-12-19 15:20,sl1|exit_reason=be|mfe_r=0.921464,665.94,37,24617.95,-21.83,-0.09,0,44.77,0.18,-25.9,-0.11,-356,-1.42,2
71,Entry short,2025-12-19 15:10,sl1|setup=vwap_loss|side=short|grade=B|size=half|score=4|window=power|tier=core|rvol=1.160958|rs_vs_spy=-0.663625|gap_atr=0.104283|ext_atr=0.001214|risk_atr=0.08,665.35,37,24617.95,-21.83,-0.09,0,44.77,0.18,-25.9,-0.11,-356,-1.42,2
72,Exit short,2025-12-19 15:45,sl1|exit_reason=stop|mfe_r=0,666.57,37,24612.4,-50.69,-0.21,0,0,0.00,-50.69,-0.21,-406.69,-1.63,1
72,Entry short,2025-12-19 15:40,sl1|setup=vwap_loss|side=short|grade=B|size=half|score=4|window=power|tier=core|rvol=1.207877|rs_vs_spy=-0.61152|gap_atr=0.104283|ext_atr=0.011312|risk_atr=0.08,665.2,37,24612.4,-50.69,-0.21,0,0,0.00,-50.69,-0.21,-406.69,-1.63,1
73,Exit long,2025-12-22 09:50,sl1|exit_reason=trail|mfe_r=1.672203,670.7,34,22739.88,63.92,0.28,0,162.52,0.71,-5.1,-0.02,-342.77,-1.37,3
73,Entry long,2025-12-22 09:35,sl1|setup=orb_break|side=long|grade=A|size=full|score=5|window=open|tier=core|rvol=1.613838|rs_vs_spy=1.194204|gap_atr=0.192878|ext_atr=0.199883|risk_atr=0.174929,668.82,34,22739.88,63.92,0.28,0,162.52,0.71,-5.1,-0.02,-342.77,-1.37,3
74,Exit long,2025-12-23 09:50,sl1|exit_reason=be|mfe_r=1.071234,663.2,27,17907.48,-1.08,-0.01,0,51.3,0.29,-1.08,-0.01,-343.85,-1.38,2
74,Entry long,2025-12-23 09:40,sl1|setup=orb_retest|side=long|grade=B|size=half|score=4|window=open|tier=core|rvol=0.67922|rs_vs_spy=0.296614|gap_atr=-0.116742|ext_atr=0.098638|risk_atr=0.108979,663.24,27,17907.48,-1.08,-0.01,0,51.3,0.29,-1.08,-0.01,-343.85,-1.38,2
75,Exit long,2025-12-23 15:40,sl1|exit_reason=time|mfe_r=0.086624,665.17,28,18644.36,-19.6,-0.11,0,3.64,0.02,-22.96,-0.12,-363.45,-1.45,6
75,Entry long,2025-12-23 15:10,sl1|setup=hod_break|side=long|grade=B|size=half|score=4|window=power|tier=core|rvol=0.514465|rs_vs_spy=0.385435|gap_atr=-0.116742|ext_atr=0.140297|risk_atr=0.105288,665.87,28,18644.36,-19.6,-0.11,0,3.64,0.02,-22.96,-0.12,-363.45,-1.45,6
76,Exit long,2025-12-24 10:20,sl1|exit_reason=stop|mfe_r=0.587219,665.21,38,25329.66,-51.68,-0.20,0,28.5,0.11,-51.68,-0.20,-415.13,-1.66,6
76,Entry long,2025-12-24 09:50,sl1|setup=orb_break|side=long|grade=B|size=half|score=4|window=open|tier=core|rvol=0.414676|rs_vs_spy=0.550159|gap_atr=-0.165873|ext_atr=0.088297|risk_atr=0.082859,666.57,38,25329.66,-51.68,-0.20,0,28.5,0.11,-51.68,-0.20,-415.13,-1.66,6
77,Exit short,2025-12-26 10:55,sl1|exit_reason=be|mfe_r=1.430028,665.52,41,27284.68,-1.64,-0.01,0,70.11,0.26,-27.47,-0.10,-416.77,-1.67,10
77,Entry short,2025-12-26 10:05,sl1|setup=orb_break|side=short|grade=B|size=half|score=4|window=open|tier=core|rvol=0.42653|rs_vs_spy=-0.343975|gap_atr=0.08729|ext_atr=0.098492|risk_atr=0.08,665.48,41,27284.68,-1.64,-0.01,0,70.11,0.26,-27.47,-0.10,-416.77,-1.67,10
78,Exit short,2025-12-29 10:00,sl1|exit_reason=stop|mfe_r=0.114598,658.56,26,17071.6,-50.96,-0.30,0,5.2,0.03,-50.96,-0.30,-467.73,-1.87,3
78,Entry short,2025-12-29 09:45,sl1|setup=vwap_loss|side=short|grade=B|size=half|score=4|window=open|tier=core|rvol=0.644165|rs_vs_spy=-0.256269|gap_atr=-0.355113|ext_atr=0.081608|risk_atr=0.131608,656.6,26,17071.6,-50.96,-0.30,0,5.2,0.03,-50.96,-0.30,-467.73,-1.87,3
79,Exit long,2025-12-30 10:05,sl1|exit_reason=trail|mfe_r=3.347646,670.78,35,23364.6,112.7,0.48,0,162.05,0.69,-7.7,-0.03,-355.03,-1.42,4
79,Entry long,2025-12-30 09:45,sl1|setup=orb_break|side=long|grade=B|size=half|score=4|window=open|tier=core|rvol=1.361062|rs_vs_spy=1.24827|gap_atr=0.003526|ext_atr=0.161035|risk_atr=0.097952,667.56,35,23364.6,112.7,0.48,0,162.05,0.69,-7.7,-0.03,-355.03,-1.42,4
80,Exit long,2025-12-30 14:35,sl1|exit_reason=time|mfe_r=0.431925,667.21,44,29355.48,1.76,0.01,0,20.68,0.07,-14.96,-0.05,-353.27,-1.41,6
80,Entry long,2025-12-30 14:05,sl1|setup=vwap_reclaim|side=long|grade=B|size=half|score=4|window=power|tier=core|rvol=0.86826|rs_vs_spy=1.244347|gap_atr=0.003526|ext_atr=0.007607|risk_atr=0.08,667.17,44,29355.48,1.76,0.01,0,20.68,0.07,-14.96,-0.05,-353.27,-1.41,6
81,Exit short,2025-12-31 09:40,sl1|exit_reason=be|mfe_r=0.774924,662.45,44,29134.6,-13.2,-0.05,0,37.84,0.13,-13.2,-0.05,-366.47,-1.47,1
81,Entry short,2025-12-31 09:35,sl1|setup=orb_break|side=short|grade=B|size=half|score=4|window=open|tier=core|rvol=0.663922|rs_vs_spy=-0.206919|gap_atr=-0.103206|ext_atr=0.060504|risk_atr=0.08,662.15,44,29134.6,-13.2,-0.05,0,37.84,0.13,-13.2,-0.05,-366.47,-1.47,1
82,Exit short,2025-12-31 15:40,sl1|exit_reason=time|mfe_r=0.401948,660.05,21,13868.4,7.35,0.05,0,18.9,0.14,-16.59,-0.12,-359.12,-1.44,6
82,Entry short,2025-12-31 15:10,sl1|setup=lod_break|side=short|grade=B|size=half|score=4|window=power|tier=core|rvol=0.571451|rs_vs_spy=-0.058398|gap_atr=-0.103206|ext_atr=0.151031|risk_atr=0.161244,660.4,21,13868.4,7.35,0.05,0,18.9,0.14,-16.59,-0.12,-359.12,-1.44,6
83,Exit short,2026-01-02 09:45,sl1|exit_reason=stop|mfe_r=0.147309,658.21,23,15087.77,-51.06,-0.34,0,6.9,0.05,-51.06,-0.34,-410.18,-1.64,2
83,Entry short,2026-01-02 09:35,sl1|setup=orb_break|side=short|grade=B|size=half|score=4|window=open|tier=core|rvol=1.045115|rs_vs_spy=-0.88235|gap_atr=0.22534|ext_atr=0.175272|risk_atr=0.159189,655.99,23,15087.77,-51.06,-0.34,0,6.9,0.05,-51.06,-0.34,-410.18,-1.64,2
84,Exit short,2026-01-02 10:40,sl1|exit_reason=time|mfe_r=0.396355,656.36,10,6554.6,-9,-0.14,0,18.2,0.28,-14.2,-0.22,-419.18,-1.68,6
84,Entry short,2026-01-02 10:10,sl1|setup=pdl_retest|side=short|grade=B|size=half|score=4|window=open|tier=core|rvol=1.271451|rs_vs_spy=-0.943326|gap_atr=0.22534|ext_atr=0.227442|risk_atr=0.340194,655.46,10,6554.6,-9,-0.14,0,18.2,0.28,-14.2,-0.22,-419.18,-1.68,6
85,Exit long,2026-01-05 15:50,sl1|exit_reason=eod|mfe_r=1.468789,658.85,10,6575.9,12.6,0.19,0,69.1,1.05,-4.6,-0.07,-406.58,-1.63,75
85,Entry long,2026-01-05 09:35,sl1|setup=orb_break|side=long|grade=B|size=half|score=4|window=open|tier=core|rvol=1.143959|rs_vs_spy=0.939016|gap_atr=0.02683|ext_atr=0.268568|risk_atr=0.333123,657.59,10,6575.9,12.6,0.19,0,69.1,1.05,-4.6,-0.07,-406.58,-1.63,75
86,Exit short,2026-01-06 09:55,sl1|exit_reason=be|mfe_r=0.850172,656.14,14,9185.4,-0.56,-0.01,0,40.04,0.44,-4.48,-0.05,-407.14,-1.63,4
86,Entry short,2026-01-06 09:35,sl1|setup=orb_break|side=short|grade=B|size=half|score=4|window=open|tier=core|rvol=0.664166|rs_vs_spy=-0.553432|gap_atr=0.054352|ext_atr=0.176703|risk_atr=0.23605,656.1,14,9185.4,-0.56,-0.01,0,40.04,0.44,-4.48,-0.05,-407.14,-1.63,4
87,Exit long,2026-01-06 14:20,sl1|exit_reason=stop|mfe_r=0.442346,660.9,15,9961.95,-48.45,-0.49,0,20.85,0.21,-48.45,-0.49,-455.59,-1.82,4
87,Entry long,2026-01-06 14:00,sl1|setup=orb_retest|side=long|grade=B|size=half|score=4|window=power|tier=core|rvol=0.933722|rs_vs_spy=0.139056|gap_atr=0.054352|ext_atr=0.516206|risk_atr=0.222114,664.13,15,9961.95,-48.45,-0.49,0,20.85,0.21,-48.45,-0.49,-455.59,-1.82,4
88,Exit short,2026-01-07 10:10,sl1|exit_reason=trail|mfe_r=5.679421,647.95,34,22261.84,231.54,1.04,0,290.02,1.30,-23.46,-0.11,-224.05,-0.90,6
88,Entry short,2026-01-07 09:40,sl1|setup=orb_break|side=short|grade=B|size=half|score=4|window=open|tier=core|rvol=0.807059|rs_vs_spy=-0.276083|gap_atr=-0.314713|ext_atr=0.143405|risk_atr=0.102452,654.76,34,22261.84,231.54,1.04,0,290.02,1.30,-23.46,-0.11,-224.05,-0.90,6
89,Exit short,2026-01-07 15:40,sl1|exit_reason=trail|mfe_r=1.764066,649.27,40,26006.8,36,0.14,0,86.8,0.33,-47.2,-0.18,-188.05,-0.75,18
89,Entry short,2026-01-07 14:10,sl1|setup=vwap_loss|side=short|grade=B|size=half|score=4|window=power|tier=core|rvol=1.216966|rs_vs_spy=-0.863018|gap_atr=-0.314713|ext_atr=0.036822|risk_atr=0.086822,650.17,40,26006.8,36,0.14,0,86.8,0.33,-47.2,-0.18,-188.05,-0.75,18
90,Exit long,2026-01-08 15:50,sl1|exit_reason=stop|mfe_r=0.103009,645.21,30,19407.3,-51,-0.26,0,4.5,0.02,-51,-0.26,-239.05,-0.96,3
90,Entry long,2026-01-08 15:35,sl1|setup=orb_retest|side=long|grade=B|size=half|score=4|window=power|tier=core|rvol=1.134975|rs_vs_spy=0.084524|gap_atr=-0.208236|ext_atr=0.359762|risk_atr=0.114553,646.91,30,19407.3,-51,-0.26,0,4.5,0.02,-51,-0.26,-239.05,-0.96,3
91,Exit long,2026-01-09 09:40,sl1|exit_reason=stop|mfe_r=0,646.29,16,10389.12,-48.48,-0.47,0,14.88,0.14,-48.48,-0.47,-287.53,-1.15,1
91,Entry long,2026-01-09 09:35,sl1|setup=orb_break|side=long|grade=B|size=half|score=4|window=open|tier=core|rvol=1.055859|rs_vs_spy=0.413041|gap_atr=-0.039849|ext_atr=0.099714|risk_atr=0.208696,649.32,16,10389.12,-48.48,-0.47,0,14.88,0.14,-48.48,-0.47,-287.53,-1.15,1
92,Exit long,2026-01-09 10:05,sl1|exit_reason=be|mfe_r=0.882615,647.4,43,27839.92,-1.72,-0.01,0,42.57,0.15,-27.95,-0.10,-289.25,-1.16,2
92,Entry long,2026-01-09 09:55,sl1|setup=pdh_retest|side=long|grade=B|size=half|score=4|window=open|tier=core|rvol=1.154331|rs_vs_spy=0.188357|gap_atr=-0.039849|ext_atr=0.005542|risk_atr=0.08,647.44,43,27839.92,-1.72,-0.01,0,42.57,0.15,-27.95,-0.10,-289.25,-1.16,2
93,Exit short,2026-01-12 15:50,sl1|exit_reason=eod|mfe_r=1.333977,642.23,17,10964.66,46.75,0.43,0,64.09,0.58,-0.34,0.00,-242.5,-0.97,2
93,Entry short,2026-01-12 15:40,sl1|setup=lod_break|side=short|grade=B|size=half|score=4|window=power|tier=core|rvol=0.990326|rs_vs_spy=-1.884759|gap_atr=-0.003534|ext_atr=0.221549|risk_atr=0.200834,644.98,17,10964.66,46.75,0.43,0,64.09,0.58,-0.34,0.00,-242.5,-0.97,2
94,Exit short,2026-01-13 09:45,sl1|exit_reason=stop|mfe_r=0,637.83,34,21635.9,-50.32,-0.23,0,7.48,0.03,-50.32,-0.23,-292.82,-1.17,1
94,Entry short,2026-01-13 09:40,sl1|setup=orb_break|side=short|grade=B|size=half|score=4|window=open|tier=core|rvol=1.368126|rs_vs_spy=-0.780391|gap_atr=-0.02029|ext_atr=0.13547|risk_atr=0.10197,636.35,34,21635.9,-50.32,-0.23,0,7.48,0.03,-50.32,-0.23,-292.82,-1.17,1
95,Exit short,2026-01-13 12:20,sl1|exit_reason=be|mfe_r=1.332322,628.66,29,18229.98,-1.16,-0.01,0,64.67,0.35,-15.66,-0.09,-293.98,-1.18,4
95,Entry short,2026-01-13 12:00,sl1|setup=vwap_loss|side=short|grade=A|size=half|score=5|window=midday|tier=core|rvol=1.838194|rs_vs_spy=-1.970607|gap_atr=-0.02029|ext_atr=0.070228|risk_atr=0.120228,628.62,29,18229.98,-1.16,-0.01,0,64.67,0.35,-15.66,-0.09,-293.98,-1.18,4
96,Exit short,2026-01-14 09:50,sl1|exit_reason=stop|mfe_r=0,624.55,19,11818,-48.45,-0.41,0,0,0.00,-48.45,-0.41,-342.43,-1.37,2
96,Entry short,2026-01-14 09:40,sl1|setup=orb_break|side=short|grade=B|size=half|score=4|window=open|tier=core|rvol=0.967718|rs_vs_spy=-0.476432|gap_atr=-0.318665|ext_atr=0.201042|risk_atr=0.174468,622,19,11818,-48.45,-0.41,0,0,0.00,-48.45,-0.41,-342.43,-1.37,2
97,Exit long,2026-01-15 09:40,sl1|exit_reason=stop|mfe_r=0,617.97,43,26624.31,-51.6,-0.19,0,44.29,0.17,-51.6,-0.19,-394.03,-1.58,1
97,Entry long,2026-01-15 09:35,sl1|setup=orb_break|side=long|grade=B|size=half|score=4|window=open|tier=core|rvol=1.388898|rs_vs_spy=0.21378|gap_atr=0.180259|ext_atr=0.056926|risk_atr=0.08,619.17,43,26624.31,-51.6,-0.19,0,44.29,0.17,-51.6,-0.19,-394.03,-1.58,1
98,Exit long,2026-01-16 09:45,sl1|exit_reason=be|mfe_r=0.958236,625.88,36,22533.12,-1.44,-0.01,0,65.52,0.29,-47.16,-0.21,-395.47,-1.58,2
98,Entry long,2026-01-16 09:35,sl1|setup=orb_break|side=long|grade=B|size=half|score=4|window=open|tier=core|rvol=1.264896|rs_vs_spy=0.279621|gap_atr=0.229601|ext_atr=0.122074|risk_atr=0.097686,625.92,36,22533.12,-1.44,-0.01,0,65.52,0.29,-47.16,-0.21,-395.47,-1.58,2
99,Exit long,2026-01-20 10:35,sl1|exit_reason=be|mfe_r=1.420627,609.19,33,20104.59,-1.32,-0.01,0,69.63,0.35,-46.86,-0.23,-396.79,-1.59,5
99,Entry long,2026-01-20 10:10,sl1|setup=orb_break|side=long|grade=B|size=half|score=3|window=open|tier=core|rvol=0.953283|rs_vs_spy=0.112574|gap_atr=-0.867499|ext_atr=0.186448|risk_atr=0.108752,609.23,33,20104.59,-1.32,-0.01,0,69.63,0.35,-46.86,-0.23,-396.79,-1.59,5
100,Exit long,2026-01-21 15:15,sl1|exit_reason=time|mfe_r=0.259678,614.32,8,4934.4,-19.84,-0.40,0,11.68,0.24,-20.96,-0.42,-416.63,-1.67,6
100,Entry long,2026-01-21 14:45,sl1|setup=hod_break|side=long|grade=B|size=half|score=4|window=power|tier=core|rvol=0.886492|rs_vs_spy=0.38375|gap_atr=0.143174|ext_atr=0.568397|risk_atr=0.4,616.8,8,4934.4,-19.84,-0.40,0,11.68,0.24,-20.96,-0.42,-416.63,-1.67,6
101,Exit long,2026-01-22 09:40,sl1|exit_reason=stop|mfe_r=0,633.22,86,54560.98,-104.06,-0.19,0,0,0.00,-104.06,-0.19,-520.69,-2.08,1
101,Entry long,2026-01-22 09:35,sl1|setup=orb_break|side=long|grade=A|size=full|score=5|window=open|tier=core|rvol=2.531327|rs_vs_spy=0.732974|gap_atr=1.118379|ext_atr=0.138426|risk_atr=0.08,634.43,86,54560.98,-104.06,-0.19,0,0,0.00,-104.06,-0.19,-520.69,-2.08,1
102,Exit long,2026-01-22 10:05,sl1|exit_reason=stop|mfe_r=0,631.98,86,54454.34,-104.06,-0.19,0,0,0.00,-104.06,-0.19,-624.75,-2.50,1
102,Entry long,2026-01-22 10:00,sl1|setup=vwap_reclaim|side=long|grade=A|size=full|score=5|window=open|tier=core|rvol=2.103093|rs_vs_spy=0.972272|gap_atr=1.118379|ext_atr=0.027965|risk_atr=0.08,633.19,86,54454.34,-104.06,-0.19,0,0,0.00,-104.06,-0.19,-624.75,-2.50,1
103,Exit long,2026-01-23 10:10,sl1|exit_reason=trail|mfe_r=2.514166,657.97,24,15719.52,71.76,0.46,0,144.48,0.92,-28.08,-0.18,-552.99,-2.21,4
103,Entry long,2026-01-23 09:50,sl1|setup=orb_break|side=long|grade=B|size=half|score=4|window=open|tier=core|rvol=1.328819|rs_vs_spy=1.600686|gap_atr=-0.168415|ext_atr=0.229096|risk_atr=0.118668,654.98,24,15719.52,71.76,0.46,0,144.48,0.92,-28.08,-0.18,-552.99,-2.21,4
104,Exit long,2026-01-26 09:40,sl1|exit_reason=stop|mfe_r=0,665.51,25,16687.25,-49.5,-0.30,0,36.25,0.22,-49.5,-0.30,-602.49,-2.41,1
104,Entry long,2026-01-26 09:35,sl1|setup=pdh_break|side=long|grade=B|size=half|score=4|window=open|tier=core|rvol=0.729513|rs_vs_spy=0.190154|gap_atr=0.370202|ext_atr=0.15076|risk_atr=0.11199,667.49,25,16687.25,-49.5,-0.30,0,36.25,0.22,-49.5,-0.30,-602.49,-2.41,1
105,Exit short,2026-01-27 09:50,sl1|exit_reason=stop|mfe_r=0.317901,672.19,13,8689.98,-48.49,-0.56,0,14.95,0.17,-48.49,-0.56,-650.98,-2.60,3
105,Entry short,2026-01-27 09:35,sl1|setup=orb_break|side=short|grade=B|size=half|score=4|window=open|tier=core|rvol=1.146479|rs_vs_spy=-0.822212|gap_atr=0.139471|ext_atr=0.196884|risk_atr=0.213878,668.46,13,8689.98,-48.49,-0.56,0,14.95,0.17,-48.49,-0.56,-650.98,-2.60,3
106,Exit long,2026-01-28 10:00,sl1|exit_reason=stop|mfe_r=0.126135,674.37,37,25003.12,-51.43,-0.21,0,5.55,0.02,-51.43,-0.21,-702.41,-2.81,2
106,Entry long,2026-01-28 09:50,sl1|setup=orb_break|side=long|grade=B|size=half|score=4|window=open|tier=core|rvol=0.642791|rs_vs_spy=0.103908|gap_atr=0.08043|ext_atr=0.116626|risk_atr=0.08,675.76,37,25003.12,-51.43,-0.21,0,5.55,0.02,-51.43,-0.21,-702.41,-2.81,2
107,Exit short,2026-01-29 10:45,sl1|exit_reason=be|mfe_r=1.165714,720.28,15,10803.6,-0.6,-0.01,0,114.9,1.06,-83.4,-0.77,-703.01,-2.81,12
107,Entry short,2026-01-29 09:45,sl1|setup=orb_retest|side=short|grade=A|size=full|score=4|window=open|tier=core|rvol=7.047075|rs_vs_spy=-1.947684|gap_atr=4.200212|ext_atr=0.423957|risk_atr=0.4,720.24,15,10803.6,-0.6,-0.01,0,114.9,1.06,-83.4,-0.77,-703.01,-2.81,12
108,Exit short,2026-01-30 09:45,sl1|exit_reason=stop|mfe_r=0,724.37,30,21680.1,-51,-0.24,0,16.2,0.07,-51,-0.24,-754.01,-3.02,1
108,Entry short,2026-01-30 09:40,sl1|setup=orb_break|side=short|grade=B|size=half|score=4|window=open|tier=core|rvol=1.047119|rs_vs_spy=-0.865815|gap_atr=-0.502647|ext_atr=0.088386|risk_atr=0.08,722.67,30,21680.1,-51,-0.24,0,16.2,0.07,-51,-0.24,-754.01,-3.02,1
109,Exit short,2026-02-02 15:50,sl1|exit_reason=eod|mfe_r=0.510861,707.6,17,12030.22,1.02,0.01,0,24.48,0.20,-22.61,-0.19,-752.99,-3.01,4
109,Entry short,2026-02-02 15:30,sl1|setup=vwap_loss|side=short|grade=B|size=half|score=4|window=power|tier=core|rvol=0.667703|rs_vs_spy=-1.844655|gap_atr=-0.10544|ext_atr=0.086353|risk_atr=0.136353,707.66,17,12030.22,1.02,0.01,0,24.48,0.20,-22.61,-0.19,-752.99,-3.01,4
110,Exit long,2026-02-03 09:40,sl1|exit_reason=stop|mfe_r=0,709.44,11,7853.78,-49.94,-0.64,0,11.22,0.14,-49.94,-0.64,-802.93,-3.21,1
110,Entry long,2026-02-03 09:35,sl1|setup=orb_break|side=long|grade=B|size=half|score=4|window=open|tier=core|rvol=0.454593|rs_vs_spy=1.000565|gap_atr=0.045821|ext_atr=0.190292|risk_atr=0.216886,713.98,11,7853.78,-49.94,-0.64,0,11.22,0.14,-49.94,-0.64,-802.93,-3.21,1
111,Exit short,2026-02-03 10:45,sl1|exit_reason=trail|mfe_r=2.802193,697.62,14,9850.82,84.14,0.85,0,132.58,1.35,-6.44,-0.07,-718.79,-2.88,9
111,Entry short,2026-02-03 10:00,sl1|setup=orb_retest|side=short|grade=B|size=half|score=4|window=open|tier=core|rvol=0.53836|rs_vs_spy=-0.049024|gap_atr=0.045821|ext_atr=0.213703|risk_atr=0.163348,703.63,14,9850.82,84.14,0.85,0,132.58,1.35,-6.44,-0.07,-718.79,-2.88,9
112,Exit short,2026-02-04 10:05,sl1|exit_reason=trail|mfe_r=4.941354,670.47,26,17621.76,189.54,1.08,0,238.68,1.35,-16.38,-0.09,-529.25,-2.12,3
112,Entry short,2026-02-04 09:50,sl1|setup=orb_break|side=short|grade=B|size=half|score=4|window=open|tier=core|rvol=0.569913|rs_vs_spy=-1.423597|gap_atr=-0.180065|ext_atr=0.174519|risk_atr=0.086853,677.76,26,17621.76,189.54,1.08,0,238.68,1.35,-16.38,-0.09,-529.25,-2.12,3
113,Exit long,2026-02-05 09:40,sl1|exit_reason=stop|mfe_r=0,666.7,17,11382.01,-48.11,-0.42,0,18.19,0.16,-48.11,-0.42,-577.36,-2.31,1
113,Entry long,2026-02-05 09:35,sl1|setup=orb_break|side=long|grade=B|size=half|score=3|window=open|tier=core|rvol=0.514857|rs_vs_spy=0.726812|gap_atr=-0.266673|ext_atr=0.219741|risk_atr=0.128569,669.53,17,11382.01,-48.11,-0.42,0,18.19,0.16,-48.11,-0.42,-577.36,-2.31,1
114,Exit short,2026-02-06 09:45,sl1|exit_reason=trail|mfe_r=1.719777,661.03,16,10610.24,33.76,0.32,0,82.08,0.77,-1.28,-0.01,-543.6,-2.17,2
114,Entry short,2026-02-06 09:35,sl1|setup=orb_break|side=short|grade=B|size=half|score=4|window=open|tier=core|rvol=0.416384|rs_vs_spy=-0.824086|gap_atr=-0.208225|ext_atr=0.142071|risk_atr=0.135553,663.14,16,10610.24,33.76,0.32,0,82.08,0.77,-1.28,-0.01,-543.6,-2.17,2
115,Exit short,2026-02-06 10:15,sl1|exit_reason=be|mfe_r=0.929436,651.8,11,7153.96,-15.84,-0.22,0,42.46,0.59,-24.64,-0.34,-559.44,-2.24,3
115,Entry short,2026-02-06 10:00,sl1|setup=pdl_break|side=short|grade=B|size=half|score=4|window=open|tier=core|rvol=0.639538|rs_vs_spy=-2.650563|gap_atr=-0.208225|ext_atr=0.452025|risk_atr=0.188968,650.36,11,7153.96,-15.84,-0.22,0,42.46,0.59,-24.64,-0.34,-559.44,-2.24,3
116,Exit short,2026-02-06 15:05,sl1|exit_reason=be|mfe_r=1.425888,657.25,28,18401.88,-1.12,-0.01,0,70,0.38,-5.6,-0.03,-560.56,-2.24,3
116,Entry short,2026-02-06 14:50,sl1|setup=vwap_loss|side=short|grade=B|size=half|score=4|window=power|tier=core|rvol=0.853461|rs_vs_spy=-2.426845|gap_atr=-0.208225|ext_atr=0.027199|risk_atr=0.08,657.21,28,18401.88,-1.12,-0.01,0,70,0.38,-5.6,-0.03,-560.56,-2.24,3
117,Exit short,2026-02-09 10:10,sl1|exit_reason=stop|mfe_r=0,661.11,27,17800.56,-49.41,-0.28,0,0,0.00,-49.41,-0.28,-609.97,-2.44,2
117,Entry short,2026-02-09 10:00,sl1|setup=orb_break|side=short|grade=B|size=half|score=4|window=open|tier=core|rvol=0.599326|rs_vs_spy=-0.85883|gap_atr=0.082161|ext_atr=0.219604|risk_atr=0.08,659.28,27,17800.56,-49.41,-0.28,0,0,0.00,-49.41,-0.28,-609.97,-2.44,2
118,Exit short,2026-02-10 09:50,sl1|exit_reason=trail|mfe_r=1.748507,673.74,20,13509.6,34.8,0.26,0,83,0.61,-9.8,-0.07,-575.17,-2.30,2
118,Entry short,2026-02-10 09:40,sl1|setup=vwap_loss|side=short|grade=B|size=half|score=4|window=open|tier=core|rvol=0.297604|rs_vs_spy=-0.230531|gap_atr=0.033791|ext_atr=0.056037|risk_atr=0.106037,675.48,20,13509.6,34.8,0.26,0,83,0.61,-9.8,-0.07,-575.17,-2.30,2
119,Exit short,2026-02-10 15:35,sl1|exit_reason=time|mfe_r=0.402035,673.63,19,12765.34,-33.63,-0.26,0,19,0.15,-36.48,-0.29,-608.8,-2.44,6
119,Entry short,2026-02-10 15:05,sl1|setup=vwap_loss|side=short|grade=B|size=half|score=4|window=power|tier=core|rvol=0.456556|rs_vs_spy=-0.689644|gap_atr=0.033791|ext_atr=0.062805|risk_atr=0.112805,671.86,19,12765.34,-33.63,-0.26,0,19,0.15,-36.48,-0.29,-608.8,-2.44,6
120,Exit short,2026-02-12 09:50,sl1|exit_reason=be|mfe_r=0.803721,666.53,18,11996.82,-0.72,-0.01,0,39.06,0.33,-27.54,-0.23,-609.52,-2.44,3
120,Entry short,2026-02-12 09:35,sl1|setup=orb_break|side=short|grade=B|size=half|score=4|window=open|tier=core|rvol=0.453865|rs_vs_spy=-0.516903|gap_atr=0.029498|ext_atr=0.156774|risk_atr=0.125588,666.49,18,11996.82,-0.72,-0.01,0,39.06,0.33,-27.54,-0.23,-609.52,-2.44,3
121,Exit short,2026-02-13 15:45,sl1|exit_reason=trail|mfe_r=3.27872,641.62,27,17432.55,108.81,0.62,0,157.68,0.90,-4.05,-0.02,-500.71,-2.00,12
121,Entry short,2026-02-13 14:45,sl1|setup=vwap_loss|side=short|grade=B|size=half|score=4|window=power|tier=core|rvol=0.747269|rs_vs_spy=-0.162265|gap_atr=-0.228727|ext_atr=0.011526|risk_atr=0.08,645.65,27,17432.55,108.81,0.62,0,157.68,0.90,-4.05,-0.02,-500.71,-2.00,12
122,Exit short,2026-02-17 11:00,sl1|exit_reason=be|mfe_r=0.936146,636.32,6,3817.68,-0.24,-0.01,0,44.52,1.17,-6.3,-0.17,-500.95,-2.00,16
122,Entry short,2026-02-17 09:40,sl1|setup=orb_fail|side=short|grade=B|size=half|score=3|window=open|tier=core|rvol=0.875741|rs_vs_spy=-0.593784|gap_atr=-0.009567|ext_atr=0.080042|risk_atr=0.36208,636.28,6,3817.68,-0.24,-0.01,0,44.52,1.17,-6.3,-0.17,-500.95,-2.00,16
123,Exit short,2026-02-18 09:50,sl1|exit_reason=stop|mfe_r=0,633.43,58,36637.44,-101.5,-0.28,0,14.5,0.04,-101.5,-0.28,-602.45,-2.41,1
123,Entry short,2026-02-18 09:45,sl1|setup=vwap_loss|side=short|grade=A|size=full|score=5|window=open|tier=core|rvol=1.581078|rs_vs_spy=-0.254553|gap_atr=-0.267697|ext_atr=0.008652|risk_atr=0.08,631.68,58,36637.44,-101.5,-0.28,0,14.5,0.04,-101.5,-0.28,-602.45,-2.41,1
124,Exit long,2026-02-19 09:45,sl1|exit_reason=stop|mfe_r=0,641.29,26,16724.24,-50.7,-0.30,0,25.22,0.15,-50.7,-0.30,-653.15,-2.61,1
124,Entry long,2026-02-19 09:40,sl1|setup=orb_break|side=long|grade=B|size=half|score=4|window=open|tier=core|rvol=0.706037|rs_vs_spy=0.590244|gap_atr=-0.214302|ext_atr=0.142536|risk_atr=0.090389,643.24,26,16724.24,-50.7,-0.30,0,25.22,0.15,-50.7,-0.30,-653.15,-2.61,1
125,Exit long,2026-02-20 09:50,sl1|exit_reason=trail|mfe_r=1.692738,648.6,17,10992.71,33.49,0.30,0,83.3,0.76,-5.27,-0.05,-619.66,-2.48,3
125,Entry long,2026-02-20 09:35,sl1|setup=orb_break|side=long|grade=B|size=half|score=3|window=open|tier=core|rvol=0.810221|rs_vs_spy=0.885779|gap_atr=-0.264666|ext_atr=0.093693|risk_atr=0.143397,646.63,17,10992.71,33.49,0.30,0,83.3,0.76,-5.27,-0.05,-619.66,-2.48,3
126,Exit short,2026-02-23 14:35,sl1|exit_reason=time|mfe_r=0.252741,639.9,14,8955.24,-3.36,-0.04,0,12.18,0.14,-11.06,-0.12,-623.02,-2.49,6
126,Entry short,2026-02-23 14:05,sl1|setup=lod_break|side=short|grade=B|size=half|score=4|window=power|tier=core|rvol=0.674314|rs_vs_spy=-1.129367|gap_atr=-0.145663|ext_atr=0.310657|risk_atr=0.170979,639.66,14,8955.24,-3.36,-0.04,0,12.18,0.14,-11.06,-0.12,-623.02,-2.49,6
127,Exit short,2026-02-23 15:25,sl1|exit_reason=be|mfe_r=0.806852,637.69,24,15303.6,-0.96,-0.01,0,39.6,0.26,-5.28,-0.03,-623.98,-2.50,6
127,Entry short,2026-02-23 14:55,sl1|setup=pdl_break|side=short|grade=B|size=half|score=4|window=power|tier=core|rvol=0.707751|rs_vs_spy=-1.315221|gap_atr=-0.145663|ext_atr=0.367533|risk_atr=0.100497,637.65,24,15303.6,-0.96,-0.01,0,39.6,0.26,-5.28,-0.03,-623.98,-2.50,6
128,Exit short,2026-02-24 10:25,sl1|exit_reason=time|mfe_r=0.294036,635.5,8,5046.32,-37.68,-0.75,0,14.48,0.29,-42.48,-0.84,-661.66,-2.65,6
128,Entry short,2026-02-24 09:55,sl1|setup=pdl_retest|side=short|grade=B|size=half|score=4|window=open|tier=core|rvol=0.833118|rs_vs_spy=-0.597979|gap_atr=-0.189123|ext_atr=0.135311|risk_atr=0.301036,630.79,8,5046.32,-37.68,-0.75,0,14.48,0.29,-42.48,-0.84,-661.66,-2.65,6
129,Exit long,2026-02-25 10:15,sl1|exit_reason=time|mfe_r=0.43387,648.98,10,6495.2,-5.4,-0.08,0,20.9,0.32,-7.5,-0.12,-667.06,-2.67,6
129,Entry long,2026-02-25 09:45,sl1|setup=orb_break|side=long|grade=B|size=half|score=4|window=open|tier=core|rvol=1.056554|rs_vs_spy=0.854735|gap_atr=0.162978|ext_atr=0.185651|risk_atr=0.242384,649.52,10,6495.2,-5.4,-0.08,0,20.9,0.32,-7.5,-0.12,-667.06,-2.67,6
130,Exit long,2026-02-26 10:00,sl1|exit_reason=be|mfe_r=1.466268,656.16,15,9843,-0.6,-0.01,0,71.7,0.73,-14.4,-0.15,-667.66,-2.67,5
130,Entry long,2026-02-26 09:35,sl1|setup=orb_break|side=long|grade=B|size=half|score=4|window=open|tier=core|rvol=0.991036|rs_vs_spy=1.025528|gap_atr=-0.165207|ext_atr=0.147818|risk_atr=0.166407,656.2,15,9843,-0.6,-0.01,0,71.7,0.73,-14.4,-0.15,-667.66,-2.67,5
131,Exit long,2026-03-02 10:10,sl1|exit_reason=time|mfe_r=0.279474,649.87,9,5847.21,1.62,0.03,0,13.68,0.23,-42.12,-0.72,-666.04,-2.66,6
131,Entry long,2026-03-02 09:40,sl1|setup=orb_break|side=long|grade=B|size=half|score=3|window=open|tier=core|rvol=1.046804|rs_vs_spy=1.45343|gap_atr=-0.572706|ext_atr=0.245145|risk_atr=0.286892,649.69,9,5847.21,1.62,0.03,0,13.68,0.23,-42.12,-0.72,-666.04,-2.66,6
132,Exit long,2026-03-04 10:45,sl1|exit_reason=trail|mfe_r=1.984898,668.27,13,8639.28,48.23,0.56,0,98.15,1.14,-4.03,-0.05,-617.81,-2.47,11
132,Entry long,2026-03-04 09:50,sl1|setup=vwap_reclaim|side=long|grade=B|size=half|score=4|window=open|tier=core|rvol=1.092218|rs_vs_spy=0.949839|gap_atr=0.170633|ext_atr=0.143678|risk_atr=0.193678,664.56,13,8639.28,48.23,0.56,0,98.15,1.14,-4.03,-0.05,-617.81,-2.47,11
133,Exit long,2026-03-05 09:50,sl1|exit_reason=stop|mfe_r=0,666.37,31,20707.38,-49.91,-0.24,0,0.62,0.00,-49.91,-0.24,-667.72,-2.67,1
133,Entry long,2026-03-05 09:45,sl1|setup=orb_break|side=long|grade=B|size=half|score=4|window=open|tier=core|rvol=1.04166|rs_vs_spy=0.689901|gap_atr=-0.249125|ext_atr=0.175438|risk_atr=0.08,667.98,31,20707.38,-49.91,-0.24,0,0.62,0.00,-49.91,-0.24,-667.72,-2.67,1
134,Exit short,2026-03-06 15:40,sl1|exit_reason=be|mfe_r=1.217581,643.51,31,19947.57,-1.24,-0.01,0,58.59,0.29,-4.65,-0.02,-668.96,-2.68,3
134,Entry short,2026-03-06 15:25,sl1|setup=vwap_loss|side=short|grade=B|size=half|score=4|window=power|tier=core|rvol=1.094719|rs_vs_spy=-0.54221|gap_atr=-0.621158|ext_atr=0.029756|risk_atr=0.08,643.47,31,19947.57,-1.24,-0.01,0,58.59,0.29,-4.65,-0.02,-668.96,-2.68,3
135,Exit short,2026-03-09 09:45,sl1|exit_reason=trail|mfe_r=1.609866,629.9,31,19555.73,28.83,0.15,0,79.05,0.40,-4.03,-0.02,-640.13,-2.56,2
135,Entry short,2026-03-09 09:35,sl1|setup=orb_break|side=short|grade=B|size=half|score=4|window=open|tier=core|rvol=1.148855|rs_vs_spy=-0.374514|gap_atr=-0.503631|ext_atr=0.133172|risk_atr=0.08,630.83,31,19555.73,28.83,0.15,0,79.05,0.40,-4.03,-0.02,-640.13,-2.56,2
136,Exit short,2026-03-09 14:30,sl1|exit_reason=stop|mfe_r=0.068905,634.75,31,19626.41,-50.84,-0.26,0,2.79,0.01,-50.84,-0.26,-690.97,-2.76,5
136,Entry short,2026-03-09 14:05,sl1|setup=vwap_loss|side=short|grade=B|size=half|score=4|window=power|tier=core|rvol=1.079115|rs_vs_spy=-0.666595|gap_atr=-0.503631|ext_atr=0.001123|risk_atr=0.08,633.11,31,19626.41,-50.84,-0.26,0,2.79,0.01,-50.84,-0.26,-690.97,-2.76,5
137,Exit long,2026-03-11 09:45,sl1|exit_reason=be|mfe_r=0.965376,656.66,27,17743.59,-13.77,-0.08,0,46.44,0.26,-16.74,-0.09,-704.74,-2.82,1
137,Entry long,2026-03-11 09:40,sl1|setup=vwap_reclaim|side=long|grade=B|size=half|score=4|window=open|tier=core|rvol=0.552966|rs_vs_spy=0.400439|gap_atr=0.040473|ext_atr=0.04234|risk_atr=0.09234,657.17,27,17743.59,-13.77,-0.08,0,46.44,0.26,-16.74,-0.09,-704.74,-2.82,1
138,Exit long,2026-03-11 15:25,sl1|exit_reason=time|mfe_r=0.281774,652.46,32,20910.72,-32,-0.15,0,13.44,0.06,-39.68,-0.19,-736.74,-2.95,6
138,Entry long,2026-03-11 14:55,sl1|setup=vwap_reclaim|side=long|grade=B|size=half|score=4|window=power|tier=core|rvol=0.884344|rs_vs_spy=0.142265|gap_atr=0.040473|ext_atr=0.007408|risk_atr=0.08,653.46,32,20910.72,-32,-0.15,0,13.44,0.06,-39.68,-0.19,-736.74,-2.95,6
139,Exit short,2026-03-12 12:20,sl1|exit_reason=trail|mfe_r=1.70624,642.51,12,7743.6,33.48,0.43,0,81.96,1.06,-23.64,-0.31,-703.26,-2.81,30
139,Entry short,2026-03-12 09:50,sl1|setup=pdl_retest|side=short|grade=B|size=half|score=4|window=open|tier=core|rvol=0.680957|rs_vs_spy=-0.168214|gap_atr=-0.335035|ext_atr=0.160103|risk_atr=0.21249,645.3,12,7743.6,33.48,0.43,0,81.96,1.06,-23.64,-0.31,-703.26,-2.81,30
140,Exit short,2026-03-13 11:45,sl1|exit_reason=be|mfe_r=1.46068,617.52,33,20376.84,-1.32,-0.01,0,75.9,0.37,-6.27,-0.03,-704.58,-2.82,2
140,Entry short,2026-03-13 11:35,sl1|setup=orb_break|side=short|grade=A|size=half|score=5|window=midday|tier=core|rvol=1.719195|rs_vs_spy=-0.329443|gap_atr=-0.752118|ext_atr=0.245433|risk_atr=0.08,617.48,33,20376.84,-1.32,-0.01,0,75.9,0.37,-6.27,-0.03,-704.58,-2.82,2
141,Exit long,2026-03-16 10:30,sl1|exit_reason=stop|mfe_r=0.495063,631.36,30,18991.8,-51,-0.27,0,24,0.13,-51,-0.27,-755.58,-3.02,4
141,Entry long,2026-03-16 10:10,sl1|setup=orb_retest|side=long|grade=B|size=half|score=4|window=open|tier=core|rvol=1.816041|rs_vs_spy=-0.154805|gap_atr=0.938185|ext_atr=0.139309|risk_atr=0.084823,633.06,30,18991.8,-51,-0.27,0,24,0.13,-51,-0.27,-755.58,-3.02,4
142,Exit short,2026-03-16 12:40,sl1|exit_reason=be|mfe_r=0.86829,624.87,25,15620.75,-1,-0.01,0,41.75,0.27,-1.25,-0.01,-756.58,-3.03,6
142,Entry short,2026-03-16 12:10,sl1|setup=orb_break|side=short|grade=A|size=half|score=4|window=midday|tier=core|rvol=1.504384|rs_vs_spy=-1.184572|gap_atr=0.938185|ext_atr=0.246002|risk_atr=0.099675,624.83,25,15620.75,-1,-0.01,0,41.75,0.27,-1.25,-0.01,-756.58,-3.03,6
143,Exit long,2026-03-17 09:40,sl1|exit_reason=stop|mfe_r=0,633.74,22,13991.34,-49.06,-0.35,0,12.1,0.09,-49.06,-0.35,-805.64,-3.22,1
143,Entry long,2026-03-17 09:35,sl1|setup=pdh_break|side=long|grade=B|size=half|score=4|window=open|tier=core|rvol=1.018737|rs_vs_spy=1.038614|gap_atr=0.022409|ext_atr=0.098335|risk_atr=0.111115,635.97,22,13991.34,-49.06,-0.35,0,12.1,0.09,-49.06,-0.35,-805.64,-3.22,1
144,Exit short,2026-03-17 14:55,sl1|exit_reason=time|mfe_r=0.39766,623.04,19,11844.22,6.46,0.05,0,18.81,0.16,-7.79,-0.07,-799.18,-3.20,6
144,Entry short,2026-03-17 14:25,sl1|setup=lod_break|side=short|grade=B|size=half|score=4|window=power|tier=core|rvol=0.830599|rs_vs_spy=-0.515148|gap_atr=0.022409|ext_atr=0.297427|risk_atr=0.129353,623.38,19,11844.22,6.46,0.05,0,18.81,0.16,-7.79,-0.07,-799.18,-3.20,6
145,Exit short,2026-03-19 10:35,sl1|exit_reason=be|mfe_r=0.967519,609.19,18,10964.7,-0.72,-0.01,0,46.26,0.42,-25.38,-0.23,-799.9,-3.20,7
145,Entry short,2026-03-19 10:00,sl1|setup=vwap_loss|side=short|grade=B|size=half|score=4|window=open|tier=core|rvol=0.69844|rs_vs_spy=-0.58684|gap_atr=-0.220116|ext_atr=0.094776|risk_atr=0.144776,609.15,18,10964.7,-0.72,-0.01,0,46.26,0.42,-25.38,-0.23,-799.9,-3.20,7
146,Exit short,2026-03-19 14:30,sl1|exit_reason=time|mfe_r=0.049004,603.72,18,10860.3,-6.66,-0.06,0,1.98,0.02,-37.8,-0.35,-806.56,-3.23,6
146,Entry short,2026-03-19 14:00,sl1|setup=lod_break|side=short|grade=B|size=half|score=4|window=power|tier=core|rvol=0.96203|rs_vs_spy=-1.297827|gap_atr=-0.220116|ext_atr=0.22892|risk_atr=0.143473,603.35,18,10860.3,-6.66,-0.06,0,1.98,0.02,-37.8,-0.35,-806.56,-3.23,6
147,Exit short,2026-03-20 10:05,sl1|exit_reason=trail|mfe_r=2.72402,595,28,16742.6,82.6,0.49,0,131.88,0.79,-7,-0.04,-723.96,-2.90,4
147,Entry short,2026-03-20 09:45,sl1|setup=orb_break|side=short|grade=B|size=half|score=4|window=open|tier=core|rvol=0.846267|rs_vs_spy=-0.838659|gap_atr=-0.151423|ext_atr=0.125773|risk_atr=0.095785,597.95,28,16742.6,82.6,0.49,0,131.88,0.79,-7,-0.04,-723.96,-2.90,4
148,Exit short,2026-03-20 15:40,sl1|exit_reason=trail|mfe_r=1.660856,589.85,19,11238.69,31.54,0.28,0,81.13,0.72,-15.39,-0.14,-692.42,-2.77,13
148,Entry short,2026-03-20 14:35,sl1|setup=lod_break|side=short|grade=B|size=half|score=4|window=power|tier=core|rvol=1.072652|rs_vs_spy=-0.803769|gap_atr=-0.151423|ext_atr=0.201116|risk_atr=0.142486,591.51,19,11238.69,31.54,0.28,0,81.13,0.72,-15.39,-0.14,-692.42,-2.77,13
149,Exit short,2026-03-24 09:45,sl1|exit_reason=be|mfe_r=0.812911,597.19,34,20303.1,-1.36,-0.01,0,39.1,0.19,-16.32,-0.08,-693.78,-2.78,2
149,Entry short,2026-03-24 09:35,sl1|setup=orb_break|side=short|grade=B|size=half|score=4|window=open|tier=core|rvol=0.528731|rs_vs_spy=-0.29515|gap_atr=-0.28042|ext_atr=0.075084|risk_atr=0.08,597.15,34,20303.1,-1.36,-0.01,0,39.1,0.19,-16.32,-0.08,-693.78,-2.78,2
150,Exit short,2026-03-25 14:35,sl1|exit_reason=time|mfe_r=0.24186,597.45,18,10742.58,-11.52,-0.11,0,11.7,0.11,-18,-0.17,-705.3,-2.82,6
150,Entry short,2026-03-25 14:05,sl1|setup=vwap_loss|side=short|grade=B|size=half|score=3|window=power|tier=core|rvol=1.066638|rs_vs_spy=-0.167383|gap_atr=0.314649|ext_atr=0.107053|risk_atr=0.157053,596.81,18,10742.58,-11.52,-0.11,0,11.7,0.11,-18,-0.17,-705.3,-2.82,6
151,Exit short,2026-03-26 09:45,sl1|exit_reason=stop|mfe_r=0.217255,578.3,23,13251.22,-49.68,-0.37,0,10.12,0.08,-49.68,-0.37,-754.98,-3.02,2
151,Entry short,2026-03-26 09:35,sl1|setup=orb_break|side=short|grade=B|size=half|score=4|window=open|tier=core|rvol=1.132856|rs_vs_spy=-0.888056|gap_atr=-0.729589|ext_atr=0.137828|risk_atr=0.123484,576.14,23,13251.22,-49.68,-0.37,0,10.12,0.08,-49.68,-0.37,-754.98,-3.02,2
152,Exit short,2026-03-26 14:55,sl1|exit_reason=time|mfe_r=0.072765,547.39,16,8706.88,-51.36,-0.59,0,6.72,0.08,-62.72,-0.72,-806.34,-3.23,6
152,Entry short,2026-03-26 14:25,sl1|setup=lod_break|side=short|grade=A|size=full|score=5|window=power|tier=core|rvol=2.566707|rs_vs_spy=-5.728137|gap_atr=-0.729589|ext_atr=0.97713|risk_atr=0.352657,544.18,16,8706.88,-51.36,-0.59,0,6.72,0.08,-62.72,-0.72,-806.34,-3.23,6
153,Exit short,2026-03-27 09:40,sl1|exit_reason=stop|mfe_r=0,538.79,28,15036,-50.12,-0.33,0,36.68,0.24,-50.12,-0.33,-856.46,-3.43,1
153,Entry short,2026-03-27 09:35,sl1|setup=orb_break|side=short|grade=B|size=half|score=4|window=open|tier=core|rvol=1.248529|rs_vs_spy=-0.296281|gap_atr=-0.375447|ext_atr=0.069085|risk_atr=0.088769,537,28,15036,-50.12,-0.33,0,36.68,0.24,-50.12,-0.33,-856.46,-3.43,1
154,Exit long,2026-03-30 09:45,sl1|exit_reason=stop|mfe_r=0,532.64,23,12301.55,-50.83,-0.41,0,6.21,0.05,-50.83,-0.41,-907.29,-3.63,1
154,Entry long,2026-03-30 09:40,sl1|setup=vwap_reclaim|side=long|grade=B|size=half|score=4|window=open|tier=core|rvol=1.364493|rs_vs_spy=0.178055|gap_atr=0.535936|ext_atr=0.057425|risk_atr=0.107425,534.85,23,12301.55,-50.83,-0.41,0,6.21,0.05,-50.83,-0.41,-907.29,-3.63,1
155,Exit short,2026-03-30 10:05,sl1|exit_reason=be|mfe_r=0.81646,531.13,19,10081.78,-9.69,-0.10,0,39.14,0.39,-12.73,-0.13,-916.98,-3.67,1
155,Entry short,2026-03-30 10:00,sl1|setup=orb_retest|side=short|grade=B|size=half|score=3|window=open|tier=core|rvol=1.345431|rs_vs_spy=-0.426648|gap_atr=0.535936|ext_atr=0.115294|risk_atr=0.126421,530.62,19,10081.78,-9.69,-0.10,0,39.14,0.39,-12.73,-0.13,-916.98,-3.67,1
156,Exit long,2026-03-31 10:05,sl1|exit_reason=stop|mfe_r=0.256756,555.72,38,21217.68,-100.32,-0.47,0,24.32,0.11,-100.32,-0.47,-1017.3,-4.07,3
156,Entry long,2026-03-31 09:50,sl1|setup=orb_break|side=long|grade=A|size=full|score=5|window=open|tier=core|rvol=1.791547|rs_vs_spy=0.999584|gap_atr=0.675885|ext_atr=0.177049|risk_atr=0.131472,558.36,38,21217.68,-100.32,-0.47,0,24.32,0.11,-100.32,-0.47,-1017.3,-4.07,3
157,Exit short,2026-04-01 14:40,sl1|exit_reason=trail|mfe_r=3.447379,579.7,29,16929.04,117.74,0.70,0,167.04,0.99,-0.58,0.00,-899.56,-3.60,6
157,Entry short,2026-04-01 14:10,sl1|setup=vwap_loss|side=short|grade=B|size=half|score=3|window=power|tier=core|rvol=1.513024|rs_vs_spy=0.320244|gap_atr=0.392214|ext_atr=0.006568|risk_atr=0.08,583.76,29,16929.04,117.74,0.70,0,167.04,0.99,-0.58,0.00,-899.56,-3.60,6
158,Exit short,2026-04-02 09:45,sl1|exit_reason=be|mfe_r=0.991908,561.43,29,16280.31,-1.16,-0.01,0,47.56,0.29,-25.81,-0.16,-900.72,-3.60,2
158,Entry short,2026-04-02 09:35,sl1|setup=orb_break|side=short|grade=B|size=half|score=4|window=open|tier=core|rvol=0.807266|rs_vs_spy=-0.654654|gap_atr=-0.633626|ext_atr=0.084949|risk_atr=0.08,561.39,29,16280.31,-1.16,-0.01,0,47.56,0.29,-25.81,-0.16,-900.72,-3.60,2
159,Exit long,2026-04-06 10:00,sl1|exit_reason=stop|mfe_r=0.486845,578.68,26,15096.64,-50.96,-0.34,0,41.86,0.28,-50.96,-0.34,-951.68,-3.81,3
159,Entry long,2026-04-06 09:45,sl1|setup=vwap_reclaim|side=long|grade=B|size=half|score=4|window=open|tier=core|rvol=0.356809|rs_vs_spy=0.317249|gap_atr=0.146013|ext_atr=0.041751|risk_atr=0.091751,580.64,26,15096.64,-50.96,-0.34,0,41.86,0.28,-50.96,-0.34,-951.68,-3.81,3
160,Exit short,2026-04-07 10:10,sl1|exit_reason=be|mfe_r=0.866752,567.46,24,13618.08,-0.96,-0.01,0,42.48,0.31,-0.96,-0.01,-952.64,-3.81,2
160,Entry short,2026-04-07 10:00,sl1|setup=orb_break|side=short|grade=B|size=half|score=4|window=open|tier=core|rvol=0.351297|rs_vs_spy=-0.310973|gap_atr=-0.045266|ext_atr=0.121647|risk_atr=0.102727,567.42,24,13618.08,-0.96,-0.01,0,42.48,0.31,-0.96,-0.01,-952.64,-3.81,2
161,Exit short,2026-04-07 15:15,sl1|exit_reason=trail|mfe_r=1.790723,567.13,31,17619.16,38.13,0.22,0,88.66,0.50,-8.06,-0.05,-914.51,-3.66,9
161,Entry short,2026-04-07 14:30,sl1|setup=vwap_loss|side=short|grade=B|size=half|score=4|window=power|tier=core|rvol=0.298019|rs_vs_spy=-0.560862|gap_atr=-0.045266|ext_atr=0.00291|risk_atr=0.08,568.36,31,17619.16,38.13,0.22,0,88.66,0.50,-8.06,-0.05,-914.51,-3.66,9
162,Exit short,2026-04-08 10:30,sl1|exit_reason=time|mfe_r=0.453404,598.4,18,10752.48,-18.72,-0.17,0,21.6,0.20,-21.42,-0.20,-933.23,-3.73,6
162,Entry short,2026-04-08 10:00,sl1|setup=orb_break|side=short|grade=B|size=half|score=3|window=open|tier=core|rvol=1.182173|rs_vs_spy=-1.144408|gap_atr=1.57506|ext_atr=0.234626|risk_atr=0.138591,597.36,18,10752.48,-18.72,-0.17,0,21.6,0.20,-21.42,-0.20,-933.23,-3.73,6
163,Exit short,2026-04-08 15:35,sl1|exit_reason=be|mfe_r=0.972873,611.41,27,16506.99,-1.08,-0.01,0,47.52,0.29,-43.47,-0.26,-934.31,-3.74,8
163,Entry short,2026-04-08 14:55,sl1|setup=vwap_loss|side=short|grade=B|size=half|score=3|window=power|tier=core|rvol=1.994466|rs_vs_spy=1.482811|gap_atr=1.57506|ext_atr=0.044237|risk_atr=0.094237,611.37,27,16506.99,-1.08,-0.01,0,47.52,0.29,-43.47,-0.26,-934.31,-3.74,8
164,Exit long,2026-04-09 09:45,sl1|exit_reason=stop|mfe_r=0,628.45,28,17647,-50.4,-0.29,0,68.6,0.39,-50.4,-0.29,-984.71,-3.94,1
164,Entry long,2026-04-09 09:40,sl1|setup=pdh_break|side=long|grade=B|size=half|score=4|window=open|tier=core|rvol=1.017509|rs_vs_spy=0.357509|gap_atr=0.668116|ext_atr=0.158249|risk_atr=0.08,630.25,28,17647,-50.4,-0.29,0,68.6,0.39,-50.4,-0.29,-984.71,-3.94,1
165,Exit short,2026-04-09 15:50,sl1|exit_reason=eod|mfe_r=0.685252,628.96,22,13830.96,-6.16,-0.04,0,33.44,0.24,-32.34,-0.23,-990.87,-3.96,22
165,Entry short,2026-04-09 14:00,sl1|setup=vwap_loss|side=short|grade=B|size=half|score=3|window=power|tier=core|rvol=0.795363|rs_vs_spy=-0.413905|gap_atr=0.668116|ext_atr=0.052386|risk_atr=0.102386,628.68,22,13830.96,-6.16,-0.04,0,33.44,0.24,-32.34,-0.23,-990.87,-3.96,22
166,Exit short,2026-04-10 10:10,sl1|exit_reason=be|mfe_r=0.967609,631.39,20,12627,-0.8,-0.01,0,46.6,0.37,-22.4,-0.18,-991.67,-3.97,4
166,Entry short,2026-04-10 09:50,sl1|setup=orb_retest|side=short|grade=B|size=half|score=3|window=open|tier=core|rvol=0.775984|rs_vs_spy=-0.520086|gap_atr=0.310282|ext_atr=0.139375|risk_atr=0.109531,631.35,20,12627,-0.8,-0.01,0,46.6,0.37,-22.4,-0.18,-991.67,-3.97,4
167,Exit short,2026-04-10 15:00,sl1|exit_reason=time|mfe_r=0.108073,626.65,17,10618.71,-34.34,-0.32,0,4.93,0.05,-36.21,-0.34,-1026.01,-4.10,6
167,Entry short,2026-04-10 14:30,sl1|setup=lod_break|side=short|grade=B|size=half|score=3|window=power|tier=core|rvol=0.62248|rs_vs_spy=-1.357976|gap_atr=0.310282|ext_atr=0.262213|risk_atr=0.129364,624.63,17,10618.71,-34.34,-0.32,0,4.93,0.05,-36.21,-0.34,-1026.01,-4.10,6
168,Exit long,2026-04-13 10:10,sl1|exit_reason=stop|mfe_r=0.369731,629.35,16,10120.16,-50.56,-0.50,0,18.08,0.18,-50.56,-0.50,-1076.57,-4.31,2
168,Entry long,2026-04-13 10:00,sl1|setup=orb_break|side=long|grade=B|size=half|score=4|window=open|tier=core|rvol=0.666655|rs_vs_spy=0.303276|gap_atr=-0.036099|ext_atr=0.167884|risk_atr=0.143949,632.51,16,10120.16,-50.56,-0.50,0,18.08,0.18,-50.56,-0.50,-1076.57,-4.31,2
169,Exit long,2026-04-14 09:40,sl1|exit_reason=stop|mfe_r=0,644.64,28,18101.16,-51.24,-0.28,0,45.08,0.25,-51.24,-0.28,-1127.81,-4.51,1
169,Entry long,2026-04-14 09:35,sl1|setup=orb_break|side=long|grade=B|size=half|score=4|window=open|tier=core|rvol=1.261157|rs_vs_spy=0.307306|gap_atr=0.416403|ext_atr=0.155293|risk_atr=0.085541,646.47,28,18101.16,-51.24,-0.28,0,45.08,0.25,-51.24,-0.28,-1127.81,-4.51,1
170,Exit long,2026-04-15 10:05,sl1|exit_reason=trail|mfe_r=2.471842,670.86,21,14017.71,70.35,0.50,0,119.49,0.85,-6.3,-0.04,-1057.46,-4.23,4
170,Entry long,2026-04-15 09:45,sl1|setup=pdh_break|side=long|grade=B|size=half|score=4|window=open|tier=core|rvol=1.124985|rs_vs_spy=0.110984|gap_atr=0.205089|ext_atr=0.007956|risk_atr=0.106943,667.51,21,14017.71,70.35,0.50,0,119.49,0.85,-6.3,-0.04,-1057.46,-4.23,4
171,Exit short,2026-04-16 11:15,sl1|exit_reason=stop|mfe_r=0.633109,674.48,12,8044.32,-49.44,-0.61,0,30.72,0.38,-49.44,-0.61,-1106.9,-4.43,17
171,Entry short,2026-04-16 09:50,sl1|setup=vwap_loss|side=short|grade=B|size=half|score=4|window=open|tier=core|rvol=0.55296|rs_vs_spy=-0.497595|gap_atr=0.200933|ext_atr=0.142213|risk_atr=0.192213,670.36,12,8044.32,-49.44,-0.61,0,30.72,0.38,-49.44,-0.61,-1106.9,-4.43,17
172,Exit short,2026-04-16 14:30,sl1|exit_reason=be|mfe_r=0.978725,673.57,29,19532.37,-1.16,-0.01,0,47.56,0.24,-6.96,-0.04,-1108.06,-4.43,3
172,Entry short,2026-04-16 14:15,sl1|setup=vwap_loss|side=short|grade=B|size=half|score=4|window=power|tier=core|rvol=0.450828|rs_vs_spy=-0.262582|gap_atr=0.200933|ext_atr=0.000312|risk_atr=0.08,673.53,29,19532.37,-1.16,-0.01,0,47.56,0.24,-6.96,-0.04,-1108.06,-4.43,3
173,Exit short,2026-04-16 15:35,sl1|exit_reason=stop|mfe_r=0.117919,675.1,29,19527.44,-50.46,-0.26,0,5.22,0.03,-50.46,-0.26,-1158.52,-4.63,6
173,Entry short,2026-04-16 15:05,sl1|setup=vwap_loss|side=short|grade=B|size=half|score=4|window=power|tier=core|rvol=0.459324|rs_vs_spy=-0.351915|gap_atr=0.200933|ext_atr=0.009897|risk_atr=0.08,673.36,29,19527.44,-50.46,-0.26,0,5.22,0.03,-50.46,-0.26,-1158.52,-4.63,6
174,Exit long,2026-04-17 15:50,sl1|exit_reason=eod|mfe_r=1.225453,687.4,9,6165.18,21.42,0.35,0,59.04,0.96,-27.99,-0.45,-1137.1,-4.55,74
174,Entry long,2026-04-17 09:40,sl1|setup=orb_break|side=long|grade=B|size=half|score=4|window=open|tier=core|rvol=1.083952|rs_vs_spy=0.808524|gap_atr=0.087793|ext_atr=0.207648|risk_atr=0.263352,685.02,9,6165.18,21.42,0.35,0,59.04,0.96,-27.99,-0.45,-1137.1,-4.55,74
175,Exit short,2026-04-20 10:05,sl1|exit_reason=time|mfe_r=0.410688,677.21,8,5395.84,-21.84,-0.40,0,18.88,0.35,-29.44,-0.55,-1158.94,-4.64,6
175,Entry short,2026-04-20 09:35,sl1|setup=orb_break|side=short|grade=B|size=half|score=4|window=open|tier=core|rvol=1.058359|rs_vs_spy=-0.967737|gap_atr=-0.363375|ext_atr=0.247416|risk_atr=0.28827,674.48,8,5395.84,-21.84,-0.40,0,18.88,0.35,-29.44,-0.55,-1158.94,-4.64,6
176,Exit short,2026-04-22 09:55,sl1|exit_reason=stop|mfe_r=0.284525,673.84,32,21512,-50.88,-0.24,0,13.44,0.06,-50.88,-0.24,-1209.82,-4.84,2
176,Entry short,2026-04-22 09:45,sl1|setup=vwap_loss|side=short|grade=B|size=half|score=3|window=open|tier=core|rvol=0.483771|rs_vs_spy=-0.235998|gap_atr=0.288146|ext_atr=0.003994|risk_atr=0.08,672.25,32,21512,-50.88,-0.24,0,13.44,0.06,-50.88,-0.24,-1209.82,-4.84,2
177,Exit short,2026-04-23 10:00,sl1|exit_reason=be|mfe_r=0.787078,661,15,9912.75,-2.25,-0.02,0,38.85,0.39,-12.6,-0.13,-1212.07,-4.85,2
177,Entry short,2026-04-23 09:50,sl1|setup=vwap_loss|side=short|grade=B|size=half|score=4|window=open|tier=core|rvol=0.641198|rs_vs_spy=-0.554515|gap_atr=-0.598997|ext_atr=0.127985|risk_atr=0.177985,660.85,15,9912.75,-2.25,-0.02,0,38.85,0.39,-12.6,-0.13,-1212.07,-4.85,2
178,Exit long,2026-04-24 14:20,sl1|exit_reason=trail|mfe_r=2.705357,674.93,8,5322.16,77.28,1.45,0,123.04,2.31,-18.56,-0.35,-1134.79,-4.54,55
178,Entry long,2026-04-24 09:45,sl1|setup=orb_retest|side=long|grade=B|size=half|score=4|window=open|tier=core|rvol=0.893202|rs_vs_spy=0.778245|gap_atr=0.066319|ext_atr=0.270916|risk_atr=0.302013,665.27,8,5322.16,77.28,1.45,0,123.04,2.31,-18.56,-0.35,-1134.79,-4.54,55
179,Exit long,2026-04-27 09:45,sl1|exit_reason=stop|mfe_r=0,675.94,32,21681.28,-51.2,-0.24,0,39.04,0.18,-51.2,-0.24,-1185.99,-4.74,1
179,Entry long,2026-04-27 09:40,sl1|setup=orb_break|side=long|grade=B|size=half|score=4|window=open|tier=core|rvol=1.02225|rs_vs_spy=0.900928|gap_atr=-0.200069|ext_atr=0.106697|risk_atr=0.08,677.54,32,21681.28,-51.2,-0.24,0,39.04,0.18,-51.2,-0.24,-1185.99,-4.74,1
180,Exit long,2026-04-28 09:55,sl1|exit_reason=stop|mfe_r=0.456755,673.62,16,10827.36,-49.44,-0.46,0,21.92,0.20,-49.44,-0.46,-1235.43,-4.94,2
180,Entry long,2026-04-28 09:45,sl1|setup=orb_retest|side=long|grade=B|size=half|score=4|window=open|tier=core|rvol=0.587654|rs_vs_spy=0.29734|gap_atr=-0.227945|ext_atr=0.16091|risk_atr=0.161322,676.71,16,10827.36,-49.44,-0.46,0,21.92,0.20,-49.44,-0.46,-1235.43,-4.94,2
181,Exit short,2026-04-29 09:45,sl1|exit_reason=stop|mfe_r=0,666.34,33,21939.06,-50.16,-0.23,0,31.35,0.14,-50.16,-0.23,-1285.59,-5.14,1
181,Entry short,2026-04-29 09:40,sl1|setup=orb_break|side=short|grade=B|size=half|score=4|window=open|tier=core|rvol=0.616966|rs_vs_spy=-0.541735|gap_atr=-0.109515|ext_atr=0.061655|risk_atr=0.08,664.82,33,21939.06,-50.16,-0.23,0,31.35,0.14,-50.16,-0.23,-1285.59,-5.14,1
182,Exit short,2026-04-30 10:30,sl1|exit_reason=trail|mfe_r=1.530018,602.84,35,21149.8,50.4,0.24,0,149.8,0.71,-71.05,-0.34,-1235.19,-4.94,8
182,Entry short,2026-04-30 09:50,sl1|setup=vwap_loss|side=short|grade=A|size=full|score=5|window=open|tier=core|rvol=6.913433|rs_vs_spy=-2.014197|gap_atr=-2.820413|ext_atr=0.107242|risk_atr=0.157242,604.28,35,21149.8,50.4,0.24,0,149.8,0.71,-71.05,-0.34,-1235.19,-4.94,8
183,Exit short,2026-05-01 12:55,sl1|exit_reason=stop|mfe_r=0.290242,613.15,29,17730.02,-51.33,-0.29,0,13.92,0.08,-51.33,-0.29,-1286.52,-5.15,5
183,Entry short,2026-05-01 12:30,sl1|setup=vwap_loss|side=short|grade=A|size=half|score=5|window=midday|tier=core|rvol=1.59067|rs_vs_spy=-0.646148|gap_atr=0.123295|ext_atr=0.025742|risk_atr=0.08,611.38,29,17730.02,-51.33,-0.29,0,13.92,0.08,-51.33,-0.29,-1286.52,-5.15,5
184,Exit short,2026-05-01 15:40,sl1|exit_reason=be|mfe_r=1.433796,611.99,58,35493.1,-2.32,-0.01,0,142.1,0.40,-13.34,-0.04,-1288.84,-5.16,11
184,Entry short,2026-05-01 14:45,sl1|setup=vwap_loss|side=short|grade=A|size=full|score=5|window=power|tier=core|rvol=1.595559|rs_vs_spy=-0.420316|gap_atr=0.123295|ext_atr=0.008978|risk_atr=0.08,611.95,58,35493.1,-2.32,-0.01,0,142.1,0.40,-13.34,-0.04,-1288.84,-5.16,11
185,Exit short,2026-05-04 09:45,sl1|exit_reason=be|mfe_r=0.896796,605.7,29,17562.98,-2.32,-0.01,0,42.92,0.24,-29,-0.17,-1291.16,-5.16,1
185,Entry short,2026-05-04 09:40,sl1|setup=pdl_break|side=short|grade=B|size=half|score=4|window=open|tier=core|rvol=0.767297|rs_vs_spy=-0.354037|gap_atr=-0.035633|ext_atr=0.038586|risk_atr=0.08,605.62,29,17562.98,-2.32,-0.01,0,42.92,0.24,-29,-0.17,-1291.16,-5.16,1
186,Exit short,2026-05-05 11:15,sl1|exit_reason=trail|mfe_r=2.438482,603.7,22,13350.92,69.52,0.52,0,119.24,0.89,-36.08,-0.27,-1221.64,-4.89,20
186,Entry short,2026-05-05 09:35,sl1|setup=orb_break|side=short|grade=B|size=half|score=4|window=open|tier=core|rvol=0.625868|rs_vs_spy=-1.077521|gap_atr=0.13948|ext_atr=0.120444|risk_atr=0.110343,606.86,22,13350.92,69.52,0.52,0,119.24,0.89,-36.08,-0.27,-1221.64,-4.89,20
187,Exit short,2026-05-06 09:45,sl1|exit_reason=be|mfe_r=1.321242,600.21,31,18605.27,-1.24,-0.01,0,64.17,0.34,-15.5,-0.08,-1222.88,-4.89,2
187,Entry short,2026-05-06 09:35,sl1|setup=pdl_break|side=short|grade=B|size=half|score=4|window=open|tier=core|rvol=1.425592|rs_vs_spy=-0.344964|gap_atr=-0.173721|ext_atr=0.091816|risk_atr=0.08,600.17,31,18605.27,-1.24,-0.01,0,64.17,0.34,-15.5,-0.08,-1222.88,-4.89,2
188,Exit long,2026-05-06 10:25,sl1|exit_reason=be|mfe_r=0.754374,614.41,16,9862.72,-32.16,-0.33,0,36.96,0.37,-33.76,-0.34,-1255.04,-5.02,2
188,Entry long,2026-05-06 10:15,sl1|setup=pdh_break|side=long|grade=A|size=half|score=5|window=midday|tier=core|rvol=1.642354|rs_vs_spy=2.259303|gap_atr=-0.173721|ext_atr=0.537182|risk_atr=0.156205,616.42,16,9862.72,-32.16,-0.33,0,36.96,0.37,-33.76,-0.34,-1255.04,-5.02,2
189,Exit long,2026-05-07 09:40,sl1|exit_reason=stop|mfe_r=0,620.96,30,18679.8,-51,-0.27,0,12.6,0.07,-51,-0.27,-1306.04,-5.22,1
189,Entry long,2026-05-07 09:35,sl1|setup=orb_break|side=long|grade=B|size=half|score=4|window=open|tier=core|rvol=0.761313|rs_vs_spy=1.384641|gap_atr=0.100896|ext_atr=0.125203|risk_atr=0.08313,622.66,30,18679.8,-51,-0.27,0,12.6,0.07,-51,-0.27,-1306.04,-5.22,1
190,Exit long,2026-05-07 12:10,sl1|exit_reason=stop|mfe_r=0.599043,618.88,13,8095.49,-50.05,-0.62,0,29.38,0.36,-50.05,-0.62,-1356.09,-5.42,27
190,Entry long,2026-05-07 09:55,sl1|setup=pdh_retest|side=long|grade=B|size=half|score=4|window=open|tier=core|rvol=0.677864|rs_vs_spy=1.472216|gap_atr=0.100896|ext_atr=0.100079|risk_atr=0.191054,622.73,13,8095.49,-50.05,-0.62,0,29.38,0.36,-50.05,-0.62,-1356.09,-5.42,27
191,Exit short,2026-05-08 09:45,sl1|exit_reason=stop|mfe_r=0,615.73,27,16573.68,-51.03,-0.31,0,7.02,0.04,-51.03,-0.31,-1407.12,-5.63,1
191,Entry short,2026-05-08 09:40,sl1|setup=vwap_loss|side=short|grade=B|size=half|score=4|window=open|tier=core|rvol=0.410169|rs_vs_spy=-0.259993|gap_atr=-0.0816|ext_atr=0.045392|risk_atr=0.095392,613.84,27,16573.68,-51.03,-0.31,0,7.02,0.04,-51.03,-0.31,-1407.12,-5.63,1
192,Exit short,2026-05-11 10:00,sl1|exit_reason=stop|mfe_r=0.700092,602.39,33,19828.05,-50.82,-0.26,0,33.99,0.17,-50.82,-0.26,-1457.94,-5.83,4
192,Entry short,2026-05-11 09:40,sl1|setup=orb_break|side=short|grade=B|size=half|score=4|window=open|tier=core|rvol=0.993227|rs_vs_spy=-0.874073|gap_atr=-0.267768|ext_atr=0.049058|risk_atr=0.08,600.85,33,19828.05,-50.82,-0.26,0,33.99,0.17,-50.82,-0.26,-1457.94,-5.83,4
193,Exit short,2026-05-11 15:50,sl1|exit_reason=trail|mfe_r=1.708258,599.89,28,16830.8,33.88,0.20,0,84,0.50,-9.8,-0.06,-1424.06,-5.70,19
193,Entry short,2026-05-11 14:15,sl1|setup=vwap_loss|side=short|grade=B|size=half|score=4|window=power|tier=core|rvol=0.915195|rs_vs_spy=-1.09479|gap_atr=-0.267768|ext_atr=0.044299|risk_atr=0.094299,601.1,28,16830.8,33.88,0.20,0,84,0.50,-9.8,-0.06,-1424.06,-5.70,19
194,Exit long,2026-05-12 09:45,sl1|exit_reason=trail|mfe_r=1.748163,597.6,34,20282.7,35.7,0.18,0,86.02,0.42,-3.4,-0.02,-1388.36,-5.55,2
194,Entry long,2026-05-12 09:35,sl1|setup=orb_break|side=long|grade=B|size=half|score=4|window=open|tier=core|rvol=0.639303|rs_vs_spy=0.43689|gap_atr=-0.235282|ext_atr=0.09872|risk_atr=0.08,596.55,34,20282.7,35.7,0.18,0,86.02,0.42,-3.4,-0.02,-1388.36,-5.55,2
195,Exit long,2026-05-13 09:45,sl1|exit_reason=stop|mfe_r=0,599.49,27,16235.64,-49.41,-0.30,0,11.07,0.07,-49.41,-0.30,-1437.77,-5.75,1
195,Entry long,2026-05-13 09:40,sl1|setup=orb_retest|side=long|grade=B|size=half|score=4|window=open|tier=core|rvol=0.388101|rs_vs_spy=0.602766|gap_atr=-0.233823|ext_atr=0.091903|risk_atr=0.10077,601.32,27,16235.64,-49.41,-0.30,0,11.07,0.07,-49.41,-0.30,-1437.77,-5.75,1
196,Exit long,2026-05-13 10:30,sl1|exit_reason=time|mfe_r=0.173399,604.26,9,5475.78,-37.44,-0.68,0,8.46,0.15,-38.16,-0.70,-1475.21,-5.90,6
196,Entry long,2026-05-13 10:00,sl1|setup=pdh_retest|side=long|grade=B|size=half|score=4|window=open|tier=core|rvol=0.686655|rs_vs_spy=1.751601|gap_atr=-0.233823|ext_atr=0.34022|risk_atr=0.31231,608.42,9,5475.78,-37.44,-0.68,0,8.46,0.15,-38.16,-0.70,-1475.21,-5.90,6
197,Exit long,2026-05-14 10:05,sl1|exit_reason=trail|mfe_r=3.531837,621.2,34,20997.38,123.42,0.59,0,184.62,0.88,-4.08,-0.02,-1351.79,-5.41,2
197,Entry long,2026-05-14 09:55,sl1|setup=vwap_reclaim|side=long|grade=B|size=half|score=4|window=open|tier=core|rvol=0.410459|rs_vs_spy=0.194734|gap_atr=-0.049666|ext_atr=0.015076|risk_atr=0.08,617.57,34,20997.38,123.42,0.59,0,184.62,0.88,-4.08,-0.02,-1351.79,-5.41,2
198,Exit long,2026-05-18 10:25,sl1|exit_reason=time|mfe_r=0.069783,611.46,15,9178.8,-6.9,-0.08,0,3,0.03,-42.9,-0.47,-1358.69,-5.43,6
198,Entry long,2026-05-18 09:55,sl1|setup=orb_break|side=long|grade=B|size=half|score=3|window=open|tier=core|rvol=1.21887|rs_vs_spy=0.372272|gap_atr=-0.317247|ext_atr=0.232562|risk_atr=0.184874,611.92,15,9178.8,-6.9,-0.08,0,3,0.03,-42.9,-0.47,-1358.69,-5.43,6
199,Exit short,2026-05-19 09:45,sl1|exit_reason=stop|mfe_r=0,607.43,37,22423.85,-51.06,-0.23,0,34.04,0.15,-51.06,-0.23,-1409.75,-5.64,1
199,Entry short,2026-05-19 09:40,sl1|setup=orb_break|side=short|grade=B|size=half|score=4|window=open|tier=core|rvol=0.577542|rs_vs_spy=-0.269011|gap_atr=-0.154032|ext_atr=0.099111|risk_atr=0.08,606.05,37,22423.85,-51.06,-0.23,0,34.04,0.15,-51.06,-0.23,-1409.75,-5.64,1
200,Exit short,2026-05-20 09:45,sl1|exit_reason=stop|mfe_r=0,601.81,37,22216.65,-50.32,-0.23,0,4.44,0.02,-50.32,-0.23,-1460.07,-5.84,1
200,Entry short,2026-05-20 09:40,sl1|setup=pdl_break|side=short|grade=B|size=half|score=4|window=open|tier=core|rvol=0.70225|rs_vs_spy=-0.068912|gap_atr=-0.131924|ext_atr=0.017337|risk_atr=0.08,600.45,37,22216.65,-50.32,-0.23,0,4.44,0.02,-50.32,-0.23,-1460.07,-5.84,1
201,Exit short,2026-05-20 10:15,sl1|exit_reason=stop|mfe_r=0.047385,600.53,19,11361.05,-49.02,-0.43,0,1.9,0.02,-49.02,-0.43,-1509.09,-6.04,2
201,Entry short,2026-05-20 10:05,sl1|setup=orb_break|side=short|grade=B|size=half|score=4|window=open|tier=core|rvol=0.759258|rs_vs_spy=-0.315233|gap_atr=-0.131924|ext_atr=0.14604|risk_atr=0.153959,597.95,19,11361.05,-49.02,-0.43,0,1.9,0.02,-49.02,-0.43,-1509.09,-6.04,2
202,Exit short,2026-05-21 10:00,sl1|exit_reason=trail|mfe_r=2.44895,596.54,39,23335.65,70.59,0.30,0,136.89,0.59,-6.63,-0.03,-1438.5,-5.75,2
202,Entry short,2026-05-21 09:50,sl1|setup=orb_break|side=short|grade=B|size=half|score=4|window=open|tier=core|rvol=1.037423|rs_vs_spy=-0.425111|gap_atr=-0.303717|ext_atr=0.072265|risk_atr=0.08,598.35,39,23335.65,70.59,0.30,0,136.89,0.59,-6.63,-0.03,-1438.5,-5.75,2
203,Exit long,2026-05-22 14:45,sl1|exit_reason=trail|mfe_r=1.594375,610.75,39,23791.56,27.69,0.12,0,78.39,0.33,-5.46,-0.02,-1410.81,-5.64,6
203,Entry long,2026-05-22 14:15,sl1|setup=vwap_reclaim|side=long|grade=B|size=half|score=4|window=power|tier=core|rvol=0.755024|rs_vs_spy=0.279599|gap_atr=-0.004398|ext_atr=0.011665|risk_atr=0.08,610.04,39,23791.56,27.69,0.12,0,78.39,0.33,-5.46,-0.02,-1410.81,-5.64,6
204,Exit short,2026-05-26 09:50,sl1|exit_reason=trail|mfe_r=1.651209,607.67,30,18247.2,17.1,0.09,0,79.5,0.44,-21.3,-0.12,-1393.71,-5.57,3
204,Entry short,2026-05-26 09:35,sl1|setup=orb_break|side=short|grade=B|size=half|score=4|window=open|tier=core|rvol=0.866622|rs_vs_spy=-0.096884|gap_atr=-0.08279|ext_atr=0.190436|risk_atr=0.105411,608.24,30,18247.2,17.1,0.09,0,79.5,0.44,-21.3,-0.12,-1393.71,-5.57,3
205,Exit long,2026-05-27 10:05,sl1|exit_reason=trail|mfe_r=2.256828,612.4,41,25050.59,57.81,0.23,0,109.47,0.44,-27.47,-0.11,-1335.9,-5.34,2
205,Entry long,2026-05-27 09:55,sl1|setup=vwap_reclaim|side=long|grade=B|size=half|score=4|window=open|tier=core|rvol=0.962013|rs_vs_spy=0.277248|gap_atr=-0.183231|ext_atr=0.006209|risk_atr=0.08,610.99,41,25050.59,57.81,0.23,0,109.47,0.44,-27.47,-0.11,-1335.9,-5.34,2
206,Exit long,2026-05-27 15:15,sl1|exit_reason=trail|mfe_r=2.946461,632.45,8,4967.12,92.48,1.86,0,140.32,2.82,-36.08,-0.73,-1243.42,-4.97,15
206,Entry long,2026-05-27 14:00,sl1|setup=hod_break|side=long|grade=B|size=half|score=4|window=power|tier=core|rvol=1.387108|rs_vs_spy=2.029056|gap_atr=-0.183231|ext_atr=0.493335|risk_atr=0.4,620.89,8,4967.12,92.48,1.86,0,140.32,2.82,-36.08,-0.73,-1243.42,-4.97,15
207,Exit short,2026-05-28 09:40,sl1|exit_reason=be|mfe_r=0.80215,631.27,49,30913.61,-18.62,-0.06,0,77.91,0.25,-78.4,-0.25,-1262.04,-5.05,1
207,Entry short,2026-05-28 09:35,sl1|setup=orb_break|side=short|grade=A|size=full|score=4|window=open|tier=core|rvol=2.185923|rs_vs_spy=-1.28636|gap_atr=0.286662|ext_atr=0.222749|risk_atr=0.1259,630.89,49,30913.61,-18.62,-0.06,0,77.91,0.25,-78.4,-0.25,-1262.04,-5.05,1
208,Exit short,2026-05-28 10:15,sl1|exit_reason=stop|mfe_r=0,636.47,78,49541.7,-102.96,-0.21,0,46.8,0.09,-102.96,-0.21,-1365,-5.46,1
208,Entry short,2026-05-28 10:10,sl1|setup=vwap_loss|side=short|grade=A|size=full|score=4|window=open|tier=core|rvol=1.86672|rs_vs_spy=-1.108426|gap_atr=0.286662|ext_atr=0.022033|risk_atr=0.08,635.15,78,49541.7,-102.96,-0.21,0,46.8,0.09,-102.96,-0.21,-1365,-5.46,1
209,Exit short,2026-05-28 11:25,sl1|exit_reason=trail|mfe_r=1.781246,634.13,35,22231.3,36.75,0.17,0,86.45,0.39,-36.75,-0.17,-1328.25,-5.31,8
209,Entry short,2026-05-28 10:45,sl1|setup=vwap_loss|side=short|grade=A|size=half|score=4|window=midday|tier=core|rvol=1.577236|rs_vs_spy=-1.009098|gap_atr=0.286662|ext_atr=0.037686|risk_atr=0.087686,635.18,35,22231.3,36.75,0.17,0,86.45,0.39,-36.75,-0.17,-1328.25,-5.31,8
210,Exit short,2026-05-29 09:40,sl1|exit_reason=be|mfe_r=0.808738,629.44,34,21372.74,-28.22,-0.13,0,39.44,0.18,-41.48,-0.19,-1356.47,-5.43,1
210,Entry short,2026-05-29 09:35,sl1|setup=pdl_break|side=short|grade=B|size=half|score=4|window=open|tier=core|rvol=1.223388|rs_vs_spy=-0.929856|gap_atr=-0.08998|ext_atr=0.085453|risk_atr=0.092455,628.61,34,21372.74,-28.22,-0.13,0,39.44,0.18,-41.48,-0.19,-1356.47,-5.43,1
211,Exit short,2026-06-01 09:45,sl1|exit_reason=stop|mfe_r=0,619.65,80,49468.8,-103.2,-0.21,0,0,0.00,-103.2,-0.21,-1459.67,-5.84,1
211,Entry short,2026-06-01 09:40,sl1|setup=orb_break|side=short|grade=A|size=full|score=5|window=open|tier=core|rvol=2.868832|rs_vs_spy=-1.917925|gap_atr=-0.183144|ext_atr=0.234197|risk_atr=0.08,618.36,80,49468.8,-103.2,-0.21,0,0,0.00,-103.2,-0.21,-1459.67,-5.84,1
212,Exit short,2026-06-01 15:10,sl1|exit_reason=time|mfe_r=0.262966,606.6,30,18179.4,-18.6,-0.10,0,25.2,0.14,-72.6,-0.40,-1478.27,-5.91,6
212,Entry short,2026-06-01 14:40,sl1|setup=lod_break|side=short|grade=A|size=full|score=5|window=power|tier=core|rvol=2.255994|rs_vs_spy=-4.361914|gap_atr=-0.183144|ext_atr=0.487907|risk_atr=0.210899,605.98,30,18179.4,-18.6,-0.10,0,25.2,0.14,-72.6,-0.40,-1478.27,-5.91,6
213,Exit short,2026-06-02 09:45,sl1|exit_reason=stop|mfe_r=0.581297,601.57,32,19150.4,-99.84,-0.52,0,56.64,0.30,-99.84,-0.52,-1578.11,-6.31,2
213,Entry short,2026-06-02 09:35,sl1|setup=orb_break|side=short|grade=A|size=full|score=5|window=open|tier=core|rvol=1.804628|rs_vs_spy=-0.798278|gap_atr=0.167781|ext_atr=0.145035|risk_atr=0.181282,598.45,32,19150.4,-99.84,-0.52,0,56.64,0.30,-99.84,-0.52,-1578.11,-6.31,2
214,Exit short,2026-06-02 10:15,sl1|exit_reason=stop|mfe_r=0,602.69,22,13208.58,-50.6,-0.38,0,1.1,0.01,-50.6,-0.38,-1628.71,-6.51,1
214,Entry short,2026-06-02 10:10,sl1|setup=vwap_loss|side=short|grade=B|size=half|score=4|window=open|tier=core|rvol=1.337024|rs_vs_spy=-0.635237|gap_atr=0.167781|ext_atr=0.082745|risk_atr=0.132745,600.39,22,13208.58,-50.6,-0.38,0,1.1,0.01,-50.6,-0.38,-1628.71,-6.51,1
215,Exit long,2026-06-03 10:10,sl1|exit_reason=trail|mfe_r=2.149502,615.72,27,16514.55,109.89,0.67,0,207.36,1.26,-58.32,-0.35,-1518.82,-6.08,4
215,Entry long,2026-06-03 09:50,sl1|setup=pdh_break|side=long|grade=A|size=full|score=5|window=open|tier=core|rvol=1.803658|rs_vs_spy=1.764702|gap_atr=0.306407|ext_atr=0.11818|risk_atr=0.21522,611.65,27,16514.55,109.89,0.67,0,207.36,1.26,-58.32,-0.35,-1518.82,-6.08,4
216,Exit long,2026-06-03 14:45,sl1|exit_reason=time|mfe_r=0.084965,622.13,19,11847.83,-27.36,-0.23,0,7.79,0.07,-35.72,-0.30,-1546.18,-6.18,6
216,Entry long,2026-06-03 14:15,sl1|setup=hod_break|side=long|grade=A|size=full|score=5|window=power|tier=core|rvol=1.68712|rs_vs_spy=3.784152|gap_atr=0.306407|ext_atr=0.490277|risk_atr=0.30406,623.57,19,11847.83,-27.36,-0.23,0,7.79,0.07,-35.72,-0.30,-1546.18,-6.18,6
217,Exit long,2026-06-04 10:00,sl1|exit_reason=trail|mfe_r=2.687336,637.71,72,45749.52,165.6,0.36,0,301.68,0.66,-1.44,0.00,-1380.58,-5.52,2
217,Entry long,2026-06-04 09:50,sl1|setup=orb_break|side=long|grade=A|size=full|score=5|window=open|tier=core|rvol=1.505673|rs_vs_spy=1.758667|gap_atr=0.041499|ext_atr=0.160861|risk_atr=0.08,635.41,72,45749.52,165.6,0.36,0,301.68,0.66,-1.44,0.00,-1380.58,-5.52,2
218,Exit short,2026-06-05 10:10,sl1|exit_reason=trail|mfe_r=2.609272,616.92,22,13648.36,76.12,0.56,0,124.52,0.91,-37.84,-0.28,-1304.46,-5.22,4
218,Entry short,2026-06-05 09:50,sl1|setup=orb_break|side=short|grade=B|size=half|score=4|window=open|tier=core|rvol=0.579998|rs_vs_spy=-0.090297|gap_atr=-0.268859|ext_atr=0.251337|risk_atr=0.124129,620.38,22,13648.36,76.12,0.56,0,124.52,0.91,-37.84,-0.28,-1304.46,-5.22,4
219,Exit short,2026-06-05 14:35,sl1|exit_reason=trail|mfe_r=1.569534,590.04,7,4157.93,27.65,0.66,0,76.93,1.85,-17.64,-0.42,-1276.81,-5.11,5
219,Entry short,2026-06-05 14:10,sl1|setup=lod_break|side=short|grade=B|size=half|score=4|window=power|tier=core|rvol=1.001858|rs_vs_spy=-3.288966|gap_atr=-0.268859|ext_atr=1.044229|risk_atr=0.4,593.99,7,4157.93,27.65,0.66,0,76.93,1.85,-17.64,-0.42,-1276.81,-5.11,5
220,Exit short,2026-06-08 15:20,sl1|exit_reason=be|mfe_r=1.16149,587.07,31,18197.93,-1.24,-0.01,0,55.8,0.31,-9.92,-0.05,-1278.05,-5.11,4
220,Entry short,2026-06-08 15:00,sl1|setup=vwap_loss|side=short|grade=B|size=half|score=4|window=power|tier=core|rvol=0.573466|rs_vs_spy=-0.522686|gap_atr=-0.040844|ext_atr=0.015448|risk_atr=0.08,587.03,31,18197.93,-1.24,-0.01,0,55.8,0.31,-9.92,-0.05,-1278.05,-5.11,4
221,Exit long,2026-06-09 10:10,sl1|exit_reason=time|mfe_r=0.339527,594.36,10,5959.8,-16.2,-0.27,0,16.5,0.28,-27.6,-0.46,-1294.25,-5.18,6
221,Entry long,2026-06-09 09:40,sl1|setup=pdh_retest|side=long|grade=B|size=half|score=4|window=open|tier=core|rvol=0.459913|rs_vs_spy=0.481499|gap_atr=0.333818|ext_atr=0.191476|risk_atr=0.25655,595.98,10,5959.8,-16.2,-0.27,0,16.5,0.28,-27.6,-0.46,-1294.25,-5.18,6
222,Exit long,2026-06-09 14:10,sl1|exit_reason=stop|mfe_r=0,588.91,32,18895.68,-50.56,-0.27,0,0,0.00,-50.56,-0.27,-1344.81,-5.38,1
222,Entry long,2026-06-09 14:05,sl1|setup=vwap_reclaim|side=long|grade=B|size=half|score=4|window=power|tier=core|rvol=0.692434|rs_vs_spy=1.136498|gap_atr=0.333818|ext_atr=0.013753|risk_atr=0.08,590.49,32,18895.68,-50.56,-0.27,0,0,0.00,-50.56,-0.27,-1344.81,-5.38,1
223,Exit long,2026-06-10 10:10,sl1|exit_reason=stop|mfe_r=0.748803,584.55,12,7061.4,-46.8,-0.66,0,34.44,0.49,-46.8,-0.66,-1391.61,-5.57,7
223,Entry long,2026-06-10 09:35,sl1|setup=orb_break|side=long|grade=B|size=half|score=4|window=open|tier=core|rvol=0.57843|rs_vs_spy=1.250972|gap_atr=-0.230123|ext_atr=0.205001|risk_atr=0.20324,588.45,12,7061.4,-46.8,-0.66,0,34.44,0.49,-46.8,-0.66,-1391.61,-5.57,7
224,Exit short,2026-06-10 15:40,sl1|exit_reason=be|mfe_r=0.954055,573.58,16,9176.64,-0.64,-0.01,0,46.88,0.51,-9.12,-0.10,-1392.25,-5.57,13
224,Entry short,2026-06-10 14:35,sl1|setup=lod_break|side=short|grade=B|size=half|score=4|window=power|tier=core|rvol=0.620929|rs_vs_spy=-0.484141|gap_atr=-0.230123|ext_atr=0.379066|risk_atr=0.162827,573.54,16,9176.64,-0.64,-0.01,0,46.88,0.51,-9.12,-0.10,-1392.25,-5.57,13
225,Exit short,2026-06-11 10:20,sl1|exit_reason=stop|mfe_r=0.683674,562.16,21,11755.59,-49.77,-0.42,0,34.23,0.29,-49.77,-0.42,-1442.02,-5.77,2
225,Entry short,2026-06-11 10:10,sl1|setup=orb_break|side=short|grade=B|size=half|score=4|window=open|tier=core|rvol=0.735876|rs_vs_spy=-0.820012|gap_atr=-0.294558|ext_atr=0.172691|risk_atr=0.121677,559.79,21,11755.59,-49.77,-0.42,0,34.23,0.29,-49.77,-0.42,-1442.02,-5.77,2
226,Exit short,2026-06-12 10:30,sl1|exit_reason=be|mfe_r=1.085197,566.25,10,5662.1,-0.4,-0.01,0,53.1,0.94,-5.1,-0.09,-1442.42,-5.77,10
226,Entry short,2026-06-12 09:40,sl1|setup=orb_break|side=short|grade=B|size=half|score=3|window=open|tier=core|rvol=0.774445|rs_vs_spy=-0.583869|gap_atr=0.251978|ext_atr=0.247321|risk_atr=0.260822,566.21,10,5662.1,-0.4,-0.01,0,53.1,0.94,-5.1,-0.09,-1442.42,-5.77,10
227,Exit long,2026-06-15 09:45,sl1|exit_reason=stop|mfe_r=0,587.18,29,17078.39,-50.17,-0.29,0,0,0.00,-50.17,-0.29,-1492.59,-5.97,1
227,Entry long,2026-06-15 09:40,sl1|setup=orb_break|side=long|grade=B|size=half|score=4|window=open|tier=core|rvol=1.480511|rs_vs_spy=1.41726|gap_atr=0.712458|ext_atr=0.100389|risk_atr=0.090927,588.91,29,17078.39,-50.17,-0.29,0,0,0.00,-50.17,-0.29,-1492.59,-5.97,1
228,Exit long,2026-06-16 09:45,sl1|exit_reason=trail|mfe_r=3.624492,603.6,31,18603.1,108.5,0.58,0,176.39,0.95,-8.06,-0.04,-1384.09,-5.54,1
228,Entry long,2026-06-16 09:40,sl1|setup=orb_break|side=long|grade=B|size=half|score=4|window=open|tier=core|rvol=0.56792|rs_vs_spy=1.048674|gap_atr=0.008125|ext_atr=0.095845|risk_atr=0.08,600.1,31,18603.1,108.5,0.58,0,176.39,0.95,-8.06,-0.04,-1384.09,-5.54,1
229,Exit long,2026-06-16 15:00,sl1|exit_reason=be|mfe_r=1.117181,598.56,31,18556.6,-1.24,-0.01,0,53.94,0.29,-18.6,-0.10,-1385.33,-5.54,8
229,Entry long,2026-06-16 14:20,sl1|setup=vwap_reclaim|side=long|grade=B|size=half|score=4|window=power|tier=core|rvol=0.567718|rs_vs_spy=1.167067|gap_atr=0.008125|ext_atr=0.022292|risk_atr=0.08,598.6,31,18556.6,-1.24,-0.01,0,53.94,0.29,-18.6,-0.10,-1385.33,-5.54,8
230,Exit short,2026-06-17 09:45,sl1|exit_reason=be|mfe_r=1.096136,587.16,32,18767.68,-21.44,-0.11,0,53.44,0.28,-37.76,-0.20,-1406.77,-5.63,1
230,Entry short,2026-06-17 09:40,sl1|setup=orb_break|side=short|grade=B|size=half|score=4|window=open|tier=core|rvol=0.829993|rs_vs_spy=-1.007788|gap_atr=-0.413029|ext_atr=0.105753|risk_atr=0.08,586.49,32,18767.68,-21.44,-0.11,0,53.44,0.28,-37.76,-0.20,-1406.77,-5.63,1
231,Exit short,2026-06-17 15:50,sl1|exit_reason=eod|mfe_r=2.593589,566.94,13,7494.24,124.02,1.65,0,129.09,1.72,-21.71,-0.29,-1282.75,-5.13,22
231,Entry short,2026-06-17 14:00,sl1|setup=lod_break|side=short|grade=B|size=half|score=4|window=power|tier=core|rvol=0.978873|rs_vs_spy=-1.852684|gap_atr=-0.413029|ext_atr=0.317638|risk_atr=0.199063,576.48,13,7494.24,124.02,1.65,0,129.09,1.72,-21.71,-0.29,-1282.75,-5.13,22
232,Exit short,2026-06-18 10:00,sl1|exit_reason=be|mfe_r=1.355666,567.68,14,7946.96,-0.56,-0.01,0,63.42,0.80,-4.48,-0.06,-1283.31,-5.13,5
232,Entry short,2026-06-18 09:35,sl1|setup=orb_break|side=short|grade=B|size=half|score=3|window=open|tier=core|rvol=0.751088|rs_vs_spy=-0.702675|gap_atr=0.342916|ext_atr=0.170152|risk_atr=0.165125,567.64,14,7946.96,-0.56,-0.01,0,63.42,0.80,-4.48,-0.06,-1283.31,-5.13,5
233,Exit long,2026-06-23 10:55,sl1|exit_reason=stop|mfe_r=0.561536,565.38,11,6267.47,-48.29,-0.77,0,26.62,0.42,-48.29,-0.77,-1331.6,-5.33,16
233,Entry long,2026-06-23 09:35,sl1|setup=orb_break|side=long|grade=B|size=half|score=4|window=open|tier=core|rvol=0.834853|rs_vs_spy=1.228684|gap_atr=-0.067824|ext_atr=0.206765|risk_atr=0.218304,569.77,11,6267.47,-48.29,-0.77,0,26.62,0.42,-48.29,-0.77,-1331.6,-5.33,16
234,Exit long,2026-06-24 09:40,sl1|exit_reason=stop|mfe_r=0,564.01,16,9074.08,-49.92,-0.55,0,5.76,0.06,-49.92,-0.55,-1381.52,-5.53,1
234,Entry long,2026-06-24 09:35,sl1|setup=orb_break|side=long|grade=B|size=half|score=4|window=open|tier=core|rvol=0.770985|rs_vs_spy=0.67332|gap_atr=0.013485|ext_atr=0.129653|risk_atr=0.159433,567.13,16,9074.08,-49.92,-0.55,0,5.76,0.06,-49.92,-0.55,-1381.52,-5.53,1
235,Exit short,2026-06-25 09:50,sl1|exit_reason=stop|mfe_r=0.224549,545.66,22,11905.52,-99,-0.83,0,21.56,0.18,-99,-0.83,-1480.52,-5.92,3
235,Entry short,2026-06-25 09:35,sl1|setup=orb_break|side=short|grade=A|size=full|score=5|window=open|tier=core|rvol=1.649485|rs_vs_spy=-2.377709|gap_atr=-0.100702|ext_atr=0.303968|risk_atr=0.236033,541.16,22,11905.52,-99,-0.83,0,21.56,0.18,-99,-0.83,-1480.52,-5.92,3
236,Exit long,2026-06-26 14:35,sl1|exit_reason=trail|mfe_r=1.542582,551.95,10,5493.5,26,0.47,0,74.9,1.36,-2.4,-0.04,-1454.52,-5.82,53
236,Entry long,2026-06-26 10:10,sl1|setup=orb_retest|side=long|grade=B|size=half|score=4|window=open|tier=core|rvol=0.772156|rs_vs_spy=0.544876|gap_atr=0.017582|ext_atr=0.274103|risk_atr=0.259386,549.35,10,5493.5,26,0.47,0,74.9,1.36,-2.4,-0.04,-1454.52,-5.82,53
237,Exit long,2026-06-29 09:55,sl1|exit_reason=be|mfe_r=1.047082,568.65,23,13079.87,-0.92,-0.01,0,50.6,0.39,-28.52,-0.22,-1455.44,-5.82,2
237,Entry long,2026-06-29 09:45,sl1|setup=orb_break|side=long|grade=B|size=half|score=4|window=open|tier=core|rvol=0.922664|rs_vs_spy=1.211232|gap_atr=0.541563|ext_atr=0.160356|risk_atr=0.113966,568.69,23,13079.87,-0.92,-0.01,0,50.6,0.39,-28.52,-0.22,-1455.44,-5.82,2
238,Exit long,2026-06-29 14:50,sl1|exit_reason=stop|mfe_r=0.258687,564.8,33,18689.22,-50.82,-0.27,0,11.88,0.06,-50.82,-0.27,-1506.26,-6.03,4
238,Entry long,2026-06-29 14:30,sl1|setup=vwap_reclaim|side=long|grade=B|size=half|score=4|window=power|tier=core|rvol=0.81951|rs_vs_spy=0.545743|gap_atr=0.541563|ext_atr=0.028042|risk_atr=0.08,566.34,33,18689.22,-50.82,-0.27,0,11.88,0.06,-50.82,-0.27,-1506.26,-6.03,4
239,Exit long,2026-06-29 15:50,sl1|exit_reason=stop|mfe_r=0.582448,564.76,30,16992.6,-49.8,-0.29,0,27.6,0.16,-49.8,-0.29,-1556.06,-6.22,2
239,Entry long,2026-06-29 15:40,sl1|setup=vwap_reclaim|side=long|grade=B|size=half|score=4|window=power|tier=core|rvol=0.809713|rs_vs_spy=0.554808|gap_atr=0.541563|ext_atr=0.036751|risk_atr=0.086751,566.42,30,16992.6,-49.8,-0.29,0,27.6,0.16,-49.8,-0.29,-1556.06,-6.22,2
240,Exit short,2026-06-30 10:15,sl1|exit_reason=stop|mfe_r=0,556.46,33,18312.36,-50.82,-0.28,0,1.98,0.01,-50.82,-0.28,-1606.88,-6.43,1
240,Entry short,2026-06-30 10:10,sl1|setup=orb_break|side=short|grade=B|size=half|score=4|window=open|tier=core|rvol=0.710897|rs_vs_spy=-1.489785|gap_atr=-0.050667|ext_atr=0.090918|risk_atr=0.08,554.92,33,18312.36,-50.82,-0.28,0,1.98,0.01,-50.82,-0.28,-1606.88,-6.43,1
241,Exit long,2026-07-01 09:40,sl1|exit_reason=stop|mfe_r=0,606.27,48,29202.72,-101.76,-0.35,0,98.88,0.34,-101.76,-0.35,-1708.64,-6.83,1
241,Entry long,2026-07-01 09:35,sl1|setup=orb_break|side=long|grade=A|size=full|score=5|window=open|tier=core|rvol=4.474367|rs_vs_spy=0.57518|gap_atr=2.340651|ext_atr=0.276181|risk_atr=0.112439,608.39,48,29202.72,-101.76,-0.35,0,98.88,0.34,-101.76,-0.35,-1708.64,-6.83,1
242,Exit short,2026-07-01 15:30,sl1|exit_reason=be|mfe_r=0.766915,615.6,33,20313.48,-1.32,-0.01,0,36.63,0.18,-47.19,-0.23,-1709.96,-6.84,3
242,Entry short,2026-07-01 15:15,sl1|setup=vwap_loss|side=short|grade=B|size=half|score=3|window=power|tier=core|rvol=3.655418|rs_vs_spy=1.182941|gap_atr=2.340651|ext_atr=0.005045|risk_atr=0.08,615.56,33,20313.48,-1.32,-0.01,0,36.63,0.18,-47.19,-0.23,-1709.96,-6.84,3
243,Exit short,2026-07-02 15:00,sl1|exit_reason=trail|mfe_r=3.320002,585.04,10,5955.7,105.3,1.77,0,151.1,2.54,-3,-0.05,-1604.66,-6.42,64
243,Entry short,2026-07-02 09:40,sl1|setup=orb_break|side=short|grade=B|size=half|score=4|window=open|tier=core|rvol=1.321484|rs_vs_spy=-2.287248|gap_atr=-0.252937|ext_atr=0.213542|risk_atr=0.20958,595.57,10,5955.7,105.3,1.77,0,151.1,2.54,-3,-0.05,-1604.66,-6.42,64
244,Exit short,2026-07-06 11:30,sl1|exit_reason=stop|mfe_r=0.621882,592.09,7,4099.97,-44.66,-1.09,0,27.44,0.67,-44.66,-1.09,-1649.32,-6.60,23
244,Entry short,2026-07-06 09:35,sl1|setup=orb_break|side=short|grade=B|size=half|score=3|window=open|tier=core|rvol=0.755066|rs_vs_spy=-1.496228|gap_atr=0.541043|ext_atr=0.229269|risk_atr=0.281431,585.71,7,4099.97,-44.66,-1.09,0,27.44,0.67,-44.66,-1.09,-1649.32,-6.60,23
245,Exit long,2026-07-06 14:50,sl1|exit_reason=time|mfe_r=0.442776,600.56,12,7207.92,-1.2,-0.02,0,21.84,0.30,-19.56,-0.27,-1650.52,-6.60,6
245,Entry long,2026-07-06 14:20,sl1|setup=orb_break|side=long|grade=B|size=half|score=4|window=power|tier=core|rvol=0.721321|rs_vs_spy=0.58899|gap_atr=0.541043|ext_atr=0.41235|risk_atr=0.184594,600.66,12,7207.92,-1.2,-0.02,0,21.84,0.30,-19.56,-0.27,-1650.52,-6.60,6
246,Exit long,2026-07-07 09:55,sl1|exit_reason=stop|mfe_r=0.430453,610.9,21,12878.67,-49.77,-0.39,0,20.58,0.16,-49.77,-0.39,-1700.29,-6.80,3
246,Entry long,2026-07-07 09:40,sl1|setup=orb_break|side=long|grade=B|size=half|score=4|window=open|tier=core|rvol=0.83071|rs_vs_spy=0.917804|gap_atr=0.327878|ext_atr=0.151031|risk_atr=0.103422,613.27,21,12878.67,-49.77,-0.39,0,20.58,0.16,-49.77,-0.39,-1700.29,-6.80,3
247,Exit long,2026-07-07 14:45,sl1|exit_reason=be|mfe_r=0.830268,617.86,5,3089.5,-0.2,-0.01,0,37.2,1.20,-7.2,-0.23,-1700.49,-6.80,8
247,Entry long,2026-07-07 14:05,sl1|setup=hod_break|side=long|grade=B|size=half|score=4|window=power|tier=core|rvol=0.849143|rs_vs_spy=1.84092|gap_atr=0.327878|ext_atr=0.356557|risk_atr=0.4,617.9,5,3089.5,-0.2,-0.01,0,37.2,1.20,-7.2,-0.23,-1700.49,-6.80,8
248,Exit short,2026-07-08 09:45,sl1|exit_reason=trail|mfe_r=2.04198,602.77,27,16318.26,43.47,0.27,0,99.36,0.61,-16.74,-0.10,-1657.02,-6.63,2
248,Entry short,2026-07-08 09:35,sl1|setup=orb_break|side=short|grade=B|size=half|score=4|window=open|tier=core|rvol=0.341025|rs_vs_spy=-1.757118|gap_atr=-0.046138|ext_atr=0.117341|risk_atr=0.08,604.38,27,16318.26,43.47,0.27,0,99.36,0.61,-16.74,-0.10,-1657.02,-6.63,2
249,Exit short,2026-07-08 10:25,sl1|exit_reason=stop|mfe_r=0.430471,606.09,27,16314.21,-50.22,-0.31,0,20.52,0.13,-50.22,-0.31,-1707.24,-6.83,3
249,Entry short,2026-07-08 10:10,sl1|setup=vwap_loss|side=short|grade=B|size=half|score=4|window=open|tier=core|rvol=0.463962|rs_vs_spy=-1.685988|gap_atr=-0.046138|ext_atr=0.006814|risk_atr=0.08,604.23,27,16314.21,-50.22,-0.31,0,20.52,0.13,-50.22,-0.31,-1707.24,-6.83,3
250,Exit short,2026-07-08 15:40,sl1|exit_reason=be|mfe_r=0.856388,601.38,12,7216.08,-0.48,-0.01,0,39.6,0.55,-2.28,-0.03,-1707.72,-6.83,6
250,Entry short,2026-07-08 15:10,sl1|setup=vwap_loss|side=short|grade=B|size=half|score=4|window=power|tier=core|rvol=0.466088|rs_vs_spy=-2.378279|gap_atr=-0.046138|ext_atr=0.121162|risk_atr=0.171162,601.34,12,7216.08,-0.48,-0.01,0,39.6,0.55,-2.28,-0.03,-1707.72,-6.83,6
251,Exit long,2026-07-09 14:50,sl1|exit_reason=time|mfe_r=0.470499,615.03,28,17251.36,-30.52,-0.18,0,22.96,0.13,-43.12,-0.25,-1738.24,-6.95,6
251,Entry long,2026-07-09 14:20,sl1|setup=pdh_break|side=long|grade=B|size=half|score=3|window=power|tier=core|rvol=1.153744|rs_vs_spy=4.976259|gap_atr=-0.858997|ext_atr=0.695325|risk_atr=0.08,616.12,28,17251.36,-30.52,-0.18,0,22.96,0.13,-43.12,-0.25,-1738.24,-6.95,6
252,Exit long,2026-07-09 15:50,sl1|exit_reason=eod|mfe_r=2.675527,630.12,11,6802.51,128.81,1.89,0,129.69,1.91,-4.07,-0.06,-1609.43,-6.44,8
252,Entry long,2026-07-09 15:10,sl1|setup=hod_break|side=long|grade=B|size=half|score=3|window=power|tier=core|rvol=1.132064|rs_vs_spy=5.427319|gap_atr=-0.858997|ext_atr=0.728134|risk_atr=0.197793,618.41,11,6802.51,128.81,1.89,0,129.69,1.91,-4.07,-0.06,-1609.43,-6.44,8
253,Exit long,2026-07-10 10:00,sl1|exit_reason=trail|mfe_r=1.873444,672.76,37,24808.13,83.99,0.34,0,182.78,0.74,-27.38,-0.11,-1525.44,-6.10,2
253,Entry long,2026-07-10 09:50,sl1|setup=vwap_reclaim|side=long|grade=A|size=full|score=5|window=open|tier=core|rvol=3.299015|rs_vs_spy=1.405866|gap_atr=1.170314|ext_atr=0.057027|risk_atr=0.107027,670.49,37,24808.13,83.99,0.34,0,182.78,0.74,-27.38,-0.11,-1525.44,-6.10,2
254,Exit long,2026-07-10 10:40,sl1|exit_reason=stop|mfe_r=0,667.56,25,16739.5,-50.5,-0.30,0,23.5,0.14,-50.5,-0.30,-1575.94,-6.30,1
254,Entry long,2026-07-10 10:35,sl1|setup=vwap_reclaim|side=long|grade=A|size=half|score=5|window=midday|tier=core|rvol=2.889369|rs_vs_spy=1.427643|gap_atr=1.170314|ext_atr=0.003051|risk_atr=0.08,669.58,25,16739.5,-50.5,-0.30,0,23.5,0.14,-50.5,-0.30,-1575.94,-6.30,1
255,Exit long,2026-07-10 14:25,sl1|exit_reason=stop|mfe_r=0.224866,668.01,50,33502,-101.5,-0.30,0,21,0.06,-101.5,-0.30,-1677.44,-6.71,3
255,Entry long,2026-07-10 14:10,sl1|setup=vwap_reclaim|side=long|grade=A|size=full|score=5|window=power|tier=core|rvol=2.446258|rs_vs_spy=1.152141|gap_atr=1.170314|ext_atr=0.028309|risk_atr=0.08,670.04,50,33502,-101.5,-0.30,0,21,0.06,-101.5,-0.30,-1677.44,-6.71,3
256,Exit long,2026-07-13 09:45,sl1|exit_reason=be|mfe_r=1.292609,672.48,15,10087.8,-0.6,-0.01,0,61.05,0.61,-18.9,-0.19,-1678.04,-6.71,2
256,Entry long,2026-07-13 09:35,sl1|setup=orb_break|side=long|grade=B|size=half|score=3|window=open|tier=core|rvol=0.670032|rs_vs_spy=1.603896|gap_atr=-0.308946|ext_atr=0.245388|risk_atr=0.120388,672.52,15,10087.8,-0.6,-0.01,0,61.05,0.61,-18.9,-0.19,-1678.04,-6.71,2
257,Exit long,2026-07-13 14:35,sl1|exit_reason=stop|mfe_r=0.261577,660.88,23,15249.69,-49.45,-0.32,0,12.19,0.08,-49.45,-0.32,-1727.49,-6.91,2
257,Entry long,2026-07-13 14:25,sl1|setup=vwap_reclaim|side=long|grade=B|size=half|score=3|window=power|tier=core|rvol=0.897487|rs_vs_spy=0.699005|gap_atr=-0.308946|ext_atr=0.018236|risk_atr=0.08,663.03,23,15249.69,-49.45,-0.32,0,12.19,0.08,-49.45,-0.32,-1727.49,-6.91,2
258,Exit long,2026-07-14 10:00,sl1|exit_reason=be|mfe_r=0.75872,659.38,11,7253.62,-0.44,-0.01,0,35.42,0.49,-34.32,-0.47,-1727.93,-6.91,5
258,Entry long,2026-07-14 09:35,sl1|setup=orb_break|side=long|grade=B|size=half|score=4|window=open|tier=core|rvol=0.32078|rs_vs_spy=1.052791|gap_atr=-0.18322|ext_atr=0.208274|risk_atr=0.1642,659.42,11,7253.62,-0.44,-0.01,0,35.42,0.49,-34.32,-0.47,-1727.93,-6.91,5
259,Exit long,2026-07-15 10:45,sl1|exit_reason=be|mfe_r=0.93842,670.39,7,4693.01,-0.28,-0.01,0,41.44,0.88,-20.86,-0.44,-1728.21,-6.91,8
259,Entry long,2026-07-15 10:05,sl1|setup=orb_break|side=long|grade=B|size=half|score=4|window=open|tier=core|rvol=0.468723|rs_vs_spy=0.961476|gap_atr=0.094504|ext_atr=0.309839|risk_atr=0.249246,670.43,7,4693.01,-0.28,-0.01,0,41.44,0.88,-20.86,-0.44,-1728.21,-6.91,8
260,Exit short,2026-07-16 09:45,sl1|exit_reason=stop|mfe_r=0,670.27,15,10005.45,-48.6,-0.49,0,30.45,0.30,-48.6,-0.49,-1776.81,-7.11,1
260,Entry short,2026-07-16 09:40,sl1|setup=orb_break|side=short|grade=B|size=half|score=4|window=open|tier=core|rvol=0.37697|rs_vs_spy=-1.338402|gap_atr=-0.148346|ext_atr=0.185528|risk_atr=0.124368,667.03,15,10005.45,-48.6,-0.49,0,30.45,0.30,-48.6,-0.49,-1776.81,-7.11,1
261,Exit short,2026-07-16 15:50,sl1|exit_reason=eod|mfe_r=0.992966,663.04,10,6647.6,17.2,0.26,0,45.2,0.68,-1.6,-0.02,-1759.61,-7.04,8
261,Entry short,2026-07-16 15:10,sl1|setup=lod_break|side=short|grade=B|size=half|score=4|window=power|tier=core|rvol=0.511605|rs_vs_spy=-1.47354|gap_atr=-0.148346|ext_atr=0.296814|risk_atr=0.178217,664.76,10,6647.6,17.2,0.26,0,45.2,0.68,-1.6,-0.02,-1759.61,-7.04,8
262,Exit short,2026-07-17 09:45,sl1|exit_reason=trail|mfe_r=2.632715,640.02,24,15404.16,43.68,0.28,0,127.92,0.83,-10.08,-0.07,-1715.93,-6.86,2
262,Entry short,2026-07-17 09:35,sl1|setup=orb_break|side=short|grade=B|size=half|score=4|window=open|tier=core|rvol=0.528326|rs_vs_spy=-0.826188|gap_atr=-0.650748|ext_atr=0.114313|risk_atr=0.08,641.84,24,15404.16,43.68,0.28,0,127.92,0.83,-10.08,-0.07,-1715.93,-6.86,2
263,Exit short,2026-07-20 10:00,sl1|exit_reason=trail|mfe_r=1.921982,638.35,23,14725.75,43.7,0.30,0,92.69,0.63,-13.11,-0.09,-1672.23,-6.69,2
263,Entry short,2026-07-20 09:50,sl1|setup=orb_break|side=short|grade=B|size=half|score=4|window=open|tier=core|rvol=0.370067|rs_vs_spy=-1.080368|gap_atr=0.066059|ext_atr=0.098584|risk_atr=0.08,640.25,23,14725.75,43.7,0.30,0,92.69,0.63,-13.11,-0.09,-1672.23,-6.69,2
264,Exit short,2026-07-21 10:15,sl1|exit_reason=be|mfe_r=0.897817,646.82,23,14874.79,-2.07,-0.01,0,42.78,0.29,-9.2,-0.06,-1674.3,-6.70,1
264,Entry short,2026-07-21 10:10,sl1|setup=vwap_loss|side=short|grade=B|size=half|score=3|window=open|tier=core|rvol=0.352405|rs_vs_spy=-1.095653|gap_atr=0.334715|ext_atr=0.031498|risk_atr=0.081498,646.73,23,14874.79,-2.07,-0.01,0,42.78,0.29,-9.2,-0.06,-1674.3,-6.70,1
265,Exit short,2026-07-21 14:30,sl1|exit_reason=time|mfe_r=0.432988,647.23,24,15533.52,0,0.00,0,20.88,0.13,-13.68,-0.09,-1674.3,-6.70,6
265,Entry short,2026-07-21 14:00,sl1|setup=vwap_loss|side=short|grade=B|size=half|score=3|window=power|tier=core|rvol=0.304931|rs_vs_spy=-1.366295|gap_atr=0.334715|ext_atr=0.007831|risk_atr=0.08,647.23,24,15533.52,0,0.00,0,20.88,0.13,-13.68,-0.09,-1674.3,-6.70,6
266,Exit short,2026-07-22 09:45,sl1|exit_reason=be|mfe_r=1.111852,635.52,18,11438.64,-0.72,-0.01,0,53.64,0.47,-0.72,-0.01,-1675.02,-6.70,2
266,Entry short,2026-07-22 09:35,sl1|setup=orb_break|side=short|grade=B|size=half|score=4|window=open|tier=core|rvol=0.402492|rs_vs_spy=-1.97477|gap_atr=0.161121|ext_atr=0.144831|risk_atr=0.108957,635.48,18,11438.64,-0.72,-0.01,0,53.64,0.47,-0.72,-0.01,-1675.02,-6.70,2
267,Exit short,2026-07-23 10:35,sl1|exit_reason=time|mfe_r=0.472481,606.91,11,6668.53,-7.48,-0.11,0,23.1,0.35,-17.93,-0.27,-1682.5,-6.73,6
267,Entry short,2026-07-23 10:05,sl1|setup=vwap_loss|side=short|grade=B|size=half|score=4|window=open|tier=core|rvol=0.639108|rs_vs_spy=-0.417504|gap_atr=-0.74332|ext_atr=0.131494|risk_atr=0.181494,606.23,11,6668.53,-7.48,-0.11,0,23.1,0.35,-17.93,-0.27,-1682.5,-6.73,6
268,Exit short,2026-07-24 10:00,sl1|exit_reason=stop|mfe_r=0.171012,604.44,20,12040,-48.8,-0.41,0,7.8,0.06,-48.8,-0.41,-1731.3,-6.93,2
268,Entry short,2026-07-24 09:50,sl1|setup=orb_break|side=short|grade=B|size=half|score=4|window=open|tier=core|rvol=0.417077|rs_vs_spy=-0.45686|gap_atr=-0.02664|ext_atr=0.088603|risk_atr=0.095328,602,20,12040,-48.8,-0.41,0,7.8,0.06,-48.8,-0.41,-1731.3,-6.93,2
269,Exit short,2026-07-27 14:30,sl1|exit_reason=time|mfe_r=0.143074,593.92,25,14846.5,-1.5,-0.01,0,6.5,0.04,-34.75,-0.23,-1732.8,-6.93,6
269,Entry short,2026-07-27 14:00,sl1|setup=pdl_break|side=short|grade=B|size=half|score=3|window=power|tier=core|rvol=0.687658|rs_vs_spy=-1.318802|gap_atr=0.516294|ext_atr=0.337563|risk_atr=0.08,593.86,25,14846.5,-1.5,-0.01,0,6.5,0.04,-34.75,-0.23,-1732.8,-6.93,6
270,Exit short,2026-07-28 10:15,sl1|exit_reason=time|mfe_r=0.403212,593.56,13,7708.48,-7.8,-0.10,0,18.98,0.25,-36.4,-0.47,-1740.6,-6.96,6
270,Entry short,2026-07-28 09:45,sl1|setup=orb_retest|side=short|grade=B|size=half|score=4|window=open|tier=core|rvol=0.979285|rs_vs_spy=-0.309997|gap_atr=0.096|ext_atr=0.151167|risk_atr=0.152872,592.96,13,7708.48,-7.8,-0.10,0,18.98,0.25,-36.4,-0.47,-1740.6,-6.96,6
271,Exit short,2026-07-28 15:00,sl1|exit_reason=stop|mfe_r=0,594.81,25,14819.75,-50.5,-0.34,0,0,0.00,-50.5,-0.34,-1791.1,-7.16,5
271,Entry short,2026-07-28 14:35,sl1|setup=vwap_loss|side=short|grade=B|size=half|score=4|window=power|tier=core|rvol=0.704446|rs_vs_spy=-0.78494|gap_atr=0.096|ext_atr=0.032076|risk_atr=0.082076,592.79,25,14819.75,-50.5,-0.34,0,0,0.00,-50.5,-0.34,-1791.1,-7.16,5
272,Exit short,2026-07-29 09:55,sl1|exit_reason=be|mfe_r=1.159026,589.29,26,15320.5,-1.04,-0.01,0,55.64,0.36,-1.04,-0.01,-1792.14,-7.17,2
272,Entry short,2026-07-29 09:45,sl1|setup=orb_break|side=short|grade=B|size=half|score=4|window=open|tier=core|rvol=0.857586|rs_vs_spy=-0.688898|gap_atr=0.022751|ext_atr=0.104619|risk_atr=0.08,589.25,26,15320.5,-1.04,-0.01,0,55.64,0.36,-1.04,-0.01,-1792.14,-7.17,2
273,Exit long,2026-07-29 14:30,sl1|exit_reason=time|mfe_r=0.164195,594.18,8,4778.64,-25.2,-0.53,0,7.2,0.15,-35.6,-0.74,-1817.34,-7.27,6
273,Entry long,2026-07-29 14:00,sl1|setup=hod_break|side=long|grade=B|size=half|score=4|window=power|tier=core|rvol=0.786289|rs_vs_spy=0.809284|gap_atr=0.022751|ext_atr=0.278877|risk_atr=0.240524,597.33,8,4778.64,-25.2,-0.53,0,7.2,0.15,-35.6,-0.74,-1817.34,-7.27,6
274,Exit long,2026-07-29 15:15,sl1|exit_reason=stop|mfe_r=0.081732,593.52,8,4795.52,-47.36,-0.99,0,3.68,0.08,-47.36,-0.99,-1864.7,-7.46,5
274,Entry long,2026-07-29 14:50,sl1|setup=hod_break|side=long|grade=B|size=half|score=4|window=power|tier=core|rvol=0.864399|rs_vs_spy=0.559085|gap_atr=0.022751|ext_atr=0.334201|risk_atr=0.252103,599.44,8,4795.52,-47.36,-0.99,0,3.68,0.08,-47.36,-0.99,-1864.7,-7.46,5
275,Exit long,2026-07-30 11:00,sl1|exit_reason=trail|mfe_r=1.575389,533.71,22,11715,26.62,0.23,0,75.24,0.64,-31.9,-0.27,-1838.08,-7.35,5
275,Entry long,2026-07-30 10:35,sl1|setup=vwap_reclaim|side=long|grade=A|size=half|score=4|window=midday|tier=core|rvol=4.748945|rs_vs_spy=0.869177|gap_atr=-2.667764|ext_atr=0.045356|risk_atr=0.095356,532.5,22,11715,26.62,0.23,0,75.24,0.64,-31.9,-0.27,-1838.08,-7.35,5
276,Exit long,2026-07-30 14:45,sl1|exit_reason=be|mfe_r=0.894367,533.04,51,27187.08,-2.04,-0.01,0,86.7,0.32,-24.99,-0.09,-1840.12,-7.36,7
276,Entry long,2026-07-30 14:10,sl1|setup=vwap_reclaim|side=long|grade=A|size=full|score=4|window=power|tier=core|rvol=3.406255|rs_vs_spy=0.772927|gap_atr=-2.667764|ext_atr=0.033983|risk_atr=0.083983,533.08,51,27187.08,-2.04,-0.01,0,86.7,0.32,-24.99,-0.09,-1840.12,-7.36,7
277,Exit long,2026-08-03 10:00,sl1|exit_reason=trail|mfe_r=3.606524,588.95,20,11523.4,255.6,2.22,0,354.4,3.08,-0.4,0.00,-1584.52,-6.34,5
277,Entry long,2026-08-03 09:35,sl1|setup=orb_break|side=long|grade=A|size=full|score=5|window=open|tier=core|rvol=1.565794|rs_vs_spy=2.163113|gap_atr=0.229175|ext_atr=0.189262|risk_atr=0.195369,576.17,20,11523.4,255.6,2.22,0,354.4,3.08,-0.4,0.00,-1584.52,-6.34,5
278,Exit long,2026-08-04 09:45,sl1|exit_reason=stop|mfe_r=0.622768,582.87,23,13455.46,-49.45,-0.37,0,29.67,0.22,-49.45,-0.37,-1633.97,-6.54,2
278,Entry long,2026-08-04 09:35,sl1|setup=orb_break|side=long|grade=B|size=half|score=3|window=open|tier=core|rvol=0.699874|rs_vs_spy=0.448139|gap_atr=-0.335819|ext_atr=0.070942|risk_atr=0.08,585.02,23,13455.46,-49.45,-0.37,0,29.67,0.22,-49.45,-0.37,-1633.97,-6.54,2
279,Exit long,2026-08-04 15:45,sl1|exit_reason=be|mfe_r=0.754988,590.4,16,9447.04,-0.64,-0.01,0,36.8,0.39,-0.64,-0.01,-1634.61,-6.54,4
279,Entry long,2026-08-04 15:25,sl1|setup=hod_break|side=long|grade=B|size=half|score=3|window=power|tier=core|rvol=0.837631|rs_vs_spy=0.01835|gap_atr=-0.335819|ext_atr=0.224038|risk_atr=0.116867,590.44,16,9447.04,-0.64,-0.01,0,36.8,0.39,-0.64,-0.01,-1634.61,-6.54,4
280,Exit short,2026-08-05 12:15,sl1|exit_reason=trail|mfe_r=3.794016,583.9,13,7726.16,135.46,1.75,0,184.47,2.39,-26.91,-0.35,-1499.15,-6.00,28
280,Entry short,2026-08-05 09:55,sl1|setup=vwap_loss|side=short|grade=B|size=half|score=3|window=open|tier=core|rvol=0.750059|rs_vs_spy=-1.130531|gap_atr=0.497169|ext_atr=0.097142|risk_atr=0.147142,594.32,13,7726.16,135.46,1.75,0,184.47,2.39,-26.91,-0.35,-1499.15,-6.00,28
281,Exit long,2026-08-06 10:00,sl1|exit_reason=stop|mfe_r=0.152458,591.03,14,8323.7,-49.28,-0.59,0,7.14,0.09,-49.28,-0.59,-1548.43,-6.19,2
281,Entry long,2026-08-06 09:50,sl1|setup=orb_break|side=long|grade=B|size=half|score=4|window=open|tier=core|rvol=0.628761|rs_vs_spy=1.302446|gap_atr=-0.102279|ext_atr=0.145445|risk_atr=0.13835,594.55,14,8323.7,-49.28,-0.59,0,7.14,0.09,-49.28,-0.59,-1548.43,-6.19,2
282,Exit long,2026-08-06 15:40,sl1|exit_reason=stop|mfe_r=0.587009,588.21,24,14166.48,-49.44,-0.35,0,27.84,0.20,-49.44,-0.35,-1597.87,-6.39,15
282,Entry long,2026-08-06 14:25,sl1|setup=vwap_reclaim|side=long|grade=B|size=half|score=4|window=power|tier=core|rvol=0.757001|rs_vs_spy=0.763351|gap_atr=-0.102279|ext_atr=0.004715|risk_atr=0.08,590.27,24,14166.48,-49.44,-0.35,0,27.84,0.20,-49.44,-0.35,-1597.87,-6.39,15
283,Exit long,2026-08-07 09:55,sl1|exit_reason=stop|mfe_r=0.42712,589.24,26,15371.2,-50.96,-0.33,0,20.8,0.14,-50.96,-0.33,-1648.83,-6.60,2
283,Entry long,2026-08-07 09:45,sl1|setup=vwap_reclaim|side=long|grade=B|size=half|score=4|window=open|tier=core|rvol=0.528674|rs_vs_spy=0.823276|gap_atr=-0.177515|ext_atr=0.008305|risk_atr=0.08,591.2,26,15371.2,-50.96,-0.33,0,20.8,0.14,-50.96,-0.33,-1648.83,-6.60,2
284,Exit short,2026-08-10 09:55,sl1|exit_reason=be|mfe_r=1.491111,596.51,26,15508.22,-1.04,-0.01,0,71.5,0.46,-31.46,-0.20,-1649.87,-6.60,3
284,Entry short,2026-08-10 09:40,sl1|setup=orb_break|side=short|grade=B|size=half|score=3|window=open|tier=core|rvol=0.860538|rs_vs_spy=-0.445816|gap_atr=0.310926|ext_atr=0.09509|risk_atr=0.08,596.47,26,15508.22,-1.04,-0.01,0,71.5,0.46,-31.46,-0.20,-1649.87,-6.60,3
285,Exit short,2026-08-10 15:50,sl1|exit_reason=eod|mfe_r=0.015561,593.95,19,11253.51,-31.54,-0.28,0,0.38,0.00,-39.52,-0.35,-1681.41,-6.73,5
285,Entry short,2026-08-10 15:25,sl1|setup=lod_break|side=short|grade=B|size=half|score=3|window=power|tier=core|rvol=0.976563|rs_vs_spy=-1.17844|gap_atr=0.310926|ext_atr=0.271687|risk_atr=0.110696,592.29,19,11253.51,-31.54,-0.28,0,0.38,0.00,-39.52,-0.35,-1681.41,-6.73,5
286,Exit long,2026-08-11 10:20,sl1|exit_reason=trail|mfe_r=4.228735,609.11,15,8977.5,159.15,1.77,0,208.95,2.33,-3,-0.03,-1522.26,-6.09,6
286,Entry long,2026-08-11 09:50,sl1|setup=vwap_reclaim|side=long|grade=B|size=half|score=4|window=open|tier=core|rvol=0.259028|rs_vs_spy=0.289429|gap_atr=0.130733|ext_atr=0.095209|risk_atr=0.145209,598.5,15,8977.5,159.15,1.77,0,208.95,2.33,-3,-0.03,-1522.26,-6.09,6
287,Exit short,2026-08-12 10:05,sl1|exit_reason=trail|mfe_r=2.572869,590.39,16,9522.56,76.32,0.80,0,132.48,1.39,-5.92,-0.06,-1445.94,-5.78,5
287,Entry short,2026-08-12 09:40,sl1|setup=orb_break|side=short|grade=B|size=half|score=4|window=open|tier=core|rvol=0.459698|rs_vs_spy=-0.721485|gap_atr=0.081943|ext_atr=0.143298|risk_atr=0.136397,595.16,16,9522.56,76.32,0.80,0,132.48,1.39,-5.92,-0.06,-1445.94,-5.78,5
288,Exit long,2026-08-13 09:45,sl1|exit_reason=stop|mfe_r=0.521788,585.69,19,11178.46,-50.35,-0.45,0,25.46,0.23,-50.35,-0.45,-1496.29,-5.99,2
288,Entry long,2026-08-13 09:35,sl1|setup=orb_break|side=long|grade=B|size=half|score=4|window=open|tier=core|rvol=0.663425|rs_vs_spy=1.222214|gap_atr=0.051917|ext_atr=0.124324|risk_atr=0.114677,588.34,19,11178.46,-50.35,-0.45,0,25.46,0.23,-50.35,-0.45,-1496.29,-5.99,2
289,Exit long,2026-08-13 15:50,sl1|exit_reason=eod|mfe_r=0.816857,595.38,12,7108.92,35.64,0.50,0,38.88,0.55,-4.56,-0.06,-1460.65,-5.84,12
289,Entry long,2026-08-13 14:50,sl1|setup=hod_break|side=long|grade=B|size=half|score=4|window=power|tier=core|rvol=0.593128|rs_vs_spy=1.739311|gap_atr=0.051917|ext_atr=0.177796|risk_atr=0.175591,592.41,12,7108.92,35.64,0.50,0,38.88,0.55,-4.56,-0.06,-1460.65,-5.84,12
290,Exit long,2026-08-14 10:20,sl1|exit_reason=time|mfe_r=0.436348,596.42,13,7778.42,-24.96,-0.32,0,20.28,0.26,-28.47,-0.37,-1485.61,-5.94,6
290,Entry long,2026-08-14 09:50,sl1|setup=pdh_retest|side=long|grade=B|size=half|score=4|window=open|tier=core|rvol=0.671131|rs_vs_spy=0.228317|gap_atr=0.094537|ext_atr=0.002745|risk_atr=0.162235,598.34,13,7778.42,-24.96,-0.32,0,20.28,0.26,-28.47,-0.37,-1485.61,-5.94,6
291,Exit short,2026-08-14 15:50,sl1|exit_reason=eod|mfe_r=0.184627,589.89,22,12984.84,7.26,0.06,0,8.58,0.07,-20.46,-0.16,-1478.35,-5.91,3
291,Entry short,2026-08-14 15:35,sl1|setup=lod_break|side=short|grade=B|size=half|score=4|window=power|tier=core|rvol=0.535515|rs_vs_spy=-0.825881|gap_atr=0.094537|ext_atr=0.188952|risk_atr=0.099497,590.22,22,12984.84,7.26,0.06,0,8.58,0.07,-20.46,-0.16,-1478.35,-5.91,3
292,Exit short,2026-08-18 09:45,sl1|exit_reason=be|mfe_r=0.956341,548.73,45,24690.15,-2.7,-0.01,0,92.7,0.38,-9,-0.04,-1481.05,-5.92,1
292,Entry short,2026-08-18 09:40,sl1|setup=orb_break|side=short|grade=A|size=full|score=5|window=open|tier=core|rvol=3.094173|rs_vs_spy=-1.614085|gap_atr=-0.514404|ext_atr=0.131845|risk_atr=0.099317,548.67,45,24690.15,-2.7,-0.01,0,92.7,0.38,-9,-0.04,-1481.05,-5.92,1
293,Exit short,2026-08-18 13:50,sl1|exit_reason=trail|mfe_r=2.083416,548.23,28,15402.24,51.8,0.34,0,101.64,0.66,-9.8,-0.06,-1429.25,-5.72,7
293,Entry short,2026-08-18 13:15,sl1|setup=vwap_loss|side=short|grade=A|size=half|score=5|window=midday|tier=core|rvol=1.887021|rs_vs_spy=-1.302691|gap_atr=-0.514404|ext_atr=0.011024|risk_atr=0.08,550.08,28,15402.24,51.8,0.34,0,101.64,0.66,-9.8,-0.06,-1429.25,-5.72,7
294,Exit short,2026-08-18 15:30,sl1|exit_reason=time|mfe_r=0.143421,544.65,25,13610.5,-5.75,-0.04,0,13.5,0.10,-27.5,-0.20,-1435,-5.74,6
294,Entry short,2026-08-18 15:00,sl1|setup=lod_break|side=short|grade=A|size=full|score=5|window=power|tier=core|rvol=1.957981|rs_vs_spy=-2.245481|gap_atr=-0.514404|ext_atr=0.237484|risk_atr=0.178299,544.42,25,13610.5,-5.75,-0.04,0,13.5,0.10,-27.5,-0.20,-1435,-5.74,6
295,Exit long,2026-08-19 11:10,sl1|exit_reason=trail|mfe_r=2.206449,547.59,21,11442.27,57.12,0.50,0,105.63,0.92,-9.03,-0.08,-1377.88,-5.51,15
295,Entry long,2026-08-19 09:55,sl1|setup=orb_retest|side=long|grade=B|size=half|score=4|window=open|tier=core|rvol=1.271231|rs_vs_spy=0.675059|gap_atr=-0.11725|ext_atr=0.127681|risk_atr=0.103213,544.87,21,11442.27,57.12,0.50,0,105.63,0.92,-9.03,-0.08,-1377.88,-5.51,15
296,Exit short,2026-08-20 10:35,sl1|exit_reason=be|mfe_r=1.05931,545.51,22,12000.34,-0.88,-0.01,0,51.92,0.43,-28.82,-0.24,-1378.76,-5.52,7
296,Entry short,2026-08-20 10:00,sl1|setup=vwap_loss|side=short|grade=B|size=half|score=4|window=open|tier=core|rvol=0.670593|rs_vs_spy=-0.211427|gap_atr=0.027534|ext_atr=0.053104|risk_atr=0.103104,545.47,22,12000.34,-0.88,-0.01,0,51.92,0.43,-28.82,-0.24,-1378.76,-5.52,7
297,Exit long,2026-08-21 11:10,sl1|exit_reason=be|mfe_r=1.042483,551.23,20,11026,-1.4,-0.01,0,51.2,0.46,-45,-0.41,-1380.16,-5.52,17
297,Entry long,2026-08-21 09:45,sl1|setup=pdh_break|side=long|grade=B|size=half|score=4|window=open|tier=core|rvol=0.699525|rs_vs_spy=0.958452|gap_atr=0.038577|ext_atr=0.141095|risk_atr=0.117866,551.3,20,11026,-1.4,-0.01,0,51.2,0.46,-45,-0.41,-1380.16,-5.52,17
298,Exit long,2026-08-21 15:50,sl1|exit_reason=eod|mfe_r=0.291706,549.98,29,15968.85,-19.43,-0.12,0,13.63,0.09,-20.3,-0.13,-1399.59,-5.60,2
298,Entry long,2026-08-21 15:40,sl1|setup=vwap_reclaim|side=long|grade=B|size=half|score=4|window=power|tier=core|rvol=0.817231|rs_vs_spy=0.645076|gap_atr=0.038577|ext_atr=0.016517|risk_atr=0.08,550.65,29,15968.85,-19.43,-0.12,0,13.63,0.09,-20.3,-0.13,-1399.59,-5.60,2
299,Exit short,2026-08-24 09:45,sl1|exit_reason=stop|mfe_r=0,549.23,30,16426.8,-50.1,-0.30,0,33.6,0.20,-50.1,-0.30,-1449.69,-5.80,1
299,Entry short,2026-08-24 09:40,sl1|setup=orb_break|side=short|grade=B|size=half|score=4|window=open|tier=core|rvol=0.853054|rs_vs_spy=-0.029011|gap_atr=-0.014316|ext_atr=0.136517|risk_atr=0.08,547.56,30,16426.8,-50.1,-0.30,0,33.6,0.20,-50.1,-0.30,-1449.69,-5.80,1
300,Exit long,2026-08-24 10:05,sl1|exit_reason=stop|mfe_r=0,551.47,29,16043.09,-50.46,-0.31,0,3.48,0.02,-50.46,-0.31,-1500.15,-6.00,1
300,Entry long,2026-08-24 10:00,sl1|setup=orb_break|side=long|grade=B|size=half|score=4|window=open|tier=core|rvol=0.856196|rs_vs_spy=0.893664|gap_atr=-0.014316|ext_atr=0.121333|risk_atr=0.083568,553.21,29,16043.09,-50.46,-0.31,0,3.48,0.02,-50.46,-0.31,-1500.15,-6.00,1
301,Exit long,2026-08-25 15:50,sl1|exit_reason=eod|mfe_r=0.257989,568.93,18,10259.1,-18.36,-0.18,0,12.06,0.12,-26.1,-0.25,-1518.51,-6.07,2
301,Entry long,2026-08-25 15:40,sl1|setup=orb_break|side=long|grade=B|size=half|score=4|window=power|tier=core|rvol=0.585669|rs_vs_spy=1.198036|gap_atr=0.229253|ext_atr=0.210676|risk_atr=0.134462,569.95,18,10259.1,-18.36,-0.18,0,12.06,0.12,-26.1,-0.25,-1518.51,-6.07,2
302,Exit short,2026-08-26 12:00,sl1|exit_reason=stop|mfe_r=0,577.6,31,17855.07,-50.53,-0.28,0,52.08,0.29,-50.53,-0.28,-1569.04,-6.28,1
302,Entry short,2026-08-26 11:55,sl1|setup=vwap_loss|side=short|grade=A|size=half|score=4|window=midday|tier=core|rvol=3.712716|rs_vs_spy=-2.582185|gap_atr=1.072427|ext_atr=0.03188|risk_atr=0.08188,575.97,31,17855.07,-50.53,-0.28,0,52.08,0.29,-50.53,-0.28,-1569.04,-6.28,1
303,Exit short,2026-08-26 12:55,sl1|exit_reason=be|mfe_r=1.00977,576.39,32,18443.2,-1.28,-0.01,0,49.28,0.27,-49.6,-0.27,-1570.32,-6.28,7
303,Entry short,2026-08-26 12:20,sl1|setup=vwap_loss|side=short|grade=A|size=half|score=4|window=midday|tier=core|rvol=3.549371|rs_vs_spy=-2.466855|gap_atr=1.072427|ext_atr=0.013649|risk_atr=0.08,576.35,32,18443.2,-1.28,-0.01,0,49.28,0.27,-49.6,-0.27,-1570.32,-6.28,7
304,Exit short,2026-08-26 15:50,sl1|exit_reason=eod|mfe_r=0.459575,576.69,64,36900.48,-7.68,-0.02,0,44.16,0.12,-49.92,-0.14,-1578,-6.31,3
304,Entry short,2026-08-26 15:35,sl1|setup=vwap_loss|side=short|grade=A|size=full|score=4|window=power|tier=core|rvol=2.641632|rs_vs_spy=-2.655858|gap_atr=1.072427|ext_atr=0.014038|risk_atr=0.08,576.57,64,36900.48,-7.68,-0.02,0,44.16,0.12,-49.92,-0.14,-1578,-6.31,3
305,Exit long,2026-08-27 10:15,sl1|exit_reason=trail|mfe_r=1.678119,583.52,10,5803,32.2,0.55,0,80.5,1.39,-26.2,-0.45,-1545.8,-6.18,6
305,Entry long,2026-08-27 09:45,sl1|setup=orb_retest|side=long|grade=B|size=half|score=4|window=open|tier=core|rvol=1.090105|rs_vs_spy=0.770181|gap_atr=0.003964|ext_atr=0.23509|risk_atr=0.238314,580.3,10,5803,32.2,0.55,0,80.5,1.39,-26.2,-0.45,-1545.8,-6.18,6
306,Exit long,2026-08-28 09:45,sl1|exit_reason=trail|mfe_r=2.586997,582.39,28,16230.48,76.44,0.47,0,126.28,0.78,-7,-0.04,-1469.36,-5.88,2
306,Entry long,2026-08-28 09:35,sl1|setup=orb_break|side=long|grade=B|size=half|score=4|window=open|tier=core|rvol=0.704804|rs_vs_spy=1.261545|gap_atr=0.048958|ext_atr=0.114205|risk_atr=0.086595,579.66,28,16230.48,76.44,0.47,0,126.28,0.78,-7,-0.04,-1469.36,-5.88,2
307,Exit short,2026-08-31 09:45,sl1|exit_reason=stop|mfe_r=0,573.33,31,17722.08,-51.15,-0.29,0,5.89,0.03,-51.15,-0.29,-1520.51,-6.08,1
307,Entry short,2026-08-31 09:40,sl1|setup=orb_break|side=short|grade=B|size=half|score=4|window=open|tier=core|rvol=0.502684|rs_vs_spy=-0.876866|gap_atr=-0.000498|ext_atr=0.109291|risk_atr=0.08,571.68,31,17722.08,-51.15,-0.29,0,5.89,0.03,-51.15,-0.29,-1520.51,-6.08,1
308,Exit short,2026-08-31 10:10,sl1|exit_reason=be|mfe_r=0.980638,570.89,31,17696.35,-1.24,-0.01,0,53.32,0.30,-5.58,-0.03,-1521.75,-6.09,2
308,Entry short,2026-08-31 10:00,sl1|setup=pdl_break|side=short|grade=B|size=half|score=4|window=open|tier=core|rvol=0.534102|rs_vs_spy=-1.016065|gap_atr=-0.000498|ext_atr=0.120921|risk_atr=0.08,570.85,31,17696.35,-1.24,-0.01,0,53.32,0.30,-5.58,-0.03,-1521.75,-6.09,2
309,Exit long,2026-09-02 10:15,sl1|exit_reason=trail|mfe_r=2.355727,596.47,12,7095.6,62.04,0.87,0,108.6,1.53,-6.72,-0.09,-1459.71,-5.84,6
309,Entry long,2026-09-02 09:45,sl1|setup=orb_break|side=long|grade=B|size=half|score=4|window=open|tier=core|rvol=1.032787|rs_vs_spy=2.206049|gap_atr=0.011248|ext_atr=0.193784|risk_atr=0.192473,591.3,12,7095.6,62.04,0.87,0,108.6,1.53,-6.72,-0.09,-1459.71,-5.84,6
310,Exit long,2026-09-03 14:45,sl1|exit_reason=be|mfe_r=0.932329,614.47,30,18435.3,-1.2,-0.01,0,44.7,0.24,-7.5,-0.04,-1460.91,-5.84,4
310,Entry long,2026-09-03 14:25,sl1|setup=vwap_reclaim|side=long|grade=B|size=half|score=4|window=power|tier=core|rvol=1.216647|rs_vs_spy=0.863776|gap_atr=0.580143|ext_atr=0.001385|risk_atr=0.08,614.51,30,18435.3,-1.2,-0.01,0,44.7,0.24,-7.5,-0.04,-1460.91,-5.84,4
311,Exit short,2026-09-04 09:40,sl1|exit_reason=be|mfe_r=1.286255,608.59,30,18228.3,-29.4,-0.16,0,63.3,0.35,-37.8,-0.21,-1490.31,-5.96,1
311,Entry short,2026-09-04 09:35,sl1|setup=orb_break|side=short|grade=B|size=half|score=4|window=open|tier=core|rvol=0.70032|rs_vs_spy=-0.842699|gap_atr=0.077779|ext_atr=0.112206|risk_atr=0.08,607.61,30,18228.3,-29.4,-0.16,0,63.3,0.35,-37.8,-0.21,-1490.31,-5.96,1
312,Exit long,2026-09-04 15:50,sl1|exit_reason=eod|mfe_r=0.038357,616.83,27,16661.97,-7.56,-0.05,0,1.35,0.01,-46.17,-0.28,-1497.87,-5.99,5
312,Entry long,2026-09-04 15:25,sl1|setup=orb_break|side=long|grade=B|size=half|score=4|window=power|tier=core|rvol=1.074822|rs_vs_spy=1.021966|gap_atr=0.077779|ext_atr=0.270163|risk_atr=0.088165,617.11,27,16661.97,-7.56,-0.05,0,1.35,0.01,-46.17,-0.28,-1497.87,-5.99,5
313,Exit long,2026-09-08 10:10,sl1|exit_reason=stop|mfe_r=0.32107,616.44,16,9913.6,-50.56,-0.51,0,15.68,0.16,-50.56,-0.51,-1548.43,-6.19,2
313,Entry long,2026-09-08 10:00,sl1|setup=pdh_break|side=long|grade=B|size=half|score=4|window=open|tier=core|rvol=0.614222|rs_vs_spy=0.819464|gap_atr=-0.027623|ext_atr=0.051563|risk_atr=0.155018,619.6,16,9913.6,-50.56,-0.51,0,15.68,0.16,-50.56,-0.51,-1548.43,-6.19,2
314,Exit long,2026-09-08 15:05,sl1|exit_reason=stop|mfe_r=0,621.79,31,19326.64,-51.15,-0.26,0,17.36,0.09,-51.15,-0.26,-1599.58,-6.40,1
314,Entry long,2026-09-08 15:00,sl1|setup=orb_break|side=long|grade=B|size=half|score=4|window=power|tier=core|rvol=0.870512|rs_vs_spy=1.488143|gap_atr=-0.027623|ext_atr=0.282835|risk_atr=0.08,623.44,31,19326.64,-51.15,-0.26,0,17.36,0.09,-51.15,-0.26,-1599.58,-6.40,1
315,Exit long,2026-09-09 10:20,sl1|exit_reason=stop|mfe_r=0.715828,644.36,31,20025.38,-50.22,-0.25,0,34.41,0.17,-50.22,-0.25,-1649.8,-6.60,3
315,Entry long,2026-09-09 10:05,sl1|setup=vwap_reclaim|side=long|grade=B|size=half|score=4|window=open|tier=core|rvol=2.411519|rs_vs_spy=-0.410424|gap_atr=1.781335|ext_atr=0.001889|risk_atr=0.08,645.98,31,20025.38,-50.22,-0.25,0,34.41,0.17,-50.22,-0.25,-1649.8,-6.60,3
316,Exit long,2026-09-09 11:10,sl1|exit_reason=be|mfe_r=1.133494,654.02,16,10464.96,-0.64,-0.01,0,55.84,0.53,-5.28,-0.05,-1650.44,-6.60,3
316,Entry long,2026-09-09 10:55,sl1|setup=orb_break|side=long|grade=A|size=half|score=5|window=midday|tier=core|rvol=2.381593|rs_vs_spy=0.873082|gap_atr=1.781335|ext_atr=0.382788|risk_atr=0.156931,654.06,16,10464.96,-0.64,-0.01,0,55.84,0.53,-5.28,-0.05,-1650.44,-6.60,3
317,Exit short,2026-09-10 10:35,sl1|exit_reason=stop|mfe_r=0.656673,656.55,6,3890.4,-48.9,-1.26,0,31.8,0.82,-48.9,-1.26,-1699.34,-6.80,11
317,Entry short,2026-09-10 09:40,sl1|setup=vwap_loss|side=short|grade=B|size=half|score=4|window=open|tier=core|rvol=1.137066|rs_vs_spy=-0.819022|gap_atr=0.010934|ext_atr=0.326935|risk_atr=0.376935,648.4,6,3890.4,-48.9,-1.26,0,31.8,0.82,-48.9,-1.26,-1699.34,-6.80,11
318,Exit long,2026-09-11 09:45,sl1|exit_reason=stop|mfe_r=0,658.28,17,11240.74,-49.98,-0.44,0,49.13,0.44,-49.98,-0.44,-1749.32,-7.00,1
318,Entry long,2026-09-11 09:40,sl1|setup=orb_break|side=long|grade=B|size=half|score=4|window=open|tier=core|rvol=0.912282|rs_vs_spy=1.061379|gap_atr=0.420324|ext_atr=0.140864|risk_atr=0.134716,661.22,17,11240.74,-49.98,-0.44,0,49.13,0.44,-49.98,-0.44,-1749.32,-7.00,1
319,Exit long,2026-09-14 09:45,sl1|exit_reason=stop|mfe_r=0,658.64,13,8610.03,-47.71,-0.55,0,8.97,0.10,-47.71,-0.55,-1797.03,-7.19,1
319,Entry long,2026-09-14 09:40,sl1|setup=orb_retest|side=long|grade=B|size=half|score=4|window=open|tier=core|rvol=1.147267|rs_vs_spy=0.625286|gap_atr=0.461917|ext_atr=0.196724|risk_atr=0.169808,662.31,13,8610.03,-47.71,-0.55,0,8.97,0.10,-47.71,-0.55,-1797.03,-7.19,1
320,Exit long,2026-09-14 14:30,sl1|exit_reason=time|mfe_r=0.322772,667.69,11,7338.76,5.83,0.08,0,15.73,0.21,-22.22,-0.30,-1791.2,-7.16,6
320,Entry long,2026-09-14 14:00,sl1|setup=hod_break|side=long|grade=B|size=half|score=4|window=power|tier=core|rvol=1.119641|rs_vs_spy=0.989705|gap_atr=0.461917|ext_atr=0.364654|risk_atr=0.210242,667.16,11,7338.76,5.83,0.08,0,15.73,0.21,-22.22,-0.30,-1791.2,-7.16,6
321,Exit long,2026-09-15 10:05,sl1|exit_reason=be|mfe_r=0.98371,671.27,6,4027.86,-0.24,-0.01,0,45.36,1.13,-13.86,-0.34,-1791.44,-7.17,6
321,Entry long,2026-09-15 09:35,sl1|setup=orb_break|side=long|grade=B|size=half|score=3|window=open|tier=core|rvol=0.636947|rs_vs_spy=1.858063|gap_atr=-0.30079|ext_atr=0.251321|risk_atr=0.361583,671.31,6,4027.86,-0.24,-0.01,0,45.36,1.13,-13.86,-0.34,-1791.44,-7.17,6
322,Exit long,2026-09-15 14:25,sl1|exit_reason=be|mfe_r=0.967832,669.63,29,19420.43,-1.16,-0.01,0,47.27,0.24,-9.28,-0.05,-1792.6,-7.17,3
322,Entry long,2026-09-15 14:10,sl1|setup=vwap_reclaim|side=long|grade=B|size=half|score=3|window=power|tier=core|rvol=1.004532|rs_vs_spy=1.879144|gap_atr=-0.30079|ext_atr=0.02252|risk_atr=0.08,669.67,29,19420.43,-1.16,-0.01,0,47.27,0.24,-9.28,-0.05,-1792.6,-7.17,3
323,Exit long,2026-09-15 15:30,sl1|exit_reason=trail|mfe_r=1.747963,670.71,29,19414.92,35.67,0.18,0,85.84,0.44,-7.25,-0.04,-1756.93,-7.03,8
323,Entry long,2026-09-15 14:50,sl1|setup=vwap_reclaim|side=long|grade=B|size=half|score=3|window=power|tier=core|rvol=0.988988|rs_vs_spy=1.939655|gap_atr=-0.30079|ext_atr=0.01194|risk_atr=0.08,669.48,29,19414.92,35.67,0.18,0,85.84,0.44,-7.25,-0.04,-1756.93,-7.03,8
324,Exit long,2026-09-16 10:20,sl1|exit_reason=time|mfe_r=0.106617,679.78,14,9538.06,-21.14,-0.22,0,4.9,0.05,-42.98,-0.45,-1778.07,-7.11,6
324,Entry long,2026-09-16 09:50,sl1|setup=pdh_break|side=long|grade=B|size=half|score=4|window=open|tier=core|rvol=0.902172|rs_vs_spy=0.103331|gap_atr=0.439797|ext_atr=0.085319|risk_atr=0.16211,681.29,14,9538.06,-21.14,-0.22,0,4.9,0.05,-42.98,-0.45,-1778.07,-7.11,6
325,Exit short,2026-09-17 10:00,sl1|exit_reason=stop|mfe_r=0.185327,675.02,8,5355.36,-44.8,-0.84,0,8.08,0.15,-44.8,-0.84,-1822.87,-7.29,4
325,Entry short,2026-09-17 09:40,sl1|setup=orb_break|side=short|grade=B|size=half|score=3|window=open|tier=core|rvol=0.675753|rs_vs_spy=-1.585334|gap_atr=0.424005|ext_atr=0.297074|risk_atr=0.265224,669.42,8,5355.36,-44.8,-0.84,0,8.08,0.15,-44.8,-0.84,-1822.87,-7.29,4
326,Exit short,2026-09-18 09:45,sl1|exit_reason=trail|mfe_r=2.22591,673.99,16,10841.12,57.28,0.53,0,105.12,0.97,-4.8,-0.04,-1765.59,-7.06,2
326,Entry short,2026-09-18 09:35,sl1|setup=orb_break|side=short|grade=B|size=half|score=4|window=open|tier=core|rvol=0.880498|rs_vs_spy=-1.322925|gap_atr=0.200371|ext_atr=0.16298|risk_atr=0.143636,677.57,16,10841.12,57.28,0.53,0,105.12,0.97,-4.8,-0.04,-1765.59,-7.06,2
327,Exit long,2026-09-21 09:50,sl1|exit_reason=be|mfe_r=0.809418,703.65,21,14777.49,-0.84,-0.01,0,80.01,0.54,-87.78,-0.59,-1766.43,-7.07,2
327,Entry long,2026-09-21 09:40,sl1|setup=orb_break|side=long|grade=A|size=full|score=5|window=open|tier=core|rvol=3.087811|rs_vs_spy=3.360319|gap_atr=0.708|ext_atr=0.326057|risk_atr=0.222821,703.69,21,14777.49,-0.84,-0.01,0,80.01,0.54,-87.78,-0.59,-1766.43,-7.07,2
328,Exit long,2026-09-21 14:50,sl1|exit_reason=time|mfe_r=0.367303,744.81,11,8210.29,-17.38,-0.21,0,34.1,0.42,-18.7,-0.23,-1783.81,-7.14,6
328,Entry long,2026-09-21 14:20,sl1|setup=hod_break|side=long|grade=A|size=full|score=5|window=power|tier=core|rvol=3.042733|rs_vs_spy=8.728724|gap_atr=0.708|ext_atr=1.266766|risk_atr=0.4,746.39,11,8210.29,-17.38,-0.21,0,34.1,0.42,-18.7,-0.23,-1783.81,-7.14,6
329,Exit long,2026-09-21 15:50,sl1|exit_reason=eod|mfe_r=0.031197,746.38,11,8279.92,-69.74,-0.84,0,2.64,0.03,-81.29,-0.98,-1853.55,-7.41,4
329,Entry long,2026-09-21 15:30,sl1|setup=hod_break|side=long|grade=A|size=full|score=5|window=power|tier=core|rvol=3.009041|rs_vs_spy=9.571032|gap_atr=0.708|ext_atr=1.350038|risk_atr=0.4,752.72,11,8279.92,-69.74,-0.84,0,2.64,0.03,-81.29,-0.98,-1853.55,-7.41,4
330,Exit long,2026-09-22 09:40,sl1|exit_reason=stop|mfe_r=0,745.96,13,9795.76,-98.28,-1.00,0,6.5,0.07,-98.28,-1.00,-1951.83,-7.81,1
330,Entry long,2026-09-22 09:35,sl1|setup=orb_break|side=long|grade=A|size=full|score=4|window=open|tier=core|rvol=1.89958|rs_vs_spy=2.953004|gap_atr=-0.389963|ext_atr=0.28422|risk_atr=0.289681,753.52,13,9795.76,-98.28,-1.00,0,6.5,0.07,-98.28,-1.00,-1951.83,-7.81,1
331,Exit long,2026-09-22 10:05,sl1|exit_reason=stop|mfe_r=0,744.75,40,29890,-100,-0.33,0,53.2,0.18,-100,-0.33,-2051.83,-8.21,1
331,Entry long,2026-09-22 10:00,sl1|setup=vwap_reclaim|side=long|grade=A|size=full|score=4|window=open|tier=core|rvol=1.593559|rs_vs_spy=2.211521|gap_atr=-0.389963|ext_atr=0.044606|risk_atr=0.094606,747.25,40,29890,-100,-0.33,0,53.2,0.18,-100,-0.33,-2051.83,-8.21,1
332,Exit long,2026-09-23 09:55,sl1|exit_reason=trail|mfe_r=5.039281,757.26,23,17224.47,192.51,1.12,0,241.04,1.40,-29.67,-0.17,-1859.32,-7.44,3
332,Entry long,2026-09-23 09:40,sl1|setup=orb_break|side=long|grade=B|size=half|score=4|window=open|tier=core|rvol=0.849533|rs_vs_spy=0.283749|gap_atr=0.429251|ext_atr=0.079613|risk_atr=0.08,748.89,23,17224.47,192.51,1.12,0,241.04,1.40,-29.67,-0.17,-1859.32,-7.44,3
333,Exit long,2026-09-24 10:05,sl1|exit_reason=stop|mfe_r=0,759.45,23,17517.03,-49.68,-0.28,0,5.52,0.03,-49.68,-0.28,-1909,-7.64,1
333,Entry long,2026-09-24 10:00,sl1|setup=orb_break|side=long|grade=B|size=half|score=4|window=open|tier=core|rvol=1.20963|rs_vs_spy=2.120094|gap_atr=-0.009566|ext_atr=0.174808|risk_atr=0.080993,761.61,23,17517.03,-49.68,-0.28,0,5.52,0.03,-49.68,-0.28,-1909,-7.64,1
334,Exit long,2026-09-24 15:50,sl1|exit_reason=eod|mfe_r=1.072613,779.05,9,6968.25,43.2,0.62,0,50.22,0.72,-4.41,-0.06,-1865.8,-7.46,20
334,Entry long,2026-09-24 14:10,sl1|setup=hod_break|side=long|grade=B|size=half|score=4|window=power|tier=core|rvol=1.462297|rs_vs_spy=3.681793|gap_atr=-0.009566|ext_atr=0.373381|risk_atr=0.199764,774.25,9,6968.25,43.2,0.62,0,50.22,0.72,-4.41,-0.06,-1865.8,-7.46,20