Trade number,Type,Date and time,Signal,Price USD,Size (qty),Size (value),Net PnL USD,Return %,Commission USD,Favorable excursion USD,Favorable excursion %,Adverse excursion USD,Adverse excursion %,Cumulative PnL USD,Cumulative PnL %,Duration (bars)
1,Exit short,2025-10-14 09:45,sl1|exit_reason=stop|mfe_r=0,128,42,5324.76,-51.24,-0.96,0,3.36,0.06,-51.24,-0.96,-51.24,-0.20,1
1,Entry short,2025-10-14 09:40,sl1|setup=orb_break|side=short|grade=B|size=half|score=4|window=open|tier=neutral|rvol=1.124166|rs_vs_spy=-3.267435|gap_atr=-0.392336|ext_atr=0.115351|risk_atr=0.125902,126.78,42,5324.76,-51.24,-0.96,0,3.36,0.06,-51.24,-0.96,-51.24,-0.20,1
2,Exit short,2025-10-14 15:45,sl1|exit_reason=be|mfe_r=0.996762,129.77,57,7394.61,-2.28,-0.03,0,59.28,0.80,-13.68,-0.18,-53.52,-0.21,2
2,Entry short,2025-10-14 15:35,sl1|setup=vwap_loss|side=short|grade=B|size=half|score=4|window=power|tier=neutral|rvol=0.637722|rs_vs_spy=-2.441141|gap_atr=-0.392336|ext_atr=0.043308|risk_atr=0.093308,129.73,57,7394.61,-2.28,-0.03,0,59.28,0.80,-13.68,-0.18,-53.52,-0.21,2
3,Exit short,2025-10-15 10:10,sl1|exit_reason=stop|mfe_r=0.66368,130.57,56,7259.84,-52.08,-0.72,0,31.92,0.44,-52.08,-0.72,-105.6,-0.42,3
3,Entry short,2025-10-15 09:55,sl1|setup=orb_break|side=short|grade=B|size=half|score=3|window=open|tier=neutral|rvol=0.421157|rs_vs_spy=-1.921705|gap_atr=0.391273|ext_atr=0.090113|risk_atr=0.094778,129.64,56,7259.84,-52.08,-0.72,0,31.92,0.44,-52.08,-0.72,-105.6,-0.42,3
4,Exit short,2025-10-16 10:15,sl1|exit_reason=time|mfe_r=0.284148,127.07,13,1617.2,-34.71,-2.15,0,13.52,0.84,-34.84,-2.15,-140.31,-0.56,6
4,Entry short,2025-10-16 09:45,sl1|setup=orb_break|side=short|grade=B|size=half|score=4|window=open|tier=neutral|rvol=0.646288|rs_vs_spy=-2.794341|gap_atr=0.235946|ext_atr=0.318091|risk_atr=0.396479,124.4,13,1617.2,-34.71,-2.15,0,13.52,0.84,-34.84,-2.15,-140.31,-0.56,6
5,Exit short,2025-10-17 09:45,sl1|exit_reason=stop|mfe_r=0,117.29,61,7102.23,-52.46,-0.74,0,0,0.00,-52.46,-0.74,-192.77,-0.77,1
5,Entry short,2025-10-17 09:40,sl1|setup=orb_break|side=short|grade=B|size=half|score=4|window=open|tier=neutral|rvol=1.017413|rs_vs_spy=-1.233314|gap_atr=-0.536466|ext_atr=0.199502|risk_atr=0.087329,116.43,61,7102.23,-52.46,-0.74,0,0,0.00,-52.46,-0.74,-192.77,-0.77,1
6,Exit short,2025-10-20 10:25,sl1|exit_reason=trail|mfe_r=3.18762,109.48,25,2842,105,3.69,0,154,5.42,-17.75,-0.62,-87.77,-0.35,10
6,Entry short,2025-10-20 09:35,sl1|setup=orb_break|side=short|grade=B|size=half|score=3|window=open|tier=neutral|rvol=1.112625|rs_vs_spy=-2.848082|gap_atr=0.350913|ext_atr=0.116383|risk_atr=0.20248,113.68,25,2842,105,3.69,0,154,5.42,-17.75,-0.62,-87.77,-0.35,10
7,Exit short,2025-10-20 15:30,sl1|exit_reason=trail|mfe_r=4.255868,108.46,65,7208.5,158.6,2.20,0,210.6,2.92,-26.65,-0.37,70.83,0.28,18
7,Entry short,2025-10-20 14:00,sl1|setup=vwap_loss|side=short|grade=B|size=half|score=3|window=power|tier=neutral|rvol=1.116098|rs_vs_spy=-5.744683|gap_atr=0.350913|ext_atr=0.014585|risk_atr=0.08,110.9,65,7208.5,158.6,2.20,0,210.6,2.92,-26.65,-0.37,70.83,0.28,18
8,Exit short,2025-10-21 09:45,sl1|exit_reason=be|mfe_r=1.229625,104.59,33,3450.15,-1.32,-0.04,0,59.4,1.72,-8.91,-0.26,69.51,0.28,2
8,Entry short,2025-10-21 09:35,sl1|setup=orb_break|side=short|grade=B|size=half|score=4|window=open|tier=neutral|rvol=1.137671|rs_vs_spy=-2.990102|gap_atr=-0.123405|ext_atr=0.14524|risk_atr=0.154139,104.55,33,3450.15,-1.32,-0.04,0,59.4,1.72,-8.91,-0.26,69.51,0.28,2
9,Exit short,2025-10-21 10:05,sl1|exit_reason=stop|mfe_r=0,105.54,65,6807.45,-52.65,-0.77,0,13.65,0.20,-52.65,-0.77,16.86,0.07,1
9,Entry short,2025-10-21 10:00,sl1|setup=vwap_loss|side=short|grade=B|size=half|score=4|window=open|tier=neutral|rvol=1.328838|rs_vs_spy=-2.622018|gap_atr=-0.123405|ext_atr=0.012947|risk_atr=0.08,104.73,65,6807.45,-52.65,-0.77,0,13.65,0.20,-52.65,-0.77,16.86,0.07,1
10,Exit short,2025-10-21 15:35,sl1|exit_reason=time|mfe_r=0.373149,102,31,3161.38,-0.62,-0.02,0,17.98,0.57,-4.65,-0.15,16.24,0.06,6
10,Entry short,2025-10-21 15:05,sl1|setup=lod_break|side=short|grade=B|size=half|score=4|window=power|tier=neutral|rvol=1.046143|rs_vs_spy=-5.416621|gap_atr=-0.123405|ext_atr=0.291284|risk_atr=0.16745,101.98,31,3161.38,-0.62,-0.02,0,17.98,0.57,-4.65,-0.15,16.24,0.06,6
11,Exit short,2025-10-22 10:00,sl1|exit_reason=stop|mfe_r=0,103.1,110,11236.5,-104.5,-0.93,0,38.5,0.34,-104.5,-0.93,-88.26,-0.35,1
11,Entry short,2025-10-22 09:55,sl1|setup=orb_break|side=short|grade=A|size=full|score=4|window=open|tier=neutral|rvol=1.619139|rs_vs_spy=-4.183254|gap_atr=0.262171|ext_atr=0.121769|risk_atr=0.095457,102.15,110,11236.5,-104.5,-0.93,0,38.5,0.34,-104.5,-0.93,-88.26,-0.35,1
12,Exit long,2025-10-22 15:10,sl1|exit_reason=be|mfe_r=0.877021,99.07,56,5550.16,-2.24,-0.04,0,42,0.76,-6.16,-0.11,-90.5,-0.36,3
12,Entry long,2025-10-22 14:55,sl1|setup=vwap_reclaim|side=long|grade=B|size=half|score=4|window=power|tier=neutral|rvol=1.796664|rs_vs_spy=-6.357179|gap_atr=0.262171|ext_atr=0.042814|risk_atr=0.092814,99.11,56,5550.16,-2.24,-0.04,0,42,0.76,-6.16,-0.11,-90.5,-0.36,3
13,Exit long,2025-10-23 09:45,sl1|exit_reason=be|mfe_r=0.772859,102.05,34,3471.06,-1.36,-0.04,0,37.06,1.07,-10.2,-0.29,-91.86,-0.37,2
13,Entry long,2025-10-23 09:35,sl1|setup=orb_break|side=long|grade=B|size=half|score=4|window=open|tier=neutral|rvol=0.655561|rs_vs_spy=1.759381|gap_atr=0.161448|ext_atr=0.118659|risk_atr=0.147691,102.09,34,3471.06,-1.36,-0.04,0,37.06,1.07,-10.2,-0.29,-91.86,-0.37,2
14,Exit long,2025-10-23 14:50,sl1|exit_reason=time|mfe_r=0.348321,105.86,34,3608.42,-9.18,-0.25,0,16.66,0.46,-18.02,-0.50,-101.04,-0.40,6
14,Entry long,2025-10-23 14:20,sl1|setup=hod_break|side=long|grade=B|size=half|score=4|window=power|tier=neutral|rvol=0.841919|rs_vs_spy=5.275748|gap_atr=0.161448|ext_atr=0.207399|risk_atr=0.150565,106.13,34,3608.42,-9.18,-0.25,0,16.66,0.46,-18.02,-0.50,-101.04,-0.40,6
15,Exit long,2025-10-24 10:30,sl1|exit_reason=be|mfe_r=1.006711,113.48,67,7605.84,-2.68,-0.04,0,98.49,1.29,-57.62,-0.76,-103.72,-0.41,10
15,Entry long,2025-10-24 09:40,sl1|setup=orb_break|side=long|grade=A|size=full|score=5|window=open|tier=neutral|rvol=1.584674|rs_vs_spy=1.983858|gap_atr=0.521802|ext_atr=0.135038|risk_atr=0.154152,113.52,67,7605.84,-2.68,-0.04,0,98.49,1.29,-57.62,-0.76,-103.72,-0.41,10
16,Exit long,2025-10-27 09:55,sl1|exit_reason=stop|mfe_r=0.123453,121.49,34,4231.3,-100.64,-2.38,0,11.56,0.27,-100.64,-2.38,-204.36,-0.82,3
16,Entry long,2025-10-27 09:40,sl1|setup=orb_retest|side=long|grade=A|size=full|score=5|window=open|tier=neutral|rvol=1.529926|rs_vs_spy=2.906862|gap_atr=0.36721|ext_atr=0.225191|risk_atr=0.29995,124.45,34,4231.3,-100.64,-2.38,0,11.56,0.27,-100.64,-2.38,-204.36,-0.82,3
17,Exit long,2025-10-27 15:40,sl1|exit_reason=time|mfe_r=0.471693,125.84,27,3392.28,5.4,0.16,0,22.95,0.68,-12.69,-0.37,-198.96,-0.80,6
17,Entry long,2025-10-27 15:10,sl1|setup=hod_break|side=long|grade=B|size=half|score=4|window=power|tier=neutral|rvol=0.994894|rs_vs_spy=3.684542|gap_atr=0.36721|ext_atr=0.288252|risk_atr=0.189717,125.64,27,3392.28,5.4,0.16,0,22.95,0.68,-12.69,-0.37,-198.96,-0.80,6
18,Exit short,2025-10-28 15:50,sl1|exit_reason=eod|mfe_r=1.420815,120.93,23,2847.86,66.47,2.33,0,69.46,2.44,-16.79,-0.59,-132.49,-0.53,12
18,Entry short,2025-10-28 14:50,sl1|setup=lod_break|side=short|grade=B|size=half|score=4|window=power|tier=neutral|rvol=0.83377|rs_vs_spy=-2.208291|gap_atr=0.109419|ext_atr=0.217253|risk_atr=0.220863,123.82,23,2847.86,66.47,2.33,0,69.46,2.44,-16.79,-0.59,-132.49,-0.53,12
19,Exit short,2025-10-29 09:50,sl1|exit_reason=stop|mfe_r=0.166134,123.55,17,2050.54,-49.81,-2.43,0,7.82,0.38,-49.81,-2.43,-182.3,-0.73,2
19,Entry short,2025-10-29 09:40,sl1|setup=orb_retest|side=short|grade=B|size=half|score=3|window=open|tier=neutral|rvol=0.761428|rs_vs_spy=-2.971668|gap_atr=0.253525|ext_atr=0.169552|risk_atr=0.301439,120.62,17,2050.54,-49.81,-2.43,0,7.82,0.38,-49.81,-2.43,-182.3,-0.73,2
20,Exit short,2025-10-29 14:50,sl1|exit_reason=stop|mfe_r=0,121.46,13,1528.54,-50.44,-3.30,0,0,0.00,-50.44,-3.30,-232.74,-0.93,3
20,Entry short,2025-10-29 14:35,sl1|setup=lod_break|side=short|grade=B|size=half|score=3|window=power|tier=neutral|rvol=0.70318|rs_vs_spy=-4.592375|gap_atr=0.253525|ext_atr=0.492811|risk_atr=0.4,117.58,13,1528.54,-50.44,-3.30,0,0,0.00,-50.44,-3.30,-232.74,-0.93,3
21,Exit short,2025-10-30 09:40,sl1|exit_reason=stop|mfe_r=0,119.78,54,6416.28,-51.84,-0.81,0,0,0.00,-51.84,-0.81,-284.58,-1.14,1
21,Entry short,2025-10-30 09:35,sl1|setup=orb_break|side=short|grade=B|size=half|score=4|window=open|tier=neutral|rvol=0.885717|rs_vs_spy=-1.569404|gap_atr=-0.414572|ext_atr=0.104128|risk_atr=0.096297,118.82,54,6416.28,-51.84,-0.81,0,0,0.00,-51.84,-0.81,-284.58,-1.14,1
22,Exit long,2025-10-30 10:10,sl1|exit_reason=trail|mfe_r=1.696692,123.41,65,7990.45,31.2,0.39,0,82.55,1.03,-13,-0.16,-253.38,-1.01,2
22,Entry long,2025-10-30 10:00,sl1|setup=orb_retest|side=long|grade=B|size=half|score=3|window=open|tier=neutral|rvol=0.764894|rs_vs_spy=1.421524|gap_atr=-0.414572|ext_atr=0.220895|risk_atr=0.08,122.93,65,7990.45,31.2,0.39,0,82.55,1.03,-13,-0.16,-253.38,-1.01,2
23,Exit long,2025-10-31 09:50,sl1|exit_reason=be|mfe_r=1.244138,128.95,43,5546.57,-1.72,-0.03,0,60.63,1.09,-22.36,-0.40,-255.1,-1.02,2
23,Entry long,2025-10-31 09:40,sl1|setup=orb_break|side=long|grade=B|size=half|score=4|window=open|tier=neutral|rvol=0.764788|rs_vs_spy=1.974842|gap_atr=0.272221|ext_atr=0.103078|risk_atr=0.11988,128.99,43,5546.57,-1.72,-0.03,0,60.63,1.09,-22.36,-0.40,-255.1,-1.02,2
24,Exit short,2025-11-03 09:45,sl1|exit_reason=trail|mfe_r=2.100369,130.03,44,5773.68,52.36,0.91,0,106.04,1.84,-23.76,-0.41,-202.74,-0.81,2
24,Entry short,2025-11-03 09:35,sl1|setup=orb_break|side=short|grade=B|size=half|score=3|window=open|tier=neutral|rvol=0.897496|rs_vs_spy=-1.697788|gap_atr=0.337829|ext_atr=0.138934|risk_atr=0.118622,131.22,44,5773.68,52.36,0.91,0,106.04,1.84,-23.76,-0.41,-202.74,-0.81,2
25,Exit short,2025-11-03 10:10,sl1|exit_reason=trail|mfe_r=1.63014,125.52,62,7810.76,28.52,0.37,0,92.38,1.18,-44.64,-0.57,-174.22,-0.70,2
25,Entry short,2025-11-03 10:00,sl1|setup=pdl_break|side=short|grade=B|size=half|score=3|window=open|tier=neutral|rvol=0.977852|rs_vs_spy=-5.380725|gap_atr=0.337829|ext_atr=0.39306|risk_atr=0.084839,125.98,62,7810.76,28.52,0.37,0,92.38,1.18,-44.64,-0.57,-174.22,-0.70,2
26,Exit short,2025-11-03 14:55,sl1|exit_reason=time|mfe_r=0.12483,122.17,27,3286.44,-12.15,-0.37,0,5.67,0.17,-38.88,-1.18,-186.37,-0.75,6
26,Entry short,2025-11-03 14:25,sl1|setup=lod_break|side=short|grade=B|size=half|score=3|window=power|tier=neutral|rvol=0.96536|rs_vs_spy=-8.729923|gap_atr=0.337829|ext_atr=0.416096|risk_atr=0.194517,121.72,27,3286.44,-12.15,-0.37,0,5.67,0.17,-38.88,-1.18,-186.37,-0.75,6
27,Exit long,2025-11-05 10:05,sl1|exit_reason=stop|mfe_r=0.06045,113.95,27,3126.87,-50.22,-1.61,0,2.43,0.08,-50.22,-1.61,-236.59,-0.95,3
27,Entry long,2025-11-05 09:50,sl1|setup=orb_retest|side=long|grade=B|size=half|score=4|window=open|tier=neutral|rvol=0.794955|rs_vs_spy=1.534668|gap_atr=0.309201|ext_atr=0.254482|risk_atr=0.182086,115.81,27,3126.87,-50.22,-1.61,0,2.43,0.08,-50.22,-1.61,-236.59,-0.95,3
28,Exit long,2025-11-05 15:30,sl1|exit_reason=time|mfe_r=0.061082,116.58,20,2350.4,-18.8,-0.80,0,2.6,0.11,-32.4,-1.38,-255.39,-1.02,6
28,Entry long,2025-11-05 15:00,sl1|setup=hod_break|side=long|grade=B|size=half|score=4|window=power|tier=neutral|rvol=0.584181|rs_vs_spy=2.573824|gap_atr=0.309201|ext_atr=0.276726|risk_atr=0.245731,117.52,20,2350.4,-18.8,-0.80,0,2.6,0.11,-32.4,-1.38,-255.39,-1.02,6
29,Exit short,2025-11-06 10:05,sl1|exit_reason=stop|mfe_r=0.251595,117.88,36,4193.28,-50.4,-1.20,0,11.52,0.27,-50.4,-1.20,-305.79,-1.22,3
29,Entry short,2025-11-06 09:50,sl1|setup=orb_break|side=short|grade=B|size=half|score=4|window=open|tier=neutral|rvol=0.884212|rs_vs_spy=-2.022191|gap_atr=0.227422|ext_atr=0.2274|risk_atr=0.137509,116.48,36,4193.28,-50.4,-1.20,0,11.52,0.27,-50.4,-1.20,-305.79,-1.22,3
30,Exit short,2025-11-07 09:55,sl1|exit_reason=stop|mfe_r=0.009768,104.88,16,1628.16,-49.92,-3.07,0,0.16,0.01,-49.92,-3.07,-355.71,-1.42,4
30,Entry short,2025-11-07 09:35,sl1|setup=orb_break|side=short|grade=B|size=half|score=4|window=open|tier=neutral|rvol=1.042216|rs_vs_spy=-2.017703|gap_atr=-0.493773|ext_atr=0.200153|risk_atr=0.306363,101.76,16,1628.16,-49.92,-3.07,0,0.16,0.01,-49.92,-3.07,-355.71,-1.42,4
31,Exit long,2025-11-07 15:50,sl1|exit_reason=eod|mfe_r=0.749055,110.67,20,2185.8,27.6,1.26,0,36.2,1.66,-3.8,-0.17,-328.11,-1.31,15
31,Entry long,2025-11-07 14:35,sl1|setup=hod_break|side=long|grade=B|size=half|score=3|window=power|tier=neutral|rvol=1.016736|rs_vs_spy=4.575833|gap_atr=-0.493773|ext_atr=0.433728|risk_atr=0.243702,109.29,20,2185.8,27.6,1.26,0,36.2,1.66,-3.8,-0.17,-328.11,-1.31,15
32,Exit short,2025-11-10 10:00,sl1|exit_reason=stop|mfe_r=0,116.09,55,6333.25,-51.7,-0.82,0,26.95,0.43,-51.7,-0.82,-379.81,-1.52,1
32,Entry short,2025-11-10 09:55,sl1|setup=vwap_loss|side=short|grade=B|size=half|score=3|window=open|tier=neutral|rvol=1.055371|rs_vs_spy=-0.332904|gap_atr=0.402955|ext_atr=0.039232|risk_atr=0.089232,115.15,55,6333.25,-51.7,-0.82,0,26.95,0.43,-51.7,-0.82,-379.81,-1.52,1
33,Exit short,2025-11-11 09:40,sl1|exit_reason=stop|mfe_r=0,107.99,125,13393.75,-105,-0.78,0,12.5,0.09,-105,-0.78,-484.81,-1.94,1
33,Entry short,2025-11-11 09:35,sl1|setup=orb_break|side=short|grade=A|size=full|score=4|window=open|tier=neutral|rvol=2.847407|rs_vs_spy=-6.055361|gap_atr=0.407137|ext_atr=0.16391|risk_atr=0.08,107.15,125,13393.75,-105,-0.78,0,12.5,0.09,-105,-0.78,-484.81,-1.94,1
34,Exit short,2025-11-11 14:40,sl1|exit_reason=time|mfe_r=0.295119,101.72,29,2955.68,5.8,0.20,0,28.42,0.96,-25.23,-0.85,-479.01,-1.92,6
34,Entry short,2025-11-11 14:10,sl1|setup=lod_break|side=short|grade=A|size=full|score=4|window=power|tier=neutral|rvol=2.850048|rs_vs_spy=-11.030947|gap_atr=0.407137|ext_atr=0.503253|risk_atr=0.338877,101.92,29,2955.68,5.8,0.20,0,28.42,0.96,-25.23,-0.85,-479.01,-1.92,6
35,Exit long,2025-11-12 09:40,sl1|exit_reason=stop|mfe_r=0,103.93,60,6288,-52.2,-0.83,0,4.8,0.08,-52.2,-0.83,-531.21,-2.12,1
35,Entry long,2025-11-12 09:35,sl1|setup=orb_break|side=long|grade=B|size=half|score=4|window=open|tier=neutral|rvol=0.887496|rs_vs_spy=0.550781|gap_atr=0.18961|ext_atr=0.0292|risk_atr=0.08,104.8,60,6288,-52.2,-0.83,0,4.8,0.08,-52.2,-0.83,-531.21,-2.12,1
36,Exit short,2025-11-12 10:25,sl1|exit_reason=time|mfe_r=0.217689,98.1,21,2058.63,-1.47,-0.07,0,10.08,0.49,-43.05,-2.09,-532.68,-2.13,6
36,Entry short,2025-11-12 09:55,sl1|setup=pdl_retest|side=short|grade=B|size=half|score=4|window=open|tier=neutral|rvol=1.322247|rs_vs_spy=-5.750238|gap_atr=0.18961|ext_atr=0.326001|risk_atr=0.222197,98.03,21,2058.63,-1.47,-0.07,0,10.08,0.49,-43.05,-2.09,-532.68,-2.13,6
37,Exit short,2025-11-13 09:45,sl1|exit_reason=trail|mfe_r=1.588828,86.27,57,4973.82,56.43,1.13,0,157.32,3.16,-13.68,-0.28,-476.25,-1.90,2
37,Entry short,2025-11-13 09:35,sl1|setup=orb_break|side=short|grade=A|size=full|score=5|window=open|tier=neutral|rvol=3.725364|rs_vs_spy=-3.730835|gap_atr=-0.329421|ext_atr=0.138173|risk_atr=0.165156,87.26,57,4973.82,56.43,1.13,0,157.32,3.16,-13.68,-0.28,-476.25,-1.90,2
38,Exit short,2025-11-13 10:05,sl1|exit_reason=stop|mfe_r=0,88.04,104,9052.16,-104,-1.15,0,11.44,0.13,-104,-1.15,-580.25,-2.32,1
38,Entry short,2025-11-13 10:00,sl1|setup=vwap_loss|side=short|grade=A|size=full|score=5|window=open|tier=neutral|rvol=3.570907|rs_vs_spy=-3.87149|gap_atr=-0.329421|ext_atr=0.040096|risk_atr=0.090096,87.04,104,9052.16,-104,-1.15,0,11.44,0.13,-104,-1.15,-580.25,-2.32,1
39,Exit short,2025-11-13 11:00,sl1|exit_reason=stop|mfe_r=0.377559,88.75,58,5095.88,-51.62,-1.01,0,20.88,0.41,-51.62,-1.01,-631.87,-2.53,2
39,Entry short,2025-11-13 10:50,sl1|setup=vwap_loss|side=short|grade=A|size=half|score=5|window=midday|tier=neutral|rvol=2.816461|rs_vs_spy=-2.590167|gap_atr=-0.329421|ext_atr=0.003743|risk_atr=0.08,87.86,58,5095.88,-51.62,-1.01,0,20.88,0.41,-51.62,-1.01,-631.87,-2.53,2
40,Exit long,2025-11-14 09:50,sl1|exit_reason=trail|mfe_r=2.54935,87.05,118,10123.22,148.68,1.47,0,251.34,2.48,-3.54,-0.03,-483.19,-1.93,2
40,Entry long,2025-11-14 09:40,sl1|setup=orb_break|side=long|grade=A|size=full|score=4|window=open|tier=neutral|rvol=1.572978|rs_vs_spy=3.976918|gap_atr=-0.596666|ext_atr=0.103639|risk_atr=0.08,85.79,118,10123.22,148.68,1.47,0,251.34,2.48,-3.54,-0.03,-483.19,-1.93,2
41,Exit long,2025-11-14 10:50,sl1|exit_reason=trail|mfe_r=2.511237,87.81,43,3702.3,73.53,1.99,0,124.7,3.37,-0.86,-0.02,-409.66,-1.64,5
41,Entry long,2025-11-14 10:25,sl1|setup=vwap_reclaim|side=long|grade=A|size=half|score=4|window=midday|tier=neutral|rvol=1.80858|rs_vs_spy=3.884547|gap_atr=-0.596666|ext_atr=0.0603|risk_atr=0.1103,86.1,43,3702.3,73.53,1.99,0,124.7,3.37,-0.86,-0.02,-409.66,-1.64,5
42,Exit long,2025-11-14 15:05,sl1|exit_reason=stop|mfe_r=0.155029,85.22,45,3886.2,-51.3,-1.32,0,6.75,0.17,-51.3,-1.32,-460.96,-1.84,2
42,Entry long,2025-11-14 14:55,sl1|setup=vwap_reclaim|side=long|grade=B|size=half|score=3|window=power|tier=neutral|rvol=1.499676|rs_vs_spy=3.477454|gap_atr=-0.596666|ext_atr=0.05402|risk_atr=0.10402,86.36,45,3886.2,-51.3,-1.32,0,6.75,0.17,-51.3,-1.32,-460.96,-1.84,2
43,Exit short,2025-11-18 09:45,sl1|exit_reason=stop|mfe_r=0,83.75,62,5140.42,-52.08,-1.01,0,16.12,0.31,-52.08,-1.01,-513.04,-2.05,1
43,Entry short,2025-11-18 09:40,sl1|setup=orb_break|side=short|grade=B|size=half|score=4|window=open|tier=neutral|rvol=0.400448|rs_vs_spy=-0.705067|gap_atr=-0.242232|ext_atr=0.131155|risk_atr=0.08,82.91,62,5140.42,-52.08,-1.01,0,16.12,0.31,-52.08,-1.01,-513.04,-2.05,1
44,Exit long,2025-11-18 15:05,sl1|exit_reason=time|mfe_r=0.118116,92.67,26,2430.74,-21.32,-0.88,0,5.2,0.21,-29.64,-1.22,-534.36,-2.14,6
44,Entry long,2025-11-18 14:35,sl1|setup=hod_break|side=long|grade=B|size=half|score=4|window=power|tier=neutral|rvol=0.991501|rs_vs_spy=11.493275|gap_atr=-0.242232|ext_atr=0.492902|risk_atr=0.186436,93.49,26,2430.74,-21.32,-0.88,0,5.2,0.21,-29.64,-1.22,-534.36,-2.14,6
45,Exit long,2025-11-19 09:45,sl1|exit_reason=be|mfe_r=1.388852,94.17,49,4616.78,-2.45,-0.05,0,67.62,1.46,-14.7,-0.32,-536.81,-2.15,2
45,Entry long,2025-11-19 09:35,sl1|setup=pdh_break|side=long|grade=B|size=half|score=4|window=open|tier=neutral|rvol=0.930202|rs_vs_spy=1.070657|gap_atr=0.24525|ext_atr=0.058767|risk_atr=0.099839,94.22,49,4616.78,-2.45,-0.05,0,67.62,1.46,-14.7,-0.32,-536.81,-2.15,2
46,Exit short,2025-11-20 15:50,sl1|exit_reason=eod|mfe_r=0.70967,84.23,19,1634.57,34.2,2.09,0,34.58,2.12,-0.38,-0.02,-502.61,-2.01,4
46,Entry short,2025-11-20 15:30,sl1|setup=lod_break|side=short|grade=B|size=half|score=3|window=power|tier=neutral|rvol=1.037333|rs_vs_spy=-10.775199|gap_atr=0.443645|ext_atr=0.801696|risk_atr=0.263218,86.03,19,1634.57,34.2,2.09,0,34.58,2.12,-0.38,-0.02,-502.61,-2.01,4
47,Exit long,2025-11-21 09:55,sl1|exit_reason=trail|mfe_r=1.899619,87.84,57,4965.27,41.61,0.84,0,92.34,1.86,-44.46,-0.90,-461,-1.84,3
47,Entry long,2025-11-21 09:40,sl1|setup=orb_break|side=long|grade=B|size=half|score=4|window=open|tier=neutral|rvol=1.029937|rs_vs_spy=1.914612|gap_atr=0.090765|ext_atr=0.114805|risk_atr=0.082484,87.11,57,4965.27,41.61,0.84,0,92.34,1.86,-44.46,-0.90,-461,-1.84,3
48,Exit short,2025-11-21 11:10,sl1|exit_reason=trail|mfe_r=1.600269,80.77,20,1644.4,29,1.76,0,79.4,4.83,-14.8,-0.90,-432,-1.73,8
48,Entry short,2025-11-21 10:30,sl1|setup=pdl_retest|side=short|grade=A|size=half|score=5|window=midday|tier=neutral|rvol=1.517647|rs_vs_spy=-3.513384|gap_atr=0.090765|ext_atr=0.389831|risk_atr=0.238217,82.22,20,1644.4,29,1.76,0,79.4,4.83,-14.8,-0.90,-432,-1.73,8
49,Exit long,2025-11-24 09:40,sl1|exit_reason=stop|mfe_r=0,87.19,59,5196.13,-51.92,-1.00,0,51.33,0.99,-51.92,-1.00,-483.92,-1.94,1
49,Entry long,2025-11-24 09:35,sl1|setup=orb_break|side=long|grade=B|size=half|score=4|window=open|tier=neutral|rvol=0.567536|rs_vs_spy=2.025981|gap_atr=0.279339|ext_atr=0.034076|risk_atr=0.08,88.07,59,5196.13,-51.92,-1.00,0,51.33,0.99,-51.92,-1.00,-483.92,-1.94,1
50,Exit long,2025-11-24 10:25,sl1|exit_reason=time|mfe_r=0.477486,89.49,30,2695.8,-11.1,-0.41,0,22.8,0.85,-44.4,-1.65,-495.02,-1.98,6
50,Entry long,2025-11-24 09:55,sl1|setup=pdh_break|side=long|grade=B|size=half|score=4|window=open|tier=neutral|rvol=0.643806|rs_vs_spy=4.070432|gap_atr=0.279339|ext_atr=0.177745|risk_atr=0.156006,89.86,30,2695.8,-11.1,-0.41,0,22.8,0.85,-44.4,-1.65,-495.02,-1.98,6
51,Exit short,2025-11-25 10:45,sl1|exit_reason=stop|mfe_r=0.711315,88.46,23,1983.98,-50.6,-2.55,0,34.73,1.75,-50.6,-2.55,-545.62,-2.18,13
51,Entry short,2025-11-25 09:40,sl1|setup=orb_break|side=short|grade=B|size=half|score=4|window=open|tier=neutral|rvol=0.522028|rs_vs_spy=-3.185582|gap_atr=-0.246667|ext_atr=0.154078|risk_atr=0.206446,86.26,23,1983.98,-50.6,-2.55,0,34.73,1.75,-50.6,-2.55,-545.62,-2.18,13
52,Exit long,2025-11-26 09:50,sl1|exit_reason=be|mfe_r=0.916393,93.91,52,4927,-43.68,-0.89,0,44.2,0.90,-43.68,-0.89,-589.3,-2.36,2
52,Entry long,2025-11-26 09:40,sl1|setup=orb_break|side=long|grade=B|size=half|score=4|window=open|tier=neutral|rvol=0.52781|rs_vs_spy=0.765006|gap_atr=0.489816|ext_atr=0.197263|risk_atr=0.09319,94.75,52,4927,-43.68,-0.89,0,44.2,0.90,-43.68,-0.89,-589.3,-2.36,2
53,Exit short,2025-11-28 09:50,sl1|exit_reason=be|mfe_r=0.856744,95.31,52,4954.04,-2.08,-0.04,0,41.6,0.84,-13,-0.26,-591.38,-2.37,2
53,Entry short,2025-11-28 09:40,sl1|setup=orb_break|side=short|grade=B|size=half|score=4|window=open|tier=neutral|rvol=0.258827|rs_vs_spy=-1.098747|gap_atr=0.163947|ext_atr=0.082246|risk_atr=0.096267,95.27,52,4954.04,-2.08,-0.04,0,41.6,0.84,-13,-0.26,-591.38,-2.37,2
54,Exit long,2025-12-01 10:20,sl1|exit_reason=be|mfe_r=0.763108,93.53,27,2526.39,-1.08,-0.04,0,37.26,1.47,-6.48,-0.26,-592.46,-2.37,7
54,Entry long,2025-12-01 09:45,sl1|setup=orb_break|side=long|grade=B|size=half|score=3|window=open|tier=neutral|rvol=0.452951|rs_vs_spy=2.11012|gap_atr=-0.372943|ext_atr=0.216114|risk_atr=0.193278,93.57,27,2526.39,-1.08,-0.04,0,37.26,1.47,-6.48,-0.26,-592.46,-2.37,7
55,Exit long,2025-12-01 15:50,sl1|exit_reason=eod|mfe_r=1.564359,100.82,36,3580.2,49.32,1.38,0,75.6,2.11,-9,-0.25,-543.14,-2.17,12
55,Entry long,2025-12-01 14:50,sl1|setup=hod_break|side=long|grade=B|size=half|score=3|window=power|tier=neutral|rvol=0.437898|rs_vs_spy=8.499317|gap_atr=-0.372943|ext_atr=0.369118|risk_atr=0.142771,99.45,36,3580.2,49.32,1.38,0,75.6,2.11,-9,-0.25,-543.14,-2.17,12
56,Exit short,2025-12-02 09:50,sl1|exit_reason=stop|mfe_r=0,100.63,64,6387.84,-52.48,-0.82,0,12.8,0.20,-52.48,-0.82,-595.62,-2.38,1
56,Entry short,2025-12-02 09:45,sl1|setup=orb_break|side=short|grade=B|size=half|score=4|window=open|tier=neutral|rvol=0.583774|rs_vs_spy=-0.532352|gap_atr=0.022649|ext_atr=0.097142|risk_atr=0.08,99.81,64,6387.84,-52.48,-0.82,0,12.8,0.20,-52.48,-0.82,-595.62,-2.38,1
57,Exit short,2025-12-03 09:40,sl1|exit_reason=stop|mfe_r=0,92.12,65,5935.15,-52.65,-0.89,0,0,0.00,-52.65,-0.89,-648.27,-2.59,1
57,Entry short,2025-12-03 09:35,sl1|setup=orb_break|side=short|grade=B|size=half|score=4|window=open|tier=neutral|rvol=1.278431|rs_vs_spy=-3.741979|gap_atr=-0.166637|ext_atr=0.107108|risk_atr=0.08,91.31,65,5935.15,-52.65,-0.89,0,0,0.00,-52.65,-0.89,-648.27,-2.59,1
58,Exit short,2025-12-03 10:15,sl1|exit_reason=stop|mfe_r=0,93.36,65,6015.75,-52.65,-0.88,0,0,0.00,-52.65,-0.88,-700.92,-2.80,1
58,Entry short,2025-12-03 10:10,sl1|setup=vwap_loss|side=short|grade=B|size=half|score=4|window=open|tier=neutral|rvol=0.831847|rs_vs_spy=-2.496365|gap_atr=-0.166637|ext_atr=0.019492|risk_atr=0.08,92.55,65,6015.75,-52.65,-0.88,0,0,0.00,-52.65,-0.88,-700.92,-2.80,1
59,Exit long,2025-12-04 09:50,sl1|exit_reason=stop|mfe_r=0,98.49,66,6553.14,-52.8,-0.81,0,33.66,0.51,-52.8,-0.81,-753.72,-3.01,1
59,Entry long,2025-12-04 09:45,sl1|setup=pdh_break|side=long|grade=B|size=half|score=4|window=open|tier=neutral|rvol=0.284556|rs_vs_spy=0.41399|gap_atr=0.016475|ext_atr=0.054008|risk_atr=0.08,99.29,66,6553.14,-52.8,-0.81,0,33.66,0.51,-52.8,-0.81,-753.72,-3.01,1
60,Exit short,2025-12-05 09:45,sl1|exit_reason=be|mfe_r=0.97874,99.25,54,5354.1,-5.4,-0.10,0,47.52,0.89,-30.24,-0.56,-759.12,-3.04,2
60,Entry short,2025-12-05 09:35,sl1|setup=orb_break|side=short|grade=B|size=half|score=4|window=open|tier=neutral|rvol=0.826144|rs_vs_spy=-1.55755|gap_atr=-0.235013|ext_atr=0.055417|risk_atr=0.100049,99.15,54,5354.1,-5.4,-0.10,0,47.52,0.89,-30.24,-0.56,-759.12,-3.04,2
61,Exit long,2025-12-08 09:55,sl1|exit_reason=be|mfe_r=0.990643,98.25,45,4423.05,-1.8,-0.04,0,48.15,1.09,-10.35,-0.23,-760.92,-3.04,3
61,Entry long,2025-12-08 09:40,sl1|setup=orb_break|side=long|grade=B|size=half|score=4|window=open|tier=neutral|rvol=0.469764|rs_vs_spy=1.136037|gap_atr=-0.085499|ext_atr=0.140304|risk_atr=0.122175,98.29,45,4423.05,-1.8,-0.04,0,48.15,1.09,-10.35,-0.23,-760.92,-3.04,3
62,Exit long,2025-12-08 15:50,sl1|exit_reason=eod|mfe_r=0.065495,100.23,32,3213.44,-6.08,-0.19,0,2.56,0.08,-30.72,-0.96,-767,-3.07,5
62,Entry long,2025-12-08 15:25,sl1|setup=hod_break|side=long|grade=B|size=half|score=4|window=power|tier=neutral|rvol=0.59351|rs_vs_spy=3.805223|gap_atr=-0.085499|ext_atr=0.23719|risk_atr=0.169537,100.42,32,3213.44,-6.08,-0.19,0,2.56,0.08,-30.72,-0.96,-767,-3.07,5
63,Exit short,2025-12-09 10:00,sl1|exit_reason=trail|mfe_r=1.602918,97.68,71,6962.26,26.98,0.39,0,78.1,1.12,-17.75,-0.25,-740.02,-2.96,3
63,Entry short,2025-12-09 09:45,sl1|setup=vwap_loss|side=short|grade=B|size=half|score=4|window=open|tier=neutral|rvol=0.398085|rs_vs_spy=-0.038431|gap_atr=-0.266771|ext_atr=0.003022|risk_atr=0.08,98.06,71,6962.26,26.98,0.39,0,78.1,1.12,-17.75,-0.25,-740.02,-2.96,3
64,Exit short,2025-12-10 09:50,sl1|exit_reason=be|mfe_r=0.813434,93.12,73,6794.84,-2.92,-0.04,0,38.69,0.57,-32.85,-0.48,-742.94,-2.97,1
64,Entry short,2025-12-10 09:45,sl1|setup=orb_break|side=short|grade=B|size=half|score=4|window=open|tier=neutral|rvol=0.793484|rs_vs_spy=-2.792727|gap_atr=-0.087555|ext_atr=0.121364|risk_atr=0.08,93.08,73,6794.84,-2.92,-0.04,0,38.69,0.57,-32.85,-0.48,-742.94,-2.97,1
65,Exit long,2025-12-10 14:20,sl1|exit_reason=be|mfe_r=0.926587,96.24,58,5584.24,-2.32,-0.04,0,44.66,0.80,-19.72,-0.35,-745.26,-2.98,3
65,Entry long,2025-12-10 14:05,sl1|setup=orb_break|side=long|grade=B|size=half|score=4|window=power|tier=neutral|rvol=0.730867|rs_vs_spy=0.153676|gap_atr=-0.087555|ext_atr=0.242509|risk_atr=0.100877,96.28,58,5584.24,-2.32,-0.04,0,44.66,0.80,-19.72,-0.35,-745.26,-2.98,3
66,Exit short,2025-12-10 15:15,sl1|exit_reason=be|mfe_r=0.857803,94.47,73,6893.39,-2.92,-0.04,0,40.88,0.59,-9.49,-0.14,-748.18,-2.99,2
66,Entry short,2025-12-10 15:05,sl1|setup=vwap_loss|side=short|grade=B|size=half|score=4|window=power|tier=neutral|rvol=0.812746|rs_vs_spy=-2.180976|gap_atr=-0.087555|ext_atr=0.003403|risk_atr=0.08,94.43,73,6893.39,-2.92,-0.04,0,40.88,0.59,-9.49,-0.14,-748.18,-2.99,2
67,Exit short,2025-12-11 10:00,sl1|exit_reason=trail|mfe_r=1.967086,87.69,152,13418.56,89.68,0.67,0,202.16,1.51,-68.4,-0.51,-658.5,-2.63,3
67,Entry short,2025-12-11 09:45,sl1|setup=vwap_loss|side=short|grade=A|size=full|score=5|window=open|tier=neutral|rvol=1.716572|rs_vs_spy=-0.872037|gap_atr=-0.534315|ext_atr=0.026082|risk_atr=0.08,88.28,152,13418.56,89.68,0.67,0,202.16,1.51,-68.4,-0.51,-658.5,-2.63,3
68,Exit long,2025-12-11 15:30,sl1|exit_reason=trail|mfe_r=1.832805,94.26,44,4108.72,38.72,0.94,0,88.88,2.16,-16.72,-0.41,-619.78,-2.48,18
68,Entry long,2025-12-11 14:00,sl1|setup=hod_break|side=long|grade=B|size=half|score=3|window=power|tier=neutral|rvol=1.136316|rs_vs_spy=4.127685|gap_atr=-0.534315|ext_atr=0.424805|risk_atr=0.135781,93.38,44,4108.72,38.72,0.94,0,88.88,2.16,-16.72,-0.41,-619.78,-2.48,18
69,Exit long,2025-12-12 10:05,sl1|exit_reason=stop|mfe_r=0.303513,93.52,75,7066.5,-52.5,-0.74,0,13.5,0.19,-52.5,-0.74,-672.28,-2.69,2
69,Entry long,2025-12-12 09:55,sl1|setup=vwap_reclaim|side=long|grade=B|size=half|score=4|window=open|tier=neutral|rvol=0.677848|rs_vs_spy=1.160931|gap_atr=-0.125047|ext_atr=0.002857|risk_atr=0.08,94.22,75,7066.5,-52.5,-0.74,0,13.5,0.19,-52.5,-0.74,-672.28,-2.69,2
70,Exit short,2025-12-12 12:45,sl1|exit_reason=stop|mfe_r=0.154194,90.91,38,3403.66,-50.92,-1.50,0,6.84,0.20,-50.92,-1.50,-723.2,-2.89,4
70,Entry short,2025-12-12 12:25,sl1|setup=vwap_loss|side=short|grade=A|size=half|score=5|window=midday|tier=neutral|rvol=1.507794|rs_vs_spy=-2.908654|gap_atr=-0.125047|ext_atr=0.107471|risk_atr=0.157471,89.57,38,3403.66,-50.92,-1.50,0,6.84,0.20,-50.92,-1.50,-723.2,-2.89,4
71,Exit short,2025-12-15 09:40,sl1|exit_reason=be|mfe_r=1.231449,85.34,75,6382.5,-18,-0.28,0,60,0.94,-38.25,-0.60,-741.2,-2.96,1
71,Entry short,2025-12-15 09:35,sl1|setup=orb_break|side=short|grade=B|size=half|score=4|window=open|tier=neutral|rvol=1.100296|rs_vs_spy=-2.949654|gap_atr=0.038445|ext_atr=0.107869|risk_atr=0.08,85.1,75,6382.5,-18,-0.28,0,60,0.94,-38.25,-0.60,-741.2,-2.96,1
72,Exit long,2025-12-15 14:30,sl1|exit_reason=time|mfe_r=0.090106,82.19,75,6176.25,-12,-0.19,0,3,0.05,-24,-0.39,-753.2,-3.01,6
72,Entry long,2025-12-15 14:00,sl1|setup=vwap_reclaim|side=long|grade=B|size=half|score=4|window=power|tier=neutral|rvol=1.533659|rs_vs_spy=-5.808388|gap_atr=0.038445|ext_atr=0.010902|risk_atr=0.08,82.35,75,6176.25,-12,-0.19,0,3,0.05,-24,-0.39,-753.2,-3.01,6
73,Exit long,2025-12-16 09:45,sl1|exit_reason=stop|mfe_r=0,79.81,75,6039,-53.25,-0.88,0,36,0.60,-53.25,-0.88,-806.45,-3.23,1
73,Entry long,2025-12-16 09:40,sl1|setup=orb_retest|side=long|grade=B|size=half|score=4|window=open|tier=neutral|rvol=1.076888|rs_vs_spy=1.270776|gap_atr=-0.199687|ext_atr=0.024633|risk_atr=0.08,80.52,75,6039,-53.25,-0.88,0,36,0.60,-53.25,-0.88,-806.45,-3.23,1
74,Exit short,2025-12-16 10:30,sl1|exit_reason=be|mfe_r=0.767482,78.47,24,1882.32,-0.96,-0.05,0,37.2,1.98,-5.28,-0.28,-807.41,-3.23,4
74,Entry short,2025-12-16 10:10,sl1|setup=pdl_retest|side=short|grade=B|size=half|score=4|window=open|tier=neutral|rvol=0.94065|rs_vs_spy=-1.398973|gap_atr=-0.199687|ext_atr=0.21954|risk_atr=0.246078,78.43,24,1882.32,-0.96,-0.05,0,37.2,1.98,-5.28,-0.28,-807.41,-3.23,4
75,Exit short,2025-12-17 11:55,sl1|exit_reason=trail|mfe_r=2.506646,77.51,49,3943.52,145.53,3.69,0,245,6.21,-19.11,-0.48,-661.88,-2.65,28
75,Entry short,2025-12-17 09:35,sl1|setup=orb_break|side=short|grade=A|size=full|score=4|window=open|tier=neutral|rvol=1.86678|rs_vs_spy=-3.872185|gap_atr=0.361953|ext_atr=0.164113|risk_atr=0.248671,80.48,49,3943.52,145.53,3.69,0,245,6.21,-19.11,-0.48,-661.88,-2.65,28
76,Exit long,2025-12-19 11:50,sl1|exit_reason=trail|mfe_r=4.296365,87.12,34,2800.58,161.5,5.77,0,211.82,7.56,-20.06,-0.72,-500.38,-2.00,27
76,Entry long,2025-12-19 09:35,sl1|setup=orb_break|side=long|grade=B|size=half|score=4|window=open|tier=neutral|rvol=0.868478|rs_vs_spy=2.090624|gap_atr=0.304014|ext_atr=0.130021|risk_atr=0.184273,82.37,34,2800.58,161.5,5.77,0,211.82,7.56,-20.06,-0.72,-500.38,-2.00,27
77,Exit long,2025-12-19 14:35,sl1|exit_reason=time|mfe_r=0.254899,88.86,47,4180.65,-4.23,-0.10,0,11.75,0.28,-22.09,-0.53,-504.61,-2.02,6
77,Entry long,2025-12-19 14:05,sl1|setup=hod_break|side=long|grade=B|size=half|score=4|window=power|tier=neutral|rvol=1.268111|rs_vs_spy=9.921179|gap_atr=0.304014|ext_atr=0.372041|risk_atr=0.134177,88.95,47,4180.65,-4.23,-0.10,0,11.75,0.28,-22.09,-0.53,-504.61,-2.02,6
78,Exit long,2025-12-19 15:50,sl1|exit_reason=eod|mfe_r=1.465317,90.04,55,4908.75,43.45,0.89,0,70.95,1.45,-20.35,-0.41,-461.16,-1.84,10
78,Entry long,2025-12-19 15:00,sl1|setup=hod_break|side=long|grade=B|size=half|score=4|window=power|tier=neutral|rvol=1.274349|rs_vs_spy=10.269948|gap_atr=0.304014|ext_atr=0.377481|risk_atr=0.113678,89.25,55,4908.75,43.45,0.89,0,70.95,1.45,-20.35,-0.41,-461.16,-1.84,10
79,Exit short,2025-12-22 09:45,sl1|exit_reason=stop|mfe_r=0,92.35,76,6965.4,-53.2,-0.76,0,0,0.00,-53.2,-0.76,-514.36,-2.06,1
79,Entry short,2025-12-22 09:40,sl1|setup=orb_break|side=short|grade=B|size=half|score=3|window=open|tier=neutral|rvol=1.009836|rs_vs_spy=-1.198946|gap_atr=0.405121|ext_atr=0.047122|risk_atr=0.08,91.65,76,6965.4,-53.2,-0.76,0,0,0.00,-53.2,-0.76,-514.36,-2.06,1
80,Exit short,2025-12-23 10:30,sl1|exit_reason=time|mfe_r=0.307312,89.9,28,2488.08,-29.12,-1.17,0,14.28,0.57,-47.88,-1.92,-543.48,-2.17,6
80,Entry short,2025-12-23 10:00,sl1|setup=orb_break|side=short|grade=B|size=half|score=4|window=open|tier=neutral|rvol=0.696527|rs_vs_spy=-1.792355|gap_atr=-0.344758|ext_atr=0.257019|risk_atr=0.213111,88.86,28,2488.08,-29.12,-1.17,0,14.28,0.57,-47.88,-1.92,-543.48,-2.17,6
81,Exit short,2025-12-23 15:45,sl1|exit_reason=be|mfe_r=0.973106,90.16,77,6939.24,-3.08,-0.04,0,46.97,0.68,-20.02,-0.29,-546.56,-2.19,17
81,Entry short,2025-12-23 14:20,sl1|setup=vwap_loss|side=short|grade=B|size=half|score=4|window=power|tier=neutral|rvol=0.826498|rs_vs_spy=-0.879177|gap_atr=-0.344758|ext_atr=0.013631|risk_atr=0.08,90.12,77,6939.24,-3.08,-0.04,0,46.97,0.68,-20.02,-0.29,-546.56,-2.19,17
82,Exit short,2025-12-24 10:00,sl1|exit_reason=be|mfe_r=0.772453,89.62,49,4389.42,-1.96,-0.04,0,45.57,1.04,-8.33,-0.19,-548.52,-2.19,3
82,Entry short,2025-12-24 09:45,sl1|setup=vwap_loss|side=short|grade=B|size=half|score=4|window=open|tier=neutral|rvol=0.270015|rs_vs_spy=-0.549724|gap_atr=0.007628|ext_atr=0.078371|risk_atr=0.128371,89.58,49,4389.42,-1.96,-0.04,0,45.57,1.04,-8.33,-0.19,-548.52,-2.19,3
83,Exit short,2025-12-26 09:55,sl1|exit_reason=trail|mfe_r=3.68234,88.29,83,7457.55,129.48,1.74,0,181.77,2.44,-1.66,-0.02,-419.04,-1.68,4
83,Entry short,2025-12-26 09:35,sl1|setup=orb_break|side=short|grade=B|size=half|score=4|window=open|tier=neutral|rvol=0.491762|rs_vs_spy=-1.893511|gap_atr=0.050653|ext_atr=0.053043|risk_atr=0.08,89.85,83,7457.55,129.48,1.74,0,181.77,2.44,-1.66,-0.02,-419.04,-1.68,4
84,Exit long,2025-12-29 10:00,sl1|exit_reason=stop|mfe_r=0,86.11,20,1771.6,-49.4,-2.79,0,0,0.00,-49.4,-2.79,-468.44,-1.87,4
84,Entry long,2025-12-29 09:40,sl1|setup=orb_retest|side=long|grade=B|size=half|score=3|window=open|tier=neutral|rvol=1.081264|rs_vs_spy=4.686237|gap_atr=-0.427903|ext_atr=0.240825|risk_atr=0.331623,88.58,20,1771.6,-49.4,-2.79,0,0,0.00,-49.4,-2.79,-468.44,-1.87,4
85,Exit long,2025-12-29 14:30,sl1|exit_reason=time|mfe_r=0.393042,86.71,85,7354.2,16.15,0.22,0,17.85,0.24,-32.3,-0.44,-452.29,-1.81,6
85,Entry long,2025-12-29 14:00,sl1|setup=vwap_reclaim|side=long|grade=B|size=half|score=3|window=power|tier=neutral|rvol=0.531714|rs_vs_spy=2.448794|gap_atr=-0.427903|ext_atr=0.015585|risk_atr=0.08,86.52,85,7354.2,16.15,0.22,0,17.85,0.24,-32.3,-0.44,-452.29,-1.81,6
86,Exit short,2025-12-30 10:15,sl1|exit_reason=be|mfe_r=1.355476,85.39,88,7510.8,-3.52,-0.05,0,66,0.88,-22.88,-0.30,-455.81,-1.82,3
86,Entry short,2025-12-30 10:00,sl1|setup=orb_break|side=short|grade=B|size=half|score=4|window=open|tier=neutral|rvol=0.260394|rs_vs_spy=-1.162925|gap_atr=0.042249|ext_atr=0.057202|risk_atr=0.08,85.35,88,7510.8,-3.52,-0.05,0,66,0.88,-22.88,-0.30,-455.81,-1.82,3
87,Exit short,2025-12-31 09:55,sl1|exit_reason=stop|mfe_r=0,84.96,50,4196,-52,-1.24,0,0,0.00,-52,-1.24,-507.81,-2.03,2
87,Entry short,2025-12-31 09:45,sl1|setup=pdl_retest|side=short|grade=B|size=half|score=4|window=open|tier=neutral|rvol=0.67398|rs_vs_spy=-1.452403|gap_atr=0.026607|ext_atr=0.155853|risk_atr=0.14756,83.92,50,4196,-52,-1.24,0,0,0.00,-52,-1.24,-507.81,-2.03,2
88,Exit short,2025-12-31 10:35,sl1|exit_reason=stop|mfe_r=0.561117,85.27,91,7706.79,-52.78,-0.68,0,26.39,0.34,-52.78,-0.68,-560.59,-2.24,5
88,Entry short,2025-12-31 10:10,sl1|setup=vwap_loss|side=short|grade=B|size=half|score=4|window=open|tier=neutral|rvol=0.581806|rs_vs_spy=-0.531563|gap_atr=0.026607|ext_atr=0.030348|risk_atr=0.080348,84.69,91,7706.79,-52.78,-0.68,0,26.39,0.34,-52.78,-0.68,-560.59,-2.24,5
89,Exit long,2026-01-02 15:50,sl1|exit_reason=eod|mfe_r=1.410481,90.1,31,2745.36,47.74,1.74,0,67.89,2.47,-20.46,-0.75,-512.85,-2.05,74
89,Entry long,2026-01-02 09:40,sl1|setup=orb_break|side=long|grade=B|size=half|score=4|window=open|tier=neutral|rvol=1.004326|rs_vs_spy=1.90579|gap_atr=0.497947|ext_atr=0.199733|risk_atr=0.239694,88.56,31,2745.36,47.74,1.74,0,67.89,2.47,-20.46,-0.75,-512.85,-2.05,74
90,Exit short,2026-01-06 09:55,sl1|exit_reason=stop|mfe_r=0.638131,94.77,26,2414.36,-49.66,-2.06,0,30.42,1.26,-49.66,-2.06,-562.51,-2.25,3
90,Entry short,2026-01-06 09:40,sl1|setup=orb_break|side=short|grade=B|size=half|score=3|window=open|tier=neutral|rvol=1.265854|rs_vs_spy=-3.22478|gap_atr=0.475646|ext_atr=0.27019|risk_atr=0.287053,92.86,26,2414.36,-49.66,-2.06,0,30.42,1.26,-49.66,-2.06,-562.51,-2.25,3
91,Exit long,2026-01-06 10:20,sl1|exit_reason=trail|mfe_r=1.603199,98.2,50,4853,57,1.17,0,156.5,3.22,-3.5,-0.07,-505.51,-2.02,2
91,Entry long,2026-01-06 10:10,sl1|setup=pdh_retest|side=long|grade=A|size=full|score=5|window=open|tier=neutral|rvol=1.5242|rs_vs_spy=0.806798|gap_atr=0.475646|ext_atr=0.356488|risk_atr=0.302446,97.06,50,4853,57,1.17,0,156.5,3.22,-3.5,-0.07,-505.51,-2.02,2
92,Exit long,2026-01-07 09:45,sl1|exit_reason=trail|mfe_r=3.159079,101.64,71,7112.78,103.66,1.46,0,154.78,2.18,-32.66,-0.46,-401.85,-1.61,2
92,Entry long,2026-01-07 09:35,sl1|setup=orb_break|side=long|grade=B|size=half|score=4|window=open|tier=neutral|rvol=0.950469|rs_vs_spy=1.038566|gap_atr=-0.169438|ext_atr=0.068112|risk_atr=0.103507,100.18,71,7112.78,103.66,1.46,0,154.78,2.18,-32.66,-0.46,-401.85,-1.61,2
93,Exit short,2026-01-07 15:50,sl1|exit_reason=eod|mfe_r=0.403897,95.92,27,2607.39,17.55,0.67,0,19.44,0.75,-7.29,-0.28,-384.3,-1.54,6
93,Entry short,2026-01-07 15:20,sl1|setup=lod_break|side=short|grade=B|size=half|score=4|window=power|tier=neutral|rvol=1.020195|rs_vs_spy=-2.301645|gap_atr=-0.169438|ext_atr=0.412007|risk_atr=0.272313,96.57,27,2607.39,17.55,0.67,0,19.44,0.75,-7.29,-0.28,-384.3,-1.54,6
94,Exit long,2026-01-08 09:45,sl1|exit_reason=trail|mfe_r=2.914715,99.9,53,5225.27,69.43,1.33,0,143.63,2.75,-5.3,-0.10,-314.87,-1.26,1
94,Entry long,2026-01-08 09:40,sl1|setup=orb_break|side=long|grade=B|size=half|score=4|window=open|tier=neutral|rvol=0.868388|rs_vs_spy=2.051194|gap_atr=0.070553|ext_atr=0.095083|risk_atr=0.13912,98.59,53,5225.27,69.43,1.33,0,143.63,2.75,-5.3,-0.10,-314.87,-1.26,1
95,Exit long,2026-01-08 10:15,sl1|exit_reason=stop|mfe_r=0,98.09,76,7507.28,-52.44,-0.70,0,39.52,0.53,-52.44,-0.70,-367.31,-1.47,1
95,Entry long,2026-01-08 10:10,sl1|setup=vwap_reclaim|side=long|grade=B|size=half|score=4|window=open|tier=neutral|rvol=1.411757|rs_vs_spy=1.979052|gap_atr=0.070553|ext_atr=0.046521|risk_atr=0.096521,98.78,76,7507.28,-52.44,-0.70,0,39.52,0.53,-52.44,-0.70,-367.31,-1.47,1
96,Exit long,2026-01-09 09:45,sl1|exit_reason=be|mfe_r=1.039063,100.1,36,3617.28,-13.68,-0.38,0,51.12,1.41,-31.68,-0.88,-380.99,-1.52,1
96,Entry long,2026-01-09 09:40,sl1|setup=orb_retest|side=long|grade=B|size=half|score=4|window=open|tier=neutral|rvol=0.868835|rs_vs_spy=0.950534|gap_atr=0.321559|ext_atr=0.199295|risk_atr=0.206313,100.48,36,3617.28,-13.68,-0.38,0,51.12,1.41,-31.68,-0.88,-380.99,-1.52,1
97,Exit long,2026-01-12 10:05,sl1|exit_reason=time|mfe_r=0.430172,100.51,18,1825.02,-15.84,-0.87,0,20.7,1.13,-20.52,-1.12,-396.83,-1.59,6
97,Entry long,2026-01-12 09:35,sl1|setup=orb_break|side=long|grade=B|size=half|score=4|window=open|tier=neutral|rvol=1.325587|rs_vs_spy=2.989671|gap_atr=0.032355|ext_atr=0.289906|risk_atr=0.4,101.39,18,1825.02,-15.84,-0.87,0,20.7,1.13,-20.52,-1.12,-396.83,-1.59,6
98,Exit long,2026-01-12 11:20,sl1|exit_reason=be|mfe_r=1.179517,105.38,64,6746.88,-2.56,-0.04,0,57.6,0.85,-26.88,-0.40,-399.39,-1.60,3
98,Entry long,2026-01-12 11:05,sl1|setup=pdh_break|side=long|grade=A|size=half|score=5|window=midday|tier=neutral|rvol=1.759937|rs_vs_spy=6.894377|gap_atr=0.032355|ext_atr=0.462519|risk_atr=0.11471,105.42,64,6746.88,-2.56,-0.04,0,57.6,0.85,-26.88,-0.40,-399.39,-1.60,3
99,Exit long,2026-01-12 15:50,sl1|exit_reason=eod|mfe_r=0.466721,108.06,88,9515.44,-6.16,-0.06,0,44.88,0.47,-41.36,-0.43,-405.55,-1.62,5
99,Entry long,2026-01-12 15:25,sl1|setup=hod_break|side=long|grade=A|size=full|score=5|window=power|tier=neutral|rvol=1.893969|rs_vs_spy=9.474474|gap_atr=0.032355|ext_atr=0.549675|risk_atr=0.167007,108.13,88,9515.44,-6.16,-0.06,0,44.88,0.47,-41.36,-0.43,-405.55,-1.62,5
100,Exit short,2026-01-13 10:10,sl1|exit_reason=stop|mfe_r=0,106.18,78,8229,-53.04,-0.64,0,0,0.00,-53.04,-0.64,-458.59,-1.83,1
100,Entry short,2026-01-13 10:05,sl1|setup=orb_break|side=short|grade=B|size=half|score=4|window=open|tier=neutral|rvol=1.297283|rs_vs_spy=-1.369365|gap_atr=0|ext_atr=0.179545|risk_atr=0.088995,105.5,78,8229,-53.04,-0.64,0,0,0.00,-53.04,-0.64,-458.59,-1.83,1
101,Exit short,2026-01-13 15:50,sl1|exit_reason=eod|mfe_r=0.141235,105.17,35,3646.3,-34.65,-0.95,0,6.3,0.17,-34.65,-0.95,-493.24,-1.97,4
101,Entry short,2026-01-13 15:30,sl1|setup=lod_break|side=short|grade=B|size=half|score=4|window=power|tier=neutral|rvol=0.884515|rs_vs_spy=-2.31643|gap_atr=0|ext_atr=0.257968|risk_atr=0.197216,104.18,35,3646.3,-34.65,-0.95,0,6.3,0.17,-34.65,-0.95,-493.24,-1.97,4
102,Exit short,2026-01-14 09:40,sl1|exit_reason=stop|mfe_r=0,102.97,67,6846.73,-52.26,-0.76,0,12.73,0.19,-52.26,-0.76,-545.5,-2.18,1
102,Entry short,2026-01-14 09:35,sl1|setup=orb_break|side=short|grade=B|size=half|score=4|window=open|tier=neutral|rvol=0.937236|rs_vs_spy=-3.41409|gap_atr=0.069012|ext_atr=0.221627|risk_atr=0.106072,102.19,67,6846.73,-52.26,-0.76,0,12.73,0.19,-52.26,-0.76,-545.5,-2.18,1
103,Exit short,2026-01-14 10:00,sl1|exit_reason=trail|mfe_r=3.917868,102.16,89,9232.86,140.62,1.52,0,192.24,2.08,-1.78,-0.02,-404.88,-1.62,1
103,Entry short,2026-01-14 09:55,sl1|setup=vwap_loss|side=short|grade=B|size=half|score=4|window=open|tier=neutral|rvol=0.941009|rs_vs_spy=-1.670863|gap_atr=0.069012|ext_atr=0.003582|risk_atr=0.08,103.74,89,9232.86,140.62,1.52,0,192.24,2.08,-1.78,-0.02,-404.88,-1.62,1
104,Exit long,2026-01-15 09:55,sl1|exit_reason=stop|mfe_r=0,105.03,83,8770.61,-53.12,-0.61,0,0,0.00,-53.12,-0.61,-458,-1.83,1
104,Entry long,2026-01-15 09:50,sl1|setup=orb_break|side=long|grade=B|size=half|score=4|window=open|tier=neutral|rvol=0.762055|rs_vs_spy=1.17431|gap_atr=0.363837|ext_atr=0.162664|risk_atr=0.085811,105.67,83,8770.61,-53.12,-0.61,0,0,0.00,-53.12,-0.61,-458,-1.83,1
105,Exit long,2026-01-15 14:35,sl1|exit_reason=stop|mfe_r=0.296378,106.11,32,3445.44,-49.92,-1.45,0,13.76,0.40,-49.92,-1.45,-507.92,-2.03,6
105,Entry long,2026-01-15 14:05,sl1|setup=hod_break|side=long|grade=B|size=half|score=4|window=power|tier=neutral|rvol=0.862598|rs_vs_spy=3.017455|gap_atr=0.363837|ext_atr=0.415388|risk_atr=0.217491,107.67,32,3445.44,-49.92,-1.45,0,13.76,0.40,-49.92,-1.45,-507.92,-2.03,6
106,Exit short,2026-01-16 09:40,sl1|exit_reason=stop|mfe_r=0,103.72,31,3165.1,-50.22,-1.59,0,6.82,0.22,-50.22,-1.59,-558.14,-2.23,1
106,Entry short,2026-01-16 09:35,sl1|setup=orb_break|side=short|grade=B|size=half|score=3|window=open|tier=neutral|rvol=1.427554|rs_vs_spy=-3.670249|gap_atr=0.302808|ext_atr=0.165456|risk_atr=0.226101,102.1,31,3165.1,-50.22,-1.59,0,6.82,0.22,-50.22,-1.59,-558.14,-2.23,1
107,Exit short,2026-01-16 10:00,sl1|exit_reason=stop|mfe_r=0,101.47,87,8774.82,-53.07,-0.60,0,11.31,0.13,-53.07,-0.60,-611.21,-2.44,1
107,Entry short,2026-01-16 09:55,sl1|setup=pdl_break|side=short|grade=B|size=half|score=3|window=open|tier=neutral|rvol=1.312109|rs_vs_spy=-4.582061|gap_atr=0.302808|ext_atr=0.276179|risk_atr=0.081498,100.86,87,8774.82,-53.07,-0.60,0,11.31,0.13,-53.07,-0.60,-611.21,-2.44,1
108,Exit short,2026-01-20 09:50,sl1|exit_reason=stop|mfe_r=0,101.11,154,15464.68,-106.26,-0.69,0,0,0.00,-106.26,-0.69,-717.47,-2.87,1
108,Entry short,2026-01-20 09:45,sl1|setup=pdl_break|side=short|grade=A|size=full|score=5|window=open|tier=neutral|rvol=1.941351|rs_vs_spy=-1.483877|gap_atr=-0.957548|ext_atr=0.132919|risk_atr=0.090362,100.42,154,15464.68,-106.26,-0.69,0,0,0.00,-106.26,-0.69,-717.47,-2.87,1
109,Exit short,2026-01-20 15:50,sl1|exit_reason=eod|mfe_r=0.584432,99.6,29,2879.99,-8.41,-0.29,0,27.84,0.97,-28.13,-0.98,-725.88,-2.90,18
109,Entry short,2026-01-20 14:20,sl1|setup=lod_break|side=short|grade=B|size=half|score=4|window=power|tier=neutral|rvol=1.310364|rs_vs_spy=-1.962035|gap_atr=-0.957548|ext_atr=0.310932|risk_atr=0.23338,99.31,29,2879.99,-8.41,-0.29,0,27.84,0.97,-28.13,-0.98,-725.88,-2.90,18
110,Exit short,2026-01-21 09:45,sl1|exit_reason=be|mfe_r=1.273365,97.43,34,3311.26,-1.36,-0.04,0,62.56,1.89,-4.76,-0.14,-727.24,-2.91,2
110,Entry short,2026-01-21 09:35,sl1|setup=orb_break|side=short|grade=B|size=half|score=4|window=open|tier=neutral|rvol=1.123032|rs_vs_spy=-3.394621|gap_atr=0.191531|ext_atr=0.109705|risk_atr=0.19702,97.39,34,3311.26,-1.36,-0.04,0,62.56,1.89,-4.76,-0.14,-727.24,-2.91,2
111,Exit short,2026-01-22 15:50,sl1|exit_reason=eod|mfe_r=1.296294,96.9,21,2092.86,57.96,2.77,0,63.21,3.02,-21.21,-1.01,-669.28,-2.68,73
111,Entry short,2026-01-22 09:45,sl1|setup=orb_retest|side=short|grade=B|size=half|score=3|window=open|tier=neutral|rvol=0.929412|rs_vs_spy=-1.938113|gap_atr=0.404708|ext_atr=0.288404|risk_atr=0.309649,99.66,21,2092.86,57.96,2.77,0,63.21,3.02,-21.21,-1.01,-669.28,-2.68,73
112,Exit short,2026-01-23 09:50,sl1|exit_reason=stop|mfe_r=0,94.78,82,7718.66,-53.3,-0.69,0,2.46,0.03,-53.3,-0.69,-722.58,-2.89,1
112,Entry short,2026-01-23 09:45,sl1|setup=orb_break|side=short|grade=B|size=half|score=4|window=open|tier=neutral|rvol=0.728222|rs_vs_spy=-2.521442|gap_atr=-0.024524|ext_atr=0.083956|risk_atr=0.08,94.13,82,7718.66,-53.3,-0.69,0,2.46,0.03,-53.3,-0.69,-722.58,-2.89,1
113,Exit short,2026-01-23 15:50,sl1|exit_reason=trail|mfe_r=2.866609,95.16,82,7891.68,88.56,1.12,0,140.22,1.78,-31.98,-0.41,-634.02,-2.54,9
113,Entry short,2026-01-23 15:05,sl1|setup=vwap_loss|side=short|grade=B|size=half|score=4|window=power|tier=neutral|rvol=0.617319|rs_vs_spy=-0.561739|gap_atr=-0.024524|ext_atr=0.021616|risk_atr=0.08,96.24,82,7891.68,88.56,1.12,0,140.22,1.78,-31.98,-0.41,-634.02,-2.54,9
114,Exit short,2026-01-26 15:15,sl1|exit_reason=trail|mfe_r=1.895109,92.88,84,7842.24,40.32,0.51,0,92.4,1.18,-31.08,-0.40,-593.7,-2.37,9
114,Entry short,2026-01-26 14:30,sl1|setup=pdl_break|side=short|grade=B|size=half|score=3|window=power|tier=neutral|rvol=1.244805|rs_vs_spy=-5.054054|gap_atr=0.475131|ext_atr=0.427282|risk_atr=0.08,93.36,84,7842.24,40.32,0.51,0,92.4,1.18,-31.08,-0.40,-593.7,-2.37,9
115,Exit long,2026-01-27 10:10,sl1|exit_reason=trail|mfe_r=1.989452,96.68,82,7925.3,2.46,0.03,0,96.76,1.22,-27.88,-0.35,-591.24,-2.36,1
115,Entry long,2026-01-27 10:05,sl1|setup=orb_break|side=long|grade=B|size=half|score=4|window=open|tier=neutral|rvol=0.607744|rs_vs_spy=2.116063|gap_atr=0.39988|ext_atr=0.233528|risk_atr=0.08,96.65,82,7925.3,2.46,0.03,0,96.76,1.22,-27.88,-0.35,-591.24,-2.36,1
116,Exit long,2026-01-27 15:50,sl1|exit_reason=be|mfe_r=1.321006,98,43,4215.72,-1.72,-0.04,0,64.5,1.53,-6.88,-0.16,-592.96,-2.37,20
116,Entry long,2026-01-27 14:10,sl1|setup=hod_break|side=long|grade=B|size=half|score=4|window=power|tier=neutral|rvol=0.684419|rs_vs_spy=3.483476|gap_atr=0.39988|ext_atr=0.248111|risk_atr=0.152609,98.04,43,4215.72,-1.72,-0.04,0,64.5,1.53,-6.88,-0.16,-592.96,-2.37,20
117,Exit short,2026-01-28 11:05,sl1|exit_reason=trail|mfe_r=2.358692,97.5,82,8058.96,63.96,0.79,0,115.62,1.43,-35.26,-0.44,-529,-2.12,11
117,Entry short,2026-01-28 10:10,sl1|setup=orb_break|side=short|grade=B|size=half|score=3|window=open|tier=neutral|rvol=0.868637|rs_vs_spy=-1.555315|gap_atr=0.279744|ext_atr=0.246707|risk_atr=0.08,98.28,82,8058.96,63.96,0.79,0,115.62,1.43,-35.26,-0.44,-529,-2.12,11
118,Exit short,2026-01-29 09:45,sl1|exit_reason=trail|mfe_r=2.138488,96.35,84,8146.32,52.92,0.65,0,109.2,1.34,-1.68,-0.02,-476.08,-1.90,2
118,Entry short,2026-01-29 09:35,sl1|setup=orb_break|side=short|grade=B|size=half|score=4|window=open|tier=neutral|rvol=0.79172|rs_vs_spy=-1.229771|gap_atr=-0.280192|ext_atr=0.056018|risk_atr=0.08,96.98,84,8146.32,52.92,0.65,0,109.2,1.34,-1.68,-0.02,-476.08,-1.90,2
119,Exit short,2026-01-30 10:10,sl1|exit_reason=trail|mfe_r=4.336406,87.36,51,4619.58,164.22,3.55,0,215.22,4.66,-32.13,-0.70,-311.86,-1.25,7
119,Entry short,2026-01-30 09:35,sl1|setup=pdl_break|side=short|grade=B|size=half|score=4|window=open|tier=neutral|rvol=1.198628|rs_vs_spy=-1.451082|gap_atr=-0.42354|ext_atr=0.033328|risk_atr=0.129414,90.58,51,4619.58,164.22,3.55,0,215.22,4.66,-32.13,-0.70,-311.86,-1.25,7
120,Exit short,2026-01-30 11:15,sl1|exit_reason=time|mfe_r=0.489835,87.77,26,2302.04,20.02,0.87,0,23.14,1.01,-3.38,-0.15,-291.84,-1.17,6
120,Entry short,2026-01-30 10:45,sl1|setup=orb_retest|side=short|grade=A|size=half|score=5|window=midday|tier=neutral|rvol=1.851857|rs_vs_spy=-3.674282|gap_atr=-0.42354|ext_atr=0.009158|risk_atr=0.245887,88.54,26,2302.04,20.02,0.87,0,23.14,1.01,-3.38,-0.15,-291.84,-1.17,6
121,Exit short,2026-01-30 15:40,sl1|exit_reason=time|mfe_r=0.318523,84.85,71,6003.76,-20.59,-0.34,0,30.53,0.51,-22.72,-0.38,-312.43,-1.25,6
121,Entry short,2026-01-30 15:10,sl1|setup=lod_break|side=short|grade=A|size=full|score=5|window=power|tier=neutral|rvol=1.539646|rs_vs_spy=-7.51983|gap_atr=-0.42354|ext_atr=0.385387|risk_atr=0.184911,84.56,71,6003.76,-20.59,-0.34,0,30.53,0.51,-22.72,-0.38,-312.43,-1.25,6
122,Exit short,2026-02-03 09:45,sl1|exit_reason=trail|mfe_r=1.58599,88.17,53,4700.04,27.03,0.58,0,80.56,1.71,-14.31,-0.30,-285.4,-1.14,2
122,Entry short,2026-02-03 09:35,sl1|setup=orb_break|side=short|grade=B|size=half|score=4|window=open|tier=neutral|rvol=0.811225|rs_vs_spy=-1.3755|gap_atr=0.243757|ext_atr=0.123389|risk_atr=0.123786,88.68,53,4700.04,27.03,0.58,0,80.56,1.71,-14.31,-0.30,-285.4,-1.14,2
123,Exit short,2026-02-03 14:15,sl1|exit_reason=stop|mfe_r=0,87.46,20,1700,-49.2,-2.89,0,0,0.00,-49.2,-2.89,-334.6,-1.34,3
123,Entry short,2026-02-03 14:00,sl1|setup=lod_break|side=short|grade=B|size=half|score=4|window=power|tier=neutral|rvol=0.680431|rs_vs_spy=-3.859988|gap_atr=0.243757|ext_atr=0.498666|risk_atr=0.318413,85,20,1700,-49.2,-2.89,0,0,0.00,-49.2,-2.89,-334.6,-1.34,3
124,Exit short,2026-02-04 09:50,sl1|exit_reason=trail|mfe_r=3.406809,84.87,83,7119.74,75.53,1.06,0,168.49,2.37,-5.81,-0.08,-259.07,-1.04,1
124,Entry short,2026-02-04 09:45,sl1|setup=orb_break|side=short|grade=B|size=half|score=4|window=open|tier=neutral|rvol=0.673679|rs_vs_spy=-1.924819|gap_atr=-0.33636|ext_atr=0.090098|risk_atr=0.08,85.78,83,7119.74,75.53,1.06,0,168.49,2.37,-5.81,-0.08,-259.07,-1.04,1
125,Exit long,2026-02-05 09:50,sl1|exit_reason=stop|mfe_r=0.128541,79.2,71,5726.15,-102.95,-1.80,0,11.36,0.20,-102.95,-1.80,-362.02,-1.45,2
125,Entry long,2026-02-05 09:40,sl1|setup=orb_retest|side=long|grade=A|size=full|score=4|window=open|tier=neutral|rvol=2.144087|rs_vs_spy=1.795425|gap_atr=-0.431687|ext_atr=0.192307|risk_atr=0.179378,80.65,71,5726.15,-102.95,-1.80,0,11.36,0.20,-102.95,-1.80,-362.02,-1.45,2
126,Exit short,2026-02-05 10:35,sl1|exit_reason=trail|mfe_r=1.969043,75.55,100,7646,91,1.19,0,212,2.77,-2,-0.03,-271.02,-1.08,6
126,Entry short,2026-02-05 10:05,sl1|setup=orb_retest|side=short|grade=A|size=full|score=5|window=open|tier=neutral|rvol=1.678594|rs_vs_spy=-2.861367|gap_atr=-0.431687|ext_atr=0.268886|risk_atr=0.126858,76.46,100,7646,91,1.19,0,212,2.77,-2,-0.03,-271.02,-1.08,6
127,Exit short,2026-02-05 15:50,sl1|exit_reason=eod|mfe_r=0.44966,73.7,29,2153.54,16.24,0.75,0,21.46,1.00,-8.99,-0.42,-254.78,-1.02,6
127,Entry short,2026-02-05 15:20,sl1|setup=lod_break|side=short|grade=B|size=half|score=4|window=power|tier=neutral|rvol=1.429785|rs_vs_spy=-5.517649|gap_atr=-0.431687|ext_atr=0.34798|risk_atr=0.216505,74.26,29,2153.54,16.24,0.75,0,21.46,1.00,-8.99,-0.42,-254.78,-1.02,6
128,Exit long,2026-02-06 09:55,sl1|exit_reason=stop|mfe_r=0,78.81,49,3913.14,-51.45,-1.31,0,6.37,0.16,-51.45,-1.31,-306.23,-1.22,1
128,Entry long,2026-02-06 09:50,sl1|setup=orb_break|side=long|grade=B|size=half|score=4|window=open|tier=neutral|rvol=1.379847|rs_vs_spy=0.211323|gap_atr=0.685693|ext_atr=0.146637|risk_atr=0.128021,79.86,49,3913.14,-51.45,-1.31,0,6.37,0.16,-51.45,-1.31,-306.23,-1.22,1
129,Exit long,2026-02-09 13:20,sl1|exit_reason=trail|mfe_r=2.022572,91.14,19,1683.78,47.88,2.84,0,96.14,5.71,-2.28,-0.14,-258.35,-1.03,45
129,Entry long,2026-02-09 09:35,sl1|setup=orb_break|side=long|grade=B|size=half|score=4|window=open|tier=neutral|rvol=0.864871|rs_vs_spy=4.614603|gap_atr=-0.194945|ext_atr=0.205793|risk_atr=0.305069,88.62,19,1683.78,47.88,2.84,0,96.14,5.71,-2.28,-0.14,-258.35,-1.03,45
130,Exit long,2026-02-10 10:10,sl1|exit_reason=stop|mfe_r=0,92.83,74,6921.96,-52.54,-0.76,0,7.4,0.11,-52.54,-0.76,-310.89,-1.24,1
130,Entry long,2026-02-10 10:05,sl1|setup=vwap_reclaim|side=long|grade=B|size=half|score=4|window=open|tier=neutral|rvol=0.806129|rs_vs_spy=0.471264|gap_atr=0.006587|ext_atr=0.01717|risk_atr=0.08,93.54,74,6921.96,-52.54,-0.76,0,7.4,0.11,-52.54,-0.76,-310.89,-1.24,1
131,Exit long,2026-02-11 09:50,sl1|exit_reason=trail|mfe_r=1.509665,93.34,77,7165.62,21.56,0.30,0,127.05,1.77,-14.63,-0.20,-289.33,-1.16,2
131,Entry long,2026-02-11 09:40,sl1|setup=vwap_reclaim|side=long|grade=B|size=half|score=4|window=open|tier=neutral|rvol=1.275306|rs_vs_spy=0.282427|gap_atr=0.145052|ext_atr=0.013423|risk_atr=0.08,93.06,77,7165.62,21.56,0.30,0,127.05,1.77,-14.63,-0.20,-289.33,-1.16,2
132,Exit short,2026-02-11 10:50,sl1|exit_reason=be|mfe_r=1.401884,90.06,24,2160.48,-0.96,-0.04,0,67.2,3.11,-3.6,-0.17,-290.29,-1.16,9
132,Entry short,2026-02-11 10:05,sl1|setup=pdl_retest|side=short|grade=B|size=half|score=4|window=open|tier=neutral|rvol=1.340855|rs_vs_spy=-2.560081|gap_atr=0.145052|ext_atr=0.325938|risk_atr=0.250459,90.02,24,2160.48,-0.96,-0.04,0,67.2,3.11,-3.6,-0.17,-290.29,-1.16,9
133,Exit long,2026-02-13 09:45,sl1|exit_reason=trail|mfe_r=5.504437,93.33,76,6916,177.08,2.56,0,273.6,3.96,-1.52,-0.02,-113.21,-0.45,1
133,Entry long,2026-02-13 09:40,sl1|setup=pdh_break|side=long|grade=B|size=half|score=4|window=open|tier=neutral|rvol=0.926181|rs_vs_spy=1.423886|gap_atr=0.05474|ext_atr=0.038537|risk_atr=0.08,91,76,6916,177.08,2.56,0,273.6,3.96,-1.52,-0.02,-113.21,-0.45,1
134,Exit short,2026-02-13 15:30,sl1|exit_reason=trail|mfe_r=1.642208,95.43,76,7281.56,28.88,0.40,0,80.56,1.11,-31.16,-0.43,-84.33,-0.34,7
134,Entry short,2026-02-13 14:55,sl1|setup=vwap_loss|side=short|grade=B|size=half|score=4|window=power|tier=neutral|rvol=1.697268|rs_vs_spy=6.539513|gap_atr=0.05474|ext_atr=0.009234|risk_atr=0.08,95.81,76,7281.56,28.88,0.40,0,80.56,1.11,-31.16,-0.43,-84.33,-0.34,7
135,Exit short,2026-02-17 09:55,sl1|exit_reason=trail|mfe_r=1.583399,94.54,68,6454.56,25.84,0.40,0,77.52,1.20,-10.88,-0.17,-58.49,-0.23,2
135,Entry short,2026-02-17 09:45,sl1|setup=orb_retest|side=short|grade=B|size=half|score=4|window=open|tier=neutral|rvol=0.724059|rs_vs_spy=-1.121809|gap_atr=-0.240179|ext_atr=0.121398|risk_atr=0.086678,94.92,68,6454.56,25.84,0.40,0,77.52,1.20,-10.88,-0.17,-58.49,-0.23,2
136,Exit short,2026-02-17 10:15,sl1|exit_reason=stop|mfe_r=0,95.92,51,4840.41,-51.51,-1.06,0,0,0.00,-51.51,-1.06,-110,-0.44,1
136,Entry short,2026-02-17 10:10,sl1|setup=vwap_loss|side=short|grade=B|size=half|score=4|window=open|tier=neutral|rvol=0.691233|rs_vs_spy=-0.635291|gap_atr=-0.240179|ext_atr=0.064305|risk_atr=0.114305,94.91,51,4840.41,-51.51,-1.06,0,0,0.00,-51.51,-1.06,-110,-0.44,1
137,Exit short,2026-02-18 09:40,sl1|exit_reason=stop|mfe_r=0,98.01,75,7297.5,-53.25,-0.73,0,22.5,0.31,-53.25,-0.73,-163.25,-0.65,1
137,Entry short,2026-02-18 09:35,sl1|setup=orb_break|side=short|grade=B|size=half|score=3|window=open|tier=neutral|rvol=0.391011|rs_vs_spy=-2.515171|gap_atr=0.281413|ext_atr=0.079073|risk_atr=0.08,97.3,75,7297.5,-53.25,-0.73,0,22.5,0.31,-53.25,-0.73,-163.25,-0.65,1
138,Exit long,2026-02-18 10:05,sl1|exit_reason=trail|mfe_r=2.561138,101.46,64,6423.04,70.4,1.10,0,125.44,1.95,-3.2,-0.05,-92.85,-0.37,2
138,Entry long,2026-02-18 09:55,sl1|setup=orb_break|side=long|grade=B|size=half|score=4|window=open|tier=neutral|rvol=0.775974|rs_vs_spy=0.234721|gap_atr=0.281413|ext_atr=0.16956|risk_atr=0.093574,100.36,64,6423.04,70.4,1.10,0,125.44,1.95,-3.2,-0.05,-92.85,-0.37,2
139,Exit long,2026-02-19 09:45,sl1|exit_reason=stop|mfe_r=0.252133,102.56,45,4667.4,-52.2,-1.12,0,11.7,0.25,-52.2,-1.12,-145.05,-0.58,2
139,Entry long,2026-02-19 09:35,sl1|setup=orb_break|side=long|grade=B|size=half|score=4|window=open|tier=neutral|rvol=0.487895|rs_vs_spy=2.893101|gap_atr=-0.120577|ext_atr=0.165274|risk_atr=0.135256,103.72,45,4667.4,-52.2,-1.12,0,11.7,0.25,-52.2,-1.12,-145.05,-0.58,2
140,Exit short,2026-02-20 09:45,sl1|exit_reason=stop|mfe_r=0,105.23,61,6367.18,-51.85,-0.81,0,0,0.00,-51.85,-0.81,-196.9,-0.79,1
140,Entry short,2026-02-20 09:40,sl1|setup=orb_break|side=short|grade=B|size=half|score=4|window=open|tier=neutral|rvol=1.030901|rs_vs_spy=-2.157621|gap_atr=-0.144549|ext_atr=0.181909|risk_atr=0.099,104.38,61,6367.18,-51.85,-0.81,0,0,0.00,-51.85,-0.81,-196.9,-0.79,1
141,Exit short,2026-02-20 15:15,sl1|exit_reason=time|mfe_r=0.405295,97.39,28,2738.4,11.48,0.42,0,19.6,0.72,-15.68,-0.57,-185.42,-0.74,6
141,Entry short,2026-02-20 14:45,sl1|setup=lod_break|side=short|grade=B|size=half|score=4|window=power|tier=neutral|rvol=1.173586|rs_vs_spy=-8.838936|gap_atr=-0.144549|ext_atr=0.486657|risk_atr=0.217617,97.8,28,2738.4,11.48,0.42,0,19.6,0.72,-15.68,-0.57,-185.42,-0.74,6
142,Exit long,2026-02-23 10:05,sl1|exit_reason=time|mfe_r=0.424664,98.73,35,3480.05,-24.5,-0.70,0,19.95,0.57,-45.15,-1.30,-209.92,-0.84,6
142,Entry long,2026-02-23 09:35,sl1|setup=orb_break|side=long|grade=B|size=half|score=4|window=open|tier=neutral|rvol=0.871145|rs_vs_spy=3.050145|gap_atr=-0.208664|ext_atr=0.150528|risk_atr=0.16566,99.43,35,3480.05,-24.5,-0.70,0,19.95,0.57,-45.15,-1.30,-209.92,-0.84,6
143,Exit long,2026-02-24 10:05,sl1|exit_reason=be|mfe_r=0.988959,101.88,27,2751.84,-1.08,-0.04,0,48.6,1.77,-34.29,-1.25,-211,-0.84,6
143,Entry long,2026-02-24 09:35,sl1|setup=orb_break|side=long|grade=B|size=half|score=4|window=open|tier=neutral|rvol=0.642364|rs_vs_spy=2.491073|gap_atr=-0.149274|ext_atr=0.215853|risk_atr=0.224254,101.92,27,2751.84,-1.08,-0.04,0,48.6,1.77,-34.29,-1.25,-211,-0.84,6
144,Exit long,2026-02-24 15:05,sl1|exit_reason=stop|mfe_r=0.639745,100.84,76,7717.04,-53.2,-0.69,0,30.4,0.39,-53.2,-0.69,-264.2,-1.06,9
144,Entry long,2026-02-24 14:20,sl1|setup=vwap_reclaim|side=long|grade=B|size=half|score=4|window=power|tier=neutral|rvol=0.464396|rs_vs_spy=1.448714|gap_atr=-0.149274|ext_atr=0.015421|risk_atr=0.08,101.54,76,7717.04,-53.2,-0.69,0,30.4,0.39,-53.2,-0.69,-264.2,-1.06,9
145,Exit long,2026-02-24 15:50,sl1|exit_reason=eod|mfe_r=1.370883,102.25,76,7711.72,59.28,0.77,0,66.88,0.87,-11.4,-0.15,-204.92,-0.82,6
145,Entry long,2026-02-24 15:20,sl1|setup=vwap_reclaim|side=long|grade=B|size=half|score=4|window=power|tier=neutral|rvol=0.464926|rs_vs_spy=1.3768|gap_atr=-0.149274|ext_atr=0.007313|risk_atr=0.08,101.47,76,7711.72,59.28,0.77,0,66.88,0.87,-11.4,-0.15,-204.92,-0.82,6
146,Exit short,2026-02-25 10:20,sl1|exit_reason=stop|mfe_r=0.04754,104.4,33,3395.04,-50.16,-1.48,0,1.65,0.05,-50.16,-1.48,-255.08,-1.02,5
146,Entry short,2026-02-25 09:55,sl1|setup=orb_break|side=short|grade=B|size=half|score=3|window=open|tier=neutral|rvol=0.609131|rs_vs_spy=-2.181662|gap_atr=0.306251|ext_atr=0.17707|risk_atr=0.182936,102.88,33,3395.04,-50.16,-1.48,0,1.65,0.05,-50.16,-1.48,-255.08,-1.02,5
147,Exit long,2026-02-26 09:45,sl1|exit_reason=stop|mfe_r=0,105.76,70,7455.7,-52.5,-0.70,0,0,0.00,-52.5,-0.70,-307.58,-1.23,1
147,Entry long,2026-02-26 09:40,sl1|setup=vwap_reclaim|side=long|grade=B|size=half|score=4|window=open|tier=neutral|rvol=0.514985|rs_vs_spy=0.727665|gap_atr=-0.010229|ext_atr=0.040244|risk_atr=0.090244,106.51,70,7455.7,-52.5,-0.70,0,0,0.00,-52.5,-0.70,-307.58,-1.23,1
148,Exit long,2026-02-26 10:05,sl1|exit_reason=stop|mfe_r=0,107.03,64,6903.04,-53.12,-0.77,0,0,0.00,-53.12,-0.77,-360.7,-1.44,1
148,Entry long,2026-02-26 10:00,sl1|setup=pdh_break|side=long|grade=B|size=half|score=4|window=open|tier=neutral|rvol=0.521427|rs_vs_spy=2.162799|gap_atr=-0.010229|ext_atr=0.18296|risk_atr=0.099865,107.86,64,6903.04,-53.12,-0.77,0,0,0.00,-53.12,-0.77,-360.7,-1.44,1
149,Exit short,2026-02-27 10:00,sl1|exit_reason=stop|mfe_r=0.395355,97.04,76,7271.68,-103.36,-1.42,0,38,0.52,-103.36,-1.42,-464.06,-1.86,2
149,Entry short,2026-02-27 09:50,sl1|setup=vwap_loss|side=short|grade=A|size=full|score=5|window=open|tier=neutral|rvol=1.605855|rs_vs_spy=-3.042442|gap_atr=-0.803739|ext_atr=0.120506|risk_atr=0.170506,95.68,76,7271.68,-103.36,-1.42,0,38,0.52,-103.36,-1.42,-464.06,-1.86,2
150,Exit short,2026-02-27 15:10,sl1|exit_reason=stop|mfe_r=0.197868,89.82,86,7620.46,-104.06,-1.37,0,18.06,0.24,-104.06,-1.37,-568.12,-2.27,2
150,Entry short,2026-02-27 15:00,sl1|setup=lod_break|side=short|grade=A|size=full|score=5|window=power|tier=neutral|rvol=1.597336|rs_vs_spy=-10.290474|gap_atr=-0.803739|ext_atr=0.589149|risk_atr=0.150687,88.61,86,7620.46,-104.06,-1.37,0,18.06,0.24,-104.06,-1.37,-568.12,-2.27,2
151,Exit long,2026-03-02 10:25,sl1|exit_reason=be|mfe_r=1.453821,90,74,6662.96,-2.96,-0.04,0,70.3,1.06,-38.48,-0.58,-571.08,-2.28,4
151,Entry long,2026-03-02 10:05,sl1|setup=vwap_reclaim|side=long|grade=B|size=half|score=3|window=open|tier=neutral|rvol=0.699421|rs_vs_spy=1.508107|gap_atr=-0.392082|ext_atr=0.014148|risk_atr=0.08,90.04,74,6662.96,-2.96,-0.04,0,70.3,1.06,-38.48,-0.58,-571.08,-2.28,4
152,Exit long,2026-03-03 09:40,sl1|exit_reason=stop|mfe_r=0,86.77,48,4216.8,-51.84,-1.23,0,6.72,0.16,-51.84,-1.23,-622.92,-2.49,1
152,Entry long,2026-03-03 09:35,sl1|setup=orb_break|side=long|grade=B|size=half|score=3|window=open|tier=neutral|rvol=0.711738|rs_vs_spy=1.723742|gap_atr=-0.587214|ext_atr=0.087086|risk_atr=0.128047,87.85,48,4216.8,-51.84,-1.23,0,6.72,0.16,-51.84,-1.23,-622.92,-2.49,1
153,Exit long,2026-03-03 10:10,sl1|exit_reason=stop|mfe_r=0,86.32,77,6699.77,-53.13,-0.79,0,6.93,0.10,-53.13,-0.79,-676.05,-2.70,1
153,Entry long,2026-03-03 10:05,sl1|setup=vwap_reclaim|side=long|grade=B|size=half|score=3|window=open|tier=neutral|rvol=0.642917|rs_vs_spy=1.252022|gap_atr=-0.587214|ext_atr=0.006911|risk_atr=0.08,87.01,77,6699.77,-53.13,-0.79,0,6.93,0.10,-53.13,-0.79,-676.05,-2.70,1
154,Exit long,2026-03-04 15:50,sl1|exit_reason=eod|mfe_r=2.970102,97.74,27,2513.43,125.55,5.00,0,145.53,5.79,-0.54,-0.02,-550.5,-2.20,73
154,Entry long,2026-03-04 09:45,sl1|setup=orb_break|side=long|grade=B|size=half|score=4|window=open|tier=neutral|rvol=0.970184|rs_vs_spy=3.179048|gap_atr=0.429653|ext_atr=0.199617|risk_atr=0.226843,93.09,27,2513.43,125.55,5.00,0,145.53,5.79,-0.54,-0.02,-550.5,-2.20,73
155,Exit long,2026-03-05 10:00,sl1|exit_reason=stop|mfe_r=0.191046,98.04,50,4954,-52,-1.05,0,8.5,0.17,-52,-1.05,-602.5,-2.41,2
155,Entry long,2026-03-05 09:50,sl1|setup=pdh_break|side=long|grade=B|size=half|score=4|window=open|tier=neutral|rvol=0.470783|rs_vs_spy=1.974281|gap_atr=-0.101321|ext_atr=0.161713|risk_atr=0.11996,99.08,50,4954,-52,-1.05,0,8.5,0.17,-52,-1.05,-602.5,-2.41,2
156,Exit long,2026-03-06 10:30,sl1|exit_reason=time|mfe_r=0.354302,94.42,24,2260.08,6,0.27,0,16.8,0.74,-30.96,-1.37,-596.5,-2.39,6
156,Entry long,2026-03-06 10:00,sl1|setup=orb_retest|side=long|grade=B|size=half|score=3|window=open|tier=neutral|rvol=0.549413|rs_vs_spy=2.155329|gap_atr=-0.410031|ext_atr=0.204557|risk_atr=0.246524,94.17,24,2260.08,6,0.27,0,16.8,0.74,-30.96,-1.37,-596.5,-2.39,6
157,Exit short,2026-03-06 15:15,sl1|exit_reason=trail|mfe_r=4.063913,89.56,75,6865.5,148.5,2.16,0,199.5,2.91,-11.25,-0.16,-448,-1.79,3
157,Entry short,2026-03-06 15:00,sl1|setup=pdl_break|side=short|grade=B|size=half|score=4|window=power|tier=neutral|rvol=0.450899|rs_vs_spy=-1.084692|gap_atr=-0.410031|ext_atr=0.200583|risk_atr=0.08,91.54,75,6865.5,148.5,2.16,0,199.5,2.91,-11.25,-0.16,-448,-1.79,3
158,Exit short,2026-03-06 15:50,sl1|exit_reason=eod|mfe_r=0.355842,89.61,25,2239.5,-0.75,-0.03,0,17,0.76,-4,-0.18,-448.75,-1.80,2
158,Entry short,2026-03-06 15:40,sl1|setup=orb_retest|side=short|grade=B|size=half|score=4|window=power|tier=neutral|rvol=0.573576|rs_vs_spy=-2.728451|gap_atr=-0.410031|ext_atr=0.3211|risk_atr=0.238638,89.58,25,2239.5,-0.75,-0.03,0,17,0.76,-4,-0.18,-448.75,-1.80,2
159,Exit long,2026-03-09 09:45,sl1|exit_reason=trail|mfe_r=3.583423,90.11,59,5199.08,117.41,2.26,0,175.82,3.38,-15.93,-0.31,-331.34,-1.33,2
159,Entry long,2026-03-09 09:35,sl1|setup=orb_break|side=long|grade=B|size=half|score=3|window=open|tier=neutral|rvol=0.333069|rs_vs_spy=0.999401|gap_atr=-0.252954|ext_atr=0.072731|risk_atr=0.102801,88.12,59,5199.08,117.41,2.26,0,175.82,3.38,-15.93,-0.31,-331.34,-1.33,2
160,Exit long,2026-03-10 09:55,sl1|exit_reason=be|mfe_r=1.334557,97.18,55,5347.1,-2.2,-0.04,0,64.9,1.21,-15.4,-0.29,-333.54,-1.33,2
160,Entry long,2026-03-10 09:45,sl1|setup=orb_break|side=long|grade=B|size=half|score=4|window=open|tier=neutral|rvol=0.591789|rs_vs_spy=2.227943|gap_atr=0.034215|ext_atr=0.091683|risk_atr=0.109877,97.22,55,5347.1,-2.2,-0.04,0,64.9,1.21,-15.4,-0.29,-333.54,-1.33,2
161,Exit long,2026-03-11 09:45,sl1|exit_reason=trail|mfe_r=2.558594,110.88,73,7973.06,121.18,1.52,0,251.12,3.15,-59.13,-0.74,-212.36,-0.85,2
161,Entry long,2026-03-11 09:35,sl1|setup=orb_break|side=long|grade=A|size=full|score=5|window=open|tier=neutral|rvol=4.382037|rs_vs_spy=3.728127|gap_atr=1.129223|ext_atr=0.175561|risk_atr=0.172354,109.22,73,7973.06,121.18,1.52,0,251.12,3.15,-59.13,-0.74,-212.36,-0.85,2
162,Exit long,2026-03-11 15:05,sl1|exit_reason=be|mfe_r=1.271882,110.97,97,10767.97,-3.88,-0.04,0,125.13,1.16,-32.01,-0.30,-216.24,-0.86,8
162,Entry long,2026-03-11 14:25,sl1|setup=vwap_reclaim|side=long|grade=A|size=full|score=5|window=power|tier=neutral|rvol=3.527597|rs_vs_spy=5.889275|gap_atr=1.129223|ext_atr=0.081271|risk_atr=0.131271,111.01,97,10767.97,-3.88,-0.04,0,125.13,1.16,-32.01,-0.30,-216.24,-0.86,8
163,Exit short,2026-03-12 10:05,sl1|exit_reason=stop|mfe_r=0.480334,108.87,34,3650.58,-51,-1.40,0,23.12,0.63,-51,-1.40,-267.24,-1.07,4
163,Entry short,2026-03-12 09:45,sl1|setup=orb_break|side=short|grade=B|size=half|score=4|window=open|tier=neutral|rvol=1.201413|rs_vs_spy=-1.334026|gap_atr=-0.353366|ext_atr=0.154535|risk_atr=0.170519,107.37,34,3650.58,-51,-1.40,0,23.12,0.63,-51,-1.40,-267.24,-1.07,4
164,Exit long,2026-03-13 09:45,sl1|exit_reason=trail|mfe_r=3.35505,114.16,75,8448,114,1.35,0,165.75,1.96,-11.25,-0.13,-153.24,-0.61,2
164,Entry long,2026-03-13 09:35,sl1|setup=orb_break|side=long|grade=B|size=half|score=4|window=open|tier=neutral|rvol=1.148639|rs_vs_spy=1.815767|gap_atr=0.291221|ext_atr=0.075344|risk_atr=0.08,112.64,75,8448,114,1.35,0,165.75,1.96,-11.25,-0.13,-153.24,-0.61,2
165,Exit long,2026-03-16 10:35,sl1|exit_reason=stop|mfe_r=0.106758,128.04,48,6197.76,-51.84,-0.84,0,4.32,0.07,-51.84,-0.84,-205.08,-0.82,2
165,Entry long,2026-03-16 10:25,sl1|setup=vwap_reclaim|side=long|grade=A|size=half|score=5|window=midday|tier=neutral|rvol=2.372082|rs_vs_spy=3.100972|gap_atr=1.430199|ext_atr=0.073523|risk_atr=0.123523,129.12,48,6197.76,-51.84,-0.84,0,4.32,0.07,-51.84,-0.84,-205.08,-0.82,2
166,Exit long,2026-03-16 11:55,sl1|exit_reason=stop|mfe_r=0.3597,127.66,66,8478.36,-52.8,-0.62,0,16.5,0.19,-52.8,-0.62,-257.88,-1.03,2
166,Entry long,2026-03-16 11:45,sl1|setup=vwap_reclaim|side=long|grade=A|size=half|score=5|window=midday|tier=neutral|rvol=2.135637|rs_vs_spy=2.594906|gap_atr=1.430199|ext_atr=0.039987|risk_atr=0.089987,128.46,66,8478.36,-52.8,-0.62,0,16.5,0.19,-52.8,-0.62,-257.88,-1.03,2
167,Exit short,2026-03-17 09:55,sl1|exit_reason=trail|mfe_r=1.821355,117.49,136,16053.44,74.8,0.47,0,178.16,1.11,-68,-0.42,-183.08,-0.73,3
167,Entry short,2026-03-17 09:40,sl1|setup=orb_break|side=short|grade=A|size=full|score=5|window=open|tier=neutral|rvol=5.375884|rs_vs_spy=-1.93655|gap_atr=-1.055564|ext_atr=0.078651|risk_atr=0.08,118.04,136,16053.44,74.8,0.47,0,178.16,1.11,-68,-0.42,-183.08,-0.73,3
168,Exit short,2026-03-17 15:25,sl1|exit_reason=time|mfe_r=0.284981,113.95,69,7831.5,-31.05,-0.40,0,26.91,0.34,-59.34,-0.76,-214.13,-0.86,6
168,Entry short,2026-03-17 14:55,sl1|setup=lod_break|side=short|grade=A|size=full|score=5|window=power|tier=neutral|rvol=3.123365|rs_vs_spy=-5.354285|gap_atr=-1.055564|ext_atr=0.310263|risk_atr=0.157616,113.5,69,7831.5,-31.05,-0.40,0,26.91,0.34,-59.34,-0.76,-214.13,-0.86,6
169,Exit long,2026-03-18 10:10,sl1|exit_reason=trail|mfe_r=1.975394,117.67,45,5248.8,46.35,0.88,0,97.2,1.85,-9,-0.17,-167.78,-0.67,3
169,Entry long,2026-03-18 09:55,sl1|setup=orb_break|side=long|grade=B|size=half|score=4|window=open|tier=neutral|rvol=0.998519|rs_vs_spy=1.398995|gap_atr=-0.14889|ext_atr=0.117783|risk_atr=0.114106,116.64,45,5248.8,46.35,0.88,0,97.2,1.85,-9,-0.17,-167.78,-0.67,3
170,Exit long,2026-03-18 14:30,sl1|exit_reason=time|mfe_r=0.412991,122.35,29,3538,10.15,0.29,0,19.43,0.55,-13.92,-0.39,-157.63,-0.63,6
170,Entry long,2026-03-18 14:00,sl1|setup=hod_break|side=long|grade=B|size=half|score=4|window=power|tier=neutral|rvol=1.339823|rs_vs_spy=6.396627|gap_atr=-0.14889|ext_atr=0.387688|risk_atr=0.172748,122,29,3538,10.15,0.29,0,19.43,0.55,-13.92,-0.39,-157.63,-0.63,6
171,Exit long,2026-03-19 09:55,sl1|exit_reason=trail|mfe_r=3.880175,119.32,53,6184.57,139.39,2.25,0,207.23,3.35,-1.06,-0.02,-18.24,-0.07,4
171,Entry long,2026-03-19 09:35,sl1|setup=orb_break|side=long|grade=B|size=half|score=3|window=open|tier=neutral|rvol=0.498227|rs_vs_spy=1.335784|gap_atr=-0.342965|ext_atr=0.083613|risk_atr=0.096839,116.69,53,6184.57,139.39,2.25,0,207.23,3.35,-1.06,-0.02,-18.24,-0.07,4
172,Exit long,2026-03-20 09:50,sl1|exit_reason=be|mfe_r=1.310366,122.18,43,5255.89,-2.15,-0.04,0,64.07,1.22,-9.89,-0.19,-20.39,-0.08,2
172,Entry long,2026-03-20 09:40,sl1|setup=orb_break|side=long|grade=B|size=half|score=4|window=open|tier=neutral|rvol=0.260505|rs_vs_spy=1.250662|gap_atr=-0.085957|ext_atr=0.138505|risk_atr=0.122692,122.23,43,5255.89,-2.15,-0.04,0,64.07,1.22,-9.89,-0.19,-20.39,-0.08,2
173,Exit short,2026-03-20 15:00,sl1|exit_reason=be|mfe_r=1.246908,114.54,66,7557,-2.64,-0.03,0,60.72,0.80,-6.6,-0.09,-23.03,-0.09,6
173,Entry short,2026-03-20 14:30,sl1|setup=pdl_break|side=short|grade=B|size=half|score=4|window=power|tier=neutral|rvol=0.64971|rs_vs_spy=-4.001872|gap_atr=-0.085957|ext_atr=0.421319|risk_atr=0.08,114.5,66,7557,-2.64,-0.03,0,60.72,0.80,-6.6,-0.09,-23.03,-0.09,6
174,Exit long,2026-03-23 10:30,sl1|exit_reason=be|mfe_r=1.413003,119.29,36,4295.88,-1.44,-0.03,0,69.84,1.63,-46.08,-1.07,-24.47,-0.10,9
174,Entry long,2026-03-23 09:45,sl1|setup=orb_break|side=long|grade=B|size=half|score=4|window=open|tier=neutral|rvol=0.300117|rs_vs_spy=2.077288|gap_atr=-0.116324|ext_atr=0.144834|risk_atr=0.145365,119.33,36,4295.88,-1.44,-0.03,0,69.84,1.63,-46.08,-1.07,-24.47,-0.10,9
175,Exit short,2026-03-24 10:25,sl1|exit_reason=be|mfe_r=1.065439,114.48,21,2403.24,-0.84,-0.03,0,50.61,2.11,-27.51,-1.14,-25.31,-0.10,9
175,Entry short,2026-03-24 09:40,sl1|setup=orb_retest|side=short|grade=B|size=half|score=4|window=open|tier=neutral|rvol=0.395703|rs_vs_spy=-1.449261|gap_atr=0.232607|ext_atr=0.152025|risk_atr=0.242246,114.44,21,2403.24,-0.84,-0.03,0,50.61,2.11,-27.51,-1.14,-25.31,-0.10,9
176,Exit short,2026-03-25 10:00,sl1|exit_reason=stop|mfe_r=0.016158,115.74,40,4578.4,-51.2,-1.12,0,0,0.00,-51.2,-1.12,-76.51,-0.31,2
176,Entry short,2026-03-25 09:50,sl1|setup=orb_break|side=short|grade=B|size=half|score=4|window=open|tier=neutral|rvol=0.490538|rs_vs_spy=-1.741308|gap_atr=0.217342|ext_atr=0.144505|risk_atr=0.135189,114.46,40,4578.4,-51.2,-1.12,0,0,0.00,-51.2,-1.12,-76.51,-0.31,2
177,Exit short,2026-03-26 10:05,sl1|exit_reason=be|mfe_r=0.773099,111.62,70,7810.6,-2.8,-0.04,0,50.4,0.65,-16.8,-0.22,-79.31,-0.32,2
177,Entry short,2026-03-26 09:55,sl1|setup=vwap_loss|side=short|grade=B|size=half|score=4|window=open|tier=neutral|rvol=0.354961|rs_vs_spy=-1.497853|gap_atr=-0.242894|ext_atr=0.005957|risk_atr=0.08,111.58,70,7810.6,-2.8,-0.04,0,50.4,0.65,-16.8,-0.22,-79.31,-0.32,2
178,Exit short,2026-03-26 15:35,sl1|exit_reason=time|mfe_r=0.206008,106.02,46,4858.52,-18.4,-0.38,0,9.2,0.19,-32.66,-0.67,-97.71,-0.39,6
178,Entry short,2026-03-26 15:05,sl1|setup=lod_break|side=short|grade=B|size=half|score=4|window=power|tier=neutral|rvol=0.575432|rs_vs_spy=-5.513043|gap_atr=-0.242894|ext_atr=0.354008|risk_atr=0.120089,105.62,46,4858.52,-18.4,-0.38,0,9.2,0.19,-32.66,-0.67,-97.71,-0.39,6
179,Exit short,2026-03-27 10:45,sl1|exit_reason=be|mfe_r=0.802513,102.4,31,3173.16,-1.24,-0.04,0,39.37,1.24,-30.07,-0.95,-98.95,-0.40,10
179,Entry short,2026-03-27 09:55,sl1|setup=orb_retest|side=short|grade=B|size=half|score=4|window=open|tier=neutral|rvol=0.474303|rs_vs_spy=-2.721415|gap_atr=-0.031288|ext_atr=0.171992|risk_atr=0.179623,102.36,31,3173.16,-1.24,-0.04,0,39.37,1.24,-30.07,-0.95,-98.95,-0.40,10
180,Exit short,2026-03-30 15:50,sl1|exit_reason=eod|mfe_r=3.449671,91.61,22,2143.9,128.48,5.99,0,171.6,8.00,-0.44,-0.02,29.53,0.12,75
180,Entry short,2026-03-30 09:35,sl1|setup=orb_break|side=short|grade=B|size=half|score=4|window=open|tier=neutral|rvol=0.454355|rs_vs_spy=-4.059997|gap_atr=0.12017|ext_atr=0.177174|risk_atr=0.259438,97.45,22,2143.9,128.48,5.99,0,171.6,8.00,-0.44,-0.02,29.53,0.12,75
181,Exit long,2026-03-31 09:50,sl1|exit_reason=be|mfe_r=1.026336,98.39,69,6791.67,-2.76,-0.04,0,49.68,0.73,-29.67,-0.44,26.77,0.11,2
181,Entry long,2026-03-31 09:40,sl1|setup=orb_break|side=long|grade=B|size=half|score=4|window=open|tier=neutral|rvol=1.003742|rs_vs_spy=0.552177|gap_atr=0.61913|ext_atr=0.017188|risk_atr=0.08,98.43,69,6791.67,-2.76,-0.04,0,49.68,0.73,-29.67,-0.44,26.77,0.11,2
182,Exit long,2026-03-31 15:15,sl1|exit_reason=time|mfe_r=0.289447,102.88,33,3389.43,5.61,0.17,0,13.53,0.40,-8.25,-0.24,32.38,0.13,6
182,Entry long,2026-03-31 14:45,sl1|setup=hod_break|side=long|grade=B|size=half|score=4|window=power|tier=neutral|rvol=1.24906|rs_vs_spy=3.512402|gap_atr=0.61913|ext_atr=0.376554|risk_atr=0.164834,102.71,33,3389.43,5.61,0.17,0,13.53,0.40,-8.25,-0.24,32.38,0.13,6
183,Exit long,2026-04-01 09:40,sl1|exit_reason=stop|mfe_r=0,106.32,40,4303.2,-50.4,-1.17,0,10.8,0.25,-50.4,-1.17,-18.02,-0.07,1
183,Entry long,2026-04-01 09:35,sl1|setup=orb_break|side=long|grade=B|size=half|score=4|window=open|tier=neutral|rvol=1.01473|rs_vs_spy=1.394131|gap_atr=0.220662|ext_atr=0.111884|risk_atr=0.132612,107.58,40,4303.2,-50.4,-1.17,0,10.8,0.25,-50.4,-1.17,-18.02,-0.07,1
184,Exit short,2026-04-01 14:45,sl1|exit_reason=time|mfe_r=0.254327,101.99,22,2242.9,-0.88,-0.04,0,12.1,0.54,-12.98,-0.58,-18.9,-0.08,6
184,Entry short,2026-04-01 14:15,sl1|setup=lod_break|side=short|grade=B|size=half|score=4|window=power|tier=neutral|rvol=0.894442|rs_vs_spy=-3.762457|gap_atr=0.220662|ext_atr=0.344293|risk_atr=0.24362,101.95,22,2242.9,-0.88,-0.04,0,12.1,0.54,-12.98,-0.58,-18.9,-0.08,6
185,Exit long,2026-04-02 10:15,sl1|exit_reason=trail|mfe_r=3.862437,103.94,37,3707.77,138.01,3.72,0,187.96,5.07,-3.33,-0.09,119.11,0.48,6
185,Entry long,2026-04-02 09:45,sl1|setup=orb_break|side=long|grade=B|size=half|score=3|window=open|tier=neutral|rvol=1.145751|rs_vs_spy=3.830232|gap_atr=-0.61|ext_atr=0.164444|risk_atr=0.146579,100.21,37,3707.77,138.01,3.72,0,187.96,5.07,-3.33,-0.09,119.11,0.48,6
186,Exit long,2026-04-02 10:50,sl1|exit_reason=stop|mfe_r=0.499756,107.37,59,6387.34,-52.51,-0.82,0,23.6,0.37,-52.51,-0.82,66.6,0.27,2
186,Entry long,2026-04-02 10:40,sl1|setup=pdh_break|side=long|grade=A|size=half|score=4|window=midday|tier=neutral|rvol=1.548749|rs_vs_spy=10.785044|gap_atr=-0.61|ext_atr=0.556549|risk_atr=0.093294,108.26,59,6387.34,-52.51,-0.82,0,23.6,0.37,-52.51,-0.82,66.6,0.27,2
187,Exit long,2026-04-06 10:35,sl1|exit_reason=trail|mfe_r=1.532827,111.49,64,7111.68,23.68,0.33,0,99.2,1.39,-40.32,-0.57,90.28,0.36,5
187,Entry long,2026-04-06 10:10,sl1|setup=vwap_reclaim|side=long|grade=B|size=half|score=4|window=open|tier=neutral|rvol=1.191455|rs_vs_spy=2.114483|gap_atr=-0.044196|ext_atr=0.032982|risk_atr=0.082982,111.12,64,7111.68,23.68,0.33,0,99.2,1.39,-40.32,-0.57,90.28,0.36,5
188,Exit long,2026-04-07 09:55,sl1|exit_reason=be|mfe_r=0.868885,113.55,37,4202.83,-1.48,-0.04,0,41.81,0.99,-22.2,-0.53,88.8,0.36,4
188,Entry long,2026-04-07 09:35,sl1|setup=orb_break|side=long|grade=B|size=half|score=4|window=open|tier=neutral|rvol=0.637372|rs_vs_spy=2.872308|gap_atr=-0.213324|ext_atr=0.111533|risk_atr=0.145913,113.59,37,4202.83,-1.48,-0.04,0,41.81,0.99,-22.2,-0.53,88.8,0.36,4
189,Exit short,2026-04-08 10:00,sl1|exit_reason=trail|mfe_r=1.831327,122.41,54,6689.52,79.38,1.19,0,178.74,2.67,-52.38,-0.78,168.18,0.67,5
189,Entry short,2026-04-08 09:35,sl1|setup=orb_break|side=short|grade=A|size=full|score=4|window=open|tier=neutral|rvol=1.502776|rs_vs_spy=-2.199354|gap_atr=1.056086|ext_atr=0.165002|risk_atr=0.202781,123.88,54,6689.52,79.38,1.19,0,178.74,2.67,-52.38,-0.78,168.18,0.67,5
190,Exit short,2026-04-08 15:05,sl1|exit_reason=be|mfe_r=1.087312,123.27,69,8502.87,-2.76,-0.03,0,52.44,0.62,-2.76,-0.03,165.42,0.66,3
190,Entry short,2026-04-08 14:50,sl1|setup=vwap_loss|side=short|grade=B|size=half|score=3|window=power|tier=neutral|rvol=1.005851|rs_vs_spy=-2.494319|gap_atr=1.056086|ext_atr=0.028107|risk_atr=0.08,123.23,69,8502.87,-2.76,-0.03,0,52.44,0.62,-2.76,-0.03,165.42,0.66,3
191,Exit short,2026-04-08 15:30,sl1|exit_reason=stop|mfe_r=0.125459,124.06,69,8507.7,-52.44,-0.62,0,4.83,0.06,-52.44,-0.62,112.98,0.45,2
191,Entry short,2026-04-08 15:20,sl1|setup=vwap_loss|side=short|grade=B|size=half|score=3|window=power|tier=neutral|rvol=1.026609|rs_vs_spy=-2.424364|gap_atr=1.056086|ext_atr=0.018308|risk_atr=0.08,123.3,69,8507.7,-52.44,-0.62,0,4.83,0.06,-52.44,-0.62,112.98,0.45,2
192,Exit long,2026-04-09 09:45,sl1|exit_reason=be|mfe_r=0.88834,127.38,77,9861.39,-53.13,-0.54,0,86.24,0.87,-53.13,-0.54,59.85,0.24,1
192,Entry long,2026-04-09 09:40,sl1|setup=orb_break|side=long|grade=A|size=full|score=5|window=open|tier=neutral|rvol=1.548988|rs_vs_spy=2.339235|gap_atr=-0.002206|ext_atr=0.175628|risk_atr=0.141552,128.07,77,9861.39,-53.13,-0.54,0,86.24,0.87,-53.13,-0.54,59.85,0.24,1
193,Exit long,2026-04-09 15:50,sl1|exit_reason=eod|mfe_r=1.063041,135.42,25,3337.5,48,1.44,0,52,1.56,-3.75,-0.11,107.85,0.43,9
193,Entry long,2026-04-09 15:05,sl1|setup=hod_break|side=long|grade=B|size=half|score=4|window=power|tier=neutral|rvol=1.321472|rs_vs_spy=6.013447|gap_atr=-0.002206|ext_atr=0.431625|risk_atr=0.217902,133.5,25,3337.5,48,1.44,0,52,1.56,-3.75,-0.11,107.85,0.43,9
194,Exit long,2026-04-10 09:50,sl1|exit_reason=trail|mfe_r=5.543831,145.14,88,12327.04,445.28,3.61,0,546.48,4.43,-59.84,-0.49,553.13,2.21,3
194,Entry long,2026-04-10 09:35,sl1|setup=orb_break|side=long|grade=A|size=full|score=5|window=open|tier=neutral|rvol=1.835131|rs_vs_spy=3.818643|gap_atr=-0.138538|ext_atr=0.170833|risk_atr=0.121156,140.08,88,12327.04,445.28,3.61,0,546.48,4.43,-59.84,-0.49,553.13,2.21,3
195,Exit short,2026-04-10 15:45,sl1|exit_reason=be|mfe_r=1.401552,145.52,67,9747.16,-2.68,-0.03,0,68.34,0.70,-14.74,-0.15,550.45,2.20,4
195,Entry short,2026-04-10 15:25,sl1|setup=vwap_loss|side=short|grade=B|size=half|score=4|window=power|tier=neutral|rvol=1.70473|rs_vs_spy=8.006925|gap_atr=-0.138538|ext_atr=0.001643|risk_atr=0.08,145.48,67,9747.16,-2.68,-0.03,0,68.34,0.70,-14.74,-0.15,550.45,2.20,4
196,Exit long,2026-04-13 09:45,sl1|exit_reason=be|mfe_r=0.855738,148.56,35,5201,-1.4,-0.03,0,48.65,0.94,-12.25,-0.24,549.05,2.20,2
196,Entry long,2026-04-13 09:35,sl1|setup=orb_break|side=long|grade=B|size=half|score=4|window=open|tier=neutral|rvol=1.112078|rs_vs_spy=4.142676|gap_atr=-0.233479|ext_atr=0.177302|risk_atr=0.146077,148.6,35,5201,-1.4,-0.03,0,48.65,0.94,-12.25,-0.24,549.05,2.20,2
197,Exit long,2026-04-14 11:40,sl1|exit_reason=stop|mfe_r=0.685142,162.69,61,9976.55,-52.46,-0.53,0,32.94,0.33,-52.46,-0.53,496.59,1.99,2
197,Entry long,2026-04-14 11:30,sl1|setup=orb_break|side=long|grade=A|size=half|score=5|window=midday|tier=neutral|rvol=1.624801|rs_vs_spy=0.230674|gap_atr=0.731145|ext_atr=0.18018|risk_atr=0.08,163.55,61,9976.55,-52.46,-0.53,0,32.94,0.33,-52.46,-0.53,496.59,1.99,2
198,Exit short,2026-04-14 15:50,sl1|exit_reason=eod|mfe_r=0.623969,162.28,122,19837.2,39.04,0.20,0,59.78,0.30,-42.7,-0.22,535.63,2.14,2
198,Entry short,2026-04-14 15:40,sl1|setup=vwap_loss|side=short|grade=A|size=full|score=4|window=power|tier=neutral|rvol=1.566132|rs_vs_spy=-0.563614|gap_atr=0.731145|ext_atr=0.005345|risk_atr=0.08,162.6,122,19837.2,39.04,0.20,0,59.78,0.30,-42.7,-0.22,535.63,2.14,2
199,Exit short,2026-04-15 10:20,sl1|exit_reason=trail|mfe_r=1.702998,157.62,59,9332.03,32.45,0.35,0,96.76,1.04,-1.77,-0.02,568.08,2.27,2
199,Entry short,2026-04-15 10:10,sl1|setup=pdl_retest|side=short|grade=B|size=half|score=4|window=open|tier=neutral|rvol=0.535649|rs_vs_spy=-1.391097|gap_atr=-0.157593|ext_atr=0.096666|risk_atr=0.082004,158.17,59,9332.03,32.45,0.35,0,96.76,1.04,-1.77,-0.02,568.08,2.27,2
200,Exit short,2026-04-16 11:35,sl1|exit_reason=stop|mfe_r=0.725605,164.31,20,3236.8,-49.4,-1.53,0,34.8,1.08,-49.4,-1.53,518.68,2.07,21
200,Entry short,2026-04-16 09:50,sl1|setup=orb_break|side=short|grade=B|size=half|score=4|window=open|tier=neutral|rvol=0.882456|rs_vs_spy=-2.726664|gap_atr=0.020366|ext_atr=0.317169|risk_atr=0.235234,161.84,20,3236.8,-49.4,-1.53,0,34.8,1.08,-49.4,-1.53,518.68,2.07,21
201,Exit short,2026-04-17 10:25,sl1|exit_reason=trail|mfe_r=3.215699,155.95,42,6656.16,106.26,1.60,0,156.24,2.35,-19.32,-0.29,624.94,2.50,3
201,Entry short,2026-04-17 10:10,sl1|setup=vwap_loss|side=short|grade=B|size=half|score=4|window=open|tier=neutral|rvol=0.996823|rs_vs_spy=-3.642982|gap_atr=-0.151122|ext_atr=0.064131|risk_atr=0.114131,158.48,42,6656.16,106.26,1.60,0,156.24,2.35,-19.32,-0.29,624.94,2.50,3
202,Exit short,2026-04-21 09:55,sl1|exit_reason=stop|mfe_r=0.651011,158.89,43,6780.67,-51.6,-0.76,0,31.39,0.46,-51.6,-0.76,573.34,2.29,2
202,Entry short,2026-04-21 09:45,sl1|setup=orb_break|side=short|grade=B|size=half|score=4|window=open|tier=neutral|rvol=0.565779|rs_vs_spy=-2.097244|gap_atr=0.194202|ext_atr=0.145997|risk_atr=0.114734,157.69,43,6780.67,-51.6,-0.76,0,31.39,0.46,-51.6,-0.76,573.34,2.29,2
203,Exit short,2026-04-21 15:50,sl1|exit_reason=eod|mfe_r=0.226274,156.08,15,2342.7,1.5,0.06,0,10.5,0.45,-8.55,-0.36,574.84,2.30,2
203,Entry short,2026-04-21 15:40,sl1|setup=lod_break|side=short|grade=B|size=half|score=4|window=power|tier=neutral|rvol=0.554602|rs_vs_spy=-2.043391|gap_atr=0.194202|ext_atr=0.358539|risk_atr=0.316896,156.18,15,2342.7,1.5,0.06,0,10.5,0.45,-8.55,-0.36,574.84,2.30,2
204,Exit long,2026-04-23 09:40,sl1|exit_reason=trail|mfe_r=1.730232,158.11,53,8414.28,-34.45,-0.41,0,85.33,1.01,-50.88,-0.60,540.39,2.16,1
204,Entry long,2026-04-23 09:35,sl1|setup=orb_break|side=long|grade=B|size=half|score=4|window=open|tier=neutral|rvol=0.525212|rs_vs_spy=1.636249|gap_atr=-0.01693|ext_atr=0.156802|risk_atr=0.093819,158.76,53,8414.28,-34.45,-0.41,0,85.33,1.01,-50.88,-0.60,540.39,2.16,1
205,Exit short,2026-04-24 09:45,sl1|exit_reason=trail|mfe_r=2.964262,158.57,61,9759.39,86.62,0.89,0,145.79,1.49,-23.79,-0.24,627.01,2.51,2
205,Entry short,2026-04-24 09:35,sl1|setup=orb_break|side=short|grade=B|size=half|score=3|window=open|tier=neutral|rvol=1.065104|rs_vs_spy=-2.211533|gap_atr=0.655336|ext_atr=0.051604|risk_atr=0.08,159.99,61,9759.39,86.62,0.89,0,145.79,1.49,-23.79,-0.24,627.01,2.51,2
206,Exit short,2026-04-24 15:50,sl1|exit_reason=eod|mfe_r=0.394576,147.16,14,2060.52,0.28,0.01,0,19.32,0.94,-2.24,-0.11,627.29,2.51,3
206,Entry short,2026-04-24 15:35,sl1|setup=lod_break|side=short|grade=B|size=half|score=3|window=power|tier=neutral|rvol=1.154544|rs_vs_spy=-10.506729|gap_atr=0.655336|ext_atr=0.547716|risk_atr=0.349129,147.18,14,2060.52,0.28,0.01,0,19.32,0.94,-2.24,-0.11,627.29,2.51,3
207,Exit short,2026-04-27 09:50,sl1|exit_reason=be|mfe_r=0.815586,144.36,19,2742.08,-0.76,-0.03,0,38.38,1.40,-6.84,-0.25,626.53,2.51,3
207,Entry short,2026-04-27 09:35,sl1|setup=orb_break|side=short|grade=B|size=half|score=4|window=open|tier=neutral|rvol=0.785619|rs_vs_spy=-2.887735|gap_atr=0.099765|ext_atr=0.163747|risk_atr=0.231056,144.32,19,2742.08,-0.76,-0.03,0,38.38,1.40,-6.84,-0.25,626.53,2.51,3
208,Exit short,2026-04-27 10:35,sl1|exit_reason=time|mfe_r=0.399622,144.21,17,2437.63,-13.94,-0.57,0,19.55,0.80,-32.47,-1.33,612.59,2.45,6
208,Entry short,2026-04-27 10:05,sl1|setup=pdl_retest|side=short|grade=B|size=half|score=4|window=open|tier=neutral|rvol=0.881781|rs_vs_spy=-3.435269|gap_atr=0.099765|ext_atr=0.117306|risk_atr=0.270685,143.39,17,2437.63,-13.94,-0.57,0,19.55,0.80,-32.47,-1.33,612.59,2.45,6
209,Exit long,2026-04-28 09:45,sl1|exit_reason=stop|mfe_r=0,139.15,54,7565.94,-51.84,-0.69,0,0,0.00,-51.84,-0.69,560.75,2.24,1
209,Entry long,2026-04-28 09:40,sl1|setup=orb_break|side=long|grade=B|size=half|score=3|window=open|tier=neutral|rvol=0.743595|rs_vs_spy=1.267215|gap_atr=-0.62317|ext_atr=0.088699|risk_atr=0.085239,140.11,54,7565.94,-51.84,-0.69,0,0,0.00,-51.84,-0.69,560.75,2.24,1
210,Exit short,2026-04-29 09:50,sl1|exit_reason=stop|mfe_r=0,136.52,44,5955.84,-51.04,-0.86,0,0.88,0.01,-51.04,-0.86,509.71,2.04,1
210,Entry short,2026-04-29 09:45,sl1|setup=orb_break|side=short|grade=B|size=half|score=3|window=open|tier=neutral|rvol=0.593821|rs_vs_spy=-3.0832|gap_atr=0.404076|ext_atr=0.124391|risk_atr=0.102346,135.36,44,5955.84,-51.04,-0.86,0,0.88,0.01,-51.04,-0.86,509.71,2.04,1
211,Exit long,2026-04-29 14:40,sl1|exit_reason=trail|mfe_r=2.490102,142.42,44,6196.08,70.4,1.14,0,122.32,1.97,-19.36,-0.31,580.11,2.32,5
211,Entry long,2026-04-29 14:15,sl1|setup=orb_break|side=long|grade=B|size=half|score=4|window=power|tier=neutral|rvol=0.843465|rs_vs_spy=0.848661|gap_atr=0.404076|ext_atr=0.373545|risk_atr=0.103265,140.82,44,6196.08,70.4,1.14,0,122.32,1.97,-19.36,-0.31,580.11,2.32,5
212,Exit short,2026-04-30 09:40,sl1|exit_reason=stop|mfe_r=0,141.55,54,7592.4,-51.3,-0.68,0,5.4,0.07,-51.3,-0.68,528.81,2.12,1
212,Entry short,2026-04-30 09:35,sl1|setup=orb_break|side=short|grade=B|size=half|score=3|window=open|tier=neutral|rvol=1.143374|rs_vs_spy=-2.756646|gap_atr=0.359182|ext_atr=0.159872|risk_atr=0.084296,140.6,54,7592.4,-51.3,-0.68,0,5.4,0.07,-51.3,-0.68,528.81,2.12,1
213,Exit long,2026-05-01 10:05,sl1|exit_reason=trail|mfe_r=1.77268,148.38,15,2188.8,36.9,1.69,0,85.95,3.93,-0.3,-0.01,565.71,2.26,6
213,Entry long,2026-05-01 09:35,sl1|setup=orb_break|side=long|grade=B|size=half|score=4|window=open|tier=neutral|rvol=0.845078|rs_vs_spy=3.115716|gap_atr=0.283257|ext_atr=0.207751|risk_atr=0.29831,145.92,15,2188.8,36.9,1.69,0,85.95,3.93,-0.3,-0.01,565.71,2.26,6
214,Exit long,2026-05-04 10:05,sl1|exit_reason=trail|mfe_r=2.216838,173.3,29,4905.93,119.77,2.44,0,219.82,4.48,-4.64,-0.09,685.48,2.74,6
214,Entry long,2026-05-04 09:35,sl1|setup=orb_break|side=long|grade=A|size=full|score=5|window=open|tier=neutral|rvol=2.516265|rs_vs_spy=5.496916|gap_atr=0.509849|ext_atr=0.215858|risk_atr=0.301625,169.17,29,4905.93,119.77,2.44,0,219.82,4.48,-4.64,-0.09,685.48,2.74,6
215,Exit long,2026-05-04 15:50,sl1|exit_reason=eod|mfe_r=0.887803,177.48,36,6371.64,17.64,0.28,0,86.76,1.36,-17.64,-0.28,703.12,2.81,9
215,Entry long,2026-05-04 15:05,sl1|setup=hod_break|side=long|grade=A|size=full|score=5|window=power|tier=neutral|rvol=1.788419|rs_vs_spy=10.639325|gap_atr=0.509849|ext_atr=0.431892|risk_atr=0.240812,176.99,36,6371.64,17.64,0.28,0,86.76,1.36,-17.64,-0.28,703.12,2.81,9
216,Exit short,2026-05-06 09:55,sl1|exit_reason=be|mfe_r=1.220569,179.22,25,4479.5,-1,-0.02,0,59.25,1.32,-1,-0.02,702.12,2.81,2
216,Entry short,2026-05-06 09:45,sl1|setup=vwap_loss|side=short|grade=B|size=half|score=3|window=open|tier=neutral|rvol=0.778127|rs_vs_spy=-0.439246|gap_atr=0.313312|ext_atr=0.109765|risk_atr=0.159765,179.18,25,4479.5,-1,-0.02,0,59.25,1.32,-1,-0.02,702.12,2.81,2
217,Exit short,2026-05-06 10:15,sl1|exit_reason=trail|mfe_r=2.039794,176.72,50,8859,23,0.26,0,99,1.12,-24.5,-0.28,725.12,2.90,1
217,Entry short,2026-05-06 10:10,sl1|setup=orb_break|side=short|grade=B|size=half|score=3|window=open|tier=neutral|rvol=0.74164|rs_vs_spy=-1.687799|gap_atr=0.313312|ext_atr=0.19137|risk_atr=0.08,177.18,50,8859,23,0.26,0,99,1.12,-24.5,-0.28,725.12,2.90,1
218,Exit long,2026-05-06 15:00,sl1|exit_reason=time|mfe_r=0.196688,194.51,15,2930.55,-12.9,-0.44,0,9.3,0.32,-20.7,-0.71,712.22,2.85,6
218,Entry long,2026-05-06 14:30,sl1|setup=hod_break|side=long|grade=B|size=half|score=4|window=power|tier=neutral|rvol=1.135066|rs_vs_spy=7.983266|gap_atr=0.313312|ext_atr=0.759221|risk_atr=0.26549,195.37,15,2930.55,-12.9,-0.44,0,9.3,0.32,-20.7,-0.71,712.22,2.85,6
219,Exit long,2026-05-07 10:35,sl1|exit_reason=trail|mfe_r=3.204966,196.15,29,5580.76,107.59,1.93,0,157.76,2.83,-27.26,-0.49,819.81,3.28,5
219,Entry long,2026-05-07 10:10,sl1|setup=orb_retest|side=long|grade=B|size=half|score=3|window=open|tier=neutral|rvol=0.792745|rs_vs_spy=1.041587|gap_atr=-0.346873|ext_atr=0.327693|risk_atr=0.132348,192.44,29,5580.76,107.59,1.93,0,157.76,2.83,-27.26,-0.49,819.81,3.28,5
220,Exit short,2026-05-08 09:45,sl1|exit_reason=stop|mfe_r=0.063679,181.77,16,2858.56,-49.76,-1.74,0,2.72,0.10,-49.76,-1.74,770.05,3.08,2
220,Entry short,2026-05-08 09:35,sl1|setup=orb_break|side=short|grade=B|size=half|score=4|window=open|tier=neutral|rvol=0.777277|rs_vs_spy=-2.784123|gap_atr=-0.07289|ext_atr=0.197555|risk_atr=0.227763,178.66,16,2858.56,-49.76,-1.74,0,2.72,0.10,-49.76,-1.74,770.05,3.08,2
221,Exit long,2026-05-11 09:55,sl1|exit_reason=trail|mfe_r=1.503973,191.11,12,2269.92,23.4,1.03,0,71.16,3.13,-0.24,-0.01,793.45,3.17,4
221,Entry long,2026-05-11 09:35,sl1|setup=orb_break|side=long|grade=B|size=half|score=4|window=open|tier=neutral|rvol=0.821694|rs_vs_spy=4.921623|gap_atr=0.231166|ext_atr=0.256238|risk_atr=0.296927,189.16,12,2269.92,23.4,1.03,0,71.16,3.13,-0.24,-0.01,793.45,3.17,4
222,Exit short,2026-05-13 09:40,sl1|exit_reason=stop|mfe_r=0,200.71,59,11739.82,-102.07,-0.87,0,116.82,1.00,-102.07,-0.87,691.38,2.77,1
222,Entry short,2026-05-13 09:35,sl1|setup=orb_break|side=short|grade=A|size=full|score=4|window=open|tier=neutral|rvol=4.201138|rs_vs_spy=-2.153368|gap_atr=1.777364|ext_atr=0.29945|risk_atr=0.122649,198.98,59,11739.82,-102.07,-0.87,0,116.82,1.00,-102.07,-0.87,691.38,2.77,1
223,Exit short,2026-05-13 10:20,sl1|exit_reason=stop|mfe_r=0.688265,202.91,34,6798.98,-99.96,-1.47,0,66.98,0.99,-99.96,-1.47,591.42,2.37,4
223,Entry short,2026-05-13 10:00,sl1|setup=vwap_loss|side=short|grade=A|size=full|score=4|window=open|tier=neutral|rvol=3.28659|rs_vs_spy=-1.716455|gap_atr=1.777364|ext_atr=0.160053|risk_atr=0.210053,199.97,34,6798.98,-99.96,-1.47,0,66.98,0.99,-99.96,-1.47,591.42,2.37,4
224,Exit long,2026-05-14 09:50,sl1|exit_reason=trail|mfe_r=1.999554,218.9,18,3891.42,48.78,1.25,0,98.82,2.54,-25.02,-0.64,640.2,2.56,3
224,Entry long,2026-05-14 09:35,sl1|setup=orb_break|side=long|grade=B|size=half|score=4|window=open|tier=neutral|rvol=1.115609|rs_vs_spy=1.09072|gap_atr=0.410965|ext_atr=0.193749|risk_atr=0.177641,216.19,18,3891.42,48.78,1.25,0,98.82,2.54,-25.02,-0.64,640.2,2.56,3
225,Exit short,2026-05-14 15:30,sl1|exit_reason=stop|mfe_r=0,225.78,29,6497.74,-49.88,-0.77,0,0.58,0.01,-49.88,-0.77,590.32,2.36,1
225,Entry short,2026-05-14 15:25,sl1|setup=vwap_loss|side=short|grade=B|size=half|score=3|window=power|tier=neutral|rvol=1.59792|rs_vs_spy=4.425337|gap_atr=0.410965|ext_atr=0.057877|risk_atr=0.107877,224.06,29,6497.74,-49.88,-0.77,0,0.58,0.01,-49.88,-0.77,590.32,2.36,1
226,Exit long,2026-05-15 09:55,sl1|exit_reason=trail|mfe_r=2.4632,226.93,27,6056.64,70.47,1.16,0,120.15,1.98,-35.91,-0.59,660.79,2.64,2
226,Entry long,2026-05-15 09:45,sl1|setup=orb_break|side=long|grade=B|size=half|score=4|window=open|tier=neutral|rvol=1.110562|rs_vs_spy=3.370195|gap_atr=-0.208049|ext_atr=0.198396|risk_atr=0.111371,224.32,27,6056.64,70.47,1.16,0,120.15,1.98,-35.91,-0.59,660.79,2.64,2
227,Exit short,2026-05-18 10:05,sl1|exit_reason=trail|mfe_r=1.564262,204.22,10,2069.8,27.6,1.33,0,77.5,3.74,-0.2,-0.01,688.39,2.75,6
227,Entry short,2026-05-18 09:35,sl1|setup=orb_break|side=short|grade=B|size=half|score=4|window=open|tier=neutral|rvol=0.915551|rs_vs_spy=-4.713896|gap_atr=-0.135218|ext_atr=0.22683|risk_atr=0.303917,206.98,10,2069.8,27.6,1.33,0,77.5,3.74,-0.2,-0.01,688.39,2.75,6
228,Exit short,2026-05-18 15:00,sl1|exit_reason=be|mfe_r=0.97733,192.77,18,3469.14,-0.72,-0.02,0,47.88,1.38,-9.72,-0.28,687.67,2.75,9
228,Entry short,2026-05-18 14:15,sl1|setup=lod_break|side=short|grade=B|size=half|score=4|window=power|tier=neutral|rvol=1.022818|rs_vs_spy=-10.686052|gap_atr=-0.135218|ext_atr=0.457648|risk_atr=0.167779,192.73,18,3469.14,-0.72,-0.02,0,47.88,1.38,-9.72,-0.28,687.67,2.75,9
229,Exit short,2026-05-19 09:45,sl1|exit_reason=stop|mfe_r=0,191.56,36,6844.68,-51.48,-0.75,0,55.44,0.81,-51.48,-0.75,636.19,2.54,1
229,Entry short,2026-05-19 09:40,sl1|setup=orb_break|side=short|grade=B|size=half|score=4|window=open|tier=neutral|rvol=0.915659|rs_vs_spy=-0.491378|gap_atr=-0.488752|ext_atr=0.169417|risk_atr=0.08,190.13,36,6844.68,-51.48,-0.75,0,55.44,0.81,-51.48,-0.75,636.19,2.54,1
230,Exit short,2026-05-19 10:35,sl1|exit_reason=time|mfe_r=0.426556,187.86,9,1669.5,-21.24,-1.27,0,20.61,1.23,-30.24,-1.81,614.95,2.46,6
230,Entry short,2026-05-19 10:05,sl1|setup=pdl_retest|side=short|grade=B|size=half|score=4|window=open|tier=neutral|rvol=0.864979|rs_vs_spy=-2.88058|gap_atr=-0.488752|ext_atr=0.33581|risk_atr=0.312863,185.5,9,1669.5,-21.24,-1.27,0,20.61,1.23,-30.24,-1.81,614.95,2.46,6
231,Exit short,2026-05-20 09:40,sl1|exit_reason=stop|mfe_r=0,199.32,16,3140.48,-48.64,-1.55,0,11.52,0.37,-48.64,-1.55,566.31,2.27,1
231,Entry short,2026-05-20 09:35,sl1|setup=orb_break|side=short|grade=B|size=half|score=3|window=open|tier=neutral|rvol=0.644295|rs_vs_spy=-3.726189|gap_atr=0.361677|ext_atr=0.133638|risk_atr=0.171226,196.28,16,3140.48,-48.64,-1.55,0,11.52,0.37,-48.64,-1.55,566.31,2.27,1
232,Exit short,2026-05-20 15:10,sl1|exit_reason=time|mfe_r=0.491236,190.98,14,2693.46,19.74,0.73,0,22.82,0.85,-9.8,-0.36,586.05,2.34,6
232,Entry short,2026-05-20 14:40,sl1|setup=lod_break|side=short|grade=B|size=half|score=3|window=power|tier=neutral|rvol=0.629475|rs_vs_spy=-6.293849|gap_atr=0.361677|ext_atr=0.24551|risk_atr=0.192068,192.39,14,2693.46,19.74,0.73,0,22.82,0.85,-9.8,-0.36,586.05,2.34,6
233,Exit long,2026-05-21 09:55,sl1|exit_reason=be|mfe_r=0.799321,218.61,27,5903.55,-1.08,-0.02,0,76.95,1.30,-18.9,-0.32,584.97,2.34,2
233,Entry long,2026-05-21 09:45,sl1|setup=orb_break|side=long|grade=A|size=full|score=5|window=open|tier=neutral|rvol=1.525726|rs_vs_spy=3.70884|gap_atr=1.117891|ext_atr=0.264715|risk_atr=0.20862,218.65,27,5903.55,-1.08,-0.02,0,76.95,1.30,-18.9,-0.32,584.97,2.34,2
234,Exit long,2026-05-22 09:40,sl1|exit_reason=stop|mfe_r=0,219.28,30,6629.4,-51,-0.77,0,5.7,0.09,-51,-0.77,533.97,2.14,1
234,Entry long,2026-05-22 09:35,sl1|setup=orb_break|side=long|grade=B|size=half|score=4|window=open|tier=neutral|rvol=0.43006|rs_vs_spy=0.751051|gap_atr=-0.051945|ext_atr=0.067953|risk_atr=0.0895,220.98,30,6629.4,-51,-0.77,0,5.7,0.09,-51,-0.77,533.97,2.14,1
235,Exit short,2026-05-22 15:50,sl1|exit_reason=eod|mfe_r=0.721856,213.93,13,2772.9,-8.19,-0.30,0,33.28,1.20,-13.78,-0.50,525.78,2.10,13
235,Entry short,2026-05-22 14:45,sl1|setup=lod_break|side=short|grade=B|size=half|score=4|window=power|tier=neutral|rvol=0.41866|rs_vs_spy=-2.646116|gap_atr=-0.051945|ext_atr=0.215763|risk_atr=0.193395,213.3,13,2772.9,-8.19,-0.30,0,33.28,1.20,-13.78,-0.50,525.78,2.10,13
236,Exit short,2026-05-26 09:55,sl1|exit_reason=stop|mfe_r=0.027871,214.72,13,2744.17,-47.19,-1.72,0,1.04,0.04,-47.19,-1.72,478.59,1.91,3
236,Entry short,2026-05-26 09:40,sl1|setup=orb_break|side=short|grade=B|size=half|score=3|window=open|tier=neutral|rvol=0.528696|rs_vs_spy=-4.238527|gap_atr=0.298996|ext_atr=0.231357|risk_atr=0.199776,211.09,13,2744.17,-47.19,-1.72,0,1.04,0.04,-47.19,-1.72,478.59,1.91,3
237,Exit short,2026-05-26 15:15,sl1|exit_reason=be|mfe_r=1.197043,208.46,21,4376.82,-0.84,-0.02,0,57.75,1.32,-7.98,-0.18,477.75,1.91,11
237,Entry short,2026-05-26 14:20,sl1|setup=lod_break|side=short|grade=B|size=half|score=3|window=power|tier=neutral|rvol=0.504569|rs_vs_spy=-5.346683|gap_atr=0.298996|ext_atr=0.221272|risk_atr=0.128843,208.42,21,4376.82,-0.84,-0.02,0,57.75,1.32,-7.98,-0.18,477.75,1.91,11
238,Exit short,2026-05-27 09:45,sl1|exit_reason=be|mfe_r=1.174489,200.43,35,7013.65,-1.4,-0.02,0,73.15,1.04,-31.5,-0.45,476.35,1.91,2
238,Entry short,2026-05-27 09:35,sl1|setup=orb_break|side=short|grade=B|size=half|score=4|window=open|tier=neutral|rvol=0.450957|rs_vs_spy=-3.366395|gap_atr=-0.038821|ext_atr=0.103965|risk_atr=0.08,200.39,35,7013.65,-1.4,-0.02,0,73.15,1.04,-31.5,-0.45,476.35,1.91,2
239,Exit long,2026-05-27 15:10,sl1|exit_reason=time|mfe_r=0.195417,207.97,15,3135.3,-15.75,-0.50,0,9.15,0.29,-30.3,-0.97,460.6,1.84,6
239,Entry long,2026-05-27 14:40,sl1|setup=hod_break|side=long|grade=B|size=half|score=4|window=power|tier=neutral|rvol=0.53929|rs_vs_spy=0.733412|gap_atr=-0.038821|ext_atr=0.309031|risk_atr=0.181385,209.02,15,3135.3,-15.75,-0.50,0,9.15,0.29,-30.3,-0.97,460.6,1.84,6
240,Exit short,2026-05-28 09:45,sl1|exit_reason=be|mfe_r=0.86999,224.02,36,8043.84,-20.88,-0.26,0,42.84,0.53,-38.16,-0.47,439.72,1.76,1
240,Entry short,2026-05-28 09:40,sl1|setup=orb_break|side=short|grade=B|size=half|score=3|window=open|tier=neutral|rvol=1.197627|rs_vs_spy=-2.91393|gap_atr=1.271846|ext_atr=0.126206|risk_atr=0.08,223.44,36,8043.84,-20.88,-0.26,0,42.84,0.53,-38.16,-0.47,439.72,1.76,1
241,Exit short,2026-05-28 15:40,sl1|exit_reason=stop|mfe_r=0.404311,227.53,36,8139.6,-51.48,-0.63,0,19.44,0.24,-51.48,-0.63,388.24,1.55,5
241,Entry short,2026-05-28 15:15,sl1|setup=vwap_loss|side=short|grade=B|size=half|score=3|window=power|tier=neutral|rvol=1.028319|rs_vs_spy=-2.395625|gap_atr=1.271846|ext_atr=0.005298|risk_atr=0.08,226.1,36,8139.6,-51.48,-0.63,0,19.44,0.24,-51.48,-0.63,388.24,1.55,5
242,Exit short,2026-05-29 10:25,sl1|exit_reason=trail|mfe_r=6.399499,213.16,24,5361.12,245.28,4.58,0,311.52,5.81,-7.68,-0.14,633.52,2.53,4
242,Entry short,2026-05-29 10:05,sl1|setup=orb_break|side=short|grade=B|size=half|score=4|window=open|tier=neutral|rvol=0.706826|rs_vs_spy=-2.188206|gap_atr=0.097037|ext_atr=0.279167|risk_atr=0.113944,223.38,24,5361.12,245.28,4.58,0,311.52,5.81,-7.68,-0.14,633.52,2.53,4
243,Exit long,2026-06-01 10:10,sl1|exit_reason=trail|mfe_r=2.271189,261.11,18,4640.22,59.76,1.29,0,108,2.33,-5.22,-0.11,693.28,2.77,2
243,Entry long,2026-06-01 10:00,sl1|setup=orb_break|side=long|grade=B|size=half|score=4|window=open|tier=neutral|rvol=1.247701|rs_vs_spy=5.528496|gap_atr=0.723154|ext_atr=0.263829|risk_atr=0.145542,257.79,18,4640.22,59.76,1.29,0,108,2.33,-5.22,-0.11,693.28,2.77,2
244,Exit short,2026-06-01 15:45,sl1|exit_reason=trail|mfe_r=1.571776,264.31,34,9013.4,26.86,0.30,0,77.18,0.86,-19.72,-0.22,720.14,2.88,4
244,Entry short,2026-06-01 15:25,sl1|setup=vwap_loss|side=short|grade=B|size=half|score=3|window=power|tier=neutral|rvol=1.585618|rs_vs_spy=7.998402|gap_atr=0.723154|ext_atr=0.026532|risk_atr=0.08,265.1,34,9013.4,26.86,0.30,0,77.18,0.86,-19.72,-0.22,720.14,2.88,4
245,Exit long,2026-06-02 10:15,sl1|exit_reason=stop|mfe_r=0,275.97,24,6673.68,-50.4,-0.76,0,17.76,0.27,-50.4,-0.76,669.74,2.68,1
245,Entry long,2026-06-02 10:10,sl1|setup=orb_retest|side=long|grade=B|size=half|score=4|window=open|tier=neutral|rvol=1.054121|rs_vs_spy=2.032508|gap_atr=0.378375|ext_atr=0.150257|risk_atr=0.102463,278.07,24,6673.68,-50.4,-0.76,0,17.76,0.27,-50.4,-0.76,669.74,2.68,1
246,Exit short,2026-06-03 09:50,sl1|exit_reason=trail|mfe_r=3.953086,250.92,22,5662.14,141.9,2.51,0,190.74,3.37,-0.44,-0.01,811.64,3.25,3
246,Entry short,2026-06-03 09:35,sl1|setup=orb_break|side=short|grade=B|size=half|score=4|window=open|tier=neutral|rvol=0.609106|rs_vs_spy=-0.864003|gap_atr=-0.034058|ext_atr=0.171247|risk_atr=0.110103,257.37,22,5662.14,141.9,2.51,0,190.74,3.37,-0.44,-0.01,811.64,3.25,3
247,Exit long,2026-06-04 09:40,sl1|exit_reason=stop|mfe_r=0,240.35,16,3894.24,-48.64,-1.25,0,9.76,0.25,-48.64,-1.25,763,3.05,1
247,Entry long,2026-06-04 09:35,sl1|setup=orb_break|side=long|grade=B|size=half|score=3|window=open|tier=neutral|rvol=0.681347|rs_vs_spy=1.400091|gap_atr=-0.60332|ext_atr=0.185927|risk_atr=0.150178,243.39,16,3894.24,-48.64,-1.25,0,9.76,0.25,-48.64,-1.25,763,3.05,1
248,Exit long,2026-06-04 14:30,sl1|exit_reason=time|mfe_r=0.193553,261.1,8,2092.16,-3.36,-0.16,0,9.44,0.45,-24.08,-1.15,759.64,3.04,6
248,Entry long,2026-06-04 14:00,sl1|setup=hod_break|side=long|grade=B|size=half|score=3|window=power|tier=neutral|rvol=0.740418|rs_vs_spy=8.315786|gap_atr=-0.60332|ext_atr=0.810155|risk_atr=0.310543,261.52,8,2092.16,-3.36,-0.16,0,9.44,0.45,-24.08,-1.15,759.64,3.04,6
249,Exit short,2026-06-05 09:50,sl1|exit_reason=trail|mfe_r=2.015385,237.37,14,3366.72,43.54,1.29,0,97.72,2.90,-1.96,-0.06,803.18,3.21,3
249,Entry short,2026-06-05 09:35,sl1|setup=orb_break|side=short|grade=B|size=half|score=4|window=open|tier=neutral|rvol=0.641214|rs_vs_spy=-2.669719|gap_atr=-0.600998|ext_atr=0.154633|risk_atr=0.16807,240.48,14,3366.72,43.54,1.29,0,97.72,2.90,-1.96,-0.06,803.18,3.21,3
250,Exit short,2026-06-05 14:55,sl1|exit_reason=be|mfe_r=1.102495,221.56,11,2436.72,-0.44,-0.02,0,53.13,2.18,-3.19,-0.13,802.74,3.21,10
250,Entry short,2026-06-05 14:05,sl1|setup=lod_break|side=short|grade=B|size=half|score=4|window=power|tier=neutral|rvol=1.244204|rs_vs_spy=-9.225366|gap_atr=-0.600998|ext_atr=0.546579|risk_atr=0.212871,221.52,11,2436.72,-0.44,-0.02,0,53.13,2.18,-3.19,-0.13,802.74,3.21,10
251,Exit short,2026-06-08 10:20,sl1|exit_reason=be|mfe_r=0.896578,224.94,14,3142.72,-6.44,-0.20,0,42.56,1.35,-28.42,-0.90,796.3,3.19,5
251,Entry short,2026-06-08 09:55,sl1|setup=orb_break|side=short|grade=B|size=half|score=3|window=open|tier=neutral|rvol=0.802196|rs_vs_spy=-6.225918|gap_atr=0.560659|ext_atr=0.228229|risk_atr=0.153327,224.48,14,3142.72,-6.44,-0.20,0,42.56,1.35,-28.42,-0.90,796.3,3.19,5
252,Exit short,2026-06-08 15:05,sl1|exit_reason=time|mfe_r=0.444612,219.52,12,2649.96,15.72,0.59,0,20.4,0.77,-9.12,-0.34,812.02,3.25,6
252,Entry short,2026-06-08 14:35,sl1|setup=lod_break|side=short|grade=B|size=half|score=3|window=power|tier=neutral|rvol=0.906211|rs_vs_spy=-7.770667|gap_atr=0.560659|ext_atr=0.296523|risk_atr=0.173793,220.83,12,2649.96,15.72,0.59,0,20.4,0.77,-9.12,-0.34,812.02,3.25,6
253,Exit long,2026-06-09 09:55,sl1|exit_reason=stop|mfe_r=0.738435,229.21,10,2340.9,-48.8,-2.08,0,35.5,1.52,-48.8,-2.08,763.22,3.05,3
253,Entry long,2026-06-09 09:40,sl1|setup=orb_break|side=long|grade=B|size=half|score=4|window=open|tier=neutral|rvol=1.095942|rs_vs_spy=1.495387|gap_atr=0.543269|ext_atr=0.182681|risk_atr=0.216884,234.09,10,2340.9,-48.8,-2.08,0,35.5,1.52,-48.8,-2.08,763.22,3.05,3
254,Exit long,2026-06-09 14:40,sl1|exit_reason=stop|mfe_r=0.061684,216.92,28,6125,-51.24,-0.84,0,2.52,0.04,-51.24,-0.84,711.98,2.85,2
254,Entry long,2026-06-09 14:30,sl1|setup=vwap_reclaim|side=long|grade=B|size=half|score=4|window=power|tier=neutral|rvol=1.711692|rs_vs_spy=-3.86554|gap_atr=0.543269|ext_atr=0.010879|risk_atr=0.08,218.75,28,6125,-51.24,-0.84,0,2.52,0.04,-51.24,-0.84,711.98,2.85,2
255,Exit long,2026-06-10 10:45,sl1|exit_reason=be|mfe_r=1.105216,224.43,8,1795.76,-0.32,-0.02,0,52.08,2.90,-15.76,-0.88,711.66,2.85,14
255,Entry long,2026-06-10 09:35,sl1|setup=orb_break|side=long|grade=B|size=half|score=4|window=open|tier=neutral|rvol=0.741694|rs_vs_spy=4.005373|gap_atr=-0.201994|ext_atr=0.214808|risk_atr=0.25285,224.47,8,1795.76,-0.32,-0.02,0,52.08,2.90,-15.76,-0.88,711.66,2.85,14
256,Exit short,2026-06-10 15:50,sl1|exit_reason=eod|mfe_r=0.139085,212.89,26,5512,-23.14,-0.42,0,6.24,0.11,-42.38,-0.77,688.52,2.75,3
256,Entry short,2026-06-10 15:35,sl1|setup=orb_break|side=short|grade=B|size=half|score=4|window=power|tier=neutral|rvol=0.851141|rs_vs_spy=-0.78985|gap_atr=-0.201994|ext_atr=0.36348|risk_atr=0.08,212,26,5512,-23.14,-0.42,0,6.24,0.11,-42.38,-0.77,688.52,2.75,3
257,Exit long,2026-06-11 10:10,sl1|exit_reason=stop|mfe_r=0,211.83,26,5556.98,-49.4,-0.89,0,0,0.00,-49.4,-0.89,639.12,2.56,1
257,Entry long,2026-06-11 10:05,sl1|setup=orb_retest|side=long|grade=B|size=half|score=3|window=open|tier=neutral|rvol=0.715865|rs_vs_spy=3.772595|gap_atr=-0.257583|ext_atr=0.138937|risk_atr=0.080304,213.73,26,5556.98,-49.4,-0.89,0,0,0.00,-49.4,-0.89,639.12,2.56,1
258,Exit long,2026-06-11 15:35,sl1|exit_reason=trail|mfe_r=1.944497,224.84,14,3102.54,45.22,1.46,0,96.18,3.10,-1.54,-0.05,684.34,2.74,7
258,Entry long,2026-06-11 15:00,sl1|setup=hod_break|side=long|grade=B|size=half|score=3|window=power|tier=neutral|rvol=0.679196|rs_vs_spy=6.753197|gap_atr=-0.257583|ext_atr=0.312806|risk_atr=0.150279,221.61,14,3102.54,45.22,1.46,0,96.18,3.10,-1.54,-0.05,684.34,2.74,7
259,Exit short,2026-06-12 09:40,sl1|exit_reason=trail|mfe_r=2.394362,225.84,27,6155.19,57.51,0.93,0,119.07,1.93,-14.58,-0.24,741.85,2.97,1
259,Entry short,2026-06-12 09:35,sl1|setup=orb_break|side=short|grade=B|size=half|score=3|window=open|tier=neutral|rvol=0.981308|rs_vs_spy=-1.887538|gap_atr=0.45228|ext_atr=0.081299|risk_atr=0.08,227.97,27,6155.19,57.51,0.93,0,119.07,1.93,-14.58,-0.24,741.85,2.97,1
260,Exit long,2026-06-12 10:35,sl1|exit_reason=time|mfe_r=0.176802,236.61,9,2142.63,-13.14,-0.61,0,8.55,0.40,-39.51,-1.84,728.71,2.91,6
260,Entry long,2026-06-12 10:05,sl1|setup=orb_retest|side=long|grade=B|size=half|score=4|window=open|tier=neutral|rvol=1.001059|rs_vs_spy=2.304406|gap_atr=0.45228|ext_atr=0.339739|risk_atr=0.237225,238.07,9,2142.63,-13.14,-0.61,0,8.55,0.40,-39.51,-1.84,728.71,2.91,6
261,Exit long,2026-06-16 10:05,sl1|exit_reason=trail|mfe_r=3.289825,273.84,15,3994.05,113.55,2.84,0,163.95,4.10,-4.05,-0.10,842.26,3.37,6
261,Entry long,2026-06-16 09:35,sl1|setup=orb_break|side=long|grade=B|size=half|score=4|window=open|tier=neutral|rvol=1.017101|rs_vs_spy=4.270737|gap_atr=-0.189902|ext_atr=0.163964|risk_atr=0.14134,266.27,15,3994.05,113.55,2.84,0,163.95,4.10,-4.05,-0.10,842.26,3.37,6
262,Exit long,2026-06-17 09:45,sl1|exit_reason=stop|mfe_r=0,273.8,9,2511.18,-46.98,-1.87,0,11.34,0.45,-46.98,-1.87,795.28,3.18,1
262,Entry long,2026-06-17 09:40,sl1|setup=orb_break|side=long|grade=B|size=half|score=4|window=open|tier=neutral|rvol=1.273179|rs_vs_spy=4.955188|gap_atr=0.036491|ext_atr=0.252214|risk_atr=0.219725,279.02,9,2511.18,-46.98,-1.87,0,11.34,0.45,-46.98,-1.87,795.28,3.18,1
263,Exit long,2026-06-17 10:25,sl1|exit_reason=trail|mfe_r=4.290859,279.78,26,7114.12,160.16,2.25,0,209.82,2.95,-23.92,-0.34,955.44,3.82,5
263,Entry long,2026-06-17 10:00,sl1|setup=vwap_reclaim|side=long|grade=B|size=half|score=4|window=open|tier=neutral|rvol=1.102679|rs_vs_spy=3.068143|gap_atr=0.036491|ext_atr=0.021834|risk_atr=0.08,273.62,26,7114.12,160.16,2.25,0,209.82,2.95,-23.92,-0.34,955.44,3.82,5
264,Exit long,2026-06-17 15:05,sl1|exit_reason=time|mfe_r=0.453348,293.13,6,1767.72,-8.94,-0.51,0,19.56,1.11,-14.34,-0.81,946.5,3.79,6
264,Entry long,2026-06-17 14:35,sl1|setup=hod_break|side=long|grade=B|size=half|score=4|window=power|tier=neutral|rvol=1.312193|rs_vs_spy=11.290374|gap_atr=0.036491|ext_atr=0.553152|risk_atr=0.306993,294.62,6,1767.72,-8.94,-0.51,0,19.56,1.11,-14.34,-0.81,946.5,3.79,6
265,Exit short,2026-06-18 09:45,sl1|exit_reason=stop|mfe_r=0.295177,295.01,9,2605.59,-49.5,-1.90,0,14.31,0.55,-49.5,-1.90,897,3.59,2
265,Entry short,2026-06-18 09:35,sl1|setup=orb_break|side=short|grade=B|size=half|score=3|window=open|tier=neutral|rvol=1.342345|rs_vs_spy=-2.463097|gap_atr=0.716433|ext_atr=0.134861|risk_atr=0.224579,289.51,9,2605.59,-49.5,-1.90,0,14.31,0.55,-49.5,-1.90,897,3.59,2
266,Exit short,2026-06-22 09:45,sl1|exit_reason=stop|mfe_r=0.436144,288.69,9,2550.51,-47.7,-1.87,0,20.43,0.80,-47.7,-1.87,849.3,3.40,2
266,Entry short,2026-06-22 09:35,sl1|setup=orb_break|side=short|grade=B|size=half|score=4|window=open|tier=neutral|rvol=1.097732|rs_vs_spy=-2.753038|gap_atr=0.145388|ext_atr=0.217875|risk_atr=0.216865,283.39,9,2550.51,-47.7,-1.87,0,20.43,0.80,-47.7,-1.87,849.3,3.40,2
267,Exit long,2026-06-23 10:25,sl1|exit_reason=trail|mfe_r=4.005658,289.63,18,4914.36,298.98,6.08,0,399.24,8.12,-13.68,-0.28,1148.28,4.59,9
267,Entry long,2026-06-23 09:40,sl1|setup=orb_break|side=long|grade=A|size=full|score=4|window=open|tier=neutral|rvol=1.832873|rs_vs_spy=6.288471|gap_atr=-1.131713|ext_atr=0.307438|risk_atr=0.230508,273.02,18,4914.36,298.98,6.08,0,399.24,8.12,-13.68,-0.28,1148.28,4.59,9
268,Exit long,2026-06-23 14:40,sl1|exit_reason=stop|mfe_r=0.714859,276.86,25,6970.75,-49.25,-0.71,0,34,0.49,-49.25,-0.71,1099.03,4.40,7
268,Entry long,2026-06-23 14:05,sl1|setup=vwap_reclaim|side=long|grade=B|size=half|score=3|window=power|tier=neutral|rvol=1.168553|rs_vs_spy=8.435276|gap_atr=-1.131713|ext_atr=0.002052|risk_atr=0.08,278.83,25,6970.75,-49.25,-0.71,0,34,0.49,-49.25,-0.71,1099.03,4.40,7
269,Exit short,2026-06-24 09:50,sl1|exit_reason=be|mfe_r=1.330641,262.62,10,2625.8,-0.4,-0.02,0,60.8,2.32,-7.2,-0.27,1098.63,4.39,3
269,Entry short,2026-06-24 09:35,sl1|setup=orb_break|side=short|grade=B|size=half|score=4|window=open|tier=neutral|rvol=0.936949|rs_vs_spy=-5.470488|gap_atr=0.076908|ext_atr=0.204354|risk_atr=0.17988,262.58,10,2625.8,-0.4,-0.02,0,60.8,2.32,-7.2,-0.27,1098.63,4.39,3
270,Exit long,2026-06-25 09:40,sl1|exit_reason=stop|mfe_r=0,271.6,16,4394.08,-48.48,-1.10,0,13.12,0.30,-48.48,-1.10,1050.15,4.20,1
270,Entry long,2026-06-25 09:35,sl1|setup=orb_break|side=long|grade=B|size=half|score=4|window=open|tier=neutral|rvol=0.743425|rs_vs_spy=0.942871|gap_atr=0.513499|ext_atr=0.120677|risk_atr=0.116825,274.63,16,4394.08,-48.48,-1.10,0,13.12,0.30,-48.48,-1.10,1050.15,4.20,1
271,Exit short,2026-06-25 15:45,sl1|exit_reason=time|mfe_r=0.155156,256.38,11,2787.95,-32.23,-1.16,0,7.15,0.26,-41.14,-1.48,1017.92,4.07,6
271,Entry short,2026-06-25 15:15,sl1|setup=lod_break|side=short|grade=B|size=half|score=3|window=power|tier=neutral|rvol=0.731473|rs_vs_spy=-6.169591|gap_atr=0.513499|ext_atr=0.269703|risk_atr=0.168752,253.45,11,2787.95,-32.23,-1.16,0,7.15,0.26,-41.14,-1.48,1017.92,4.07,6
272,Exit short,2026-06-26 15:05,sl1|exit_reason=trail|mfe_r=2.932914,236.71,24,5774.16,93.12,1.61,0,148.8,2.58,-11.28,-0.20,1111.04,4.44,11
272,Entry short,2026-06-26 14:10,sl1|setup=vwap_loss|side=short|grade=B|size=half|score=4|window=power|tier=neutral|rvol=0.87003|rs_vs_spy=-2.488048|gap_atr=-0.45785|ext_atr=0.026004|risk_atr=0.08,240.59,24,5774.16,93.12,1.61,0,148.8,2.58,-11.28,-0.20,1111.04,4.44,11
273,Exit long,2026-06-29 15:30,sl1|exit_reason=be|mfe_r=1.057604,261.59,24,6279.12,-0.96,-0.02,0,50.64,0.81,-17.52,-0.28,1110.08,4.44,8
273,Entry long,2026-06-29 14:50,sl1|setup=orb_break|side=long|grade=B|size=half|score=4|window=power|tier=neutral|rvol=1.005845|rs_vs_spy=4.519251|gap_atr=0.340419|ext_atr=0.488669|risk_atr=0.08,261.63,24,6279.12,-0.96,-0.02,0,50.64,0.81,-17.52,-0.28,1110.08,4.44,8
274,Exit long,2026-06-30 10:35,sl1|exit_reason=trail|mfe_r=8.141449,287.6,17,4544.78,344.42,7.58,0,393.21,8.65,-9.86,-0.22,1454.5,5.82,12
274,Entry long,2026-06-30 09:35,sl1|setup=orb_break|side=long|grade=B|size=half|score=4|window=open|tier=neutral|rvol=0.536279|rs_vs_spy=2.941429|gap_atr=-0.069495|ext_atr=0.087514|risk_atr=0.111642,267.34,17,4544.78,344.42,7.58,0,393.21,8.65,-9.86,-0.22,1454.5,5.82,12
275,Exit short,2026-07-01 10:35,sl1|exit_reason=trail|mfe_r=2.367429,235.94,23,5480.67,54.05,0.99,0,113.39,2.07,-11.04,-0.20,1508.55,6.03,2
275,Entry short,2026-07-01 10:25,sl1|setup=vwap_loss|side=short|grade=A|size=half|score=5|window=midday|tier=neutral|rvol=2.357877|rs_vs_spy=-1.110861|gap_atr=-1.363256|ext_atr=0.005607|risk_atr=0.08,238.29,23,5480.67,54.05,0.99,0,113.39,2.07,-11.04,-0.20,1508.55,6.03,2
276,Exit short,2026-07-01 12:10,sl1|exit_reason=stop|mfe_r=0.540443,239.63,23,5462.27,-49.22,-0.90,0,25.53,0.47,-49.22,-0.90,1459.33,5.84,4
276,Entry short,2026-07-01 11:50,sl1|setup=vwap_loss|side=short|grade=A|size=half|score=5|window=midday|tier=neutral|rvol=2.356484|rs_vs_spy=-1.671757|gap_atr=-1.363256|ext_atr=0.001897|risk_atr=0.08,237.49,23,5462.27,-49.22,-0.90,0,25.53,0.47,-49.22,-0.90,1459.33,5.84,4
277,Exit short,2026-07-01 13:20,sl1|exit_reason=be|mfe_r=1.3535,237.09,23,5452.15,-0.92,-0.02,0,64.63,1.19,-3.45,-0.06,1458.41,5.83,8
277,Entry short,2026-07-01 12:40,sl1|setup=vwap_loss|side=short|grade=A|size=half|score=5|window=midday|tier=neutral|rvol=2.268598|rs_vs_spy=-1.865547|gap_atr=-1.363256|ext_atr=0.020634|risk_atr=0.08,237.05,23,5452.15,-0.92,-0.02,0,64.63,1.19,-3.45,-0.06,1458.41,5.83,8
278,Exit long,2026-07-02 10:05,sl1|exit_reason=stop|mfe_r=0,233.89,18,4259.34,-49.32,-1.16,0,11.16,0.26,-49.32,-1.16,1409.09,5.64,1
278,Entry long,2026-07-02 10:00,sl1|setup=orb_retest|side=long|grade=B|size=half|score=4|window=open|tier=neutral|rvol=0.774631|rs_vs_spy=1.204349|gap_atr=0.128711|ext_atr=0.171804|risk_atr=0.097296,236.63,18,4259.34,-49.32,-1.16,0,11.16,0.26,-49.32,-1.16,1409.09,5.64,1
279,Exit short,2026-07-07 09:55,sl1|exit_reason=be|mfe_r=1.270022,201.02,16,3208.8,-7.52,-0.23,0,61.6,1.92,-7.52,-0.23,1401.57,5.61,1
279,Entry short,2026-07-07 09:50,sl1|setup=vwap_loss|side=short|grade=B|size=half|score=4|window=open|tier=neutral|rvol=0.918703|rs_vs_spy=-0.674318|gap_atr=-0.395084|ext_atr=0.06199|risk_atr=0.11199,200.55,16,3208.8,-7.52,-0.23,0,61.6,1.92,-7.52,-0.23,1401.57,5.61,1
280,Exit short,2026-07-07 15:20,sl1|exit_reason=trail|mfe_r=2.182152,197.75,22,4406.16,55.66,1.26,0,104.06,2.36,-6.82,-0.15,1457.23,5.83,10
280,Entry short,2026-07-07 14:30,sl1|setup=vwap_loss|side=short|grade=B|size=half|score=4|window=power|tier=neutral|rvol=0.779734|rs_vs_spy=-0.781132|gap_atr=-0.395084|ext_atr=0.013007|risk_atr=0.08,200.28,22,4406.16,55.66,1.26,0,104.06,2.36,-6.82,-0.15,1457.23,5.83,10
281,Exit long,2026-07-08 09:45,sl1|exit_reason=be|mfe_r=1.122179,203.81,22,4484.7,-0.88,-0.02,0,55.66,1.24,-7.92,-0.18,1456.35,5.83,2
281,Entry long,2026-07-08 09:35,sl1|setup=orb_break|side=long|grade=B|size=half|score=4|window=open|tier=neutral|rvol=0.718559|rs_vs_spy=5.685985|gap_atr=-0.092317|ext_atr=0.117668|risk_atr=0.085276,203.85,22,4484.7,-0.88,-0.02,0,55.66,1.24,-7.92,-0.18,1456.35,5.83,2
282,Exit long,2026-07-08 15:50,sl1|exit_reason=eod|mfe_r=0.386202,215.13,10,2137.1,14.2,0.66,0,17.7,0.83,-5.6,-0.26,1470.55,5.88,5
282,Entry long,2026-07-08 15:25,sl1|setup=hod_break|side=long|grade=B|size=half|score=4|window=power|tier=neutral|rvol=0.740509|rs_vs_spy=10.636688|gap_atr=-0.092317|ext_atr=0.323816|risk_atr=0.173934,213.71,10,2137.1,14.2,0.66,0,17.7,0.83,-5.6,-0.26,1470.55,5.88,5
283,Exit short,2026-07-09 09:45,sl1|exit_reason=trail|mfe_r=2.09176,218.39,19,4187.98,38.57,0.92,0,99.75,2.38,-42.56,-1.02,1509.12,6.04,1
283,Entry short,2026-07-09 09:40,sl1|setup=orb_break|side=short|grade=B|size=half|score=3|window=open|tier=neutral|rvol=0.900256|rs_vs_spy=-3.881931|gap_atr=0.47145|ext_atr=0.097676|risk_atr=0.094757,220.42,19,4187.98,38.57,0.92,0,99.75,2.38,-42.56,-1.02,1509.12,6.04,1
284,Exit short,2026-07-09 10:20,sl1|exit_reason=trail|mfe_r=2.524696,215.08,15,3295.95,69.75,2.12,0,120.75,3.66,-0.9,-0.03,1578.87,6.32,3
284,Entry short,2026-07-09 10:05,sl1|setup=vwap_loss|side=short|grade=B|size=half|score=3|window=open|tier=neutral|rvol=0.96187|rs_vs_spy=-4.131049|gap_atr=0.47145|ext_atr=0.07022|risk_atr=0.12022,219.73,15,3295.95,69.75,2.12,0,120.75,3.66,-0.9,-0.03,1578.87,6.32,3
285,Exit short,2026-07-09 15:45,sl1|exit_reason=stop|mfe_r=0,220.58,23,5023.43,-49.91,-0.99,0,0,0.00,-49.91,-0.99,1528.96,6.12,3
285,Entry short,2026-07-09 15:30,sl1|setup=vwap_loss|side=short|grade=B|size=half|score=3|window=power|tier=neutral|rvol=0.751754|rs_vs_spy=-5.122266|gap_atr=0.47145|ext_atr=0.026707|risk_atr=0.08,218.41,23,5023.43,-49.91,-0.99,0,0,0.00,-49.91,-0.99,1528.96,6.12,3
286,Exit short,2026-07-10 09:45,sl1|exit_reason=be|mfe_r=1.082815,211.36,24,5071.68,-0.96,-0.02,0,53.52,1.06,-8.4,-0.17,1528,6.11,2
286,Entry short,2026-07-10 09:35,sl1|setup=pdl_break|side=short|grade=B|size=half|score=4|window=open|tier=neutral|rvol=0.242484|rs_vs_spy=-1.140794|gap_atr=-0.095288|ext_atr=0.040045|risk_atr=0.08,211.32,24,5071.68,-0.96,-0.02,0,53.52,1.06,-8.4,-0.17,1528,6.11,2
287,Exit short,2026-07-14 10:20,sl1|exit_reason=trail|mfe_r=4.979546,203.54,17,3652.96,192.78,5.28,0,241.91,6.62,-0.34,-0.01,1720.78,6.88,6
287,Entry short,2026-07-14 09:50,sl1|setup=orb_retest|side=short|grade=B|size=half|score=3|window=open|tier=neutral|rvol=0.417568|rs_vs_spy=-1.102282|gap_atr=0.271001|ext_atr=0.10515|risk_atr=0.116276,214.88,17,3652.96,192.78,5.28,0,241.91,6.62,-0.34,-0.01,1720.78,6.88,6
288,Exit long,2026-07-15 10:00,sl1|exit_reason=be|mfe_r=0.817706,200.34,19,3815.2,-8.74,-0.23,0,38.76,1.02,-13.11,-0.34,1712.04,6.85,1
288,Entry long,2026-07-15 09:55,sl1|setup=vwap_reclaim|side=long|grade=B|size=half|score=4|window=open|tier=neutral|rvol=0.6405|rs_vs_spy=1.631748|gap_atr=0.13941|ext_atr=0.050922|risk_atr=0.100922,200.8,19,3815.2,-8.74,-0.23,0,38.76,1.02,-13.11,-0.34,1712.04,6.85,1
289,Exit long,2026-07-15 15:50,sl1|exit_reason=stop|mfe_r=0,200.64,25,5067,-51,-1.01,0,0,0.00,-51,-1.01,1661.04,6.64,2
289,Entry long,2026-07-15 15:40,sl1|setup=orb_break|side=long|grade=B|size=half|score=4|window=power|tier=neutral|rvol=0.965514|rs_vs_spy=2.630002|gap_atr=0.13941|ext_atr=0.255506|risk_atr=0.08,202.68,25,5067,-51,-1.01,0,0,0.00,-51,-1.01,1661.04,6.64,2
290,Exit short,2026-07-16 09:50,sl1|exit_reason=stop|mfe_r=0,188.74,15,2781.45,-49.65,-1.79,0,0,0.00,-49.65,-1.79,1611.39,6.45,1
290,Entry short,2026-07-16 09:45,sl1|setup=orb_break|side=short|grade=B|size=half|score=4|window=open|tier=neutral|rvol=0.683791|rs_vs_spy=-2.367321|gap_atr=-0.374546|ext_atr=0.146823|risk_atr=0.134283,185.43,15,2781.45,-49.65,-1.79,0,0,0.00,-49.65,-1.79,1611.39,6.45,1
291,Exit short,2026-07-16 14:20,sl1|exit_reason=stop|mfe_r=0,174.78,12,2047.44,-49.92,-2.44,0,0,0.00,-49.92,-2.44,1561.47,6.25,4
291,Entry short,2026-07-16 14:00,sl1|setup=lod_break|side=short|grade=B|size=half|score=4|window=power|tier=neutral|rvol=1.292741|rs_vs_spy=-10.128414|gap_atr=-0.374546|ext_atr=0.363363|risk_atr=0.169108,170.62,12,2047.44,-49.92,-2.44,0,0,0.00,-49.92,-2.44,1561.47,6.25,4
292,Exit long,2026-07-17 10:25,sl1|exit_reason=trail|mfe_r=2.964682,178.18,24,4087.44,188.88,4.62,0,286.08,7.00,-21.84,-0.53,1750.35,7.00,7
292,Entry long,2026-07-17 09:50,sl1|setup=orb_break|side=long|grade=A|size=full|score=4|window=open|tier=neutral|rvol=1.591516|rs_vs_spy=2.912137|gap_atr=-0.266685|ext_atr=0.125928|risk_atr=0.162735,170.31,24,4087.44,188.88,4.62,0,286.08,7.00,-21.84,-0.53,1750.35,7.00,7
293,Exit short,2026-07-17 15:50,sl1|exit_reason=eod|mfe_r=0.015129,176.49,18,3175.74,-1.08,-0.03,0,0.36,0.01,-19.62,-0.62,1749.27,7.00,2
293,Entry short,2026-07-17 15:40,sl1|setup=vwap_loss|side=short|grade=B|size=half|score=4|window=power|tier=neutral|rvol=1.73872|rs_vs_spy=6.698911|gap_atr=-0.266685|ext_atr=0.056831|risk_atr=0.106831,176.43,18,3175.74,-1.08,-0.03,0,0.36,0.01,-19.62,-0.62,1749.27,7.00,2
294,Exit short,2026-07-20 10:25,sl1|exit_reason=be|mfe_r=0.756886,182.48,11,2006.84,-0.44,-0.02,0,36.74,1.83,-7.81,-0.39,1748.83,7.00,3
294,Entry short,2026-07-20 10:10,sl1|setup=orb_retest|side=short|grade=B|size=half|score=3|window=open|tier=neutral|rvol=1.408932|rs_vs_spy=-2.166372|gap_atr=0.368317|ext_atr=0.242794|risk_atr=0.180568,182.44,11,2006.84,-0.44,-0.02,0,36.74,1.83,-7.81,-0.39,1748.83,7.00,3
295,Exit long,2026-07-21 14:50,sl1|exit_reason=trail|mfe_r=2.930538,210.81,11,2230.03,88.88,3.99,0,135.52,6.08,-22.66,-1.02,1837.71,7.35,56
295,Entry long,2026-07-21 10:10,sl1|setup=orb_break|side=long|grade=B|size=half|score=4|window=open|tier=neutral|rvol=1.491713|rs_vs_spy=5.053073|gap_atr=0.436365|ext_atr=0.23814|risk_atr=0.17533,202.73,11,2230.03,88.88,3.99,0,135.52,6.08,-22.66,-1.02,1837.71,7.35,56
296,Exit long,2026-07-22 10:00,sl1|exit_reason=trail|mfe_r=3.916152,225.26,25,5488,143.5,2.61,0,193.75,3.53,-39.75,-0.72,1981.21,7.92,5
296,Entry long,2026-07-22 09:35,sl1|setup=orb_break|side=long|grade=B|size=half|score=4|window=open|tier=neutral|rvol=1.206758|rs_vs_spy=3.754376|gap_atr=-0.229425|ext_atr=0.088894|risk_atr=0.08,219.52,25,5488,143.5,2.61,0,193.75,3.53,-39.75,-0.72,1981.21,7.92,5
297,Exit long,2026-07-23 09:50,sl1|exit_reason=stop|mfe_r=0.730007,221.76,21,4707.57,-50.61,-1.08,0,35.91,0.76,-50.61,-1.08,1930.6,7.72,2
297,Entry long,2026-07-23 09:40,sl1|setup=orb_break|side=long|grade=B|size=half|score=4|window=open|tier=neutral|rvol=1.102415|rs_vs_spy=4.269614|gap_atr=-0.158422|ext_atr=0.150919|risk_atr=0.097137,224.17,21,4707.57,-50.61,-1.08,0,35.91,0.76,-50.61,-1.08,1930.6,7.72,2
298,Exit short,2026-07-24 09:55,sl1|exit_reason=trail|mfe_r=4.777972,201.39,21,4388.37,159.18,3.63,0,230.37,5.25,-0.42,-0.01,2089.78,8.36,4
298,Entry short,2026-07-24 09:35,sl1|setup=orb_break|side=short|grade=B|size=half|score=4|window=open|tier=neutral|rvol=1.405088|rs_vs_spy=-4.402278|gap_atr=-0.10713|ext_atr=0.139712|risk_atr=0.096633,208.97,21,4388.37,159.18,3.63,0,230.37,5.25,-0.42,-0.01,2089.78,8.36,4
299,Exit short,2026-07-24 15:05,sl1|exit_reason=time|mfe_r=0.135997,192.04,6,1157.16,4.92,0.43,0,5.94,0.51,-8.04,-0.69,2094.7,8.38,6
299,Entry short,2026-07-24 14:35,sl1|setup=lod_break|side=short|grade=B|size=half|score=4|window=power|tier=neutral|rvol=1.224256|rs_vs_spy=-11.675405|gap_atr=-0.10713|ext_atr=0.355326|risk_atr=0.312007,192.86,6,1157.16,4.92,0.43,0,5.94,0.51,-8.04,-0.69,2094.7,8.38,6
300,Exit short,2026-07-24 15:50,sl1|exit_reason=eod|mfe_r=0.006463,191.91,10,1905.9,-13.2,-0.69,0,0.1,0.01,-23.2,-1.22,2081.5,8.33,2
300,Entry short,2026-07-24 15:40,sl1|setup=lod_break|side=short|grade=B|size=half|score=4|window=power|tier=neutral|rvol=1.332046|rs_vs_spy=-12.717253|gap_atr=-0.10713|ext_atr=0.377694|risk_atr=0.195014,190.59,10,1905.9,-13.2,-0.69,0,0.1,0.01,-23.2,-1.22,2081.5,8.33,2
301,Exit short,2026-07-27 09:50,sl1|exit_reason=stop|mfe_r=0,192.35,22,4181.98,-49.72,-1.19,0,11.44,0.27,-49.72,-1.19,2031.78,8.13,1
301,Entry short,2026-07-27 09:45,sl1|setup=orb_break|side=short|grade=B|size=half|score=3|window=open|tier=neutral|rvol=1.108691|rs_vs_spy=-3.233422|gap_atr=0.365469|ext_atr=0.157777|risk_atr=0.090291,190.09,22,4181.98,-49.72,-1.19,0,11.44,0.27,-49.72,-1.19,2031.78,8.13,1
302,Exit short,2026-07-28 09:50,sl1|exit_reason=trail|mfe_r=1.523481,171,14,2418.92,24.92,1.03,0,73.92,3.06,-3.64,-0.15,2056.7,8.23,3
302,Entry short,2026-07-28 09:35,sl1|setup=orb_break|side=short|grade=B|size=half|score=4|window=open|tier=neutral|rvol=1.109717|rs_vs_spy=-3.302593|gap_atr=-0.365836|ext_atr=0.098016|risk_atr=0.143889,172.78,14,2418.92,24.92,1.03,0,73.92,3.06,-3.64,-0.15,2056.7,8.23,3
303,Exit short,2026-07-29 12:30,sl1|exit_reason=trail|mfe_r=2.525683,152.4,8,1293.76,74.56,5.76,0,123.84,9.57,-4.32,-0.33,2131.26,8.53,35
303,Entry short,2026-07-29 09:35,sl1|setup=orb_break|side=short|grade=B|size=half|score=4|window=open|tier=neutral|rvol=1.291538|rs_vs_spy=-5.145058|gap_atr=0.03328|ext_atr=0.139847|risk_atr=0.252144,161.72,8,1293.76,74.56,5.76,0,123.84,9.57,-4.32,-0.33,2131.26,8.53,35
304,Exit long,2026-07-29 15:05,sl1|exit_reason=be|mfe_r=1.17798,157.81,14,2209.9,-0.56,-0.03,0,58.1,2.63,-4.76,-0.22,2130.7,8.52,6
304,Entry long,2026-07-29 14:35,sl1|setup=vwap_reclaim|side=long|grade=B|size=half|score=4|window=power|tier=neutral|rvol=1.624493|rs_vs_spy=-7.309527|gap_atr=0.03328|ext_atr=0.095443|risk_atr=0.145443,157.85,14,2209.9,-0.56,-0.03,0,58.1,2.63,-4.76,-0.22,2130.7,8.52,6
305,Exit long,2026-07-30 10:00,sl1|exit_reason=trail|mfe_r=3.905372,190.97,23,4107.8,284.51,6.93,0,383.41,9.33,-16.1,-0.39,2415.21,9.66,5
305,Entry long,2026-07-30 09:35,sl1|setup=orb_break|side=long|grade=A|size=full|score=5|window=open|tier=neutral|rvol=2.574987|rs_vs_spy=3.980478|gap_atr=0.964775|ext_atr=0.157776|risk_atr=0.174632,178.6,23,4107.8,284.51,6.93,0,383.41,9.33,-16.1,-0.39,2415.21,9.66,5
306,Exit short,2026-07-31 14:05,sl1|exit_reason=be|mfe_r=0.903124,191.26,5,956.1,-0.2,-0.02,0,43.55,4.55,-24.75,-2.59,2415.01,9.66,54
306,Entry short,2026-07-31 09:35,sl1|setup=orb_break|side=short|grade=B|size=half|score=3|window=open|tier=neutral|rvol=1.490353|rs_vs_spy=-4.822403|gap_atr=0.487966|ext_atr=0.2427|risk_atr=0.369952,191.22,5,956.1,-0.2,-0.02,0,43.55,4.55,-24.75,-2.59,2415.01,9.66,54
307,Exit long,2026-08-03 15:50,sl1|exit_reason=eod|mfe_r=3.310046,214.97,5,964.05,110.8,11.49,0,144.25,14.96,-3.75,-0.39,2525.81,10.10,74
307,Entry long,2026-08-03 09:40,sl1|setup=orb_retest|side=long|grade=B|size=half|score=3|window=open|tier=neutral|rvol=0.976391|rs_vs_spy=4.611698|gap_atr=-0.256592|ext_atr=0.267921|risk_atr=0.337553,192.81,5,964.05,110.8,11.49,0,144.25,14.96,-3.75,-0.39,2525.81,10.10,74
308,Exit long,2026-08-04 09:40,sl1|exit_reason=trail|mfe_r=1.950447,224.97,22,4909.74,39.6,0.81,0,93.06,1.90,-0.44,-0.01,2565.41,10.26,1
308,Entry long,2026-08-04 09:35,sl1|setup=orb_break|side=long|grade=B|size=half|score=4|window=open|tier=neutral|rvol=0.946723|rs_vs_spy=2.719048|gap_atr=0.154567|ext_atr=0.096826|risk_atr=0.08,223.17,22,4909.74,39.6,0.81,0,93.06,1.90,-0.44,-0.01,2565.41,10.26,1
309,Exit long,2026-08-04 15:50,sl1|exit_reason=eod|mfe_r=0.666581,225.54,16,3638.88,-30.24,-0.83,0,32.64,0.90,-46.08,-1.27,2535.17,10.14,17
309,Entry long,2026-08-04 14:25,sl1|setup=hod_break|side=long|grade=B|size=half|score=4|window=power|tier=neutral|rvol=0.811452|rs_vs_spy=3.313766|gap_atr=0.154567|ext_atr=0.159269|risk_atr=0.113737,227.43,16,3638.88,-30.24,-0.83,0,32.64,0.90,-46.08,-1.27,2535.17,10.14,17
310,Exit long,2026-08-05 10:00,sl1|exit_reason=be|mfe_r=1.372732,224.67,23,5168.33,-0.92,-0.02,0,66.47,1.29,-48.53,-0.94,2534.25,10.14,3
310,Entry long,2026-08-05 09:45,sl1|setup=orb_break|side=long|grade=B|size=half|score=4|window=open|tier=neutral|rvol=0.824933|rs_vs_spy=1.930508|gap_atr=-0.193975|ext_atr=0.186753|risk_atr=0.08,224.71,23,5168.33,-0.92,-0.02,0,66.47,1.29,-48.53,-0.94,2534.25,10.14,3
311,Exit short,2026-08-06 15:05,sl1|exit_reason=time|mfe_r=0.399749,194.06,11,2144.78,10.12,0.47,0,19.47,0.91,-9.68,-0.45,2544.37,10.18,6
311,Entry short,2026-08-06 14:35,sl1|setup=lod_break|side=short|grade=B|size=half|score=4|window=power|tier=neutral|rvol=0.989029|rs_vs_spy=-4.942713|gap_atr=-0.529465|ext_atr=0.392459|risk_atr=0.175229,194.98,11,2144.78,10.12,0.47,0,19.47,0.91,-9.68,-0.45,2544.37,10.18,6
312,Exit short,2026-08-06 15:50,sl1|exit_reason=eod|mfe_r=0.141976,190.01,9,1714.41,4.32,0.25,0,6.39,0.37,-8.19,-0.48,2548.69,10.19,3
312,Entry short,2026-08-06 15:35,sl1|setup=lod_break|side=short|grade=B|size=half|score=4|window=power|tier=neutral|rvol=1.100368|rs_vs_spy=-7.087271|gap_atr=-0.529465|ext_atr=0.475203|risk_atr=0.201209,190.49,9,1714.41,4.32,0.25,0,6.39,0.37,-8.19,-0.48,2548.69,10.19,3
313,Exit short,2026-08-07 09:45,sl1|exit_reason=trail|mfe_r=3.035719,186.67,24,4557.84,77.76,1.71,0,150.24,3.30,-17.28,-0.38,2626.45,10.51,2
313,Entry short,2026-08-07 09:35,sl1|setup=orb_break|side=short|grade=B|size=half|score=3|window=open|tier=neutral|rvol=1.217331|rs_vs_spy=-3.703169|gap_atr=0.280756|ext_atr=0.066318|risk_atr=0.08,189.91,24,4557.84,77.76,1.71,0,150.24,3.30,-17.28,-0.38,2626.45,10.51,2
314,Exit long,2026-08-10 10:15,sl1|exit_reason=trail|mfe_r=2.843751,193.85,22,4174.5,90.2,2.16,0,140.36,3.36,-14.96,-0.36,2716.65,10.87,6
314,Entry long,2026-08-10 09:45,sl1|setup=orb_break|side=long|grade=B|size=half|score=4|window=open|tier=neutral|rvol=0.633411|rs_vs_spy=2.071157|gap_atr=-0.084884|ext_atr=0.087823|risk_atr=0.089269,189.75,22,4174.5,90.2,2.16,0,140.36,3.36,-14.96,-0.36,2716.65,10.87,6
315,Exit long,2026-08-11 10:15,sl1|exit_reason=be|mfe_r=1.437951,191.43,25,4786.75,-1,-0.02,0,69.5,1.45,-4.5,-0.09,2715.65,10.86,3
315,Entry long,2026-08-11 10:00,sl1|setup=vwap_reclaim|side=long|grade=B|size=half|score=4|window=open|tier=neutral|rvol=0.745585|rs_vs_spy=2.00448|gap_atr=0.151601|ext_atr=0.005896|risk_atr=0.08,191.47,25,4786.75,-1,-0.02,0,69.5,1.45,-4.5,-0.09,2715.65,10.86,3
316,Exit long,2026-08-11 14:30,sl1|exit_reason=time|mfe_r=0.195151,191.18,25,4786.25,-6.75,-0.14,0,9,0.19,-46.5,-0.97,2708.9,10.84,6
316,Entry long,2026-08-11 14:00,sl1|setup=vwap_reclaim|side=long|grade=B|size=half|score=4|window=power|tier=neutral|rvol=0.740752|rs_vs_spy=2.356638|gap_atr=0.151601|ext_atr=0.004125|risk_atr=0.08,191.45,25,4786.25,-6.75,-0.14,0,9,0.19,-46.5,-0.97,2708.9,10.84,6
317,Exit long,2026-08-11 15:50,sl1|exit_reason=eod|mfe_r=0.734382,191.7,25,4790.75,1.75,0.04,0,35.25,0.74,-26.5,-0.55,2710.65,10.84,7
317,Entry long,2026-08-11 15:15,sl1|setup=vwap_reclaim|side=long|grade=B|size=half|score=4|window=power|tier=neutral|rvol=0.797047|rs_vs_spy=2.535096|gap_atr=0.151601|ext_atr=0.016371|risk_atr=0.08,191.63,25,4790.75,1.75,0.04,0,35.25,0.74,-26.5,-0.55,2710.65,10.84,7
318,Exit long,2026-08-12 09:50,sl1|exit_reason=stop|mfe_r=0,227.15,35,8049.3,-99.05,-1.23,0,9.45,0.12,-99.05,-1.23,2611.6,10.45,1
318,Entry long,2026-08-12 09:45,sl1|setup=orb_break|side=long|grade=A|size=full|score=5|window=open|tier=neutral|rvol=3.050846|rs_vs_spy=1.838953|gap_atr=1.412328|ext_atr=0.23626|risk_atr=0.118738,229.98,35,8049.3,-99.05,-1.23,0,9.45,0.12,-99.05,-1.23,2611.6,10.45,1
319,Exit long,2026-08-12 15:50,sl1|exit_reason=eod|mfe_r=1.065147,256.82,22,5549.94,100.1,1.80,0,102.08,1.84,-30.14,-0.54,2711.7,10.85,4
319,Entry long,2026-08-12 15:30,sl1|setup=hod_break|side=long|grade=A|size=full|score=5|window=power|tier=neutral|rvol=2.245436|rs_vs_spy=11.782162|gap_atr=1.412328|ext_atr=0.658841|risk_atr=0.186787,252.27,22,5549.94,100.1,1.80,0,102.08,1.84,-30.14,-0.54,2711.7,10.85,4
320,Exit short,2026-08-13 12:30,sl1|exit_reason=stop|mfe_r=0.23604,257.21,23,5866.15,-49.68,-0.85,0,11.04,0.19,-49.68,-0.85,2662.02,10.65,4
320,Entry short,2026-08-13 12:10,sl1|setup=orb_break|side=short|grade=A|size=half|score=5|window=midday|tier=neutral|rvol=1.528565|rs_vs_spy=-0.262396|gap_atr=-0.13747|ext_atr=0.450645|risk_atr=0.08,255.05,23,5866.15,-49.68,-0.85,0,11.04,0.19,-49.68,-0.85,2662.02,10.65,4
321,Exit short,2026-08-13 14:35,sl1|exit_reason=time|mfe_r=0.107254,251.09,7,1735.86,-21.77,-1.25,0,4.62,0.27,-35.28,-2.03,2640.25,10.56,6
321,Entry short,2026-08-13 14:05,sl1|setup=lod_break|side=short|grade=B|size=half|score=4|window=power|tier=neutral|rvol=1.45491|rs_vs_spy=-3.175671|gap_atr=-0.13747|ext_atr=0.628168|risk_atr=0.239443,247.98,7,1735.86,-21.77,-1.25,0,4.62,0.27,-35.28,-2.03,2640.25,10.56,6
322,Exit long,2026-08-14 10:05,sl1|exit_reason=trail|mfe_r=1.863592,268.54,23,6153.65,22.77,0.37,0,90.85,1.48,-19.55,-0.32,2663.02,10.65,2
322,Entry long,2026-08-14 09:55,sl1|setup=vwap_reclaim|side=long|grade=B|size=half|score=4|window=open|tier=neutral|rvol=0.844923|rs_vs_spy=3.658761|gap_atr=0.120547|ext_atr=0.025787|risk_atr=0.08,267.55,23,6153.65,22.77,0.37,0,90.85,1.48,-19.55,-0.32,2663.02,10.65,2
323,Exit short,2026-08-17 09:40,sl1|exit_reason=stop|mfe_r=0,269.92,11,2921.49,-47.63,-1.63,0,1.54,0.05,-47.63,-1.63,2615.39,10.46,1
323,Entry short,2026-08-17 09:35,sl1|setup=orb_break|side=short|grade=B|size=half|score=4|window=open|tier=neutral|rvol=0.586589|rs_vs_spy=-4.01838|gap_atr=-0.026123|ext_atr=0.151944|risk_atr=0.162252,265.59,11,2921.49,-47.63,-1.63,0,1.54,0.05,-47.63,-1.63,2615.39,10.46,1
324,Exit short,2026-08-17 15:00,sl1|exit_reason=be|mfe_r=1.132966,272.35,21,5718.51,-0.84,-0.01,0,56.07,0.98,-10.08,-0.18,2614.55,10.46,5
324,Entry short,2026-08-17 14:35,sl1|setup=vwap_loss|side=short|grade=B|size=half|score=4|window=power|tier=neutral|rvol=0.602253|rs_vs_spy=-1.335486|gap_atr=-0.026123|ext_atr=0.039889|risk_atr=0.089889,272.31,21,5718.51,-0.84,-0.01,0,56.07,0.98,-10.08,-0.18,2614.55,10.46,5
325,Exit short,2026-08-18 09:55,sl1|exit_reason=stop|mfe_r=0,264.66,24,6301.44,-50.4,-0.80,0,9.36,0.15,-50.4,-0.80,2564.15,10.26,1
325,Entry short,2026-08-18 09:50,sl1|setup=orb_break|side=short|grade=B|size=half|score=4|window=open|tier=neutral|rvol=0.554148|rs_vs_spy=-2.263323|gap_atr=0|ext_atr=0.189517|risk_atr=0.08,262.56,24,6301.44,-50.4,-0.80,0,9.36,0.15,-50.4,-0.80,2564.15,10.26,1
326,Exit short,2026-08-18 14:30,sl1|exit_reason=time|mfe_r=0.133667,247.34,11,2698.63,-22.11,-0.82,0,6.05,0.22,-24.75,-0.92,2542.04,10.17,6
326,Entry short,2026-08-18 14:00,sl1|setup=lod_break|side=short|grade=B|size=half|score=4|window=power|tier=neutral|rvol=0.680516|rs_vs_spy=-8.554692|gap_atr=0|ext_atr=0.493052|risk_atr=0.165656,245.33,11,2698.63,-22.11,-0.82,0,6.05,0.22,-24.75,-0.92,2542.04,10.17,6
327,Exit short,2026-08-19 10:20,sl1|exit_reason=trail|mfe_r=2.683856,218.5,10,2263.2,78.2,3.46,0,125.2,5.53,-10.3,-0.46,2620.24,10.48,9
327,Entry short,2026-08-19 09:35,sl1|setup=orb_break|side=short|grade=B|size=half|score=4|window=open|tier=neutral|rvol=1.232528|rs_vs_spy=-2.471784|gap_atr=-0.617714|ext_atr=0.173975|risk_atr=0.179378,226.32,10,2263.2,78.2,3.46,0,125.2,5.53,-10.3,-0.46,2620.24,10.48,9
328,Exit short,2026-08-19 14:40,sl1|exit_reason=trail|mfe_r=2.011387,221.41,23,5140.04,47.61,0.93,0,96.14,1.87,-26.68,-0.52,2667.85,10.67,8
328,Entry short,2026-08-19 14:00,sl1|setup=vwap_loss|side=short|grade=B|size=half|score=4|window=power|tier=neutral|rvol=1.371153|rs_vs_spy=-3.766878|gap_atr=-0.617714|ext_atr=0.030165|risk_atr=0.080165,223.48,23,5140.04,47.61,0.93,0,96.14,1.87,-26.68,-0.52,2667.85,10.67,8
329,Exit short,2026-08-20 09:55,sl1|exit_reason=be|mfe_r=0.867936,215.75,13,2804.23,-0.52,-0.02,0,40.17,1.43,-6.63,-0.24,2667.33,10.67,2
329,Entry short,2026-08-20 09:45,sl1|setup=orb_break|side=short|grade=B|size=half|score=4|window=open|tier=neutral|rvol=0.590853|rs_vs_spy=-3.306011|gap_atr=-0.045192|ext_atr=0.104741|risk_atr=0.134383,215.71,13,2804.23,-0.52,-0.02,0,40.17,1.43,-6.63,-0.24,2667.33,10.67,2
330,Exit long,2026-08-21 09:50,sl1|exit_reason=stop|mfe_r=0,226.33,11,2537.48,-47.85,-1.89,0,0,0.00,-47.85,-1.89,2619.48,10.48,1
330,Entry long,2026-08-21 09:45,sl1|setup=orb_break|side=long|grade=B|size=half|score=4|window=open|tier=neutral|rvol=0.572529|rs_vs_spy=1.97542|gap_atr=0.248176|ext_atr=0.126732|risk_atr=0.167742,230.68,11,2537.48,-47.85,-1.89,0,0,0.00,-47.85,-1.89,2619.48,10.48,1
331,Exit short,2026-08-21 15:40,sl1|exit_reason=time|mfe_r=0.076578,218.94,11,2399.98,-8.36,-0.35,0,3.52,0.15,-13.53,-0.56,2611.12,10.44,6
331,Entry short,2026-08-21 15:10,sl1|setup=lod_break|side=short|grade=B|size=half|score=4|window=power|tier=neutral|rvol=0.567648|rs_vs_spy=-3.663154|gap_atr=0.248176|ext_atr=0.210587|risk_atr=0.173388,218.18,11,2399.98,-8.36,-0.35,0,3.52,0.15,-13.53,-0.56,2611.12,10.44,6
332,Exit short,2026-08-24 11:30,sl1|exit_reason=stop|mfe_r=0.660862,207.78,14,2859.78,-49.14,-1.72,0,31.78,1.11,-49.14,-1.72,2561.98,10.25,23
332,Entry short,2026-08-24 09:35,sl1|setup=orb_break|side=short|grade=B|size=half|score=4|window=open|tier=neutral|rvol=0.695747|rs_vs_spy=-3.045|gap_atr=-0.322222|ext_atr=0.109484|risk_atr=0.140271,204.27,14,2859.78,-49.14,-1.72,0,31.78,1.11,-49.14,-1.72,2561.98,10.25,23
333,Exit long,2026-08-24 14:50,sl1|exit_reason=time|mfe_r=0.021052,211.93,13,2776.41,-21.32,-0.77,0,0.78,0.03,-22.1,-0.80,2540.66,10.16,6
333,Entry long,2026-08-24 14:20,sl1|setup=hod_break|side=long|grade=B|size=half|score=3|window=power|tier=neutral|rvol=0.559824|rs_vs_spy=1.176586|gap_atr=-0.322222|ext_atr=0.277834|risk_atr=0.153831,213.57,13,2776.41,-21.32,-0.77,0,0.78,0.03,-22.1,-0.80,2540.66,10.16,6
334,Exit short,2026-08-25 10:25,sl1|exit_reason=trail|mfe_r=1.660095,215.55,25,5419.5,30.75,0.57,0,79.75,1.47,-30.5,-0.56,2571.41,10.29,5
334,Entry short,2026-08-25 10:00,sl1|setup=vwap_loss|side=short|grade=B|size=half|score=3|window=open|tier=neutral|rvol=0.383726|rs_vs_spy=-0.487434|gap_atr=0.292715|ext_atr=0.029399|risk_atr=0.08,216.78,25,5419.5,30.75,0.57,0,79.75,1.47,-30.5,-0.56,2571.41,10.29,5
335,Exit long,2026-08-25 14:30,sl1|exit_reason=time|mfe_r=0.367072,222.37,17,3763.8,16.49,0.44,0,17.34,0.46,-9.52,-0.25,2587.9,10.35,6
335,Entry long,2026-08-25 14:00,sl1|setup=hod_break|side=long|grade=B|size=half|score=4|window=power|tier=neutral|rvol=0.413085|rs_vs_spy=1.695085|gap_atr=0.292715|ext_atr=0.135758|risk_atr=0.11722,221.4,17,3763.8,16.49,0.44,0,17.34,0.46,-9.52,-0.25,2587.9,10.35,6
336,Exit short,2026-08-27 09:50,sl1|exit_reason=stop|mfe_r=0,223.99,28,6220.48,-51.24,-0.82,0,0,0.00,-51.24,-0.82,2536.66,10.15,1
336,Entry short,2026-08-27 09:45,sl1|setup=orb_break|side=short|grade=B|size=half|score=3|window=open|tier=neutral|rvol=0.804559|rs_vs_spy=-0.639446|gap_atr=0.438714|ext_atr=0.079521|risk_atr=0.08,222.16,28,6220.48,-51.24,-0.82,0,0,0.00,-51.24,-0.82,2536.66,10.15,1
337,Exit short,2026-08-27 14:55,sl1|exit_reason=time|mfe_r=0.295684,215.77,17,3678.63,10.54,0.29,0,14.28,0.39,-23.97,-0.65,2547.2,10.19,6
337,Entry short,2026-08-27 14:25,sl1|setup=lod_break|side=short|grade=B|size=half|score=3|window=power|tier=neutral|rvol=0.790336|rs_vs_spy=-3.399329|gap_atr=0.438714|ext_atr=0.223912|risk_atr=0.130604,216.39,17,3678.63,10.54,0.29,0,14.28,0.39,-23.97,-0.65,2547.2,10.19,6
338,Exit short,2026-08-28 10:15,sl1|exit_reason=trail|mfe_r=2.438326,208.43,27,5697.81,70.2,1.23,0,120.42,2.11,-15.93,-0.28,2617.4,10.47,7
338,Entry short,2026-08-28 09:40,sl1|setup=vwap_loss|side=short|grade=B|size=half|score=4|window=open|tier=neutral|rvol=0.57773|rs_vs_spy=-0.439419|gap_atr=-0.302491|ext_atr=0.034593|risk_atr=0.084593,211.03,27,5697.81,70.2,1.23,0,120.42,2.11,-15.93,-0.28,2617.4,10.47,7
339,Exit short,2026-08-28 14:55,sl1|exit_reason=time|mfe_r=0.026528,206.22,18,3699.9,-12.06,-0.33,0,0.9,0.02,-21.24,-0.57,2605.34,10.42,6
339,Entry short,2026-08-28 14:25,sl1|setup=lod_break|side=short|grade=B|size=half|score=4|window=power|tier=neutral|rvol=0.775133|rs_vs_spy=-2.566099|gap_atr=-0.302491|ext_atr=0.169031|risk_atr=0.12149,205.55,18,3699.9,-12.06,-0.33,0,0.9,0.02,-21.24,-0.57,2605.34,10.42,6
340,Exit short,2026-08-31 09:45,sl1|exit_reason=stop|mfe_r=0.22224,206.57,24,4908,-49.68,-1.01,0,10.32,0.21,-49.68,-1.01,2555.66,10.22,2
340,Entry short,2026-08-31 09:35,sl1|setup=pdl_break|side=short|grade=B|size=half|score=4|window=open|tier=neutral|rvol=0.537346|rs_vs_spy=-0.35177|gap_atr=-0.16922|ext_atr=0.084571|risk_atr=0.095978,204.5,24,4908,-49.68,-1.01,0,10.32,0.21,-49.68,-1.01,2555.66,10.22,2
341,Exit short,2026-08-31 10:35,sl1|exit_reason=be|mfe_r=1.161312,203.48,29,5899.76,-1.16,-0.02,0,56.26,0.95,-12.76,-0.22,2554.5,10.22,6
341,Entry short,2026-08-31 10:05,sl1|setup=orb_break|side=short|grade=B|size=half|score=4|window=open|tier=neutral|rvol=0.468478|rs_vs_spy=-0.759412|gap_atr=-0.16922|ext_atr=0.086729|risk_atr=0.08,203.44,29,5899.76,-1.16,-0.02,0,56.26,0.95,-12.76,-0.22,2554.5,10.22,6
342,Exit short,2026-08-31 15:50,sl1|exit_reason=stop|mfe_r=0.159977,205.96,29,5922.67,-50.17,-0.85,0,7.25,0.12,-50.17,-0.85,2504.33,10.02,5
342,Entry short,2026-08-31 15:25,sl1|setup=vwap_loss|side=short|grade=B|size=half|score=4|window=power|tier=neutral|rvol=0.443685|rs_vs_spy=-0.522907|gap_atr=-0.16922|ext_atr=0.00738|risk_atr=0.08,204.23,29,5922.67,-50.17,-0.85,0,7.25,0.12,-50.17,-0.85,2504.33,10.02,5
343,Exit short,2026-09-01 09:45,sl1|exit_reason=be|mfe_r=1.269336,196.96,31,6104.52,-1.24,-0.02,0,62.62,1.03,-7.75,-0.13,2503.09,10.01,2
343,Entry short,2026-09-01 09:35,sl1|setup=orb_break|side=short|grade=B|size=half|score=4|window=open|tier=neutral|rvol=1.133124|rs_vs_spy=-1.450237|gap_atr=-0.320779|ext_atr=0.071566|risk_atr=0.08,196.92,31,6104.52,-1.24,-0.02,0,62.62,1.03,-7.75,-0.13,2503.09,10.01,2
344,Exit long,2026-09-02 09:55,sl1|exit_reason=stop|mfe_r=0.67831,196.9,13,2607.8,-48.1,-1.84,0,31.98,1.23,-48.1,-1.84,2454.99,9.82,4
344,Entry long,2026-09-02 09:35,sl1|setup=orb_break|side=long|grade=B|size=half|score=4|window=open|tier=neutral|rvol=0.4337|rs_vs_spy=2.577478|gap_atr=-0.202839|ext_atr=0.144972|risk_atr=0.187275,200.6,13,2607.8,-48.1,-1.84,0,31.98,1.23,-48.1,-1.84,2454.99,9.82,4
345,Exit long,2026-09-02 15:00,sl1|exit_reason=be|mfe_r=0.859201,203.41,31,6306.95,-1.24,-0.02,0,42.16,0.67,-10.54,-0.17,2453.75,9.82,9
345,Entry long,2026-09-02 14:15,sl1|setup=pdh_break|side=long|grade=B|size=half|score=4|window=power|tier=neutral|rvol=0.494181|rs_vs_spy=3.621838|gap_atr=-0.202839|ext_atr=0.167237|risk_atr=0.08227,203.45,31,6306.95,-1.24,-0.02,0,42.16,0.67,-10.54,-0.17,2453.75,9.82,9
346,Exit long,2026-09-03 15:05,sl1|exit_reason=time|mfe_r=0.301852,210.21,26,5459.48,5.98,0.11,0,14.56,0.27,-9.36,-0.17,2459.73,9.84,6
346,Entry long,2026-09-03 14:35,sl1|setup=hod_break|side=long|grade=B|size=half|score=4|window=power|tier=neutral|rvol=0.678572|rs_vs_spy=2.362868|gap_atr=-0.03157|ext_atr=0.231831|risk_atr=0.101951,209.98,26,5459.48,5.98,0.11,0,14.56,0.27,-9.36,-0.17,2459.73,9.84,6
347,Exit long,2026-09-03 15:50,sl1|exit_reason=eod|mfe_r=0.031977,211.35,19,4020.59,-4.94,-0.12,0,1.14,0.03,-24.13,-0.60,2454.79,9.82,5
347,Entry long,2026-09-03 15:25,sl1|setup=hod_break|side=long|grade=B|size=half|score=4|window=power|tier=neutral|rvol=0.736769|rs_vs_spy=3.215648|gap_atr=-0.03157|ext_atr=0.27685|risk_atr=0.132741,211.61,19,4020.59,-4.94,-0.12,0,1.14,0.03,-24.13,-0.60,2454.79,9.82,5
348,Exit long,2026-09-04 10:15,sl1|exit_reason=time|mfe_r=0.209244,214.66,14,3040.1,-34.86,-1.15,0,9.94,0.33,-34.86,-1.15,2419.93,9.68,6
348,Entry long,2026-09-04 09:45,sl1|setup=orb_break|side=long|grade=B|size=half|score=4|window=open|tier=neutral|rvol=0.973723|rs_vs_spy=3.328528|gap_atr=-0.040377|ext_atr=0.158233|risk_atr=0.187819,217.15,14,3040.1,-34.86,-1.15,0,9.94,0.33,-34.86,-1.15,2419.93,9.68,6
349,Exit long,2026-09-04 15:50,sl1|exit_reason=eod|mfe_r=2.352208,225.22,20,4391.8,112.6,2.56,0,115,2.62,-6.8,-0.15,2532.53,10.13,15
349,Entry long,2026-09-04 14:35,sl1|setup=hod_break|side=long|grade=B|size=half|score=4|window=power|tier=neutral|rvol=1.190388|rs_vs_spy=4.830459|gap_atr=-0.040377|ext_atr=0.179814|risk_atr=0.13206,219.59,20,4391.8,112.6,2.56,0,115,2.62,-6.8,-0.15,2532.53,10.13,15
350,Exit long,2026-09-08 11:45,sl1|exit_reason=trail|mfe_r=6.154309,249.52,47,11219.84,507.6,4.52,0,607.71,5.42,-98.23,-0.88,3040.13,12.16,24
350,Entry long,2026-09-08 09:45,sl1|setup=vwap_reclaim|side=long|grade=A|size=full|score=5|window=open|tier=neutral|rvol=1.513761|rs_vs_spy=1.7593|gap_atr=0.460622|ext_atr=0.063895|risk_atr=0.113895,238.72,47,11219.84,507.6,4.52,0,607.71,5.42,-98.23,-0.88,3040.13,12.16,24
351,Exit short,2026-09-08 15:50,sl1|exit_reason=eod|mfe_r=1.662677,242.4,25,6110.5,50.5,0.83,0,80.5,1.32,-0.5,-0.01,3090.63,12.36,4
351,Entry short,2026-09-08 15:30,sl1|setup=vwap_loss|side=short|grade=B|size=half|score=3|window=power|tier=neutral|rvol=2.2144|rs_vs_spy=4.282028|gap_atr=0.460622|ext_atr=0.055476|risk_atr=0.105476,244.42,25,6110.5,50.5,0.83,0,80.5,1.32,-0.5,-0.01,3090.63,12.36,4
352,Exit short,2026-09-11 10:15,sl1|exit_reason=stop|mfe_r=0.577797,230.5,19,4329.91,-49.59,-1.15,0,27.74,0.64,-49.59,-1.15,3041.04,12.16,8
352,Entry short,2026-09-11 09:35,sl1|setup=orb_break|side=short|grade=B|size=half|score=3|window=open|tier=neutral|rvol=0.595546|rs_vs_spy=-3.053833|gap_atr=0.368093|ext_atr=0.127671|risk_atr=0.140515,227.89,19,4329.91,-49.59,-1.15,0,27.74,0.64,-49.59,-1.15,3041.04,12.16,8
353,Exit short,2026-09-11 14:30,sl1|exit_reason=time|mfe_r=0.260573,225.83,34,7672.78,-5.44,-0.07,0,12.24,0.16,-19.04,-0.25,3035.6,12.14,6
353,Entry short,2026-09-11 14:00,sl1|setup=pdl_retest|side=short|grade=B|size=half|score=3|window=power|tier=neutral|rvol=0.748289|rs_vs_spy=-4.038468|gap_atr=0.368093|ext_atr=0.14765|risk_atr=0.08,225.67,34,7672.78,-5.44,-0.07,0,12.24,0.16,-19.04,-0.25,3035.6,12.14,6
354,Exit long,2026-09-14 09:50,sl1|exit_reason=be|mfe_r=0.935762,212.78,12,2553.84,-0.48,-0.02,0,48.84,1.91,-5.4,-0.21,3035.12,12.14,2
354,Entry long,2026-09-14 09:40,sl1|setup=orb_break|side=long|grade=B|size=half|score=3|window=open|tier=neutral|rvol=1.220292|rs_vs_spy=3.777502|gap_atr=-1.106859|ext_atr=0.215255|risk_atr=0.225361,212.82,12,2553.84,-0.48,-0.02,0,48.84,1.91,-5.4,-0.21,3035.12,12.14,2
355,Exit long,2026-09-15 10:00,sl1|exit_reason=stop|mfe_r=0.299522,214.11,34,7330.06,-50.32,-0.69,0,13.94,0.19,-50.32,-0.69,2984.8,11.94,3
355,Entry long,2026-09-15 09:45,sl1|setup=orb_break|side=long|grade=B|size=half|score=4|window=open|tier=neutral|rvol=0.627345|rs_vs_spy=2.251338|gap_atr=-0.069656|ext_atr=0.058612|risk_atr=0.08,215.59,34,7330.06,-50.32,-0.69,0,13.94,0.19,-50.32,-0.69,2984.8,11.94,3
356,Exit short,2026-09-15 15:50,sl1|exit_reason=eod|mfe_r=0.728465,207.21,30,6251.1,34.8,0.56,0,35.7,0.57,-28.8,-0.46,3019.6,12.08,18
356,Entry short,2026-09-15 14:20,sl1|setup=lod_break|side=short|grade=B|size=half|score=4|window=power|tier=neutral|rvol=0.821447|rs_vs_spy=-0.902373|gap_atr=-0.069656|ext_atr=0.1648|risk_atr=0.092561,208.37,30,6251.1,34.8,0.56,0,35.7,0.57,-28.8,-0.46,3019.6,12.08,18
357,Exit long,2026-09-16 10:00,sl1|exit_reason=stop|mfe_r=0.576131,213.59,36,7740.72,-51.48,-0.67,0,28.08,0.36,-51.48,-0.67,2968.12,11.87,3
357,Entry long,2026-09-16 09:45,sl1|setup=orb_break|side=long|grade=B|size=half|score=4|window=open|tier=neutral|rvol=0.584937|rs_vs_spy=1.135303|gap_atr=0.293251|ext_atr=0.098013|risk_atr=0.08,215.02,36,7740.72,-51.48,-0.67,0,28.08,0.36,-51.48,-0.67,2968.12,11.87,3
358,Exit short,2026-09-16 15:30,sl1|exit_reason=be|mfe_r=0.797705,210.01,26,5459.22,-1.04,-0.02,0,38.22,0.70,-8.32,-0.15,2967.08,11.87,3
358,Entry short,2026-09-16 15:15,sl1|setup=orb_break|side=short|grade=B|size=half|score=3|window=power|tier=neutral|rvol=0.850245|rs_vs_spy=-0.044818|gap_atr=0.293251|ext_atr=0.344969|risk_atr=0.107613,209.97,26,5459.22,-1.04,-0.02,0,38.22,0.70,-8.32,-0.15,2967.08,11.87,3
359,Exit short,2026-09-17 15:50,sl1|exit_reason=eod|mfe_r=0.634969,215.96,14,2995.86,-27.58,-0.92,0,60.34,2.01,-61.04,-2.04,2939.5,11.76,75
359,Entry short,2026-09-17 09:35,sl1|setup=orb_break|side=short|grade=A|size=full|score=4|window=open|tier=neutral|rvol=3.424303|rs_vs_spy=-6.710196|gap_atr=1.204828|ext_atr=0.380087|risk_atr=0.4,213.99,14,2995.86,-27.58,-0.92,0,60.34,2.01,-61.04,-2.04,2939.5,11.76,75
360,Exit short,2026-09-18 10:20,sl1|exit_reason=be|mfe_r=0.806685,213.19,14,2984.1,-0.56,-0.02,0,39.76,1.33,-9.52,-0.32,2938.94,11.76,5
360,Entry short,2026-09-18 09:55,sl1|setup=orb_retest|side=short|grade=B|size=half|score=4|window=open|tier=neutral|rvol=1.098454|rs_vs_spy=-2.075296|gap_atr=0.015993|ext_atr=0.219339|risk_atr=0.202506,213.15,14,2984.1,-0.56,-0.02,0,39.76,1.33,-9.52,-0.32,2938.94,11.76,5
361,Exit long,2026-09-18 15:35,sl1|exit_reason=time|mfe_r=0.178142,222.57,17,3781.48,2.21,0.06,0,8.16,0.22,-25.5,-0.67,2941.15,11.76,6
361,Entry long,2026-09-18 15:05,sl1|setup=hod_break|side=long|grade=B|size=half|score=4|window=power|tier=neutral|rvol=1.379512|rs_vs_spy=1.970504|gap_atr=0.015993|ext_atr=0.306001|risk_atr=0.160317,222.44,17,3781.48,2.21,0.06,0,8.16,0.22,-25.5,-0.67,2941.15,11.76,6
362,Exit short,2026-09-21 10:05,sl1|exit_reason=be|mfe_r=1.439362,225.02,36,8099.28,-1.44,-0.02,0,70.92,0.88,-38.88,-0.48,2939.71,11.76,2
362,Entry short,2026-09-21 09:55,sl1|setup=vwap_loss|side=short|grade=B|size=half|score=4|window=open|tier=neutral|rvol=1.342552|rs_vs_spy=-0.610165|gap_atr=0.146106|ext_atr=0.028567|risk_atr=0.08,224.98,36,8099.28,-1.44,-0.02,0,70.92,0.88,-38.88,-0.48,2939.71,11.76,2
363,Exit long,2026-09-21 14:50,sl1|exit_reason=time|mfe_r=0.365543,236.2,17,4027.98,-12.58,-0.31,0,17.17,0.43,-15.13,-0.38,2927.13,11.71,6
363,Entry long,2026-09-21 14:20,sl1|setup=hod_break|side=long|grade=B|size=half|score=4|window=power|tier=neutral|rvol=1.338852|rs_vs_spy=3.864229|gap_atr=0.146106|ext_atr=0.385997|risk_atr=0.163836,236.94,17,4027.98,-12.58,-0.31,0,17.17,0.43,-15.13,-0.38,2927.13,11.71,6
364,Exit long,2026-09-22 10:00,sl1|exit_reason=be|mfe_r=0.951467,241.23,8,1930.16,-0.32,-0.02,0,42.48,2.20,-11.12,-0.58,2926.81,11.71,5
364,Entry long,2026-09-22 09:35,sl1|setup=orb_break|side=long|grade=B|size=half|score=4|window=open|tier=neutral|rvol=1.169618|rs_vs_spy=3.324988|gap_atr=0.015954|ext_atr=0.138765|risk_atr=0.324981,241.27,8,1930.16,-0.32,-0.02,0,42.48,2.20,-11.12,-0.58,2926.81,11.71,5
365,Exit short,2026-09-23 09:40,sl1|exit_reason=stop|mfe_r=0,231.28,26,5963.1,-50.18,-0.84,0,6.24,0.10,-50.18,-0.84,2876.63,11.51,1
365,Entry short,2026-09-23 09:35,sl1|setup=orb_break|side=short|grade=B|size=half|score=4|window=open|tier=neutral|rvol=0.776398|rs_vs_spy=-2.409142|gap_atr=-0.062961|ext_atr=0.129276|risk_atr=0.110325,229.35,26,5963.1,-50.18,-0.84,0,6.24,0.10,-50.18,-0.84,2876.63,11.51,1
366,Exit short,2026-09-23 15:50,sl1|exit_reason=eod|mfe_r=0.309972,226.66,12,2731.44,11.52,0.42,0,14.76,0.54,-5.76,-0.21,2888.15,11.55,2
366,Entry short,2026-09-23 15:40,sl1|setup=lod_break|side=short|grade=B|size=half|score=4|window=power|tier=neutral|rvol=0.657985|rs_vs_spy=-2.551926|gap_atr=-0.062961|ext_atr=0.258436|risk_atr=0.236183,227.62,12,2731.44,11.52,0.42,0,14.76,0.54,-5.76,-0.21,2888.15,11.55,2
367,Exit long,2026-09-24 09:45,sl1|exit_reason=stop|mfe_r=0.298566,237.15,21,5079.48,-99.33,-1.96,0,28.98,0.57,-99.33,-1.96,2788.82,11.16,2
367,Entry long,2026-09-24 09:35,sl1|setup=orb_break|side=long|grade=A|size=full|score=5|window=open|tier=neutral|rvol=2.408084|rs_vs_spy=4.132596|gap_atr=0.324456|ext_atr=0.262764|risk_atr=0.282788,241.88,21,5079.48,-99.33,-1.96,0,28.98,0.57,-99.33,-1.96,2788.82,11.16,2
368,Exit long,2026-09-24 10:15,sl1|exit_reason=be|mfe_r=0.820197,239.58,35,8400.35,-15.05,-0.18,0,80.15,0.95,-78.05,-0.93,2773.77,11.10,3
368,Entry long,2026-09-24 10:00,sl1|setup=vwap_reclaim|side=long|grade=A|size=full|score=5|window=open|tier=neutral|rvol=1.978306|rs_vs_spy=3.200806|gap_atr=0.324456|ext_atr=0.119851|risk_atr=0.169851,240.01,35,8400.35,-15.05,-0.18,0,80.15,0.95,-78.05,-0.93,2773.77,11.10,3
369,Exit long,2026-09-24 12:30,sl1|exit_reason=trail|mfe_r=1.727094,242.96,22,5310.8,34.32,0.65,0,83.6,1.57,-35.42,-0.67,2808.09,11.23,10
369,Entry long,2026-09-24 11:40,sl1|setup=vwap_reclaim|side=long|grade=A|size=half|score=5|window=midday|tier=neutral|rvol=2.017645|rs_vs_spy=4.052632|gap_atr=0.324456|ext_atr=0.083389|risk_atr=0.133389,241.4,22,5310.8,34.32,0.65,0,83.6,1.57,-35.42,-0.67,2808.09,11.23,10