Trade number,Type,Date and time,Signal,Price USD,Size (qty),Size (value),Net PnL USD,Return %,Commission USD,Favorable excursion USD,Favorable excursion %,Adverse excursion USD,Adverse excursion %,Cumulative PnL USD,Cumulative PnL %,Duration (bars)
1,Exit short,2025-10-14 09:50,sl1|exit_reason=stop|mfe_r=0.473703,245.78,76,18626.08,-53.2,-0.29,0,22.04,0.12,-53.2,-0.29,-53.2,-0.21,2
1,Entry short,2025-10-14 09:40,sl1|setup=orb_break|side=short|grade=B|size=half|score=4|window=open|tier=neutral|rvol=0.500122|rs_vs_spy=-0.089381|gap_atr=-0.218343|ext_atr=0.215407|risk_atr=0.145803,245.08,76,18626.08,-53.2,-0.29,0,22.04,0.12,-53.2,-0.29,-53.2,-0.21,2
2,Exit long,2025-10-15 10:40,sl1|exit_reason=be|mfe_r=1.432095,250.74,68,17053.04,-2.72,-0.02,0,70.04,0.41,-2.72,-0.02,-55.92,-0.22,9
2,Entry long,2025-10-15 09:55,sl1|setup=orb_break|side=long|grade=B|size=half|score=4|window=open|tier=neutral|rvol=0.616786|rs_vs_spy=0.32186|gap_atr=0.358436|ext_atr=0.224951|risk_atr=0.164252,250.78,68,17053.04,-2.72,-0.02,0,70.04,0.41,-2.72,-0.02,-55.92,-0.22,9
3,Exit long,2025-10-15 15:10,sl1|exit_reason=stop|mfe_r=0.364037,249.5,140,34986,-56,-0.16,0,15.4,0.04,-56,-0.16,-111.92,-0.45,4
3,Entry long,2025-10-15 14:50,sl1|setup=vwap_reclaim|side=long|grade=B|size=half|score=4|window=power|tier=neutral|rvol=0.667913|rs_vs_spy=0.391916|gap_atr=0.358436|ext_atr=0.002457|risk_atr=0.08,249.9,140,34986,-56,-0.16,0,15.4,0.04,-56,-0.16,-111.92,-0.45,4
4,Exit short,2025-10-16 09:55,sl1|exit_reason=be|mfe_r=0.785511,247.62,140,34661.2,-5.6,-0.02,0,36.4,0.11,-46.2,-0.13,-117.52,-0.47,2
4,Entry short,2025-10-16 09:45,sl1|setup=vwap_loss|side=short|grade=B|size=half|score=4|window=open|tier=neutral|rvol=0.934858|rs_vs_spy=-0.253474|gap_atr=-0.245753|ext_atr=0.022478|risk_atr=0.08,247.58,140,34661.2,-5.6,-0.02,0,36.4,0.11,-46.2,-0.13,-117.52,-0.47,2
5,Exit long,2025-10-17 10:55,sl1|exit_reason=stop|mfe_r=0.578292,248.89,56,13989.92,-52.08,-0.37,0,27.44,0.20,-52.08,-0.37,-169.6,-0.68,9
5,Entry long,2025-10-17 10:10,sl1|setup=orb_break|side=long|grade=B|size=half|score=4|window=open|tier=neutral|rvol=0.740934|rs_vs_spy=0.185525|gap_atr=0.121672|ext_atr=0.309179|risk_atr=0.198711,249.82,56,13989.92,-52.08,-0.37,0,27.44,0.20,-52.08,-0.37,-169.6,-0.68,9
6,Exit long,2025-10-17 15:50,sl1|exit_reason=trail|mfe_r=1.992945,252.39,51,12825.48,46.41,0.36,0,96.9,0.76,-1.02,-0.01,-123.19,-0.49,22
6,Entry long,2025-10-17 14:00,sl1|setup=hod_break|side=long|grade=B|size=half|score=4|window=power|tier=neutral|rvol=0.918885|rs_vs_spy=0.836711|gap_atr=0.121672|ext_atr=0.426454|risk_atr=0.217072,251.48,51,12825.48,46.41,0.36,0,96.9,0.76,-1.02,-0.01,-123.19,-0.49,22
7,Exit long,2025-10-20 10:35,sl1|exit_reason=be|mfe_r=1.307119,259.49,94,24395.82,-3.76,-0.02,0,62.98,0.26,-39.48,-0.16,-126.95,-0.51,2
7,Entry long,2025-10-20 10:25,sl1|setup=orb_break|side=long|grade=A|size=half|score=5|window=midday|tier=neutral|rvol=2.023451|rs_vs_spy=0.957007|gap_atr=0.79538|ext_atr=0.221456|risk_atr=0.115825,259.53,94,24395.82,-3.76,-0.02,0,62.98,0.26,-39.48,-0.16,-126.95,-0.51,2
8,Exit long,2025-10-21 09:55,sl1|exit_reason=stop|mfe_r=0.37544,263.03,61,16146.7,-101.87,-0.63,0,35.99,0.22,-101.87,-0.63,-228.82,-0.92,4
8,Entry long,2025-10-21 09:35,sl1|setup=orb_break|side=long|grade=A|size=full|score=5|window=open|tier=neutral|rvol=1.931193|rs_vs_spy=1.016866|gap_atr=-0.054953|ext_atr=0.229427|risk_atr=0.318878,264.7,61,16146.7,-101.87,-0.63,0,35.99,0.22,-101.87,-0.63,-228.82,-0.92,4
9,Exit long,2025-10-21 10:25,sl1|exit_reason=stop|mfe_r=0,263.57,122,32210.44,-54.9,-0.17,0,0,0.00,-54.9,-0.17,-283.72,-1.13,1
9,Entry long,2025-10-21 10:20,sl1|setup=vwap_reclaim|side=long|grade=A|size=half|score=5|window=midday|tier=neutral|rvol=1.915734|rs_vs_spy=0.76621|gap_atr=-0.054953|ext_atr=0.020083|risk_atr=0.08,264.02,122,32210.44,-54.9,-0.17,0,0,0.00,-54.9,-0.17,-283.72,-1.13,1
10,Exit short,2025-10-22 10:05,sl1|exit_reason=stop|mfe_r=0,260.53,86,22352.26,-53.32,-0.24,0,15.48,0.07,-53.32,-0.24,-337.04,-1.35,1
10,Entry short,2025-10-22 10:00,sl1|setup=orb_break|side=short|grade=B|size=half|score=4|window=open|tier=neutral|rvol=0.843196|rs_vs_spy=-0.968306|gap_atr=-0.004017|ext_atr=0.146227|risk_atr=0.116286,259.91,86,22352.26,-53.32,-0.24,0,15.48,0.07,-53.32,-0.24,-337.04,-1.35,1
11,Exit short,2025-10-24 09:40,sl1|exit_reason=stop|mfe_r=0,260.07,125,32453.75,-55,-0.17,0,28.75,0.09,-55,-0.17,-392.04,-1.57,1
11,Entry short,2025-10-24 09:35,sl1|setup=orb_break|side=short|grade=B|size=half|score=3|window=open|tier=neutral|rvol=0.765995|rs_vs_spy=-0.654385|gap_atr=0.30375|ext_atr=0.114926|risk_atr=0.08,259.63,125,32453.75,-55,-0.17,0,28.75,0.09,-55,-0.17,-392.04,-1.57,1
12,Exit long,2025-10-27 10:05,sl1|exit_reason=be|mfe_r=0.918066,266.46,125,33338.75,-31.25,-0.09,0,42.5,0.13,-42.5,-0.13,-423.29,-1.69,1
12,Entry long,2025-10-27 10:00,sl1|setup=orb_break|side=long|grade=B|size=half|score=4|window=open|tier=neutral|rvol=0.955497|rs_vs_spy=0.572062|gap_atr=0.431617|ext_atr=0.153734|risk_atr=0.08,266.71,125,33338.75,-31.25,-0.09,0,42.5,0.13,-42.5,-0.13,-423.29,-1.69,1
13,Exit long,2025-10-27 15:50,sl1|exit_reason=eod|mfe_r=1.264038,268.79,37,9888.25,56.98,0.58,0,61.79,0.62,-5.92,-0.06,-366.31,-1.47,7
13,Entry long,2025-10-27 15:15,sl1|setup=hod_break|side=long|grade=B|size=half|score=4|window=power|tier=neutral|rvol=0.865164|rs_vs_spy=0.682575|gap_atr=0.431617|ext_atr=0.26589|risk_atr=0.269028,267.25,37,9888.25,56.98,0.58,0,61.79,0.62,-5.92,-0.06,-366.31,-1.47,7
14,Exit long,2025-10-28 09:45,sl1|exit_reason=stop|mfe_r=0,268.84,76,20485.04,-53.2,-0.26,0,15.96,0.08,-53.2,-0.26,-419.51,-1.68,1
14,Entry long,2025-10-28 09:40,sl1|setup=pdh_break|side=long|grade=B|size=half|score=4|window=open|tier=neutral|rvol=0.957125|rs_vs_spy=0.354862|gap_atr=0.047387|ext_atr=0.08554|risk_atr=0.128978,269.54,76,20485.04,-53.2,-0.26,0,15.96,0.08,-53.2,-0.26,-419.51,-1.68,1
15,Exit short,2025-10-28 15:00,sl1|exit_reason=time|mfe_r=0.41957,269.23,123,33078.39,-36.9,-0.11,0,18.45,0.06,-39.36,-0.12,-456.41,-1.83,6
15,Entry short,2025-10-28 14:30,sl1|setup=vwap_loss|side=short|grade=B|size=half|score=4|window=power|tier=neutral|rvol=0.682887|rs_vs_spy=-0.152487|gap_atr=0.047387|ext_atr=0.004172|risk_atr=0.08,268.93,123,33078.39,-36.9,-0.11,0,18.45,0.06,-39.36,-0.12,-456.41,-1.83,6
16,Exit long,2025-10-29 10:40,sl1|exit_reason=stop|mfe_r=0.562382,269.51,41,11100.75,-50.84,-0.46,0,26.65,0.24,-50.84,-0.46,-507.25,-2.03,13
16,Entry long,2025-10-29 09:35,sl1|setup=orb_break|side=long|grade=B|size=half|score=4|window=open|tier=neutral|rvol=1.042506|rs_vs_spy=0.501761|gap_atr=0.064219|ext_atr=0.174482|risk_atr=0.2468,270.75,41,11100.75,-50.84,-0.46,0,26.65,0.24,-50.84,-0.46,-507.25,-2.03,13
17,Exit short,2025-10-30 09:45,sl1|exit_reason=stop|mfe_r=0,271.62,130,35254.7,-55.9,-0.16,0,45.5,0.13,-55.9,-0.16,-563.15,-2.25,1
17,Entry short,2025-10-30 09:40,sl1|setup=orb_retest|side=short|grade=B|size=half|score=3|window=open|tier=neutral|rvol=1.177867|rs_vs_spy=-0.057911|gap_atr=0.442629|ext_atr=0.126396|risk_atr=0.08,271.19,130,35254.7,-55.9,-0.16,0,45.5,0.13,-55.9,-0.16,-563.15,-2.25,1
18,Exit short,2025-10-31 09:45,sl1|exit_reason=stop|mfe_r=0.448293,272.04,51,13772.55,-101.49,-0.74,0,43.35,0.31,-101.49,-0.74,-664.64,-2.66,2
18,Entry short,2025-10-31 09:35,sl1|setup=orb_break|side=short|grade=A|size=full|score=4|window=open|tier=neutral|rvol=3.207732|rs_vs_spy=-2.349811|gap_atr=1.168652|ext_atr=0.540136|risk_atr=0.4,270.05,51,13772.55,-101.49,-0.74,0,43.35,0.31,-101.49,-0.74,-664.64,-2.66,2
19,Exit short,2025-10-31 11:40,sl1|exit_reason=trail|mfe_r=2.337384,270.64,128,34703.36,61.44,0.18,0,113.92,0.33,-3.84,-0.01,-603.2,-2.41,2
19,Entry short,2025-10-31 11:30,sl1|setup=vwap_loss|side=short|grade=A|size=half|score=4|window=midday|tier=neutral|rvol=1.935176|rs_vs_spy=-1.915217|gap_atr=1.168652|ext_atr=0.030244|risk_atr=0.080244,271.12,128,34703.36,61.44,0.18,0,113.92,0.33,-3.84,-0.01,-603.2,-2.41,2
20,Exit short,2025-11-03 10:10,sl1|exit_reason=be|mfe_r=1.100101,267.99,32,8574.4,-1.28,-0.01,0,54.08,0.63,-1.28,-0.01,-604.48,-2.42,7
20,Entry short,2025-11-03 09:35,sl1|setup=orb_break|side=short|grade=B|size=half|score=4|window=open|tier=neutral|rvol=0.633954|rs_vs_spy=-0.620894|gap_atr=0.033412|ext_atr=0.234273|risk_atr=0.305501,267.95,32,8574.4,-1.28,-0.01,0,54.08,0.63,-1.28,-0.01,-604.48,-2.42,7
21,Exit long,2025-11-04 09:45,sl1|exit_reason=stop|mfe_r=0,268.72,79,21282.6,-53.72,-0.25,0,15.01,0.07,-53.72,-0.25,-658.2,-2.63,1
21,Entry long,2025-11-04 09:40,sl1|setup=orb_break|side=long|grade=B|size=half|score=4|window=open|tier=neutral|rvol=0.905033|rs_vs_spy=0.318092|gap_atr=-0.188|ext_atr=0.152651|risk_atr=0.1252,269.4,79,21282.6,-53.72,-0.25,0,15.01,0.07,-53.72,-0.25,-658.2,-2.63,1
22,Exit short,2025-11-05 15:50,sl1|exit_reason=stop|mfe_r=0.358616,269.82,85,22881.15,-53.55,-0.23,0,16.15,0.07,-53.55,-0.23,-711.75,-2.85,4
22,Entry short,2025-11-05 15:30,sl1|setup=vwap_loss|side=short|grade=B|size=half|score=4|window=power|tier=neutral|rvol=0.701276|rs_vs_spy=-0.452203|gap_atr=-0.302893|ext_atr=0.067853|risk_atr=0.117853,269.19,85,22881.15,-53.55,-0.23,0,16.15,0.07,-53.55,-0.23,-711.75,-2.85,4
23,Exit long,2025-11-07 10:05,sl1|exit_reason=stop|mfe_r=0,270.23,102,27617.52,-54.06,-0.20,0,11.22,0.04,-54.06,-0.20,-765.81,-3.06,1
23,Entry long,2025-11-07 10:00,sl1|setup=orb_break|side=long|grade=B|size=half|score=4|window=open|tier=neutral|rvol=0.789801|rs_vs_spy=0.791533|gap_atr=-0.014016|ext_atr=0.301766|risk_atr=0.098056,270.76,102,27617.52,-54.06,-0.20,0,11.22,0.04,-54.06,-0.20,-765.81,-3.06,1
24,Exit short,2025-11-07 14:30,sl1|exit_reason=trail|mfe_r=1.651909,267.52,125,33467.5,27.5,0.08,0,80,0.24,-11.25,-0.03,-738.31,-2.95,5
24,Entry short,2025-11-07 14:05,sl1|setup=pdl_retest|side=short|grade=B|size=half|score=4|window=power|tier=neutral|rvol=1.013601|rs_vs_spy=-0.465786|gap_atr=-0.014016|ext_atr=0.39141|risk_atr=0.08,267.74,125,33467.5,27.5,0.08,0,80,0.24,-11.25,-0.03,-738.31,-2.95,5
25,Exit long,2025-11-10 09:55,sl1|exit_reason=trail|mfe_r=2.630724,273.11,85,23137.85,76.5,0.33,0,128.35,0.55,-12.75,-0.06,-661.81,-2.65,3
25,Entry long,2025-11-10 09:40,sl1|setup=orb_break|side=long|grade=B|size=half|score=4|window=open|tier=neutral|rvol=0.858128|rs_vs_spy=0.974265|gap_atr=0.085457|ext_atr=0.155846|risk_atr=0.115583,272.21,85,23137.85,76.5,0.33,0,128.35,0.55,-12.75,-0.06,-661.81,-2.65,3
26,Exit long,2025-11-11 10:40,sl1|exit_reason=be|mfe_r=0.809957,273.15,25,6829.75,-1,-0.01,0,38.5,0.56,-17.25,-0.25,-662.81,-2.65,12
26,Entry long,2025-11-11 09:40,sl1|setup=orb_break|side=long|grade=B|size=half|score=4|window=open|tier=neutral|rvol=0.722958|rs_vs_spy=1.201412|gap_atr=0.093739|ext_atr=0.293067|risk_atr=0.376135,273.19,25,6829.75,-1,-0.01,0,38.5,0.56,-17.25,-0.25,-662.81,-2.65,12
27,Exit long,2025-11-11 14:45,sl1|exit_reason=time|mfe_r=0.404915,275.26,43,11834.03,2.15,0.02,0,19.35,0.16,-7.31,-0.06,-660.66,-2.64,6
27,Entry long,2025-11-11 14:15,sl1|setup=hod_break|side=long|grade=B|size=half|score=4|window=power|tier=neutral|rvol=1.063383|rs_vs_spy=1.526326|gap_atr=0.093739|ext_atr=0.348987|risk_atr=0.226681,275.21,43,11834.03,2.15,0.02,0,19.35,0.16,-7.31,-0.06,-660.66,-2.64,6
28,Exit short,2025-11-12 10:05,sl1|exit_reason=stop|mfe_r=0.637698,273.27,53,14430.84,-52.47,-0.36,0,30.74,0.21,-52.47,-0.36,-713.13,-2.85,5
28,Entry short,2025-11-12 09:40,sl1|setup=orb_break|side=short|grade=B|size=half|score=4|window=open|tier=neutral|rvol=0.923592|rs_vs_spy=-0.80118|gap_atr=-0.105411|ext_atr=0.174377|risk_atr=0.180326,272.28,53,14430.84,-52.47,-0.36,0,30.74,0.21,-52.47,-0.36,-713.13,-2.85,5
29,Exit long,2025-11-12 14:15,sl1|exit_reason=stop|mfe_r=0,274.92,64,17647.36,-52.48,-0.30,0,0,0.00,-52.48,-0.30,-765.61,-3.06,3
29,Entry long,2025-11-12 14:00,sl1|setup=orb_retest|side=long|grade=B|size=half|score=4|window=power|tier=neutral|rvol=0.936238|rs_vs_spy=0.529747|gap_atr=-0.105411|ext_atr=0.386183|risk_atr=0.147745,275.74,64,17647.36,-52.48,-0.30,0,0,0.00,-52.48,-0.30,-765.61,-3.06,3
30,Exit long,2025-11-13 09:45,sl1|exit_reason=be|mfe_r=1.447512,275.43,58,15977.26,-2.32,-0.01,0,70.76,0.44,-17.98,-0.11,-767.93,-3.07,2
30,Entry long,2025-11-13 09:35,sl1|setup=orb_break|side=long|grade=B|size=half|score=4|window=open|tier=neutral|rvol=0.55948|rs_vs_spy=0.729854|gap_atr=0.146118|ext_atr=0.155684|risk_atr=0.166894,275.47,58,15977.26,-2.32,-0.01,0,70.76,0.44,-17.98,-0.11,-767.93,-3.07,2
31,Exit long,2025-11-14 11:05,sl1|exit_reason=trail|mfe_r=2.296479,273.66,59,16083.99,61.95,0.39,0,113.28,0.70,-25.37,-0.16,-705.98,-2.82,15
31,Entry long,2025-11-14 09:50,sl1|setup=orb_break|side=long|grade=B|size=half|score=3|window=open|tier=neutral|rvol=1.122831|rs_vs_spy=0.171302|gap_atr=-0.396434|ext_atr=0.312525|risk_atr=0.16579,272.61,59,16083.99,61.95,0.39,0,113.28,0.70,-25.37,-0.16,-705.98,-2.82,15
32,Exit short,2025-11-14 15:35,sl1|exit_reason=be|mfe_r=0.907676,273.26,122,33332.84,-4.88,-0.01,0,42.7,0.13,-4.88,-0.01,-710.86,-2.84,3
32,Entry short,2025-11-14 15:20,sl1|setup=vwap_loss|side=short|grade=B|size=half|score=4|window=power|tier=neutral|rvol=1.068286|rs_vs_spy=-0.278704|gap_atr=-0.396434|ext_atr=0.020209|risk_atr=0.08,273.22,122,33332.84,-4.88,-0.01,0,42.7,0.13,-4.88,-0.01,-710.86,-2.84,3
33,Exit short,2025-11-17 15:25,sl1|exit_reason=time|mfe_r=0.075885,266.44,31,8241.04,-18.6,-0.23,0,3.1,0.04,-23.25,-0.28,-729.46,-2.92,6
33,Entry short,2025-11-17 14:55,sl1|setup=lod_break|side=short|grade=B|size=half|score=4|window=power|tier=neutral|rvol=0.866718|rs_vs_spy=-0.097233|gap_atr=-0.696138|ext_atr=0.460134|risk_atr=0.304941,265.84,31,8241.04,-18.6,-0.23,0,3.1,0.04,-23.25,-0.28,-729.46,-2.92,6
34,Exit short,2025-11-18 10:20,sl1|exit_reason=trail|mfe_r=1.650249,266.84,33,8836.08,30.36,0.34,0,80.19,0.91,-32.01,-0.36,-699.1,-2.80,8
34,Entry short,2025-11-18 09:40,sl1|setup=orb_retest|side=short|grade=B|size=half|score=3|window=open|tier=neutral|rvol=1.048422|rs_vs_spy=-0.770523|gap_atr=0.461976|ext_atr=0.245861|risk_atr=0.280515,267.76,33,8836.08,30.36,0.34,0,80.19,0.91,-32.01,-0.36,-699.1,-2.80,8
35,Exit long,2025-11-19 11:10,sl1|exit_reason=be|mfe_r=1.320891,269.39,23,6196.89,-0.92,-0.01,0,63.94,1.03,-15.64,-0.25,-700.02,-2.80,18
35,Entry long,2025-11-19 09:40,sl1|setup=orb_retest|side=long|grade=B|size=half|score=3|window=open|tier=neutral|rvol=1.204501|rs_vs_spy=1.119928|gap_atr=-0.366076|ext_atr=0.387824|risk_atr=0.4,269.43,23,6196.89,-0.92,-0.01,0,63.94,1.03,-15.64,-0.25,-700.02,-2.80,18
36,Exit long,2025-11-20 10:10,sl1|exit_reason=time|mfe_r=0.397257,273.7,68,18691.16,-79.56,-0.43,0,38.08,0.20,-88.4,-0.47,-779.58,-3.12,6
36,Entry long,2025-11-20 09:40,sl1|setup=orb_break|side=long|grade=A|size=full|score=5|window=open|tier=neutral|rvol=1.5343|rs_vs_spy=1.378816|gap_atr=0.422206|ext_atr=0.310804|risk_atr=0.270362,274.87,68,18691.16,-79.56,-0.43,0,38.08,0.20,-88.4,-0.47,-779.58,-3.12,6
37,Exit long,2025-11-21 09:45,sl1|exit_reason=trail|mfe_r=2.546646,268.95,109,29243.61,71.94,0.25,0,142.79,0.49,-30.52,-0.10,-707.64,-2.83,2
37,Entry long,2025-11-21 09:35,sl1|setup=orb_break|side=long|grade=B|size=half|score=4|window=open|tier=neutral|rvol=0.748782|rs_vs_spy=1.001765|gap_atr=-0.091328|ext_atr=0.132175|risk_atr=0.08,268.29,109,29243.61,71.94,0.25,0,142.79,0.49,-30.52,-0.10,-707.64,-2.83,2
38,Exit long,2025-11-21 10:30,sl1|exit_reason=trail|mfe_r=1.572521,269.53,56,15067.92,25.76,0.17,0,77.28,0.51,-24.08,-0.16,-681.88,-2.73,6
38,Entry long,2025-11-21 10:00,sl1|setup=vwap_reclaim|side=long|grade=B|size=half|score=4|window=open|tier=neutral|rvol=1.174318|rs_vs_spy=1.402091|gap_atr=-0.091328|ext_atr=0.106362|risk_atr=0.156362,269.07,56,15067.92,25.76,0.17,0,77.28,0.51,-24.08,-0.16,-681.88,-2.73,6
39,Exit long,2025-11-24 15:50,sl1|exit_reason=stop|mfe_r=0.558909,275.78,66,18254.28,-52.8,-0.29,0,27.72,0.15,-52.8,-0.29,-734.68,-2.94,7
39,Entry long,2025-11-24 15:15,sl1|setup=hod_break|side=long|grade=B|size=half|score=4|window=power|tier=neutral|rvol=1.338464|rs_vs_spy=1.012015|gap_atr=-0.065133|ext_atr=0.294366|risk_atr=0.128803,276.58,66,18254.28,-52.8,-0.29,0,27.72,0.15,-52.8,-0.29,-734.68,-2.94,7
40,Exit long,2025-11-25 09:40,sl1|exit_reason=stop|mfe_r=0,279.03,129,36100.65,-105.78,-0.29,0,11.61,0.03,-105.78,-0.29,-840.46,-3.36,1
40,Entry long,2025-11-25 09:35,sl1|setup=orb_break|side=long|grade=A|size=full|score=5|window=open|tier=neutral|rvol=1.737575|rs_vs_spy=1.493308|gap_atr=-0.1008|ext_atr=0.224173|risk_atr=0.132007,279.85,129,36100.65,-105.78,-0.29,0,11.61,0.03,-105.78,-0.29,-840.46,-3.36,1
41,Exit short,2025-11-26 10:05,sl1|exit_reason=stop|mfe_r=0,277.24,107,29610.11,-54.57,-0.18,0,5.35,0.02,-54.57,-0.18,-895.03,-3.58,1
41,Entry short,2025-11-26 10:00,sl1|setup=orb_break|side=short|grade=B|size=half|score=4|window=open|tier=neutral|rvol=0.487517|rs_vs_spy=-0.08025|gap_atr=0.010342|ext_atr=0.166273|risk_atr=0.08,276.73,107,29610.11,-54.57,-0.18,0,5.35,0.02,-54.57,-0.18,-895.03,-3.58,1
42,Exit short,2025-11-26 15:50,sl1|exit_reason=eod|mfe_r=1.513187,277.27,85,23635.1,67.15,0.28,0,73.95,0.31,-20.4,-0.09,-827.88,-3.31,5
42,Entry short,2025-11-26 15:25,sl1|setup=vwap_loss|side=short|grade=B|size=half|score=4|window=power|tier=neutral|rvol=0.705284|rs_vs_spy=-0.125397|gap_atr=0.010342|ext_atr=0.05138|risk_atr=0.10138,278.06,85,23635.1,67.15,0.28,0,73.95,0.31,-20.4,-0.09,-827.88,-3.31,5
43,Exit short,2025-11-28 12:25,sl1|exit_reason=stop|mfe_r=0.657411,277.17,71,19626.53,-52.54,-0.27,0,31.24,0.16,-52.54,-0.27,-880.42,-3.52,33
43,Entry short,2025-11-28 09:40,sl1|setup=orb_break|side=short|grade=B|size=half|score=4|window=open|tier=neutral|rvol=0.447785|rs_vs_spy=-0.409868|gap_atr=-0.008938|ext_atr=0.122907|risk_atr=0.125077,276.43,71,19626.53,-52.54,-0.27,0,31.24,0.16,-52.54,-0.27,-880.42,-3.52,33
44,Exit short,2025-12-01 10:00,sl1|exit_reason=stop|mfe_r=0.281931,277.68,42,11611.32,-51.24,-0.44,0,13.02,0.11,-51.24,-0.44,-931.66,-3.73,4
44,Entry short,2025-12-01 09:40,sl1|setup=orb_break|side=short|grade=B|size=half|score=4|window=open|tier=neutral|rvol=0.620381|rs_vs_spy=-0.67866|gap_atr=-0.10721|ext_atr=0.199639|risk_atr=0.21636,276.46,42,11611.32,-51.24,-0.44,0,13.02,0.11,-51.24,-0.44,-931.66,-3.73,4
45,Exit long,2025-12-01 14:45,sl1|exit_reason=time|mfe_r=0.41218,281.48,47,13218.28,11.28,0.09,0,19.27,0.15,-25.38,-0.19,-920.38,-3.68,6
45,Entry long,2025-12-01 14:15,sl1|setup=hod_break|side=long|grade=B|size=half|score=4|window=power|tier=neutral|rvol=0.763214|rs_vs_spy=0.686322|gap_atr=-0.10721|ext_atr=0.442101|risk_atr=0.192836,281.24,47,13218.28,11.28,0.09,0,19.27,0.15,-25.38,-0.19,-920.38,-3.68,6
46,Exit long,2025-12-01 15:35,sl1|exit_reason=time|mfe_r=0.164095,281.84,51,14372.82,1.02,0.01,0,7.14,0.05,-12.75,-0.09,-919.36,-3.68,6
46,Entry long,2025-12-01 15:05,sl1|setup=hod_break|side=long|grade=B|size=half|score=4|window=power|tier=neutral|rvol=0.832363|rs_vs_spy=1.045068|gap_atr=-0.10721|ext_atr=0.476951|risk_atr=0.180232,281.82,51,14372.82,1.02,0.01,0,7.14,0.05,-12.75,-0.09,-919.36,-3.68,6
47,Exit long,2025-12-02 09:45,sl1|exit_reason=stop|mfe_r=0,283.95,89,25324.95,-53.4,-0.21,0,0,0.00,-53.4,-0.21,-972.76,-3.89,1
47,Entry long,2025-12-02 09:40,sl1|setup=orb_break|side=long|grade=B|size=half|score=4|window=open|tier=neutral|rvol=0.818225|rs_vs_spy=0.470474|gap_atr=-0.053215|ext_atr=0.129405|risk_atr=0.100509,284.55,89,25324.95,-53.4,-0.21,0,0,0.00,-53.4,-0.21,-972.76,-3.89,1
48,Exit long,2025-12-02 10:30,sl1|exit_reason=be|mfe_r=1.054957,284.17,47,13357.87,-1.88,-0.01,0,51.23,0.38,-5.17,-0.04,-974.64,-3.90,6
48,Entry long,2025-12-02 10:00,sl1|setup=pdh_break|side=long|grade=B|size=half|score=4|window=open|tier=neutral|rvol=1.020768|rs_vs_spy=0.250623|gap_atr=-0.053215|ext_atr=0.045578|risk_atr=0.189803,284.21,47,13357.87,-1.88,-0.01,0,51.23,0.38,-5.17,-0.04,-974.64,-3.90,6
49,Exit long,2025-12-03 10:25,sl1|exit_reason=time|mfe_r=0.439042,287.33,64,18426.88,-37.76,-0.20,0,20.48,0.11,-39.04,-0.21,-1012.4,-4.05,6
49,Entry long,2025-12-03 09:55,sl1|setup=pdh_break|side=long|grade=B|size=half|score=4|window=open|tier=neutral|rvol=1.011351|rs_vs_spy=0.560455|gap_atr=0.005466|ext_atr=0.067009|risk_atr=0.141104,287.92,64,18426.88,-37.76,-0.20,0,20.48,0.11,-39.04,-0.21,-1012.4,-4.05,6
50,Exit short,2025-12-03 15:40,sl1|exit_reason=trail|mfe_r=2.003976,284.63,70,19971,46.9,0.23,0,98,0.49,-14.7,-0.07,-965.5,-3.86,19
50,Entry short,2025-12-03 14:05,sl1|setup=lod_break|side=short|grade=B|size=half|score=4|window=power|tier=neutral|rvol=0.878059|rs_vs_spy=-0.843627|gap_atr=0.005466|ext_atr=0.277409|risk_atr=0.12911,285.3,70,19971,46.9,0.23,0,98,0.49,-14.7,-0.07,-965.5,-3.86,19
51,Exit short,2025-12-04 09:40,sl1|exit_reason=trail|mfe_r=1.666289,282.8,114,32266.56,27.36,0.08,0,80.94,0.25,-27.36,-0.08,-938.14,-3.75,1
51,Entry short,2025-12-04 09:35,sl1|setup=orb_break|side=short|grade=B|size=half|score=4|window=open|tier=neutral|rvol=0.684857|rs_vs_spy=-0.245836|gap_atr=-0.008217|ext_atr=0.083274|risk_atr=0.08,283.04,114,32266.56,27.36,0.08,0,80.94,0.25,-27.36,-0.08,-938.14,-3.75,1
52,Exit short,2025-12-04 14:55,sl1|exit_reason=stop|mfe_r=0.667579,280.22,52,14519.44,-52,-0.36,0,32.24,0.22,-52,-0.36,-990.14,-3.96,11
52,Entry short,2025-12-04 14:00,sl1|setup=lod_break|side=short|grade=B|size=half|score=4|window=power|tier=neutral|rvol=0.787632|rs_vs_spy=-1.51886|gap_atr=-0.008217|ext_atr=0.34365|risk_atr=0.175063,279.22,52,14519.44,-52,-0.36,0,32.24,0.22,-52,-0.36,-990.14,-3.96,11
53,Exit long,2025-12-09 09:40,sl1|exit_reason=stop|mfe_r=0,278.96,52,14557.92,-52,-0.36,0,1.04,0.01,-52,-0.36,-1042.14,-4.17,1
53,Entry long,2025-12-09 09:35,sl1|setup=orb_break|side=long|grade=B|size=half|score=4|window=open|tier=neutral|rvol=0.849781|rs_vs_spy=0.533063|gap_atr=0.036405|ext_atr=0.157408|risk_atr=0.182207,279.96,52,14557.92,-52,-0.36,0,1.04,0.01,-52,-0.36,-1042.14,-4.17,1
54,Exit short,2025-12-09 10:20,sl1|exit_reason=be|mfe_r=1.214873,277.92,108,30011.04,-4.32,-0.01,0,58.32,0.19,-12.96,-0.04,-1046.46,-4.19,3
54,Entry short,2025-12-09 10:05,sl1|setup=orb_retest|side=short|grade=B|size=half|score=4|window=open|tier=neutral|rvol=0.808703|rs_vs_spy=-0.254488|gap_atr=0.036405|ext_atr=0.200098|risk_atr=0.088321,277.88,108,30011.04,-4.32,-0.01,0,58.32,0.19,-12.96,-0.04,-1046.46,-4.19,3
55,Exit short,2025-12-11 10:00,sl1|exit_reason=trail|mfe_r=4.710585,274.64,62,17208.1,180.42,1.05,0,231.26,1.34,-9.3,-0.05,-866.04,-3.46,5
55,Entry short,2025-12-11 09:35,sl1|setup=orb_break|side=short|grade=B|size=half|score=4|window=open|tier=neutral|rvol=0.869044|rs_vs_spy=-0.590816|gap_atr=0.086995|ext_atr=0.154532|risk_atr=0.161273,277.55,62,17208.1,180.42,1.05,0,231.26,1.34,-9.3,-0.05,-866.04,-3.46,5
56,Exit long,2025-12-12 10:00,sl1|exit_reason=stop|mfe_r=0.32483,278.65,124,34608.4,-55.8,-0.16,0,13.64,0.04,-55.8,-0.16,-921.84,-3.69,2
56,Entry long,2025-12-12 09:50,sl1|setup=orb_break|side=long|grade=B|size=half|score=4|window=open|tier=neutral|rvol=0.772152|rs_vs_spy=0.427019|gap_atr=-0.017991|ext_atr=0.101734|risk_atr=0.08,279.1,124,34608.4,-55.8,-0.16,0,13.64,0.04,-55.8,-0.16,-921.84,-3.69,2
57,Exit short,2025-12-15 11:20,sl1|exit_reason=trail|mfe_r=1.867774,275.28,31,8575.22,41.54,0.48,0,92.07,1.07,-11.47,-0.13,-880.3,-3.52,21
57,Entry short,2025-12-15 09:35,sl1|setup=orb_break|side=short|grade=B|size=half|score=3|window=open|tier=neutral|rvol=1.00052|rs_vs_spy=-0.940819|gap_atr=0.373699|ext_atr=0.304948|risk_atr=0.33235,276.62,31,8575.22,41.54,0.48,0,92.07,1.07,-11.47,-0.13,-880.3,-3.52,21
58,Exit short,2025-12-15 15:50,sl1|exit_reason=stop|mfe_r=0.584673,274.3,55,15034.25,-52.25,-0.35,0,28.05,0.19,-52.25,-0.35,-932.55,-3.73,19
58,Entry short,2025-12-15 14:15,sl1|setup=lod_break|side=short|grade=B|size=half|score=3|window=power|tier=neutral|rvol=1.092417|rs_vs_spy=-1.733263|gap_atr=0.373699|ext_atr=0.310624|risk_atr=0.188197,273.35,55,15034.25,-52.25,-0.35,0,28.05,0.19,-52.25,-0.35,-932.55,-3.73,19
59,Exit short,2025-12-16 09:45,sl1|exit_reason=be|mfe_r=1.372922,272.49,116,31604.2,-4.64,-0.01,0,66.12,0.21,-6.96,-0.02,-937.19,-3.75,2
59,Entry short,2025-12-16 09:35,sl1|setup=orb_break|side=short|grade=B|size=half|score=4|window=open|tier=neutral|rvol=0.722129|rs_vs_spy=-0.228762|gap_atr=-0.232241|ext_atr=0.048142|risk_atr=0.086037,272.45,116,31604.2,-4.64,-0.01,0,66.12,0.21,-6.96,-0.02,-937.19,-3.75,2
60,Exit short,2025-12-16 10:05,sl1|exit_reason=stop|mfe_r=0,273.24,125,34100,-55,-0.16,0,17.5,0.05,-55,-0.16,-992.19,-3.97,1
60,Entry short,2025-12-16 10:00,sl1|setup=pdl_break|side=short|grade=B|size=half|score=4|window=open|tier=neutral|rvol=0.754682|rs_vs_spy=-0.153555|gap_atr=-0.232241|ext_atr=0.020725|risk_atr=0.08,272.8,125,34100,-55,-0.16,0,17.5,0.05,-55,-0.16,-992.19,-3.97,1
61,Exit long,2025-12-16 15:30,sl1|exit_reason=time|mfe_r=0.325855,274.91,40,10986,10.4,0.09,0,15.2,0.14,-13.2,-0.12,-981.79,-3.93,6
61,Entry long,2025-12-16 15:00,sl1|setup=hod_break|side=long|grade=B|size=half|score=4|window=power|tier=neutral|rvol=0.860268|rs_vs_spy=0.678785|gap_atr=-0.232241|ext_atr=0.290373|risk_atr=0.245763,274.65,40,10986,10.4,0.09,0,15.2,0.14,-13.2,-0.12,-981.79,-3.93,6
62,Exit short,2025-12-18 10:20,sl1|exit_reason=stop|mfe_r=0.574279,270.06,51,13671.06,-102,-0.75,0,56.1,0.41,-102,-0.75,-1083.79,-4.34,9
62,Entry short,2025-12-18 09:35,sl1|setup=orb_break|side=short|grade=A|size=full|score=4|window=open|tier=neutral|rvol=2.28596|rs_vs_spy=-1.890219|gap_atr=0.344568|ext_atr=0.340273|risk_atr=0.4,268.06,51,13671.06,-102,-0.75,0,56.1,0.41,-102,-0.75,-1083.79,-4.34,9
63,Exit short,2025-12-18 12:30,sl1|exit_reason=stop|mfe_r=0.239143,270.54,108,29164.32,-54,-0.19,0,9.72,0.03,-54,-0.19,-1137.79,-4.55,2
63,Entry short,2025-12-18 12:20,sl1|setup=vwap_loss|side=short|grade=A|size=half|score=4|window=midday|tier=neutral|rvol=1.823186|rs_vs_spy=-0.912433|gap_atr=0.344568|ext_atr=0.044341|risk_atr=0.094341,270.04,108,29164.32,-54,-0.19,0,9.72,0.03,-54,-0.19,-1137.79,-4.55,2
64,Exit long,2025-12-19 15:15,sl1|exit_reason=stop|mfe_r=0.72434,271.03,124,33663.52,-55.8,-0.17,0,33.48,0.10,-55.8,-0.17,-1193.59,-4.77,11
64,Entry long,2025-12-19 14:20,sl1|setup=vwap_reclaim|side=long|grade=B|size=half|score=4|window=power|tier=neutral|rvol=1.541771|rs_vs_spy=-0.903544|gap_atr=0.02198|ext_atr=0.013323|risk_atr=0.08,271.48,124,33663.52,-55.8,-0.17,0,33.48,0.10,-55.8,-0.17,-1193.59,-4.77,11
65,Exit short,2025-12-22 09:50,sl1|exit_reason=stop|mfe_r=0,272.89,73,19868.41,-52.56,-0.26,0,0,0.00,-52.56,-0.26,-1246.15,-4.98,1
65,Entry short,2025-12-22 09:45,sl1|setup=orb_break|side=short|grade=B|size=half|score=4|window=open|tier=neutral|rvol=1.091607|rs_vs_spy=-0.138804|gap_atr=-0.291001|ext_atr=0.142853|risk_atr=0.136297,272.17,73,19868.41,-52.56,-0.26,0,0,0.00,-52.56,-0.26,-1246.15,-4.98,1
66,Exit long,2025-12-23 10:00,sl1|exit_reason=stop|mfe_r=0,271.08,63,17130.96,-52.92,-0.31,0,0,0.00,-52.92,-0.31,-1299.07,-5.20,2
66,Entry long,2025-12-23 09:50,sl1|setup=orb_retest|side=long|grade=B|size=half|score=4|window=open|tier=neutral|rvol=0.840447|rs_vs_spy=0.114724|gap_atr=0.01438|ext_atr=0.20598|risk_atr=0.162984,271.92,63,17130.96,-52.92,-0.31,0,0,0.00,-52.92,-0.31,-1299.07,-5.20,2
67,Exit long,2025-12-24 09:45,sl1|exit_reason=stop|mfe_r=0.409598,273.99,132,36222.12,-55.44,-0.15,0,18.48,0.05,-55.44,-0.15,-1354.51,-5.42,2
67,Entry long,2025-12-24 09:35,sl1|setup=orb_break|side=long|grade=B|size=half|score=4|window=open|tier=neutral|rvol=1.130161|rs_vs_spy=0.751268|gap_atr=0.004228|ext_atr=0.120403|risk_atr=0.08,274.41,132,36222.12,-55.44,-0.15,0,18.48,0.05,-55.44,-0.15,-1354.51,-5.42,2
68,Exit long,2025-12-24 10:20,sl1|exit_reason=be|mfe_r=1.083453,274.02,132,36175.92,-5.28,-0.01,0,51.48,0.14,-34.32,-0.09,-1359.79,-5.44,2
68,Entry long,2025-12-24 10:10,sl1|setup=vwap_reclaim|side=long|grade=B|size=half|score=4|window=open|tier=neutral|rvol=0.739345|rs_vs_spy=0.484251|gap_atr=0.004228|ext_atr=0.021735|risk_atr=0.08,274.06,132,36175.92,-5.28,-0.01,0,51.48,0.14,-34.32,-0.09,-1359.79,-5.44,2
69,Exit long,2025-12-26 14:50,sl1|exit_reason=time|mfe_r=0.270361,274.53,135,37089.9,-28.35,-0.08,0,10.8,0.03,-36.45,-0.10,-1388.14,-5.55,6
69,Entry long,2025-12-26 14:20,sl1|setup=vwap_reclaim|side=long|grade=B|size=half|score=4|window=power|tier=neutral|rvol=0.545898|rs_vs_spy=0.27514|gap_atr=0.125448|ext_atr=0.007488|risk_atr=0.08,274.74,135,37089.9,-28.35,-0.08,0,10.8,0.03,-36.45,-0.10,-1388.14,-5.55,6
70,Exit short,2025-12-26 15:50,sl1|exit_reason=eod|mfe_r=2.460287,273.04,135,36956.25,95.85,0.26,0,120.15,0.33,-9.45,-0.03,-1292.29,-5.17,3
70,Entry short,2025-12-26 15:35,sl1|setup=orb_break|side=short|grade=B|size=half|score=4|window=power|tier=neutral|rvol=0.570499|rs_vs_spy=-0.11189|gap_atr=0.125448|ext_atr=0.175286|risk_atr=0.08,273.75,135,36956.25,95.85,0.26,0,120.15,0.33,-9.45,-0.03,-1292.29,-5.17,3
71,Exit long,2025-12-31 10:15,sl1|exit_reason=stop|mfe_r=0.09787,272.53,97,26489.73,-54.32,-0.21,0,2.91,0.01,-54.32,-0.21,-1346.61,-5.39,5
71,Entry long,2025-12-31 09:50,sl1|setup=vwap_reclaim|side=long|grade=B|size=half|score=4|window=open|tier=neutral|rvol=0.470633|rs_vs_spy=0.120837|gap_atr=0.012141|ext_atr=0.074053|risk_atr=0.124053,273.09,97,26489.73,-54.32,-0.21,0,2.91,0.01,-54.32,-0.21,-1346.61,-5.39,5
72,Exit long,2026-01-02 10:10,sl1|exit_reason=be|mfe_r=1.432372,275.53,31,8542.67,-1.24,-0.01,0,69.75,0.82,-1.55,-0.02,-1347.85,-5.39,6
72,Entry long,2026-01-02 09:40,sl1|setup=pdh_retest|side=long|grade=B|size=half|score=4|window=open|tier=neutral|rvol=1.353268|rs_vs_spy=1.326529|gap_atr=0.104746|ext_atr=0.383993|risk_atr=0.4,275.57,31,8542.67,-1.24,-0.01,0,69.75,0.82,-1.55,-0.02,-1347.85,-5.39,6
73,Exit short,2026-01-05 09:40,sl1|exit_reason=stop|mfe_r=0,268.46,289,77472.23,-112.71,-0.15,0,52.02,0.07,-112.71,-0.15,-1460.56,-5.84,1
73,Entry short,2026-01-05 09:35,sl1|setup=orb_break|side=short|grade=A|size=full|score=5|window=open|tier=neutral|rvol=1.641901|rs_vs_spy=-1.000436|gap_atr=-0.081199|ext_atr=0.168428|risk_atr=0.08,268.07,289,77472.23,-112.71,-0.15,0,52.02,0.07,-112.71,-0.15,-1460.56,-5.84,1
74,Exit short,2026-01-05 15:50,sl1|exit_reason=stop|mfe_r=0.714621,267.6,59,15736.48,-51.92,-0.33,0,34.22,0.22,-51.92,-0.33,-1512.48,-6.05,19
74,Entry short,2026-01-05 14:15,sl1|setup=lod_break|side=short|grade=B|size=half|score=4|window=power|tier=neutral|rvol=1.334432|rs_vs_spy=-1.691559|gap_atr=-0.081199|ext_atr=0.451324|risk_atr=0.194786,266.72,59,15736.48,-51.92,-0.33,0,34.22,0.22,-51.92,-0.33,-1512.48,-6.05,19
75,Exit short,2026-01-06 09:45,sl1|exit_reason=be|mfe_r=1.085248,263.96,120,31670.4,-4.8,-0.02,0,105.6,0.33,-30,-0.09,-1517.28,-6.07,2
75,Entry short,2026-01-06 09:35,sl1|setup=orb_break|side=short|grade=A|size=full|score=5|window=open|tier=neutral|rvol=2.182152|rs_vs_spy=-1.180956|gap_atr=-0.060418|ext_atr=0.202987|risk_atr=0.189076,263.92,120,31670.4,-4.8,-0.02,0,105.6,0.33,-30,-0.09,-1517.28,-6.07,2
76,Exit short,2026-01-06 10:30,sl1|exit_reason=be|mfe_r=0.829561,264.25,115,30384.15,-4.6,-0.02,0,39.1,0.13,-28.75,-0.09,-1521.88,-6.09,3
76,Entry short,2026-01-06 10:15,sl1|setup=vwap_loss|side=short|grade=A|size=half|score=5|window=midday|tier=neutral|rvol=1.820155|rs_vs_spy=-1.41541|gap_atr=-0.060418|ext_atr=0.048941|risk_atr=0.098941,264.21,115,30384.15,-4.6,-0.02,0,39.1,0.13,-28.75,-0.09,-1521.88,-6.09,3
77,Exit short,2026-01-06 11:45,sl1|exit_reason=trail|mfe_r=2.094851,263.01,62,16358.08,51.46,0.31,0,102.3,0.63,-1.24,-0.01,-1470.42,-5.88,10
77,Entry short,2026-01-06 10:55,sl1|setup=vwap_loss|side=short|grade=A|size=half|score=5|window=midday|tier=neutral|rvol=1.617724|rs_vs_spy=-1.350471|gap_atr=-0.060418|ext_atr=0.131755|risk_atr=0.181755,263.84,62,16358.08,51.46,0.31,0,102.3,0.63,-1.24,-0.01,-1470.42,-5.88,10
78,Exit short,2026-01-07 14:30,sl1|exit_reason=be|mfe_r=1.253153,261.78,130,34026.2,-5.2,-0.02,0,59.8,0.18,-5.2,-0.02,-1475.62,-5.90,4
78,Entry short,2026-01-07 14:10,sl1|setup=vwap_loss|side=short|grade=B|size=half|score=4|window=power|tier=neutral|rvol=1.462502|rs_vs_spy=-0.513885|gap_atr=0.219699|ext_atr=0.03587|risk_atr=0.08587,261.74,130,34026.2,-5.2,-0.02,0,59.8,0.18,-5.2,-0.02,-1475.62,-5.90,4
79,Exit short,2026-01-07 15:50,sl1|exit_reason=eod|mfe_r=0.924242,259.99,94,24513.32,74.26,0.30,0,90.24,0.37,-15.04,-0.06,-1401.36,-5.61,4
79,Entry short,2026-01-07 15:30,sl1|setup=lod_break|side=short|grade=A|size=full|score=5|window=power|tier=neutral|rvol=1.529465|rs_vs_spy=-0.562239|gap_atr=0.219699|ext_atr=0.236942|risk_atr=0.237708,260.78,94,24513.32,74.26,0.30,0,90.24,0.37,-15.04,-0.06,-1401.36,-5.61,4
80,Exit short,2026-01-08 09:45,sl1|exit_reason=stop|mfe_r=0,256.51,269,68888.21,-112.98,-0.16,0,64.56,0.09,-112.98,-0.16,-1514.34,-6.06,1
80,Entry short,2026-01-08 09:40,sl1|setup=orb_break|side=short|grade=A|size=full|score=5|window=open|tier=neutral|rvol=1.934563|rs_vs_spy=-0.206457|gap_atr=-0.752526|ext_atr=0.16786|risk_atr=0.083949,256.09,269,68888.21,-112.98,-0.16,0,64.56,0.09,-112.98,-0.16,-1514.34,-6.06,1
81,Exit short,2026-01-08 10:25,sl1|exit_reason=stop|mfe_r=0.562449,256.89,108,27689.04,-55.08,-0.20,0,25.92,0.09,-55.08,-0.20,-1569.42,-6.28,2
81,Entry short,2026-01-08 10:15,sl1|setup=vwap_loss|side=short|grade=A|size=half|score=5|window=midday|tier=neutral|rvol=1.856035|rs_vs_spy=-0.378165|gap_atr=-0.752526|ext_atr=0.054621|risk_atr=0.104621,256.38,108,27689.04,-55.08,-0.20,0,25.92,0.09,-55.08,-0.20,-1569.42,-6.28,2
82,Exit short,2026-01-09 10:00,sl1|exit_reason=trail|mfe_r=2.278616,257.17,67,17290.69,60.3,0.35,0,123.95,0.72,-31.49,-0.18,-1509.12,-6.04,5
82,Entry short,2026-01-09 09:35,sl1|setup=orb_break|side=short|grade=B|size=half|score=4|window=open|tier=neutral|rvol=1.072285|rs_vs_spy=-0.564107|gap_atr=0.013533|ext_atr=0.148508|risk_atr=0.167287,258.07,67,17290.69,60.3,0.35,0,123.95,0.72,-31.49,-0.18,-1509.12,-6.04,5
83,Exit short,2026-01-12 09:45,sl1|exit_reason=stop|mfe_r=0.499948,258.19,55,14148.2,-52.25,-0.37,0,23.65,0.17,-52.25,-0.37,-1561.37,-6.25,2
83,Entry short,2026-01-12 09:35,sl1|setup=orb_break|side=short|grade=B|size=half|score=4|window=open|tier=neutral|rvol=1.262518|rs_vs_spy=-1.079668|gap_atr=-0.003408|ext_atr=0.25554|risk_atr=0.204479,257.24,55,14148.2,-52.25,-0.37,0,23.65,0.17,-52.25,-0.37,-1561.37,-6.25,2
84,Exit long,2026-01-13 09:45,sl1|exit_reason=stop|mfe_r=0.005812,259.86,29,7587.27,-51.33,-0.68,0,0,0.00,-51.33,-0.68,-1612.7,-6.45,2
84,Entry long,2026-01-13 09:35,sl1|setup=orb_break|side=long|grade=B|size=half|score=3|window=open|tier=neutral|rvol=1.088916|rs_vs_spy=1.072871|gap_atr=-0.335685|ext_atr=0.315242|risk_atr=0.390222,261.63,29,7587.27,-51.33,-0.68,0,0,0.00,-51.33,-0.68,-1612.7,-6.45,2
85,Exit long,2026-01-13 10:15,sl1|exit_reason=stop|mfe_r=0.510332,259.85,141,36695.25,-56.4,-0.15,0,22.56,0.06,-56.4,-0.15,-1669.1,-6.68,2
85,Entry long,2026-01-13 10:05,sl1|setup=vwap_reclaim|side=long|grade=B|size=half|score=3|window=open|tier=neutral|rvol=0.808736|rs_vs_spy=0.860125|gap_atr=-0.335685|ext_atr=0.012174|risk_atr=0.08,260.25,141,36695.25,-56.4,-0.15,0,22.56,0.06,-56.4,-0.15,-1669.1,-6.68,2
86,Exit long,2026-01-14 10:40,sl1|exit_reason=time|mfe_r=0.345761,259.45,28,7290.36,-25.76,-0.35,0,16.24,0.22,-31.08,-0.43,-1694.86,-6.78,6
86,Entry long,2026-01-14 10:10,sl1|setup=orb_fail|side=long|grade=B|size=half|score=2|window=open|tier=neutral|rvol=0.769355|rs_vs_spy=0.390754|gap_atr=-0.364202|ext_atr=0.051258|risk_atr=0.4,260.37,28,7290.36,-25.76,-0.35,0,16.24,0.22,-31.08,-0.43,-1694.86,-6.78,6
87,Exit long,2026-01-14 15:15,sl1|exit_reason=trail|mfe_r=2.722869,259.31,144,37261.44,79.2,0.21,0,132.48,0.36,-7.2,-0.02,-1615.66,-6.46,3
87,Entry long,2026-01-14 15:00,sl1|setup=vwap_reclaim|side=long|grade=B|size=half|score=3|window=power|tier=neutral|rvol=0.990507|rs_vs_spy=0.092547|gap_atr=-0.364202|ext_atr=0.024835|risk_atr=0.08,258.76,144,37261.44,79.2,0.21,0,132.48,0.36,-7.2,-0.02,-1615.66,-6.46,3
88,Exit long,2026-01-15 10:10,sl1|exit_reason=stop|mfe_r=0.284519,260.09,142,36989.58,-56.8,-0.15,0,11.36,0.03,-56.8,-0.15,-1672.46,-6.69,2
88,Entry long,2026-01-15 10:00,sl1|setup=vwap_reclaim|side=long|grade=B|size=half|score=4|window=open|tier=neutral|rvol=0.729081|rs_vs_spy=0.026513|gap_atr=0.198025|ext_atr=0.008276|risk_atr=0.08,260.49,142,36989.58,-56.8,-0.15,0,11.36,0.03,-56.8,-0.15,-1672.46,-6.69,2
89,Exit short,2026-01-15 15:05,sl1|exit_reason=time|mfe_r=0.329482,257.69,39,10054.2,4.29,0.04,0,15.6,0.16,-12.87,-0.13,-1668.17,-6.67,6
89,Entry short,2026-01-15 14:35,sl1|setup=lod_break|side=short|grade=B|size=half|score=4|window=power|tier=neutral|rvol=0.814759|rs_vs_spy=-0.959551|gap_atr=0.198025|ext_atr=0.452304|risk_atr=0.290147,257.8,39,10054.2,4.29,0.04,0,15.6,0.16,-12.87,-0.13,-1668.17,-6.67,6
90,Exit short,2026-01-16 10:05,sl1|exit_reason=stop|mfe_r=0.669964,257.24,139,35700.76,-55.6,-0.16,0,30.58,0.09,-55.6,-0.16,-1723.77,-6.90,2
90,Entry short,2026-01-16 09:55,sl1|setup=pdl_break|side=short|grade=B|size=half|score=4|window=open|tier=neutral|rvol=0.843972|rs_vs_spy=-0.182784|gap_atr=-0.082482|ext_atr=0.185251|risk_atr=0.082076,256.84,139,35700.76,-55.6,-0.16,0,30.58,0.09,-55.6,-0.16,-1723.77,-6.90,2
91,Exit short,2026-01-20 15:50,sl1|exit_reason=eod|mfe_r=3.558943,244.96,37,9180.44,116.92,1.27,0,173.53,1.89,-4.44,-0.05,-1606.85,-6.43,21
91,Entry short,2026-01-20 14:05,sl1|setup=lod_break|side=short|grade=B|size=half|score=4|window=power|tier=neutral|rvol=1.086417|rs_vs_spy=-1.447923|gap_atr=-0.601884|ext_atr=0.713817|risk_atr=0.305191,248.12,37,9180.44,116.92,1.27,0,173.53,1.89,-4.44,-0.05,-1606.85,-6.43,21
92,Exit short,2026-01-21 10:10,sl1|exit_reason=stop|mfe_r=0,246.82,127,31290.26,-55.88,-0.18,0,12.7,0.04,-55.88,-0.18,-1662.73,-6.65,1
92,Entry short,2026-01-21 10:05,sl1|setup=orb_break|side=short|grade=B|size=half|score=3|window=open|tier=neutral|rvol=1.02054|rs_vs_spy=-1.293686|gap_atr=0.374108|ext_atr=0.129263|risk_atr=0.08,246.38,127,31290.26,-55.88,-0.18,0,12.7,0.04,-55.88,-0.18,-1662.73,-6.65,1
93,Exit long,2026-01-22 10:50,sl1|exit_reason=stop|mfe_r=0.718056,249.17,78,19489.08,-53.82,-0.28,0,34.32,0.18,-53.82,-0.28,-1716.55,-6.87,11
93,Entry long,2026-01-22 09:55,sl1|setup=vwap_reclaim|side=long|grade=B|size=half|score=4|window=open|tier=neutral|rvol=1.138184|rs_vs_spy=0.565086|gap_atr=0.300123|ext_atr=0.078176|risk_atr=0.128176,249.86,78,19489.08,-53.82,-0.28,0,34.32,0.18,-53.82,-0.28,-1716.55,-6.87,11
94,Exit long,2026-01-22 14:35,sl1|exit_reason=stop|mfe_r=0.142959,250.04,64,16054.4,-51.84,-0.32,0,5.76,0.04,-51.84,-0.32,-1768.39,-7.07,5
94,Entry long,2026-01-22 14:10,sl1|setup=hod_break|side=long|grade=B|size=half|score=4|window=power|tier=neutral|rvol=0.812317|rs_vs_spy=0.555118|gap_atr=0.300123|ext_atr=0.216044|risk_atr=0.153954,250.85,64,16054.4,-51.84,-0.32,0,5.76,0.04,-51.84,-0.32,-1768.39,-7.07,5
95,Exit short,2026-01-23 09:50,sl1|exit_reason=stop|mfe_r=0,245.62,56,13702.64,-52.08,-0.38,0,0,0.00,-52.08,-0.38,-1820.47,-7.28,1
95,Entry short,2026-01-23 09:45,sl1|setup=orb_break|side=short|grade=B|size=half|score=4|window=open|tier=neutral|rvol=1.263897|rs_vs_spy=-0.956699|gap_atr=-0.199785|ext_atr=0.194767|risk_atr=0.181141,244.69,56,13702.64,-52.08,-0.38,0,0,0.00,-52.08,-0.38,-1820.47,-7.28,1
96,Exit long,2026-01-26 10:10,sl1|exit_reason=trail|mfe_r=1.530287,253.1,50,12631,24,0.19,0,74.5,0.59,-33.5,-0.27,-1796.47,-7.19,7
96,Entry long,2026-01-26 09:35,sl1|setup=orb_break|side=long|grade=B|size=half|score=4|window=open|tier=neutral|rvol=1.195825|rs_vs_spy=0.294096|gap_atr=0.70849|ext_atr=0.267531|risk_atr=0.201966,252.62,50,12631,24,0.19,0,74.5,0.59,-33.5,-0.27,-1796.47,-7.19,7
97,Exit long,2026-01-26 15:50,sl1|exit_reason=stop|mfe_r=0.581276,254.82,46,11773.7,-51.98,-0.44,0,28.06,0.24,-51.98,-0.44,-1848.45,-7.39,17
97,Entry long,2026-01-26 14:25,sl1|setup=hod_break|side=long|grade=B|size=half|score=4|window=power|tier=neutral|rvol=1.165409|rs_vs_spy=1.311545|gap_atr=0.70849|ext_atr=0.401446|risk_atr=0.222573,255.95,46,11773.7,-51.98,-0.44,0,28.06,0.24,-51.98,-0.44,-1848.45,-7.39,17
98,Exit long,2026-01-27 09:55,sl1|exit_reason=trail|mfe_r=1.992735,261.29,240,62620.8,88.8,0.14,0,247.2,0.39,-69.6,-0.11,-1759.65,-7.04,2
98,Entry long,2026-01-27 09:45,sl1|setup=orb_break|side=long|grade=A|size=full|score=5|window=open|tier=neutral|rvol=2.148187|rs_vs_spy=0.639838|gap_atr=0.732906|ext_atr=0.13259|risk_atr=0.081188,260.92,240,62620.8,88.8,0.14,0,247.2,0.39,-69.6,-0.11,-1759.65,-7.04,2
99,Exit long,2026-01-27 11:20,sl1|exit_reason=be|mfe_r=1.040338,260.77,85,22168.85,-3.4,-0.02,0,50.15,0.23,-4.25,-0.02,-1763.05,-7.05,4
99,Entry long,2026-01-27 11:00,sl1|setup=vwap_reclaim|side=long|grade=A|size=half|score=5|window=midday|tier=neutral|rvol=1.599073|rs_vs_spy=0.36546|gap_atr=0.732906|ext_atr=0.064292|risk_atr=0.114292,260.81,85,22168.85,-3.4,-0.02,0,50.15,0.23,-4.25,-0.02,-1763.05,-7.05,4
100,Exit short,2026-01-28 14:45,sl1|exit_reason=be|mfe_r=1.129828,256.17,34,8708.42,-1.36,-0.02,0,55.08,0.63,-36.38,-0.42,-1764.41,-7.06,62
100,Entry short,2026-01-28 09:35,sl1|setup=orb_break|side=short|grade=B|size=half|score=4|window=open|tier=neutral|rvol=0.65164|rs_vs_spy=-0.53332|gap_atr=-0.150068|ext_atr=0.204856|risk_atr=0.277492,256.13,34,8708.42,-1.36,-0.02,0,55.08,0.63,-36.38,-0.42,-1764.41,-7.06,62
101,Exit short,2026-01-29 09:50,sl1|exit_reason=be|mfe_r=0.78859,256.86,53,13611.46,-2.12,-0.02,0,38.16,0.28,-27.03,-0.20,-1766.53,-7.07,3
101,Entry short,2026-01-29 09:35,sl1|setup=orb_break|side=short|grade=B|size=half|score=3|window=open|tier=neutral|rvol=0.703199|rs_vs_spy=-0.30789|gap_atr=0.306714|ext_atr=0.200113|risk_atr=0.181587,256.82,53,13611.46,-2.12,-0.02,0,38.16,0.28,-27.03,-0.20,-1766.53,-7.07,3
102,Exit short,2026-01-30 09:45,sl1|exit_reason=be|mfe_r=0.80657,254.18,92,23329.36,-55.2,-0.24,0,78.2,0.34,-61.64,-0.26,-1821.73,-7.29,1
102,Entry short,2026-01-30 09:40,sl1|setup=pdl_break|side=short|grade=A|size=full|score=5|window=open|tier=neutral|rvol=2.165099|rs_vs_spy=-0.728908|gap_atr=-0.552888|ext_atr=0.151775|risk_atr=0.20852,253.58,92,23329.36,-55.2,-0.24,0,78.2,0.34,-61.64,-0.26,-1821.73,-7.29,1
103,Exit short,2026-01-30 10:35,sl1|exit_reason=stop|mfe_r=0.284636,255.44,37,9400.22,-51.06,-0.54,0,13.32,0.14,-51.06,-0.54,-1872.79,-7.49,2
103,Entry short,2026-01-30 10:25,sl1|setup=vwap_loss|side=short|grade=A|size=half|score=5|window=midday|tier=neutral|rvol=2.24697|rs_vs_spy=-0.35865|gap_atr=-0.552888|ext_atr=0.208086|risk_atr=0.258086,254.06,37,9400.22,-51.06,-0.54,0,13.32,0.14,-51.06,-0.54,-1872.79,-7.49,2
104,Exit long,2026-01-30 15:50,sl1|exit_reason=trail|mfe_r=1.63044,260.23,60,15553.8,60,0.39,0,160.2,1.03,-10.8,-0.07,-1812.79,-7.25,7
104,Entry long,2026-01-30 15:15,sl1|setup=hod_break|side=long|grade=A|size=full|score=4|window=power|tier=neutral|rvol=1.814012|rs_vs_spy=1.887549|gap_atr=-0.552888|ext_atr=0.672047|risk_atr=0.318947,259.23,60,15553.8,60,0.39,0,160.2,1.03,-10.8,-0.07,-1812.79,-7.25,7
105,Exit long,2026-02-02 10:40,sl1|exit_reason=trail|mfe_r=2.134103,264.15,83,21815.72,108.73,0.50,0,209.99,0.96,-14.94,-0.07,-1704.06,-6.82,11
105,Entry long,2026-02-02 09:45,sl1|setup=pdh_break|side=long|grade=A|size=full|score=5|window=open|tier=neutral|rvol=1.564395|rs_vs_spy=0.626956|gap_atr=0.110957|ext_atr=0.228321|risk_atr=0.217345,262.84,83,21815.72,108.73,0.50,0,209.99,0.96,-14.94,-0.07,-1704.06,-6.82,11
106,Exit long,2026-02-02 11:40,sl1|exit_reason=trail|mfe_r=3.319613,264.26,113,29750.64,110.74,0.37,0,162.72,0.55,-39.55,-0.13,-1593.32,-6.37,7
106,Entry long,2026-02-02 11:05,sl1|setup=vwap_reclaim|side=long|grade=A|size=half|score=5|window=midday|tier=neutral|rvol=1.745917|rs_vs_spy=0.511989|gap_atr=0.110957|ext_atr=0.017404|risk_atr=0.08,263.28,113,29750.64,110.74,0.37,0,162.72,0.55,-39.55,-0.13,-1593.32,-6.37,7
107,Exit long,2026-02-02 14:30,sl1|exit_reason=time|mfe_r=0.215214,267.09,48,12817.44,2.88,0.02,0,20.16,0.16,-12.48,-0.10,-1590.44,-6.36,6
107,Entry long,2026-02-02 14:00,sl1|setup=hod_break|side=long|grade=A|size=full|score=5|window=power|tier=neutral|rvol=1.612487|rs_vs_spy=1.686295|gap_atr=0.110957|ext_atr=0.583754|risk_atr=0.371884,267.03,48,12817.44,2.88,0.02,0,20.16,0.16,-12.48,-0.10,-1590.44,-6.36,6
108,Exit long,2026-02-03 09:55,sl1|exit_reason=trail|mfe_r=1.944188,270.33,52,14027.52,29.64,0.21,0,94.64,0.67,-17.68,-0.13,-1560.8,-6.24,2
108,Entry long,2026-02-03 09:45,sl1|setup=vwap_reclaim|side=long|grade=B|size=half|score=4|window=open|tier=neutral|rvol=0.775389|rs_vs_spy=0.193219|gap_atr=-0.121807|ext_atr=0.11011|risk_atr=0.16011,269.76,52,14027.52,29.64,0.21,0,94.64,0.67,-17.68,-0.13,-1560.8,-6.24,2
109,Exit long,2026-02-04 09:55,sl1|exit_reason=trail|mfe_r=3.048113,277.46,94,25906.4,174.84,0.67,0,301.74,1.16,-50.76,-0.20,-1385.96,-5.54,4
109,Entry long,2026-02-04 09:35,sl1|setup=orb_break|side=long|grade=A|size=full|score=5|window=open|tier=neutral|rvol=2.165703|rs_vs_spy=1.173287|gap_atr=0.485894|ext_atr=0.163307|risk_atr=0.182909,275.6,94,25906.4,174.84,0.67,0,301.74,1.16,-50.76,-0.20,-1385.96,-5.54,4
110,Exit long,2026-02-04 10:35,sl1|exit_reason=stop|mfe_r=0,275.78,107,29563.03,-54.57,-0.18,0,28.89,0.10,-54.57,-0.18,-1440.53,-5.76,1
110,Entry long,2026-02-04 10:30,sl1|setup=vwap_reclaim|side=long|grade=A|size=half|score=5|window=midday|tier=neutral|rvol=2.07211|rs_vs_spy=1.762769|gap_atr=0.485894|ext_atr=0.018605|risk_atr=0.08,276.29,107,29563.03,-54.57,-0.18,0,28.89,0.10,-54.57,-0.18,-1440.53,-5.76,1
111,Exit long,2026-02-04 15:30,sl1|exit_reason=trail|mfe_r=3.127114,277.43,158,43628.54,205.4,0.47,0,308.1,0.71,-20.54,-0.05,-1235.13,-4.94,3
111,Entry long,2026-02-04 15:15,sl1|setup=vwap_reclaim|side=long|grade=A|size=full|score=5|window=power|tier=neutral|rvol=1.847388|rs_vs_spy=1.831476|gap_atr=0.485894|ext_atr=0.058739|risk_atr=0.108739,276.13,158,43628.54,205.4,0.47,0,308.1,0.71,-20.54,-0.05,-1235.13,-4.94,3
112,Exit short,2026-02-05 09:50,sl1|exit_reason=stop|mfe_r=0.151719,276.01,21,5745.39,-50.82,-0.88,0,7.14,0.12,-50.82,-0.88,-1285.95,-5.14,2
112,Entry short,2026-02-05 09:40,sl1|setup=orb_retest|side=short|grade=B|size=half|score=3|window=open|tier=neutral|rvol=0.958856|rs_vs_spy=-1.915314|gap_atr=0.287316|ext_atr=0.36939|risk_atr=0.391807,273.59,21,5745.39,-50.82,-0.88,0,7.14,0.12,-50.82,-0.88,-1285.95,-5.14,2
113,Exit long,2026-02-06 09:50,sl1|exit_reason=trail|mfe_r=2.038267,279.96,102,28512.06,43.86,0.15,0,98.94,0.35,-2.04,-0.01,-1242.09,-4.97,1
113,Entry long,2026-02-06 09:45,sl1|setup=orb_break|side=long|grade=B|size=half|score=4|window=open|tier=neutral|rvol=1.153797|rs_vs_spy=0.248485|gap_atr=0.200944|ext_atr=0.109501|risk_atr=0.08,279.53,102,28512.06,43.86,0.15,0,98.94,0.35,-2.04,-0.01,-1242.09,-4.97,1
114,Exit short,2026-02-09 09:40,sl1|exit_reason=stop|mfe_r=0,274.8,104,28525.12,-54.08,-0.19,0,47.84,0.17,-54.08,-0.19,-1296.17,-5.18,1
114,Entry short,2026-02-09 09:35,sl1|setup=orb_break|side=short|grade=B|size=half|score=4|window=open|tier=neutral|rvol=0.58218|rs_vs_spy=-1.542654|gap_atr=-0.026691|ext_atr=0.105692|risk_atr=0.08,274.28,104,28525.12,-54.08,-0.19,0,47.84,0.17,-54.08,-0.19,-1296.17,-5.18,1
115,Exit long,2026-02-11 09:40,sl1|exit_reason=trail|mfe_r=1.63881,275.53,96,26458.56,-7.68,-0.03,0,79.68,0.30,-24.96,-0.09,-1303.85,-5.22,1
115,Entry long,2026-02-11 09:35,sl1|setup=pdh_break|side=long|grade=B|size=half|score=4|window=open|tier=neutral|rvol=0.622705|rs_vs_spy=0.467986|gap_atr=0.162816|ext_atr=0.038003|risk_atr=0.089838,275.61,96,26458.56,-7.68,-0.03,0,79.68,0.30,-24.96,-0.09,-1303.85,-5.22,1
116,Exit short,2026-02-12 09:45,sl1|exit_reason=stop|mfe_r=0,272.48,107,29100.79,-54.57,-0.19,0,43.87,0.15,-54.57,-0.19,-1358.42,-5.43,1
116,Entry short,2026-02-12 09:40,sl1|setup=orb_break|side=short|grade=B|size=half|score=4|window=open|tier=neutral|rvol=0.896799|rs_vs_spy=-1.272458|gap_atr=0.01545|ext_atr=0.164369|risk_atr=0.08,271.97,107,29100.79,-54.57,-0.19,0,43.87,0.15,-54.57,-0.19,-1358.42,-5.43,1
117,Exit short,2026-02-13 10:10,sl1|exit_reason=stop|mfe_r=0.718847,260.53,52,13496.08,-51.48,-0.38,0,34.32,0.25,-51.48,-0.38,-1409.9,-5.64,4
117,Entry short,2026-02-13 09:50,sl1|setup=pdl_break|side=short|grade=B|size=half|score=4|window=open|tier=neutral|rvol=0.677585|rs_vs_spy=-0.779411|gap_atr=0.069027|ext_atr=0.042911|risk_atr=0.145104,259.54,52,13496.08,-51.48,-0.38,0,34.32,0.25,-51.48,-0.38,-1409.9,-5.64,4
118,Exit short,2026-02-13 15:10,sl1|exit_reason=time|mfe_r=0.491949,257.54,47,12126.94,22.56,0.19,0,23.5,0.19,-32.9,-0.27,-1387.34,-5.55,6
118,Entry short,2026-02-13 14:40,sl1|setup=lod_break|side=short|grade=B|size=half|score=4|window=power|tier=neutral|rvol=0.720348|rs_vs_spy=-1.827393|gap_atr=0.069027|ext_atr=0.221043|risk_atr=0.16214,258.02,47,12126.94,22.56,0.19,0,23.5,0.19,-32.9,-0.27,-1387.34,-5.55,6
119,Exit short,2026-02-13 15:50,sl1|exit_reason=eod|mfe_r=0.023708,256.44,19,4854.31,-18.05,-0.37,0,0.76,0.02,-22.23,-0.46,-1405.39,-5.62,4
119,Entry short,2026-02-13 15:30,sl1|setup=lod_break|side=short|grade=B|size=half|score=4|window=power|tier=neutral|rvol=0.7432|rs_vs_spy=-2.291119|gap_atr=0.069027|ext_atr=0.553843|risk_atr=0.388208,255.49,19,4854.31,-18.05,-0.37,0,0.76,0.02,-22.23,-0.46,-1405.39,-5.62,4
120,Exit long,2026-02-17 10:20,sl1|exit_reason=trail|mfe_r=3.651829,260.86,95,24654.4,127.3,0.52,0,179.55,0.73,-35.15,-0.14,-1278.09,-5.11,4
120,Entry long,2026-02-17 10:00,sl1|setup=orb_break|side=long|grade=B|size=half|score=4|window=open|tier=neutral|rvol=0.740688|rs_vs_spy=0.914949|gap_atr=0.324267|ext_atr=0.134437|risk_atr=0.08,259.52,95,24654.4,127.3,0.52,0,179.55,0.73,-35.15,-0.14,-1278.09,-5.11,4
121,Exit short,2026-02-19 15:05,sl1|exit_reason=time|mfe_r=0.408953,260.87,36,9388.8,-2.52,-0.03,0,19.44,0.21,-5.4,-0.06,-1280.61,-5.12,6
121,Entry short,2026-02-19 14:35,sl1|setup=lod_break|side=short|grade=B|size=half|score=4|window=power|tier=neutral|rvol=0.410886|rs_vs_spy=-0.366886|gap_atr=-0.274678|ext_atr=0.329878|risk_atr=0.205535,260.8,36,9388.8,-2.52,-0.03,0,19.44,0.21,-5.4,-0.06,-1280.61,-5.12,6
122,Exit short,2026-02-20 09:55,sl1|exit_reason=be|mfe_r=1.134109,259.33,96,24891.84,-3.84,-0.02,0,75.84,0.30,-9.6,-0.04,-1284.45,-5.14,2
122,Entry short,2026-02-20 09:45,sl1|setup=vwap_loss|side=short|grade=B|size=half|score=4|window=open|tier=neutral|rvol=0.525778|rs_vs_spy=-0.224844|gap_atr=-0.202986|ext_atr=0.014263|risk_atr=0.08,259.29,96,24891.84,-3.84,-0.02,0,75.84,0.30,-9.6,-0.04,-1284.45,-5.14,2
123,Exit long,2026-02-23 11:00,sl1|exit_reason=trail|mfe_r=1.860737,266.55,43,11420.8,40.85,0.36,0,91.59,0.80,-13.76,-0.12,-1243.6,-4.97,11
123,Entry long,2026-02-23 10:05,sl1|setup=pdh_retest|side=long|grade=B|size=half|score=4|window=open|tier=neutral|rvol=0.704371|rs_vs_spy=1.245837|gap_atr=-0.193574|ext_atr=0.073204|risk_atr=0.177513,265.6,43,11420.8,40.85,0.36,0,91.59,0.80,-13.76,-0.12,-1243.6,-4.97,11
124,Exit long,2026-02-24 09:50,sl1|exit_reason=trail|mfe_r=4.14949,274.23,157,42747.96,306.15,0.72,0,409.77,0.96,-18.84,-0.04,-937.45,-3.75,3
124,Entry long,2026-02-24 09:35,sl1|setup=orb_break|side=long|grade=A|size=full|score=5|window=open|tier=neutral|rvol=1.877595|rs_vs_spy=1.55976|gap_atr=0.235476|ext_atr=0.186203|risk_atr=0.097867,272.28,157,42747.96,306.15,0.72,0,409.77,0.96,-18.84,-0.04,-937.45,-3.75,3
125,Exit long,2026-02-25 15:50,sl1|exit_reason=eod|mfe_r=1.333799,274.56,24,6534,55.44,0.85,0,64.56,0.99,-0.48,-0.01,-882.01,-3.53,74
125,Entry long,2026-02-25 09:40,sl1|setup=orb_fail|side=long|grade=B|size=half|score=4|window=open|tier=neutral|rvol=0.786351|rs_vs_spy=0.059807|gap_atr=-0.061786|ext_atr=0.046114|risk_atr=0.306186,272.25,24,6534,55.44,0.85,0,64.56,0.99,-0.48,-0.01,-882.01,-3.53,74
126,Exit long,2026-02-26 09:50,sl1|exit_reason=stop|mfe_r=0,274.1,97,26642.02,-54.32,-0.20,0,33.95,0.13,-54.32,-0.20,-936.33,-3.75,1
126,Entry long,2026-02-26 09:45,sl1|setup=vwap_reclaim|side=long|grade=B|size=half|score=4|window=open|tier=neutral|rvol=0.900309|rs_vs_spy=0.196567|gap_atr=0.122677|ext_atr=0.017252|risk_atr=0.08,274.66,97,26642.02,-54.32,-0.20,0,33.95,0.13,-54.32,-0.20,-936.33,-3.75,1
127,Exit short,2026-02-27 09:45,sl1|exit_reason=stop|mfe_r=0,269.52,91,24472.63,-53.69,-0.22,0,12.74,0.05,-53.69,-0.22,-990.02,-3.96,1
127,Entry short,2026-02-27 09:40,sl1|setup=orb_break|side=short|grade=B|size=half|score=4|window=open|tier=neutral|rvol=1.213648|rs_vs_spy=-1.383001|gap_atr=-0.009435|ext_atr=0.13722|risk_atr=0.086167,268.93,91,24472.63,-53.69,-0.22,0,12.74,0.05,-53.69,-0.22,-990.02,-3.96,1
128,Exit short,2026-02-27 11:00,sl1|exit_reason=trail|mfe_r=1.691227,269.3,45,12150.45,31.95,0.26,0,81.9,0.67,-16.2,-0.13,-958.07,-3.83,12
128,Entry short,2026-02-27 10:00,sl1|setup=pdl_retest|side=short|grade=B|size=half|score=4|window=open|tier=neutral|rvol=1.15389|rs_vs_spy=-1.177571|gap_atr=-0.009435|ext_atr=0.0165|risk_atr=0.171082,270.01,45,12150.45,31.95,0.26,0,81.9,0.67,-16.2,-0.13,-958.07,-3.83,12
129,Exit short,2026-02-27 14:35,sl1|exit_reason=time|mfe_r=0.345763,266.15,43,11427.68,-16.77,-0.15,0,16.34,0.14,-28.38,-0.25,-974.84,-3.90,6
129,Entry short,2026-02-27 14:05,sl1|setup=lod_break|side=short|grade=B|size=half|score=4|window=power|tier=neutral|rvol=1.040727|rs_vs_spy=-2.73199|gap_atr=-0.009435|ext_atr=0.459673|risk_atr=0.181915,265.76,43,11427.68,-16.77,-0.15,0,16.34,0.14,-28.38,-0.25,-974.84,-3.90,6
130,Exit long,2026-03-02 15:00,sl1|exit_reason=time|mfe_r=0.0392,265.69,39,10393.11,-31.2,-0.30,0,1.17,0.01,-40.95,-0.39,-1006.04,-4.02,6
130,Entry long,2026-03-02 14:30,sl1|setup=hod_break|side=long|grade=B|size=half|score=3|window=power|tier=neutral|rvol=0.815563|rs_vs_spy=0.101839|gap_atr=-0.265713|ext_atr=0.335743|risk_atr=0.192569,266.49,39,10393.11,-31.2,-0.30,0,1.17,0.01,-40.95,-0.39,-1006.04,-4.02,6
131,Exit short,2026-03-02 15:45,sl1|exit_reason=be|mfe_r=1.075686,264.37,94,24847.02,-3.76,-0.02,0,51.7,0.21,-31.96,-0.13,-1009.8,-4.04,5
131,Entry short,2026-03-02 15:20,sl1|setup=vwap_loss|side=short|grade=B|size=half|score=4|window=power|tier=neutral|rvol=0.816499|rs_vs_spy=-0.302216|gap_atr=-0.265713|ext_atr=0.004293|risk_atr=0.08,264.33,94,24847.02,-3.76,-0.02,0,51.7,0.21,-31.96,-0.13,-1009.8,-4.04,5
132,Exit long,2026-03-03 09:40,sl1|exit_reason=stop|mfe_r=0,263.49,41,10854.75,-51.66,-0.48,0,8.2,0.08,-51.66,-0.48,-1061.46,-4.25,1
132,Entry long,2026-03-03 09:35,sl1|setup=orb_break|side=long|grade=B|size=half|score=4|window=open|tier=neutral|rvol=1.149396|rs_vs_spy=0.366278|gap_atr=-0.159026|ext_atr=0.245437|risk_atr=0.183279,264.75,41,10854.75,-51.66,-0.48,0,8.2,0.08,-51.66,-0.48,-1061.46,-4.25,1
133,Exit long,2026-03-03 10:25,sl1|exit_reason=stop|mfe_r=0.740212,262.75,43,11349.42,-51.17,-0.45,0,35.69,0.31,-51.17,-0.45,-1112.63,-4.45,4
133,Entry long,2026-03-03 10:05,sl1|setup=vwap_reclaim|side=long|grade=B|size=half|score=4|window=open|tier=neutral|rvol=0.975286|rs_vs_spy=0.561046|gap_atr=-0.159026|ext_atr=0.123917|risk_atr=0.173917,263.94,43,11349.42,-51.17,-0.45,0,35.69,0.31,-51.17,-0.45,-1112.63,-4.45,4
134,Exit short,2026-03-05 10:00,sl1|exit_reason=stop|mfe_r=0.489366,260.24,54,14001.12,-51.84,-0.37,0,23.22,0.17,-51.84,-0.37,-1164.47,-4.66,4
134,Entry short,2026-03-05 09:40,sl1|setup=orb_break|side=short|grade=B|size=half|score=4|window=open|tier=neutral|rvol=0.692605|rs_vs_spy=-0.65931|gap_atr=-0.265993|ext_atr=0.1674|risk_atr=0.14388,259.28,54,14001.12,-51.84,-0.37,0,23.22,0.17,-51.84,-0.37,-1164.47,-4.66,4
135,Exit short,2026-03-05 15:00,sl1|exit_reason=time|mfe_r=0.136524,258.13,35,9009.7,-24.85,-0.28,0,5.95,0.07,-34.65,-0.38,-1189.32,-4.76,6
135,Entry short,2026-03-05 14:30,sl1|setup=lod_break|side=short|grade=B|size=half|score=4|window=power|tier=neutral|rvol=1.214303|rs_vs_spy=-0.394607|gap_atr=-0.265993|ext_atr=0.324026|risk_atr=0.217753,257.42,35,9009.7,-24.85,-0.28,0,5.95,0.07,-34.65,-0.38,-1189.32,-4.76,6
136,Exit short,2026-03-06 09:40,sl1|exit_reason=stop|mfe_r=0,255.59,99,25248.96,-54.45,-0.22,0,3.96,0.02,-54.45,-0.22,-1243.77,-4.98,1
136,Entry short,2026-03-06 09:35,sl1|setup=orb_break|side=short|grade=B|size=half|score=4|window=open|tier=neutral|rvol=1.263709|rs_vs_spy=-1.04326|gap_atr=-0.264614|ext_atr=0.114838|risk_atr=0.08,255.04,99,25248.96,-54.45,-0.22,0,3.96,0.02,-54.45,-0.22,-1243.77,-4.98,1
137,Exit short,2026-03-06 10:10,sl1|exit_reason=stop|mfe_r=0,256.03,68,17357.68,-52.36,-0.30,0,4.76,0.03,-52.36,-0.30,-1296.13,-5.18,1
137,Entry short,2026-03-06 10:05,sl1|setup=vwap_loss|side=short|grade=B|size=half|score=4|window=open|tier=neutral|rvol=0.951661|rs_vs_spy=-0.93934|gap_atr=-0.264614|ext_atr=0.06579|risk_atr=0.11579,255.26,68,17357.68,-52.36,-0.30,0,4.76,0.03,-52.36,-0.30,-1296.13,-5.18,1
138,Exit long,2026-03-09 15:50,sl1|exit_reason=eod|mfe_r=1.474844,259.67,29,7502.3,28.13,0.37,0,71.05,0.95,-5.22,-0.07,-1268,-5.07,7
138,Entry long,2026-03-09 15:15,sl1|setup=hod_break|side=long|grade=B|size=half|score=3|window=power|tier=neutral|rvol=0.998975|rs_vs_spy=0.042342|gap_atr=-0.263403|ext_atr=0.331596|risk_atr=0.266547,258.7,29,7502.3,28.13,0.37,0,71.05,0.95,-5.22,-0.07,-1268,-5.07,7
139,Exit long,2026-03-11 09:40,sl1|exit_reason=stop|mfe_r=0,261.33,99,25926.12,-54.45,-0.21,0,0,0.00,-54.45,-0.21,-1322.45,-5.29,1
139,Entry long,2026-03-11 09:35,sl1|setup=orb_break|side=long|grade=B|size=half|score=4|window=open|tier=neutral|rvol=0.415375|rs_vs_spy=0.089171|gap_atr=0.090361|ext_atr=0.064263|risk_atr=0.08,261.88,99,25926.12,-54.45,-0.21,0,0,0.00,-54.45,-0.21,-1322.45,-5.29,1
140,Exit short,2026-03-12 09:50,sl1|exit_reason=be|mfe_r=0.799195,256.95,60,15414.6,-2.4,-0.02,0,39,0.25,-7.2,-0.05,-1324.85,-5.30,2
140,Entry short,2026-03-12 09:40,sl1|setup=orb_break|side=short|grade=B|size=half|score=4|window=open|tier=neutral|rvol=0.778292|rs_vs_spy=-0.539203|gap_atr=-0.359995|ext_atr=0.144295|risk_atr=0.137723,256.91,60,15414.6,-2.4,-0.02,0,39,0.25,-7.2,-0.05,-1324.85,-5.30,2
141,Exit short,2026-03-13 10:20,sl1|exit_reason=trail|mfe_r=1.705359,255.17,102,26057.94,30.6,0.12,0,82.62,0.32,-21.42,-0.08,-1294.25,-5.18,4
141,Entry short,2026-03-13 10:00,sl1|setup=vwap_loss|side=short|grade=B|size=half|score=4|window=open|tier=neutral|rvol=0.648137|rs_vs_spy=-0.068623|gap_atr=-0.055886|ext_atr=0.022967|risk_atr=0.08,255.47,102,26057.94,30.6,0.12,0,82.62,0.32,-21.42,-0.08,-1294.25,-5.18,4
142,Exit short,2026-03-13 14:40,sl1|exit_reason=stop|mfe_r=0.021864,251.74,54,13542.12,-51.84,-0.38,0,0,0.00,-51.84,-0.38,-1346.09,-5.38,4
142,Entry short,2026-03-13 14:20,sl1|setup=lod_break|side=short|grade=B|size=half|score=4|window=power|tier=neutral|rvol=0.903335|rs_vs_spy=-0.801074|gap_atr=-0.055886|ext_atr=0.434241|risk_atr=0.150362,250.78,54,13542.12,-51.84,-0.38,0,0,0.00,-51.84,-0.38,-1346.09,-5.38,4
143,Exit short,2026-03-13 15:50,sl1|exit_reason=eod|mfe_r=0.954569,250.56,54,13538.88,8.64,0.06,0,45.9,0.34,-24.3,-0.18,-1337.45,-5.35,10
143,Entry short,2026-03-13 15:00,sl1|setup=lod_break|side=short|grade=B|size=half|score=4|window=power|tier=neutral|rvol=0.895032|rs_vs_spy=-0.960537|gap_atr=-0.055886|ext_atr=0.417125|risk_atr=0.14981,250.72,54,13538.88,8.64,0.06,0,45.9,0.34,-24.3,-0.18,-1337.45,-5.35,10
144,Exit long,2026-03-16 12:20,sl1|exit_reason=be|mfe_r=1.292136,252.74,57,14408.46,-2.28,-0.02,0,62.7,0.44,-16.53,-0.11,-1339.73,-5.36,30
144,Entry long,2026-03-16 09:50,sl1|setup=orb_retest|side=long|grade=B|size=half|score=4|window=open|tier=neutral|rvol=0.969713|rs_vs_spy=0.099589|gap_atr=0.302332|ext_atr=0.157556|risk_atr=0.14127,252.78,57,14408.46,-2.28,-0.02,0,62.7,0.44,-16.53,-0.11,-1339.73,-5.36,30
145,Exit long,2026-03-16 15:40,sl1|exit_reason=stop|mfe_r=0.407456,252.35,101,25541.89,-54.54,-0.21,0,18.18,0.07,-54.54,-0.21,-1394.27,-5.58,3
145,Entry long,2026-03-16 15:25,sl1|setup=vwap_reclaim|side=long|grade=B|size=half|score=4|window=power|tier=neutral|rvol=0.773734|rs_vs_spy=0.230018|gap_atr=0.302332|ext_atr=0.026053|risk_atr=0.08,252.89,101,25541.89,-54.54,-0.21,0,18.18,0.07,-54.54,-0.21,-1394.27,-5.58,3
146,Exit long,2026-03-17 10:00,sl1|exit_reason=trail|mfe_r=2.715826,254.56,104,26393.12,81.12,0.31,0,133.12,0.50,-36.4,-0.14,-1313.15,-5.25,5
146,Entry long,2026-03-17 09:35,sl1|setup=orb_break|side=long|grade=B|size=half|score=4|window=open|tier=neutral|rvol=0.866695|rs_vs_spy=0.079773|gap_atr=0.027576|ext_atr=0.068043|risk_atr=0.08,253.78,104,26393.12,81.12,0.31,0,133.12,0.50,-36.4,-0.14,-1313.15,-5.25,5
147,Exit short,2026-03-18 15:00,sl1|exit_reason=time|mfe_r=0.34442,250.4,44,11006.16,-11.44,-0.10,0,16.28,0.15,-28.6,-0.26,-1324.59,-5.30,6
147,Entry short,2026-03-18 14:30,sl1|setup=lod_break|side=short|grade=B|size=half|score=4|window=power|tier=neutral|rvol=0.833311|rs_vs_spy=-0.444261|gap_atr=-0.263579|ext_atr=0.349749|risk_atr=0.196356,250.14,44,11006.16,-11.44,-0.10,0,16.28,0.15,-28.6,-0.26,-1324.59,-5.30,6
148,Exit short,2026-03-18 15:50,sl1|exit_reason=eod|mfe_r=0.744656,250.16,50,12486,-22,-0.18,0,36,0.29,-23,-0.18,-1346.59,-5.39,6
148,Entry short,2026-03-18 15:20,sl1|setup=lod_break|side=short|grade=B|size=half|score=4|window=power|tier=neutral|rvol=0.8666|rs_vs_spy=-0.328174|gap_atr=-0.263579|ext_atr=0.372752|risk_atr=0.171159,249.72,50,12486,-22,-0.18,0,36,0.29,-23,-0.18,-1346.59,-5.39,6
149,Exit short,2026-03-20 09:40,sl1|exit_reason=stop|mfe_r=0,247.38,109,26909.92,-54.5,-0.20,0,29.43,0.11,-54.5,-0.20,-1401.09,-5.60,1
149,Entry short,2026-03-20 09:35,sl1|setup=orb_break|side=short|grade=B|size=half|score=4|window=open|tier=neutral|rvol=1.035593|rs_vs_spy=-0.059477|gap_atr=-0.203869|ext_atr=0.081374|risk_atr=0.08,246.88,109,26909.92,-54.5,-0.20,0,29.43,0.11,-54.5,-0.20,-1401.09,-5.60,1
150,Exit long,2026-03-20 10:20,sl1|exit_reason=trail|mfe_r=1.515838,247.85,109,26994.94,20.71,0.08,0,73.03,0.27,-7.63,-0.03,-1380.38,-5.52,2
150,Entry long,2026-03-20 10:10,sl1|setup=vwap_reclaim|side=long|grade=B|size=half|score=4|window=open|tier=neutral|rvol=1.123289|rs_vs_spy=0.702291|gap_atr=-0.203869|ext_atr=0.022813|risk_atr=0.08,247.66,109,26994.94,20.71,0.08,0,73.03,0.27,-7.63,-0.03,-1380.38,-5.52,2
151,Exit short,2026-03-23 12:35,sl1|exit_reason=be|mfe_r=1.451362,251.33,113,28395.77,-4.52,-0.02,0,70.06,0.25,-4.52,-0.02,-1384.9,-5.54,3
151,Entry short,2026-03-23 12:20,sl1|setup=orb_break|side=short|grade=A|size=half|score=4|window=midday|tier=neutral|rvol=1.522631|rs_vs_spy=-0.757085|gap_atr=1.083079|ext_atr=0.196846|risk_atr=0.08,251.29,113,28395.77,-4.52,-0.02,0,70.06,0.25,-4.52,-0.02,-1384.9,-5.54,3
152,Exit long,2026-03-24 09:50,sl1|exit_reason=be|mfe_r=0.942055,251.63,98,24666.6,-6.86,-0.03,0,45.08,0.18,-34.3,-0.14,-1391.76,-5.57,2
152,Entry long,2026-03-24 09:40,sl1|setup=orb_break|side=long|grade=B|size=half|score=4|window=open|tier=neutral|rvol=0.70118|rs_vs_spy=0.618643|gap_atr=-0.194974|ext_atr=0.081333|risk_atr=0.091141,251.7,98,24666.6,-6.86,-0.03,0,45.08,0.18,-34.3,-0.14,-1391.76,-5.57,2
153,Exit short,2026-03-25 10:10,sl1|exit_reason=trail|mfe_r=2.608466,252.35,68,17236.64,76.84,0.45,0,127.84,0.74,-8.84,-0.05,-1314.92,-5.26,6
153,Entry short,2026-03-25 09:40,sl1|setup=orb_break|side=short|grade=B|size=half|score=3|window=open|tier=neutral|rvol=0.784312|rs_vs_spy=-0.29156|gap_atr=0.431038|ext_atr=0.128644|risk_atr=0.13082,253.48,68,17236.64,76.84,0.45,0,127.84,0.74,-8.84,-0.05,-1314.92,-5.26,6
154,Exit short,2026-03-25 15:05,sl1|exit_reason=trail|mfe_r=2.693989,252.75,112,28387.52,79.52,0.28,0,132.16,0.47,-7.84,-0.03,-1235.4,-4.94,5
154,Entry short,2026-03-25 14:40,sl1|setup=vwap_loss|side=short|grade=B|size=half|score=3|window=power|tier=neutral|rvol=0.836724|rs_vs_spy=-0.059559|gap_atr=0.431038|ext_atr=0.021066|risk_atr=0.08,253.46,112,28387.52,79.52,0.28,0,132.16,0.47,-7.84,-0.03,-1235.4,-4.94,5
155,Exit short,2026-03-26 09:40,sl1|exit_reason=stop|mfe_r=0,251.9,92,23120.52,-54.28,-0.23,0,7.36,0.03,-54.28,-0.23,-1289.68,-5.16,1
155,Entry short,2026-03-26 09:35,sl1|setup=pdl_break|side=short|grade=B|size=half|score=4|window=open|tier=neutral|rvol=0.76277|rs_vs_spy=-0.190348|gap_atr=-0.066505|ext_atr=0.047896|risk_atr=0.099879,251.31,92,23120.52,-54.28,-0.23,0,7.36,0.03,-54.28,-0.23,-1289.68,-5.16,1
156,Exit long,2026-03-26 13:10,sl1|exit_reason=trail|mfe_r=1.96217,255.35,30,7615.2,45.3,0.59,0,94.8,1.24,-11.7,-0.15,-1244.38,-4.98,39
156,Entry long,2026-03-26 09:55,sl1|setup=orb_retest|side=long|grade=B|size=half|score=4|window=open|tier=neutral|rvol=0.835157|rs_vs_spy=0.23378|gap_atr=-0.066505|ext_atr=0.300552|risk_atr=0.299395,253.84,30,7615.2,45.3,0.59,0,94.8,1.24,-11.7,-0.15,-1244.38,-4.98,39
157,Exit short,2026-03-27 10:50,sl1|exit_reason=stop|mfe_r=0,253.22,87,21976.2,-53.94,-0.25,0,0.87,0.00,-53.94,-0.25,-1298.32,-5.19,1
157,Entry short,2026-03-27 10:45,sl1|setup=orb_retest|side=short|grade=A|size=half|score=5|window=midday|tier=neutral|rvol=1.940224|rs_vs_spy=-0.134742|gap_atr=0.181853|ext_atr=0.2857|risk_atr=0.10483,252.6,87,21976.2,-53.94,-0.25,0,0.87,0.00,-53.94,-0.25,-1298.32,-5.19,1
158,Exit short,2026-03-27 13:50,sl1|exit_reason=trail|mfe_r=3.244114,249.81,114,28585.5,107.16,0.37,0,159.6,0.56,-7.98,-0.03,-1191.16,-4.76,6
158,Entry short,2026-03-27 13:20,sl1|setup=pdl_break|side=short|grade=A|size=half|score=5|window=midday|tier=neutral|rvol=1.716202|rs_vs_spy=-0.451046|gap_atr=0.181853|ext_atr=0.477275|risk_atr=0.08,250.75,114,28585.5,107.16,0.37,0,159.6,0.56,-7.98,-0.03,-1191.16,-4.76,6
159,Exit short,2026-03-27 14:35,sl1|exit_reason=time|mfe_r=0.063968,249.04,45,11193.75,-13.05,-0.12,0,5.4,0.05,-35.55,-0.32,-1204.21,-4.82,6
159,Entry short,2026-03-27 14:05,sl1|setup=lod_break|side=short|grade=A|size=full|score=5|window=power|tier=neutral|rvol=1.770442|rs_vs_spy=-0.901149|gap_atr=0.181853|ext_atr=0.757603|risk_atr=0.4,248.75,45,11193.75,-13.05,-0.12,0,5.4,0.05,-35.55,-0.32,-1204.21,-4.82,6
160,Exit short,2026-03-30 09:45,sl1|exit_reason=be|mfe_r=0.998848,247.52,106,26232.88,-4.24,-0.02,0,47.7,0.18,-18.02,-0.07,-1208.45,-4.83,2
160,Entry short,2026-03-30 09:35,sl1|setup=orb_break|side=short|grade=B|size=half|score=4|window=open|tier=neutral|rvol=0.880173|rs_vs_spy=-0.668188|gap_atr=0.249517|ext_atr=0.13885|risk_atr=0.083863,247.48,106,26232.88,-4.24,-0.02,0,47.7,0.18,-18.02,-0.07,-1208.45,-4.83,2
161,Exit short,2026-03-30 15:50,sl1|exit_reason=eod|mfe_r=0.431247,246.58,58,14259.88,-41.76,-0.29,0,20.3,0.14,-44.08,-0.31,-1250.21,-5.00,5
161,Entry short,2026-03-30 15:25,sl1|setup=lod_break|side=short|grade=B|size=half|score=4|window=power|tier=neutral|rvol=0.816174|rs_vs_spy=-0.014771|gap_atr=0.249517|ext_atr=0.203678|risk_atr=0.152914,245.86,58,14259.88,-41.76,-0.29,0,20.3,0.14,-44.08,-0.31,-1250.21,-5.00,5
162,Exit short,2026-03-31 09:45,sl1|exit_reason=stop|mfe_r=0,248.63,62,15362.36,-52.7,-0.34,0,0,0.00,-52.7,-0.34,-1302.91,-5.21,1
162,Entry short,2026-03-31 09:40,sl1|setup=vwap_loss|side=short|grade=B|size=half|score=4|window=open|tier=neutral|rvol=0.769547|rs_vs_spy=-0.020507|gap_atr=0.216345|ext_atr=0.093148|risk_atr=0.143148,247.78,62,15362.36,-52.7,-0.34,0,0,0.00,-52.7,-0.34,-1302.91,-5.21,1
163,Exit long,2026-04-01 09:50,sl1|exit_reason=stop|mfe_r=0.59007,255.04,107,27343.85,-54.57,-0.20,0,27.82,0.10,-54.57,-0.20,-1357.48,-5.43,2
163,Entry long,2026-04-01 09:40,sl1|setup=pdh_break|side=long|grade=B|size=half|score=4|window=open|tier=neutral|rvol=1.080954|rs_vs_spy=0.610839|gap_atr=0.030898|ext_atr=0.08481|risk_atr=0.08,255.55,107,27343.85,-54.57,-0.20,0,27.82,0.10,-54.57,-0.20,-1357.48,-5.43,2
164,Exit short,2026-04-02 09:50,sl1|exit_reason=stop|mfe_r=0.167712,252.42,33,8279.04,-50.82,-0.61,0,7.59,0.09,-50.82,-0.61,-1408.3,-5.63,3
164,Entry short,2026-04-02 09:35,sl1|setup=orb_break|side=short|grade=B|size=half|score=4|window=open|tier=neutral|rvol=0.975015|rs_vs_spy=-1.131874|gap_atr=-0.27258|ext_atr=0.250528|risk_atr=0.26557,250.88,33,8279.04,-50.82,-0.61,0,7.59,0.09,-50.82,-0.61,-1408.3,-5.63,3
165,Exit long,2026-04-06 10:00,sl1|exit_reason=trail|mfe_r=2.289459,259.33,76,19648.28,60.8,0.31,0,112.48,0.57,-3.04,-0.02,-1347.5,-5.39,3
165,Entry long,2026-04-06 09:45,sl1|setup=orb_break|side=long|grade=B|size=half|score=4|window=open|tier=neutral|rvol=0.692339|rs_vs_spy=0.584533|gap_atr=0.105291|ext_atr=0.130981|risk_atr=0.116922,258.53,76,19648.28,60.8,0.31,0,112.48,0.57,-3.04,-0.02,-1347.5,-5.39,3
166,Exit short,2026-04-07 11:15,sl1|exit_reason=trail|mfe_r=3.724261,247.24,32,8042.88,131.2,1.63,0,180.8,2.25,-0.64,-0.01,-1216.3,-4.87,20
166,Entry short,2026-04-07 09:35,sl1|setup=orb_break|side=short|grade=B|size=half|score=4|window=open|tier=neutral|rvol=1.486635|rs_vs_spy=-1.763164|gap_atr=-0.449638|ext_atr=0.330117|risk_atr=0.269508,251.34,32,8042.88,131.2,1.63,0,180.8,2.25,-0.64,-0.01,-1216.3,-4.87,20
167,Exit long,2026-04-08 15:50,sl1|exit_reason=eod|mfe_r=0.929594,258.35,101,26068.1,25.25,0.10,0,44.44,0.17,-41.41,-0.16,-1191.05,-4.76,3
167,Entry long,2026-04-08 15:35,sl1|setup=vwap_reclaim|side=long|grade=B|size=half|score=4|window=power|tier=neutral|rvol=0.93346|rs_vs_spy=0.097253|gap_atr=0.800259|ext_atr=0.014852|risk_atr=0.08,258.1,101,26068.1,25.25,0.10,0,44.44,0.17,-41.41,-0.16,-1191.05,-4.76,3
168,Exit short,2026-04-09 10:00,sl1|exit_reason=stop|mfe_r=0,256.85,80,20495.2,-52.8,-0.26,0,8,0.04,-52.8,-0.26,-1243.85,-4.98,1
168,Entry short,2026-04-09 09:55,sl1|setup=pdl_break|side=short|grade=B|size=half|score=4|window=open|tier=neutral|rvol=0.54382|rs_vs_spy=-1.137975|gap_atr=0.011308|ext_atr=0.296182|risk_atr=0.10008,256.19,80,20495.2,-52.8,-0.26,0,8,0.04,-52.8,-0.26,-1243.85,-4.98,1
169,Exit long,2026-04-10 11:00,sl1|exit_reason=trail|mfe_r=2.409636,261.41,67,17447.47,67,0.38,0,118.59,0.68,-14.74,-0.08,-1176.85,-4.71,14
169,Entry long,2026-04-10 09:50,sl1|setup=vwap_reclaim|side=long|grade=B|size=half|score=4|window=open|tier=neutral|rvol=0.649389|rs_vs_spy=0.229624|gap_atr=-0.072847|ext_atr=0.071606|risk_atr=0.121606,260.41,67,17447.47,67,0.38,0,118.59,0.68,-14.74,-0.08,-1176.85,-4.71,14
170,Exit short,2026-04-13 09:50,sl1|exit_reason=stop|mfe_r=0.699327,258.33,105,27070.05,-54.6,-0.20,0,32.55,0.12,-54.6,-0.20,-1231.45,-4.93,3
170,Entry short,2026-04-13 09:35,sl1|setup=orb_break|side=short|grade=B|size=half|score=4|window=open|tier=neutral|rvol=0.921584|rs_vs_spy=-0.713208|gap_atr=-0.115283|ext_atr=0.115283|risk_atr=0.08,257.81,105,27070.05,-54.6,-0.20,0,32.55,0.12,-54.6,-0.20,-1231.45,-4.93,3
171,Exit short,2026-04-13 15:50,sl1|exit_reason=stop|mfe_r=0.254301,258.21,105,27057.45,-54.6,-0.20,0,10.5,0.04,-54.6,-0.20,-1286.05,-5.14,4
171,Entry short,2026-04-13 15:30,sl1|setup=vwap_loss|side=short|grade=B|size=half|score=4|window=power|tier=neutral|rvol=0.810186|rs_vs_spy=-1.770612|gap_atr=-0.115283|ext_atr=0.000046|risk_atr=0.08,257.69,105,27057.45,-54.6,-0.20,0,10.5,0.04,-54.6,-0.20,-1286.05,-5.14,4
172,Exit long,2026-04-14 09:45,sl1|exit_reason=be|mfe_r=0.968657,260.9,56,14612.64,-2.24,-0.02,0,55.44,0.38,-18.48,-0.13,-1288.29,-5.15,2
172,Entry long,2026-04-14 09:35,sl1|setup=orb_break|side=long|grade=B|size=half|score=4|window=open|tier=neutral|rvol=1.324666|rs_vs_spy=0.484262|gap_atr=-0.008696|ext_atr=0.11902|risk_atr=0.152608,260.94,56,14612.64,-2.24,-0.02,0,55.44,0.38,-18.48,-0.13,-1288.29,-5.15,2
173,Exit long,2026-04-15 09:40,sl1|exit_reason=stop|mfe_r=0,259.63,110,28614.3,-55,-0.19,0,7.7,0.03,-55,-0.19,-1343.29,-5.37,1
173,Entry long,2026-04-15 09:35,sl1|setup=orb_break|side=long|grade=B|size=half|score=4|window=open|tier=neutral|rvol=1.257528|rs_vs_spy=0.634013|gap_atr=-0.134732|ext_atr=0.119085|risk_atr=0.08,260.13,110,28614.3,-55,-0.19,0,7.7,0.03,-55,-0.19,-1343.29,-5.37,1
174,Exit long,2026-04-15 10:20,sl1|exit_reason=trail|mfe_r=4.248917,260.56,110,28504.3,157.3,0.55,0,210.1,0.74,-8.8,-0.03,-1185.99,-4.74,4
174,Entry long,2026-04-15 10:00,sl1|setup=vwap_reclaim|side=long|grade=B|size=half|score=4|window=open|tier=neutral|rvol=1.279026|rs_vs_spy=0.390389|gap_atr=-0.134732|ext_atr=0.02343|risk_atr=0.08,259.13,110,28504.3,157.3,0.55,0,210.1,0.74,-8.8,-0.03,-1185.99,-4.74,4
175,Exit long,2026-04-15 11:20,sl1|exit_reason=be|mfe_r=1.282411,262.71,46,12086.5,-1.84,-0.02,0,63.02,0.52,-4.6,-0.04,-1187.83,-4.75,6
175,Entry long,2026-04-15 10:50,sl1|setup=pdh_retest|side=long|grade=A|size=half|score=5|window=midday|tier=neutral|rvol=1.5226|rs_vs_spy=1.587295|gap_atr=-0.134732|ext_atr=0.477032|risk_atr=0.190897,262.75,46,12086.5,-1.84,-0.02,0,63.02,0.52,-4.6,-0.04,-1187.83,-4.75,6
176,Exit short,2026-04-16 09:50,sl1|exit_reason=be|mfe_r=0.91174,263.02,93,24457.14,-3.72,-0.02,0,89.28,0.37,-15.81,-0.06,-1191.55,-4.77,3
176,Entry short,2026-04-16 09:35,sl1|setup=orb_break|side=short|grade=A|size=full|score=5|window=open|tier=neutral|rvol=1.939765|rs_vs_spy=-1.312311|gap_atr=0.054262|ext_atr=0.231485|risk_atr=0.182263,262.98,93,24457.14,-3.72,-0.02,0,89.28,0.37,-15.81,-0.06,-1191.55,-4.77,3
177,Exit long,2026-04-17 09:55,sl1|exit_reason=trail|mfe_r=2.607334,268.98,105,28174.65,68.25,0.24,0,127.05,0.45,-2.1,-0.01,-1123.3,-4.49,1
177,Entry long,2026-04-17 09:50,sl1|setup=vwap_reclaim|side=long|grade=B|size=half|score=4|window=open|tier=neutral|rvol=1.477815|rs_vs_spy=0.279164|gap_atr=0.607106|ext_atr=0.024511|risk_atr=0.08,268.33,105,28174.65,68.25,0.24,0,127.05,0.45,-2.1,-0.01,-1123.3,-4.49,1
178,Exit long,2026-04-20 09:40,sl1|exit_reason=stop|mfe_r=0,271.97,102,27795,-54.06,-0.19,0,30.6,0.11,-54.06,-0.19,-1177.36,-4.71,1
178,Entry long,2026-04-20 09:35,sl1|setup=orb_break|side=long|grade=B|size=half|score=4|window=open|tier=neutral|rvol=1.149116|rs_vs_spy=0.795132|gap_atr=0.03109|ext_atr=0.057511|risk_atr=0.08,272.5,102,27795,-54.06,-0.19,0,30.6,0.11,-54.06,-0.19,-1177.36,-4.71,1
179,Exit short,2026-04-21 12:55,sl1|exit_reason=trail|mfe_r=6.276681,266.28,58,15704.08,259.84,1.65,0,310.88,1.98,-5.8,-0.04,-917.52,-3.67,34
179,Entry short,2026-04-21 10:05,sl1|setup=vwap_loss|side=short|grade=B|size=half|score=4|window=open|tier=neutral|rvol=0.869476|rs_vs_spy=-0.372193|gap_atr=-0.249843|ext_atr=0.093725|risk_atr=0.143725,270.76,58,15704.08,259.84,1.65,0,310.88,1.98,-5.8,-0.04,-917.52,-3.67,34
180,Exit long,2026-04-22 09:45,sl1|exit_reason=trail|mfe_r=1.746329,268.5,102,27365.58,21.42,0.08,0,84.66,0.31,-2.04,-0.01,-896.1,-3.58,1
180,Entry long,2026-04-22 09:40,sl1|setup=orb_break|side=long|grade=B|size=half|score=4|window=open|tier=neutral|rvol=0.822124|rs_vs_spy=0.248338|gap_atr=0.258046|ext_atr=0.096495|risk_atr=0.08,268.29,102,27365.58,21.42,0.08,0,84.66,0.31,-2.04,-0.01,-896.1,-3.58,1
181,Exit short,2026-04-24 10:15,sl1|exit_reason=stop|mfe_r=0.159549,271.95,66,17895.9,-52.8,-0.30,0,6.6,0.04,-52.8,-0.30,-948.9,-3.80,2
181,Entry short,2026-04-24 10:05,sl1|setup=pdl_retest|side=short|grade=B|size=half|score=4|window=open|tier=neutral|rvol=0.84805|rs_vs_spy=-0.524187|gap_atr=-0.091023|ext_atr=0.02428|risk_atr=0.124473,271.15,66,17895.9,-52.8,-0.30,0,6.6,0.04,-52.8,-0.30,-948.9,-3.80,2
182,Exit long,2026-04-27 09:50,sl1|exit_reason=stop|mfe_r=0,267.47,106,28406.94,-55.12,-0.19,0,25.44,0.09,-55.12,-0.19,-1004.02,-4.02,1
182,Entry long,2026-04-27 09:45,sl1|setup=orb_break|side=long|grade=B|size=half|score=3|window=open|tier=neutral|rvol=1.32027|rs_vs_spy=0.748592|gap_atr=-0.829814|ext_atr=0.178086|risk_atr=0.08,267.99,106,28406.94,-55.12,-0.19,0,25.44,0.09,-55.12,-0.19,-1004.02,-4.02,1
183,Exit long,2026-04-27 15:50,sl1|exit_reason=eod|mfe_r=1.677955,267.52,101,26983.16,36.36,0.13,0,81.81,0.30,-8.08,-0.03,-967.66,-3.87,5
183,Entry long,2026-04-27 15:25,sl1|setup=vwap_reclaim|side=long|grade=B|size=half|score=3|window=power|tier=neutral|rvol=0.955232|rs_vs_spy=0.121188|gap_atr=-0.829814|ext_atr=0.034112|risk_atr=0.084112,267.16,101,26983.16,36.36,0.13,0,81.81,0.30,-8.08,-0.03,-967.66,-3.87,5
184,Exit long,2026-04-29 10:10,sl1|exit_reason=be|mfe_r=0.937983,269.32,48,12929.28,-1.92,-0.01,0,45.12,0.35,-27.84,-0.22,-969.58,-3.88,5
184,Entry long,2026-04-29 09:45,sl1|setup=orb_break|side=long|grade=B|size=half|score=3|window=open|tier=neutral|rvol=0.53725|rs_vs_spy=0.797904|gap_atr=-0.531566|ext_atr=0.169038|risk_atr=0.174373,269.36,48,12929.28,-1.92,-0.01,0,45.12,0.35,-27.84,-0.22,-969.58,-3.88,5
185,Exit long,2026-04-30 14:30,sl1|exit_reason=time|mfe_r=0.06536,273.61,36,9867.96,-18,-0.18,0,2.52,0.03,-23.76,-0.24,-987.58,-3.95,6
185,Entry long,2026-04-30 14:00,sl1|setup=hod_break|side=long|grade=B|size=half|score=4|window=power|tier=neutral|rvol=1.043653|rs_vs_spy=0.877488|gap_atr=0.043585|ext_atr=0.410288|risk_atr=0.240064,274.11,36,9867.96,-18,-0.18,0,2.52,0.03,-23.76,-0.24,-987.58,-3.95,6
186,Exit long,2026-04-30 15:40,sl1|exit_reason=time|mfe_r=0.329909,274.45,54,14807.88,12.42,0.08,0,15.66,0.11,-17.28,-0.12,-975.16,-3.90,6
186,Entry long,2026-04-30 15:10,sl1|setup=hod_break|side=long|grade=B|size=half|score=4|window=power|tier=neutral|rvol=1.099684|rs_vs_spy=0.708697|gap_atr=0.043585|ext_atr=0.370611|risk_atr=0.161177,274.22,54,14807.88,12.42,0.08,0,15.66,0.11,-17.28,-0.12,-975.16,-3.90,6
187,Exit long,2026-05-01 10:05,sl1|exit_reason=trail|mfe_r=2.954112,284.92,198,56228.04,186.12,0.33,0,291.06,0.52,-29.7,-0.05,-789.04,-3.16,2
187,Entry long,2026-05-01 09:55,sl1|setup=orb_break|side=long|grade=A|size=full|score=5|window=open|tier=neutral|rvol=4.177746|rs_vs_spy=1.421688|gap_atr=1.334152|ext_atr=0.337788|risk_atr=0.085668,283.98,198,56228.04,186.12,0.33,0,291.06,0.52,-29.7,-0.05,-789.04,-3.16,2
188,Exit long,2026-05-01 10:55,sl1|exit_reason=stop|mfe_r=0,282.98,106,30051,-55.12,-0.18,0,22.26,0.07,-55.12,-0.18,-844.16,-3.38,1
188,Entry long,2026-05-01 10:50,sl1|setup=vwap_reclaim|side=long|grade=A|size=half|score=5|window=midday|tier=neutral|rvol=4.016679|rs_vs_spy=1.433958|gap_atr=1.334152|ext_atr=0.017818|risk_atr=0.08,283.5,106,30051,-55.12,-0.18,0,22.26,0.07,-55.12,-0.18,-844.16,-3.38,1
189,Exit long,2026-05-01 11:25,sl1|exit_reason=be|mfe_r=1.310132,283.53,90,25521.3,-3.6,-0.01,0,63,0.25,-25.2,-0.10,-847.76,-3.39,3
189,Entry long,2026-05-01 11:10,sl1|setup=vwap_reclaim|side=long|grade=A|size=half|score=5|window=midday|tier=neutral|rvol=3.867659|rs_vs_spy=1.442423|gap_atr=1.334152|ext_atr=0.043342|risk_atr=0.093342,283.57,90,25521.3,-3.6,-0.01,0,63,0.25,-25.2,-0.10,-847.76,-3.39,3
190,Exit short,2026-05-04 10:15,sl1|exit_reason=be|mfe_r=1.438149,276.18,56,15463.84,-2.24,-0.01,0,70.56,0.46,-14.56,-0.09,-850,-3.40,5
190,Entry short,2026-05-04 09:50,sl1|setup=orb_break|side=short|grade=B|size=half|score=4|window=open|tier=neutral|rvol=1.144384|rs_vs_spy=-1.314884|gap_atr=-0.062115|ext_atr=0.167834|risk_atr=0.13484,276.14,56,15463.84,-2.24,-0.01,0,70.56,0.46,-14.56,-0.09,-850,-3.40,5
191,Exit short,2026-05-04 14:55,sl1|exit_reason=be|mfe_r=0.927937,276.78,94,26013.56,-3.76,-0.01,0,44.18,0.17,-18.8,-0.07,-853.76,-3.42,6
191,Entry short,2026-05-04 14:25,sl1|setup=vwap_loss|side=short|grade=B|size=half|score=4|window=power|tier=neutral|rvol=0.971184|rs_vs_spy=-0.728175|gap_atr=-0.062115|ext_atr=0.001796|risk_atr=0.08,276.74,94,26013.56,-3.76,-0.01,0,44.18,0.17,-18.8,-0.07,-853.76,-3.42,6
192,Exit long,2026-05-05 10:05,sl1|exit_reason=be|mfe_r=1.004333,279.55,73,20410.07,-2.92,-0.01,0,48.18,0.24,-16.06,-0.08,-856.68,-3.43,2
192,Entry long,2026-05-05 09:55,sl1|setup=orb_break|side=long|grade=B|size=half|score=4|window=open|tier=neutral|rvol=0.732128|rs_vs_spy=0.851222|gap_atr=0.003822|ext_atr=0.099436|risk_atr=0.103506,279.59,73,20410.07,-2.92,-0.01,0,48.18,0.24,-16.06,-0.08,-856.68,-3.43,2
193,Exit long,2026-05-06 11:05,sl1|exit_reason=be|mfe_r=1.159407,284.5,26,7398.04,-1.04,-0.01,0,56.68,0.77,-18.46,-0.25,-857.72,-3.43,16
193,Entry long,2026-05-06 09:45,sl1|setup=orb_retest|side=long|grade=B|size=half|score=3|window=open|tier=neutral|rvol=0.822931|rs_vs_spy=0.798108|gap_atr=-0.33682|ext_atr=0.269879|risk_atr=0.285323,284.54,26,7398.04,-1.04,-0.01,0,56.68,0.77,-18.46,-0.25,-857.72,-3.43,16
194,Exit long,2026-05-07 10:05,sl1|exit_reason=be|mfe_r=0.841759,291.02,40,11642.4,-1.6,-0.01,0,42.8,0.37,-6,-0.05,-859.32,-3.44,2
194,Entry long,2026-05-07 09:55,sl1|setup=orb_break|side=long|grade=B|size=half|score=4|window=open|tier=neutral|rvol=1.236141|rs_vs_spy=0.829023|gap_atr=0.242786|ext_atr=0.226958|risk_atr=0.183382,291.06,40,11642.4,-1.6,-0.01,0,42.8,0.37,-6,-0.05,-859.32,-3.44,2
195,Exit short,2026-05-07 15:50,sl1|exit_reason=eod|mfe_r=0.686927,286.76,27,7748.73,6.21,0.08,0,32.67,0.42,-14.85,-0.19,-853.11,-3.41,13
195,Entry short,2026-05-07 14:45,sl1|setup=lod_break|side=short|grade=B|size=half|score=4|window=power|tier=neutral|rvol=1.104359|rs_vs_spy=-0.056246|gap_atr=0.242786|ext_atr=0.415731|risk_atr=0.26835,286.99,27,7748.73,6.21,0.08,0,32.67,0.42,-14.85,-0.19,-853.11,-3.41,13
196,Exit long,2026-05-08 10:05,sl1|exit_reason=stop|mfe_r=0.590742,293.02,84,24667.44,-53.76,-0.22,0,27.72,0.11,-53.76,-0.22,-906.87,-3.63,4
196,Entry long,2026-05-08 09:45,sl1|setup=orb_break|side=long|grade=B|size=half|score=4|window=open|tier=neutral|rvol=1.364424|rs_vs_spy=1.064988|gap_atr=0.400029|ext_atr=0.116923|risk_atr=0.089101,293.66,84,24667.44,-53.76,-0.22,0,27.72,0.11,-53.76,-0.22,-906.87,-3.63,4
197,Exit long,2026-05-08 15:50,sl1|exit_reason=eod|mfe_r=1.017049,294.06,68,19960.04,36.04,0.18,0,48.96,0.25,-37.4,-0.19,-870.83,-3.48,7
197,Entry long,2026-05-08 15:15,sl1|setup=vwap_reclaim|side=long|grade=B|size=half|score=4|window=power|tier=neutral|rvol=1.145893|rs_vs_spy=0.873236|gap_atr=0.400029|ext_atr=0.059421|risk_atr=0.109421,293.53,68,19960.04,36.04,0.18,0,48.96,0.25,-37.4,-0.19,-870.83,-3.48,7
198,Exit short,2026-05-11 09:45,sl1|exit_reason=stop|mfe_r=0,290.9,93,26999.76,-53.94,-0.20,0,8.37,0.03,-53.94,-0.20,-924.77,-3.70,1
198,Entry short,2026-05-11 09:40,sl1|setup=orb_break|side=short|grade=B|size=half|score=4|window=open|tier=neutral|rvol=0.788843|rs_vs_spy=-0.839073|gap_atr=-0.17992|ext_atr=0.121956|risk_atr=0.08,290.32,93,26999.76,-53.94,-0.20,0,8.37,0.03,-53.94,-0.20,-924.77,-3.70,1
199,Exit long,2026-05-12 10:00,sl1|exit_reason=stop|mfe_r=0,293.3,67,19704.03,-52.93,-0.27,0,6.03,0.03,-52.93,-0.27,-977.7,-3.91,1
199,Entry long,2026-05-12 09:55,sl1|setup=orb_break|side=long|grade=B|size=half|score=4|window=open|tier=neutral|rvol=0.684221|rs_vs_spy=0.754883|gap_atr=-0.032409|ext_atr=0.109875|risk_atr=0.114817,294.09,67,19704.03,-52.93,-0.27,0,6.03,0.03,-52.93,-0.27,-977.7,-3.91,1
200,Exit long,2026-05-13 09:40,sl1|exit_reason=stop|mfe_r=0,296.48,100,29702,-54,-0.18,0,48,0.16,-54,-0.18,-1031.7,-4.13,1
200,Entry long,2026-05-13 09:35,sl1|setup=orb_break|side=long|grade=B|size=half|score=4|window=open|tier=neutral|rvol=0.756081|rs_vs_spy=1.415942|gap_atr=-0.214155|ext_atr=0.125194|risk_atr=0.08,297.02,100,29702,-54,-0.18,0,48,0.16,-54,-0.18,-1031.7,-4.13,1
201,Exit short,2026-05-14 10:05,sl1|exit_reason=stop|mfe_r=0.595535,297.91,99,29438.64,-54.45,-0.18,0,27.72,0.09,-54.45,-0.18,-1086.15,-4.34,2
201,Entry short,2026-05-14 09:55,sl1|setup=orb_break|side=short|grade=B|size=half|score=4|window=open|tier=neutral|rvol=0.664394|rs_vs_spy=-0.921287|gap_atr=0.139752|ext_atr=0.114916|risk_atr=0.08,297.36,99,29438.64,-54.45,-0.18,0,27.72,0.09,-54.45,-0.18,-1086.15,-4.34,2
202,Exit long,2026-05-15 11:40,sl1|exit_reason=trail|mfe_r=3.228762,301.45,37,11046.72,106.93,0.97,0,156.51,1.42,-38.11,-0.34,-979.22,-3.92,22
202,Entry long,2026-05-15 09:50,sl1|setup=vwap_reclaim|side=long|grade=B|size=half|score=4|window=open|tier=neutral|rvol=0.619593|rs_vs_spy=0.305422|gap_atr=0.012884|ext_atr=0.16199|risk_atr=0.21199,298.56,37,11046.72,106.93,0.97,0,156.51,1.42,-38.11,-0.34,-979.22,-3.92,22
203,Exit short,2026-05-18 10:05,sl1|exit_reason=trail|mfe_r=1.665231,297.89,59,17586.13,10.62,0.06,0,81.42,0.46,-24.78,-0.14,-968.6,-3.87,4
203,Entry short,2026-05-18 09:45,sl1|setup=vwap_loss|side=short|grade=B|size=half|score=4|window=open|tier=neutral|rvol=0.820255|rs_vs_spy=-0.581676|gap_atr=-0.008009|ext_atr=0.08467|risk_atr=0.13467,298.07,59,17586.13,10.62,0.06,0,81.42,0.46,-24.78,-0.14,-968.6,-3.87,4
204,Exit long,2026-05-19 09:45,sl1|exit_reason=be|mfe_r=1.147777,299.77,100,29981,-4,-0.01,0,62,0.21,-42,-0.14,-972.6,-3.89,2
204,Entry long,2026-05-19 09:35,sl1|setup=orb_break|side=long|grade=B|size=half|score=4|window=open|tier=neutral|rvol=1.03199|rs_vs_spy=0.859088|gap_atr=-0.141761|ext_atr=0.129445|risk_atr=0.08,299.81,100,29981,-4,-0.01,0,62,0.21,-42,-0.14,-972.6,-3.89,2
205,Exit long,2026-05-20 09:55,sl1|exit_reason=stop|mfe_r=0.392752,300.57,39,11773.71,-51.48,-0.44,0,18.72,0.16,-51.48,-0.44,-1024.08,-4.10,3
205,Entry long,2026-05-20 09:40,sl1|setup=orb_break|side=long|grade=B|size=half|score=4|window=open|tier=neutral|rvol=0.950642|rs_vs_spy=1.107036|gap_atr=-0.07754|ext_atr=0.219174|risk_atr=0.210029,301.89,39,11773.71,-51.48,-0.44,0,18.72,0.16,-51.48,-0.44,-1024.08,-4.10,3
206,Exit long,2026-05-21 09:40,sl1|exit_reason=be|mfe_r=1.068631,301.75,104,31403.84,-21.84,-0.07,0,50.96,0.16,-30.16,-0.10,-1045.92,-4.18,1
206,Entry long,2026-05-21 09:35,sl1|setup=orb_break|side=long|grade=B|size=half|score=4|window=open|tier=neutral|rvol=0.549514|rs_vs_spy=0.380328|gap_atr=-0.186068|ext_atr=0.078191|risk_atr=0.08,301.96,104,31403.84,-21.84,-0.07,0,50.96,0.16,-30.16,-0.10,-1045.92,-4.18,1
207,Exit long,2026-05-21 15:50,sl1|exit_reason=eod|mfe_r=0.508461,304.86,57,17391.84,-14.82,-0.09,0,23.94,0.14,-31.35,-0.18,-1060.74,-4.24,8
207,Entry long,2026-05-21 15:10,sl1|setup=hod_break|side=long|grade=B|size=half|score=4|window=power|tier=neutral|rvol=0.822566|rs_vs_spy=0.778338|gap_atr=-0.186068|ext_atr=0.30222|risk_atr=0.145058,305.12,57,17391.84,-14.82,-0.09,0,23.94,0.14,-31.35,-0.18,-1060.74,-4.24,8
208,Exit long,2026-05-22 09:40,sl1|exit_reason=stop|mfe_r=0,307.95,105,32389.35,-54.6,-0.17,0,0,0.00,-54.6,-0.17,-1115.34,-4.46,1
208,Entry long,2026-05-22 09:35,sl1|setup=orb_break|side=long|grade=B|size=half|score=4|window=open|tier=neutral|rvol=1.179989|rs_vs_spy=0.567813|gap_atr=0.199776|ext_atr=0.104096|risk_atr=0.08,308.47,105,32389.35,-54.6,-0.17,0,0,0.00,-54.6,-0.17,-1115.34,-4.46,1
209,Exit long,2026-05-26 10:15,sl1|exit_reason=stop|mfe_r=0,311.04,105,32713.8,-54.6,-0.17,0,0,0.00,-54.6,-0.17,-1169.94,-4.68,1
209,Entry long,2026-05-26 10:10,sl1|setup=orb_break|side=long|grade=B|size=half|score=4|window=open|tier=neutral|rvol=1.151475|rs_vs_spy=0.444544|gap_atr=0.116112|ext_atr=0.165739|risk_atr=0.08,311.56,105,32713.8,-54.6,-0.17,0,0,0.00,-54.6,-0.17,-1169.94,-4.68,1
210,Exit short,2026-05-26 15:35,sl1|exit_reason=be|mfe_r=0.791942,308.89,50,15442.5,-2,-0.01,0,38.5,0.25,-8,-0.05,-1171.94,-4.69,7
210,Entry short,2026-05-26 15:00,sl1|setup=lod_break|side=short|grade=B|size=half|score=4|window=power|tier=neutral|rvol=1.033847|rs_vs_spy=-0.116573|gap_atr=0.116112|ext_atr=0.272751|risk_atr=0.167865,308.85,50,15442.5,-2,-0.01,0,38.5,0.25,-8,-0.05,-1171.94,-4.69,7
211,Exit long,2026-05-27 10:05,sl1|exit_reason=be|mfe_r=0.928628,311.87,70,21833.7,-2.8,-0.01,0,44.8,0.21,-31.5,-0.14,-1174.74,-4.70,2
211,Entry long,2026-05-27 09:55,sl1|setup=orb_break|side=long|grade=B|size=half|score=4|window=open|tier=neutral|rvol=1.210091|rs_vs_spy=1.210406|gap_atr=-0.006879|ext_atr=0.193363|risk_atr=0.122233,311.91,70,21833.7,-2.8,-0.01,0,44.8,0.21,-31.5,-0.14,-1174.74,-4.70,2
212,Exit long,2026-05-28 09:50,sl1|exit_reason=trail|mfe_r=1.69272,311.27,60,18644.4,31.8,0.17,0,83.4,0.45,-3.6,-0.02,-1142.94,-4.57,2
212,Entry long,2026-05-28 09:40,sl1|setup=vwap_reclaim|side=long|grade=B|size=half|score=4|window=open|tier=neutral|rvol=0.698019|rs_vs_spy=0.157992|gap_atr=-0.068654|ext_atr=0.093751|risk_atr=0.143751,310.74,60,18644.4,31.8,0.17,0,83.4,0.45,-3.6,-0.02,-1142.94,-4.57,2
213,Exit short,2026-06-01 09:55,sl1|exit_reason=stop|mfe_r=0,309.89,112,34652.8,-54.88,-0.16,0,26.88,0.08,-54.88,-0.16,-1197.82,-4.79,1
213,Entry short,2026-06-01 09:50,sl1|setup=pdl_break|side=short|grade=B|size=half|score=4|window=open|tier=neutral|rvol=1.065998|rs_vs_spy=-0.131022|gap_atr=-0.454557|ext_atr=0.072411|risk_atr=0.08,309.4,112,34652.8,-54.88,-0.16,0,26.88,0.08,-54.88,-0.16,-1197.82,-4.79,1
214,Exit long,2026-06-03 09:45,sl1|exit_reason=stop|mfe_r=0,316.11,105,33246.15,-54.6,-0.16,0,14.7,0.04,-54.6,-0.16,-1252.42,-5.01,1
214,Entry long,2026-06-03 09:40,sl1|setup=orb_break|side=long|grade=B|size=half|score=4|window=open|tier=neutral|rvol=1.375106|rs_vs_spy=0.949966|gap_atr=-0.150365|ext_atr=0.088509|risk_atr=0.08,316.63,105,33246.15,-54.6,-0.16,0,14.7,0.04,-54.6,-0.16,-1252.42,-5.01,1
215,Exit long,2026-06-03 10:20,sl1|exit_reason=stop|mfe_r=0.147941,315.13,73,23057.05,-52.56,-0.23,0,5.84,0.03,-52.56,-0.23,-1304.98,-5.22,2
215,Entry long,2026-06-03 10:10,sl1|setup=pdh_break|side=long|grade=B|size=half|score=4|window=open|tier=neutral|rvol=1.448633|rs_vs_spy=0.649035|gap_atr=-0.150365|ext_atr=0.000832|risk_atr=0.114201,315.85,73,23057.05,-52.56,-0.23,0,5.84,0.03,-52.56,-0.23,-1304.98,-5.22,2
216,Exit short,2026-06-04 10:30,sl1|exit_reason=trail|mfe_r=1.830713,310.69,68,21165,38.08,0.18,0,89.76,0.42,-42.84,-0.20,-1266.9,-5.07,5
216,Entry short,2026-06-04 10:05,sl1|setup=vwap_loss|side=short|grade=B|size=half|score=3|window=open|tier=neutral|rvol=0.887214|rs_vs_spy=-0.676821|gap_atr=0.456041|ext_atr=0.070506|risk_atr=0.120506,311.25,68,21165,38.08,0.18,0,89.76,0.42,-42.84,-0.20,-1266.9,-5.07,5
217,Exit long,2026-06-05 09:50,sl1|exit_reason=stop|mfe_r=0.695966,313.16,64,20094.72,-52.48,-0.26,0,33.28,0.17,-52.48,-0.26,-1319.38,-5.28,3
217,Entry long,2026-06-05 09:35,sl1|setup=pdh_break|side=long|grade=B|size=half|score=4|window=open|tier=neutral|rvol=1.151234|rs_vs_spy=0.453716|gap_atr=0.268671|ext_atr=0.074157|risk_atr=0.131108,313.98,64,20094.72,-52.48,-0.26,0,33.28,0.17,-52.48,-0.26,-1319.38,-5.28,3
218,Exit long,2026-06-05 10:15,sl1|exit_reason=trail|mfe_r=3.400637,314.4,105,32925.9,86.1,0.26,0,166.95,0.51,-2.1,-0.01,-1233.28,-4.93,1
218,Entry long,2026-06-05 10:10,sl1|setup=vwap_reclaim|side=long|grade=B|size=half|score=4|window=open|tier=neutral|rvol=1.426107|rs_vs_spy=0.522582|gap_atr=0.268671|ext_atr=0.003185|risk_atr=0.08,313.58,105,32925.9,86.1,0.26,0,166.95,0.51,-2.1,-0.01,-1233.28,-4.93,1
219,Exit short,2026-06-05 15:15,sl1|exit_reason=trail|mfe_r=4.900297,307.7,105,32493.3,184.8,0.57,0,241.5,0.74,-22.05,-0.07,-1048.48,-4.19,4
219,Entry short,2026-06-05 14:55,sl1|setup=pdl_break|side=short|grade=B|size=half|score=3|window=power|tier=neutral|rvol=1.634849|rs_vs_spy=0.665943|gap_atr=0.268671|ext_atr=0.503376|risk_atr=0.08,309.46,105,32493.3,184.8,0.57,0,241.5,0.74,-22.05,-0.07,-1048.48,-4.19,4
220,Exit long,2026-06-08 09:55,sl1|exit_reason=stop|mfe_r=0,311.89,168,52505.04,-107.52,-0.20,0,18.48,0.04,-107.52,-0.20,-1156,-4.62,1
220,Entry long,2026-06-08 09:50,sl1|setup=vwap_reclaim|side=long|grade=A|size=full|score=5|window=open|tier=neutral|rvol=1.567291|rs_vs_spy=1.25649|gap_atr=0.191162|ext_atr=0.04793|risk_atr=0.09793,312.53,168,52505.04,-107.52,-0.20,0,18.48,0.04,-107.52,-0.20,-1156,-4.62,1
221,Exit short,2026-06-08 14:10,sl1|exit_reason=be|mfe_r=0.869293,305.9,41,12540.26,-1.64,-0.01,0,85.69,0.68,-36.9,-0.29,-1157.64,-4.63,2
221,Entry short,2026-06-08 14:00,sl1|setup=orb_retest|side=short|grade=A|size=full|score=5|window=power|tier=neutral|rvol=1.815514|rs_vs_spy=-0.688011|gap_atr=0.191162|ext_atr=1.087663|risk_atr=0.4,305.86,41,12540.26,-1.64,-0.01,0,85.69,0.68,-36.9,-0.29,-1157.64,-4.63,2
222,Exit short,2026-06-08 15:05,sl1|exit_reason=time|mfe_r=0.366669,303.95,41,12445.14,-16.81,-0.14,0,35.67,0.29,-50.43,-0.41,-1174.45,-4.70,6
222,Entry short,2026-06-08 14:35,sl1|setup=lod_break|side=short|grade=A|size=full|score=5|window=power|tier=neutral|rvol=2.043156|rs_vs_spy=-1.360151|gap_atr=0.191162|ext_atr=1.257441|risk_atr=0.4,303.54,41,12445.14,-16.81,-0.14,0,35.67,0.29,-50.43,-0.41,-1174.45,-4.70,6
223,Exit short,2026-06-09 09:45,sl1|exit_reason=stop|mfe_r=0,297.95,72,21399.84,-52.56,-0.25,0,23.04,0.11,-52.56,-0.25,-1227.01,-4.91,1
223,Entry short,2026-06-09 09:40,sl1|setup=orb_break|side=short|grade=B|size=half|score=4|window=open|tier=neutral|rvol=1.125728|rs_vs_spy=-1.204414|gap_atr=-0.205328|ext_atr=0.203785|risk_atr=0.101516,297.22,72,21399.84,-52.56,-0.25,0,23.04,0.11,-52.56,-0.25,-1227.01,-4.91,1
224,Exit long,2026-06-10 14:30,sl1|exit_reason=time|mfe_r=0.102234,293.91,23,6774.42,-14.49,-0.21,0,4.6,0.07,-15.64,-0.23,-1241.5,-4.97,6
224,Entry long,2026-06-10 14:00,sl1|setup=hod_break|side=long|grade=B|size=half|score=4|window=power|tier=neutral|rvol=0.944288|rs_vs_spy=1.530704|gap_atr=0.054858|ext_atr=0.508309|risk_atr=0.295125,294.54,23,6774.42,-14.49,-0.21,0,4.6,0.07,-15.64,-0.23,-1241.5,-4.97,6
225,Exit short,2026-06-11 10:20,sl1|exit_reason=trail|mfe_r=1.573152,291.01,44,12830.84,26.4,0.21,0,81.84,0.64,-7.48,-0.06,-1215.1,-4.86,5
225,Entry short,2026-06-11 09:55,sl1|setup=vwap_loss|side=short|grade=B|size=half|score=3|window=open|tier=neutral|rvol=0.669644|rs_vs_spy=-0.805999|gap_atr=0.294635|ext_atr=0.105058|risk_atr=0.155058,291.61,44,12830.84,26.4,0.21,0,81.84,0.64,-7.48,-0.06,-1215.1,-4.86,5
226,Exit short,2026-06-12 10:15,sl1|exit_reason=trail|mfe_r=1.772858,292.31,29,8513.24,36.25,0.43,0,85.55,1.00,-4.93,-0.06,-1178.85,-4.72,8
226,Entry short,2026-06-12 09:35,sl1|setup=orb_break|side=short|grade=B|size=half|score=4|window=open|tier=neutral|rvol=0.817002|rs_vs_spy=-0.623771|gap_atr=0.094453|ext_atr=0.213966|risk_atr=0.229324,293.56,29,8513.24,36.25,0.43,0,85.55,1.00,-4.93,-0.06,-1178.85,-4.72,8
227,Exit short,2026-06-12 14:30,sl1|exit_reason=time|mfe_r=0.074229,290.51,30,8691.6,-23.7,-0.27,0,3,0.03,-25.8,-0.30,-1202.55,-4.81,6
227,Entry short,2026-06-12 14:00,sl1|setup=lod_break|side=short|grade=B|size=half|score=4|window=power|tier=neutral|rvol=0.785895|rs_vs_spy=-2.170684|gap_atr=0.094453|ext_atr=0.300291|risk_atr=0.221296,289.72,30,8691.6,-23.7,-0.27,0,3,0.03,-25.8,-0.30,-1202.55,-4.81,6
228,Exit long,2026-06-15 12:50,sl1|exit_reason=trail|mfe_r=2.399591,296.61,43,12687.15,67.08,0.53,0,117.39,0.93,-17.2,-0.14,-1135.47,-4.54,38
228,Entry long,2026-06-15 09:40,sl1|setup=orb_retest|side=long|grade=B|size=half|score=4|window=open|tier=neutral|rvol=1.234594|rs_vs_spy=0.132074|gap_atr=0.43166|ext_atr=0.123103|risk_atr=0.156549,295.05,43,12687.15,67.08,0.53,0,117.39,0.93,-17.2,-0.14,-1135.47,-4.54,38
229,Exit long,2026-06-16 10:20,sl1|exit_reason=time|mfe_r=0.349824,297.53,32,9519.36,1.6,0.02,0,16.64,0.17,-19.84,-0.21,-1133.87,-4.54,6
229,Entry long,2026-06-16 09:50,sl1|setup=orb_break|side=long|grade=B|size=half|score=4|window=open|tier=neutral|rvol=0.560845|rs_vs_spy=0.641508|gap_atr=-0.147126|ext_atr=0.234352|risk_atr=0.212251,297.48,32,9519.36,1.6,0.02,0,16.64,0.17,-19.84,-0.21,-1133.87,-4.54,6
230,Exit long,2026-06-17 09:45,sl1|exit_reason=trail|mfe_r=1.622693,301.13,78,23460.84,27.3,0.12,0,79.56,0.34,-21.84,-0.09,-1106.57,-4.43,2
230,Entry long,2026-06-17 09:35,sl1|setup=pdh_break|side=long|grade=B|size=half|score=4|window=open|tier=neutral|rvol=0.62106|rs_vs_spy=0.061295|gap_atr=0.223047|ext_atr=0.018724|risk_atr=0.088791,300.78,78,23460.84,27.3,0.12,0,79.56,0.34,-21.84,-0.09,-1106.57,-4.43,2
231,Exit short,2026-06-17 15:50,sl1|exit_reason=eod|mfe_r=1.325035,295.4,34,10072.5,28.9,0.29,0,64.26,0.64,-9.86,-0.10,-1077.67,-4.31,22
231,Entry short,2026-06-17 14:00,sl1|setup=lod_break|side=short|grade=B|size=half|score=4|window=power|tier=neutral|rvol=0.598055|rs_vs_spy=-0.732051|gap_atr=0.223047|ext_atr=0.353427|risk_atr=0.1997,296.25,34,10072.5,28.9,0.29,0,64.26,0.64,-9.86,-0.10,-1077.67,-4.31,22
232,Exit long,2026-06-18 09:55,sl1|exit_reason=be|mfe_r=1.034009,297.99,86,25630.58,-3.44,-0.01,0,49.88,0.19,-37.84,-0.15,-1081.11,-4.32,2
232,Entry long,2026-06-18 09:45,sl1|setup=vwap_reclaim|side=long|grade=B|size=half|score=4|window=open|tier=neutral|rvol=1.062817|rs_vs_spy=0.21629|gap_atr=0.355699|ext_atr=0.015827|risk_atr=0.08,298.03,86,25630.58,-3.44,-0.01,0,49.88,0.19,-37.84,-0.15,-1081.11,-4.32,2
233,Exit long,2026-06-22 10:15,sl1|exit_reason=be|mfe_r=0.964289,301.2,40,12049.6,-1.6,-0.01,0,47.2,0.39,-29.2,-0.24,-1082.71,-4.33,8
233,Entry long,2026-06-22 09:35,sl1|setup=orb_break|side=long|grade=B|size=half|score=4|window=open|tier=neutral|rvol=1.056761|rs_vs_spy=1.032923|gap_atr=-0.078998|ext_atr=0.252008|risk_atr=0.17555,301.24,40,12049.6,-1.6,-0.01,0,47.2,0.39,-29.2,-0.24,-1082.71,-4.33,8
234,Exit long,2026-06-23 09:45,sl1|exit_reason=trail|mfe_r=2.948338,300.4,53,15842.76,78.44,0.50,0,144.16,0.91,-8.48,-0.05,-1004.27,-4.02,2
234,Entry long,2026-06-23 09:35,sl1|setup=orb_break|side=long|grade=B|size=half|score=4|window=open|tier=neutral|rvol=1.327599|rs_vs_spy=0.309124|gap_atr=0.131678|ext_atr=0.230364|risk_atr=0.133014,298.92,53,15842.76,78.44,0.50,0,144.16,0.91,-8.48,-0.05,-1004.27,-4.02,2
235,Exit short,2026-06-23 15:45,sl1|exit_reason=time|mfe_r=0.159796,295.85,34,10052.1,-6.8,-0.07,0,7.14,0.07,-28.22,-0.28,-1011.07,-4.04,6
235,Entry short,2026-06-23 15:15,sl1|setup=pdl_break|side=short|grade=B|size=half|score=4|window=power|tier=neutral|rvol=0.910757|rs_vs_spy=-0.694018|gap_atr=0.131678|ext_atr=0.426142|risk_atr=0.20601,295.65,34,10052.1,-6.8,-0.07,0,7.14,0.07,-28.22,-0.28,-1011.07,-4.04,6
236,Exit short,2026-06-25 11:40,sl1|exit_reason=trail|mfe_r=1.681677,279.26,35,9839.2,65.1,0.66,0,164.15,1.67,-5.6,-0.06,-945.97,-3.78,25
236,Entry short,2026-06-25 09:35,sl1|setup=orb_break|side=short|grade=A|size=full|score=5|window=open|tier=neutral|rvol=2.559751|rs_vs_spy=-1.936772|gap_atr=-0.836911|ext_atr=0.507841|risk_atr=0.4,281.12,35,9839.2,65.1,0.66,0,164.15,1.67,-5.6,-0.06,-945.97,-3.78,25
237,Exit long,2026-06-25 14:10,sl1|exit_reason=be|mfe_r=0.767645,278.22,89,24781.16,-19.58,-0.08,0,36.49,0.15,-25.81,-0.10,-965.55,-3.86,1
237,Entry long,2026-06-25 14:05,sl1|setup=vwap_reclaim|side=long|grade=B|size=half|score=3|window=power|tier=neutral|rvol=2.740228|rs_vs_spy=-2.399787|gap_atr=-0.836911|ext_atr=0.013712|risk_atr=0.08,278.44,89,24781.16,-19.58,-0.08,0,36.49,0.15,-25.81,-0.10,-965.55,-3.86,1
238,Exit short,2026-06-26 09:55,sl1|exit_reason=be|mfe_r=1.16929,276.42,77,21281.26,-3.08,-0.01,0,56.21,0.26,-33.88,-0.16,-968.63,-3.87,2
238,Entry short,2026-06-26 09:45,sl1|setup=vwap_loss|side=short|grade=B|size=half|score=4|window=open|tier=neutral|rvol=1.85644|rs_vs_spy=0.54956|gap_atr=-0.026007|ext_atr=0.031372|risk_atr=0.081372,276.38,77,21281.26,-3.08,-0.01,0,56.21,0.26,-33.88,-0.16,-968.63,-3.87,2
239,Exit long,2026-06-26 10:15,sl1|exit_reason=stop|mfe_r=0,277.52,158,43955.6,-107.44,-0.24,0,22.12,0.05,-107.44,-0.24,-1076.07,-4.30,1
239,Entry long,2026-06-26 10:10,sl1|setup=orb_break|side=long|grade=A|size=full|score=5|window=open|tier=neutral|rvol=1.991581|rs_vs_spy=0.567156|gap_atr=-0.026007|ext_atr=0.187803|risk_atr=0.08,278.2,158,43955.6,-107.44,-0.24,0,22.12,0.05,-107.44,-0.24,-1076.07,-4.30,1
240,Exit long,2026-06-26 15:50,sl1|exit_reason=eod|mfe_r=2.613895,285.19,50,14031,228.5,1.63,0,259.5,1.85,-60.5,-0.43,-847.57,-3.39,21
240,Entry long,2026-06-26 14:05,sl1|setup=hod_break|side=long|grade=A|size=full|score=5|window=power|tier=neutral|rvol=2.306934|rs_vs_spy=1.318202|gap_atr=-0.026007|ext_atr=0.340026|risk_atr=0.252863,280.62,50,14031,228.5,1.63,0,259.5,1.85,-60.5,-0.43,-847.57,-3.39,21
241,Exit long,2026-06-30 09:45,sl1|exit_reason=stop|mfe_r=0.349823,283.08,40,11374,-50.8,-0.45,0,16.4,0.14,-50.8,-0.45,-898.37,-3.59,2
241,Entry long,2026-06-30 09:35,sl1|setup=orb_break|side=long|grade=B|size=half|score=4|window=open|tier=neutral|rvol=1.146006|rs_vs_spy=1.051951|gap_atr=-0.046433|ext_atr=0.152974|risk_atr=0.150197,284.35,40,11374,-50.8,-0.45,0,16.4,0.14,-50.8,-0.45,-898.37,-3.59,2
242,Exit long,2026-07-02 09:50,sl1|exit_reason=trail|mfe_r=3.055999,301.59,69,20710.35,99.36,0.48,0,173.88,0.84,-25.53,-0.12,-799.01,-3.20,3
242,Entry long,2026-07-02 09:35,sl1|setup=orb_break|side=long|grade=B|size=half|score=4|window=open|tier=neutral|rvol=0.909185|rs_vs_spy=1.868102|gap_atr=-0.019517|ext_atr=0.22351|risk_atr=0.087815,300.15,69,20710.35,99.36,0.48,0,173.88,0.84,-25.53,-0.12,-799.01,-3.20,3
243,Exit long,2026-07-06 09:40,sl1|exit_reason=stop|mfe_r=0,308.53,57,17638.65,-52.44,-0.30,0,25.65,0.15,-52.44,-0.30,-851.45,-3.41,1
243,Entry long,2026-07-06 09:35,sl1|setup=orb_break|side=long|grade=B|size=half|score=4|window=open|tier=neutral|rvol=0.601236|rs_vs_spy=0.64195|gap_atr=-0.07211|ext_atr=0.093398|risk_atr=0.100363,309.45,57,17638.65,-52.44,-0.30,0,25.65,0.15,-52.44,-0.30,-851.45,-3.41,1
244,Exit long,2026-07-06 11:50,sl1|exit_reason=trail|mfe_r=6.610098,313.47,71,21980.89,275.48,1.25,0,326.6,1.49,-49.7,-0.23,-575.97,-2.30,23
244,Entry long,2026-07-06 09:55,sl1|setup=pdh_retest|side=long|grade=B|size=half|score=4|window=open|tier=neutral|rvol=0.561515|rs_vs_spy=0.658075|gap_atr=-0.07211|ext_atr=0.07242|risk_atr=0.08,309.59,71,21980.89,275.48,1.25,0,326.6,1.49,-49.7,-0.23,-575.97,-2.30,23
245,Exit short,2026-07-07 10:05,sl1|exit_reason=time|mfe_r=0.075326,312.13,25,7780.5,-22.75,-0.29,0,3.25,0.04,-39.75,-0.51,-598.72,-2.39,6
245,Entry short,2026-07-07 09:35,sl1|setup=orb_break|side=short|grade=B|size=half|score=3|window=open|tier=neutral|rvol=0.71588|rs_vs_spy=-1.155909|gap_atr=0.27936|ext_atr=0.16297|risk_atr=0.23083,311.22,25,7780.5,-22.75,-0.29,0,3.25,0.04,-39.75,-0.51,-598.72,-2.39,6
246,Exit short,2026-07-07 15:50,sl1|exit_reason=eod|mfe_r=0.846216,311.52,47,14672.93,31.49,0.21,0,40.89,0.28,-18.33,-0.12,-567.23,-2.27,12
246,Entry short,2026-07-07 14:50,sl1|setup=vwap_loss|side=short|grade=B|size=half|score=3|window=power|tier=neutral|rvol=0.626004|rs_vs_spy=-0.620228|gap_atr=0.27936|ext_atr=0.071915|risk_atr=0.121915,312.19,47,14672.93,31.49,0.21,0,40.89,0.28,-18.33,-0.12,-567.23,-2.27,12
247,Exit short,2026-07-08 09:50,sl1|exit_reason=stop|mfe_r=0.618897,309.32,35,10776.15,-50.05,-0.46,0,29.4,0.27,-50.05,-0.46,-617.28,-2.47,2
247,Entry short,2026-07-08 09:40,sl1|setup=orb_break|side=short|grade=B|size=half|score=4|window=open|tier=neutral|rvol=0.616839|rs_vs_spy=-1.460661|gap_atr=0.145387|ext_atr=0.163181|risk_atr=0.165595,307.89,35,10776.15,-50.05,-0.46,0,29.4,0.27,-50.05,-0.46,-617.28,-2.47,2
248,Exit long,2026-07-08 14:30,sl1|exit_reason=time|mfe_r=0.071258,314.06,29,9126.88,-19.14,-0.21,0,2.9,0.03,-25.23,-0.28,-636.42,-2.55,6
248,Entry long,2026-07-08 14:00,sl1|setup=hod_break|side=long|grade=B|size=half|score=4|window=power|tier=neutral|rvol=0.662418|rs_vs_spy=0.585237|gap_atr=0.145387|ext_atr=0.424624|risk_atr=0.200684,314.72,29,9126.88,-19.14,-0.21,0,2.9,0.03,-25.23,-0.28,-636.42,-2.55,6
249,Exit short,2026-07-09 10:05,sl1|exit_reason=stop|mfe_r=0,311.32,52,16137.16,-51.48,-0.32,0,4.68,0.03,-51.48,-0.32,-687.9,-2.75,1
249,Entry short,2026-07-09 10:00,sl1|setup=vwap_loss|side=short|grade=B|size=half|score=4|window=open|tier=neutral|rvol=0.705935|rs_vs_spy=-0.244503|gap_atr=-0.330658|ext_atr=0.063098|risk_atr=0.113098,310.33,52,16137.16,-51.48,-0.32,0,4.68,0.03,-51.48,-0.32,-687.9,-2.75,1
250,Exit long,2026-07-09 15:50,sl1|exit_reason=eod|mfe_r=0.535915,316.22,42,13261.08,20.16,0.15,0,25.62,0.19,-11.34,-0.09,-667.74,-2.67,4
250,Entry long,2026-07-09 15:30,sl1|setup=hod_break|side=long|grade=B|size=half|score=3|window=power|tier=neutral|rvol=0.626705|rs_vs_spy=1.1636|gap_atr=-0.330658|ext_atr=0.290326|risk_atr=0.140836,315.74,42,13261.08,20.16,0.15,0,25.62,0.19,-11.34,-0.09,-667.74,-2.67,4
251,Exit long,2026-07-10 15:50,sl1|exit_reason=eod|mfe_r=0.41923,316.11,74,23432.1,-39.96,-0.17,0,19.24,0.08,-48.84,-0.21,-707.7,-2.83,4
251,Entry long,2026-07-10 15:30,sl1|setup=pdh_break|side=long|grade=B|size=half|score=4|window=power|tier=neutral|rvol=0.436839|rs_vs_spy=0.288447|gap_atr=-0.200033|ext_atr=0.282927|risk_atr=0.08,316.65,74,23432.1,-39.96,-0.17,0,19.24,0.08,-48.84,-0.21,-707.7,-2.83,4
252,Exit long,2026-07-13 09:50,sl1|exit_reason=be|mfe_r=0.906211,321.65,69,22196.61,-2.76,-0.01,0,120.75,0.54,-44.85,-0.20,-710.46,-2.84,3
252,Entry long,2026-07-13 09:35,sl1|setup=orb_break|side=long|grade=A|size=full|score=5|window=open|tier=neutral|rvol=1.618301|rs_vs_spy=1.362833|gap_atr=0.210113|ext_atr=0.195273|risk_atr=0.177304,321.69,69,22196.61,-2.76,-0.01,0,120.75,0.54,-44.85,-0.20,-710.46,-2.84,3
253,Exit short,2026-07-14 09:50,sl1|exit_reason=stop|mfe_r=0,314.27,75,23517,-53.25,-0.23,0,39.75,0.17,-53.25,-0.23,-763.71,-3.05,1
253,Entry short,2026-07-14 09:45,sl1|setup=vwap_loss|side=short|grade=B|size=half|score=4|window=open|tier=neutral|rvol=0.587148|rs_vs_spy=-0.112372|gap_atr=-0.443556|ext_atr=0.031727|risk_atr=0.081727,313.56,75,23517,-53.25,-0.23,0,39.75,0.17,-53.25,-0.23,-763.71,-3.05,1
254,Exit long,2026-07-15 13:15,sl1|exit_reason=trail|mfe_r=3.039096,326.06,20,6423.2,98,1.53,0,147,2.29,-24.8,-0.39,-665.71,-2.66,43
254,Entry long,2026-07-15 09:40,sl1|setup=orb_break|side=long|grade=B|size=half|score=4|window=open|tier=neutral|rvol=0.827453|rs_vs_spy=1.145943|gap_atr=0.312608|ext_atr=0.226965|risk_atr=0.306921,321.16,20,6423.2,98,1.53,0,147,2.29,-24.8,-0.39,-665.71,-2.66,43
255,Exit long,2026-07-15 15:25,sl1|exit_reason=stop|mfe_r=0.074663,327.08,33,10843.8,-50.16,-0.46,0,2.97,0.03,-50.16,-0.46,-715.87,-2.86,5
255,Entry long,2026-07-15 15:00,sl1|setup=hod_break|side=long|grade=B|size=half|score=4|window=power|tier=neutral|rvol=1.424529|rs_vs_spy=3.5797|gap_atr=0.312608|ext_atr=0.419223|risk_atr=0.186461,328.6,33,10843.8,-50.16,-0.46,0,2.97,0.03,-50.16,-0.46,-715.87,-2.86,5
256,Exit long,2026-07-16 10:00,sl1|exit_reason=be|mfe_r=0.851688,329.82,32,10555.52,-1.28,-0.01,0,49.6,0.47,-2.88,-0.03,-717.15,-2.87,2
256,Entry long,2026-07-16 09:50,sl1|setup=pdh_retest|side=long|grade=B|size=half|score=4|window=open|tier=neutral|rvol=1.363428|rs_vs_spy=0.665744|gap_atr=0.075652|ext_atr=0.165669|risk_atr=0.183292,329.86,32,10555.52,-1.28,-0.01,0,49.6,0.47,-2.88,-0.03,-717.15,-2.87,2
257,Exit long,2026-07-16 15:35,sl1|exit_reason=time|mfe_r=0.166386,332.65,22,7348.22,-29.92,-0.41,0,7.7,0.10,-33.44,-0.46,-747.07,-2.99,6
257,Entry long,2026-07-16 15:05,sl1|setup=hod_break|side=long|grade=B|size=half|score=4|window=power|tier=neutral|rvol=1.253383|rs_vs_spy=2.165342|gap_atr=0.075652|ext_atr=0.390743|risk_atr=0.267032,334.01,22,7348.22,-29.92,-0.41,0,7.7,0.10,-33.44,-0.46,-747.07,-2.99,6
258,Exit long,2026-07-17 09:45,sl1|exit_reason=stop|mfe_r=0,333.06,26,8708.96,-49.4,-0.57,0,0,0.00,-49.4,-0.57,-796.47,-3.19,2
258,Entry long,2026-07-17 09:35,sl1|setup=orb_break|side=long|grade=B|size=half|score=4|window=open|tier=neutral|rvol=1.276657|rs_vs_spy=1.055294|gap_atr=-0.185624|ext_atr=0.176214|risk_atr=0.22357,334.96,26,8708.96,-49.4,-0.57,0,0,0.00,-49.4,-0.57,-796.47,-3.19,2
259,Exit short,2026-07-17 10:10,sl1|exit_reason=be|mfe_r=0.886236,330.46,35,11558.4,-7.7,-0.07,0,42.7,0.37,-12.6,-0.11,-804.17,-3.22,2
259,Entry short,2026-07-17 10:00,sl1|setup=orb_retest|side=short|grade=B|size=half|score=4|window=open|tier=neutral|rvol=1.35816|rs_vs_spy=-0.869084|gap_atr=-0.185624|ext_atr=0.306088|risk_atr=0.16933,330.24,35,11558.4,-7.7,-0.07,0,42.7,0.37,-12.6,-0.11,-804.17,-3.22,2
260,Exit long,2026-07-17 15:10,sl1|exit_reason=trail|mfe_r=2.209171,333.71,53,17629.39,57.24,0.32,0,108.12,0.61,-28.09,-0.16,-746.93,-2.99,12
260,Entry long,2026-07-17 14:10,sl1|setup=vwap_reclaim|side=long|grade=B|size=half|score=4|window=power|tier=neutral|rvol=1.355466|rs_vs_spy=0.003812|gap_atr=-0.185624|ext_atr=0.062396|risk_atr=0.112396,332.63,53,17629.39,57.24,0.32,0,108.12,0.61,-28.09,-0.16,-746.93,-2.99,12
261,Exit short,2026-07-20 09:45,sl1|exit_reason=trail|mfe_r=1.583335,330.71,76,25159.04,25.08,0.10,0,76.76,0.31,-1.52,-0.01,-721.85,-2.89,2
261,Entry short,2026-07-20 09:35,sl1|setup=orb_break|side=short|grade=B|size=half|score=4|window=open|tier=neutral|rvol=1.125946|rs_vs_spy=-0.846125|gap_atr=-0.05534|ext_atr=0.095256|risk_atr=0.08,331.04,76,25159.04,25.08,0.10,0,76.76,0.31,-1.52,-0.01,-721.85,-2.89,2
262,Exit short,2026-07-21 09:55,sl1|exit_reason=stop|mfe_r=0,324.1,28,9023.56,-51.24,-0.57,0,1.12,0.01,-51.24,-0.57,-773.09,-3.09,1
262,Entry short,2026-07-21 09:50,sl1|setup=pdl_retest|side=short|grade=B|size=half|score=4|window=open|tier=neutral|rvol=1.084361|rs_vs_spy=-0.182033|gap_atr=-0.401484|ext_atr=0.222732|risk_atr=0.215673,322.27,28,9023.56,-51.24,-0.57,0,1.12,0.01,-51.24,-0.57,-773.09,-3.09,1
263,Exit long,2026-07-21 11:55,sl1|exit_reason=trail|mfe_r=2.958924,327.98,50,16305,94,0.58,0,144.5,0.89,-21.5,-0.13,-679.09,-2.72,21
263,Entry long,2026-07-21 10:10,sl1|setup=orb_break|side=long|grade=B|size=half|score=3|window=open|tier=neutral|rvol=1.121288|rs_vs_spy=0.90819|gap_atr=-0.401484|ext_atr=0.208831|risk_atr=0.11893,326.1,50,16305,94,0.58,0,144.5,0.89,-21.5,-0.13,-679.09,-2.72,21
264,Exit short,2026-07-22 09:45,sl1|exit_reason=stop|mfe_r=0,326.86,76,24788.16,-53.2,-0.21,0,6.08,0.02,-53.2,-0.21,-732.29,-2.93,1
264,Entry short,2026-07-22 09:40,sl1|setup=orb_break|side=short|grade=B|size=half|score=4|window=open|tier=neutral|rvol=0.616637|rs_vs_spy=-0.640358|gap_atr=0.032904|ext_atr=0.115859|risk_atr=0.08,326.16,76,24788.16,-53.2,-0.21,0,6.08,0.02,-53.2,-0.21,-732.29,-2.93,1
265,Exit short,2026-07-23 10:00,sl1|exit_reason=stop|mfe_r=0.121124,321.24,30,9586.2,-51,-0.53,0,5.4,0.06,-51,-0.53,-783.29,-3.13,3
265,Entry short,2026-07-23 09:45,sl1|setup=orb_break|side=short|grade=B|size=half|score=4|window=open|tier=neutral|rvol=0.864105|rs_vs_spy=-0.820342|gap_atr=-0.510974|ext_atr=0.211067|risk_atr=0.205785,319.54,30,9586.2,-51,-0.53,0,5.4,0.06,-51,-0.53,-783.29,-3.13,3
266,Exit long,2026-07-23 15:50,sl1|exit_reason=stop|mfe_r=0.154125,320.45,77,24727.78,-53.13,-0.21,0,6.16,0.02,-53.13,-0.21,-836.42,-3.35,2
266,Entry long,2026-07-23 15:40,sl1|setup=vwap_reclaim|side=long|grade=B|size=half|score=3|window=power|tier=neutral|rvol=0.716482|rs_vs_spy=0.221722|gap_atr=-0.510974|ext_atr=0.030862|risk_atr=0.080862,321.14,77,24727.78,-53.13,-0.21,0,6.16,0.02,-53.13,-0.21,-836.42,-3.35,2
267,Exit long,2026-07-24 09:50,sl1|exit_reason=trail|mfe_r=2.500358,326.75,67,21821.23,71.02,0.33,0,121.94,0.56,-10.72,-0.05,-765.4,-3.06,2
267,Entry long,2026-07-24 09:40,sl1|setup=orb_break|side=long|grade=B|size=half|score=4|window=open|tier=neutral|rvol=0.724502|rs_vs_spy=1.16107|gap_atr=0.013893|ext_atr=0.127312|risk_atr=0.092941,325.69,67,21821.23,71.02,0.33,0,121.94,0.56,-10.72,-0.05,-765.4,-3.06,2
268,Exit long,2026-07-27 10:00,sl1|exit_reason=trail|mfe_r=1.996843,335.71,75,25169.25,9,0.04,0,97.5,0.39,-25.5,-0.10,-756.4,-3.03,1
268,Entry long,2026-07-27 09:55,sl1|setup=vwap_reclaim|side=long|grade=B|size=half|score=4|window=open|tier=neutral|rvol=0.917047|rs_vs_spy=0.640393|gap_atr=0.223283|ext_atr=0.022621|risk_atr=0.08,335.59,75,25169.25,9,0.04,0,97.5,0.39,-25.5,-0.10,-756.4,-3.03,1
269,Exit short,2026-07-28 10:05,sl1|exit_reason=trail|mfe_r=2.395376,336.72,76,25656.08,65.36,0.25,0,150.48,0.59,-41.8,-0.16,-691.04,-2.76,2
269,Entry short,2026-07-28 09:55,sl1|setup=orb_break|side=short|grade=B|size=half|score=3|window=open|tier=neutral|rvol=1.364701|rs_vs_spy=-0.346463|gap_atr=0.377118|ext_atr=0.183052|risk_atr=0.08,337.58,76,25656.08,65.36,0.25,0,150.48,0.59,-41.8,-0.16,-691.04,-2.76,2
270,Exit short,2026-07-28 14:55,sl1|exit_reason=stop|mfe_r=0,339.23,61,20641.18,-51.85,-0.25,0,0,0.00,-51.85,-0.25,-742.89,-2.97,3
270,Entry short,2026-07-28 14:40,sl1|setup=vwap_loss|side=short|grade=B|size=half|score=3|window=power|tier=neutral|rvol=1.032535|rs_vs_spy=-0.690187|gap_atr=0.377118|ext_atr=0.049477|risk_atr=0.099477,338.38,61,20641.18,-51.85,-0.25,0,0,0.00,-51.85,-0.25,-742.89,-2.97,3
271,Exit long,2026-07-29 10:10,sl1|exit_reason=stop|mfe_r=0.277009,341.8,34,11671.86,-50.66,-0.43,0,12.92,0.11,-50.66,-0.43,-793.55,-3.17,5
271,Entry long,2026-07-29 09:45,sl1|setup=orb_break|side=long|grade=B|size=half|score=4|window=open|tier=neutral|rvol=1.373923|rs_vs_spy=1.13714|gap_atr=-0.049505|ext_atr=0.229465|risk_atr=0.178714,343.29,34,11671.86,-50.66,-0.43,0,12.92,0.11,-50.66,-0.43,-793.55,-3.17,5
272,Exit long,2026-07-29 14:30,sl1|exit_reason=time|mfe_r=0.176979,343.28,22,7572.4,-20.24,-0.27,0,7.92,0.10,-26.84,-0.35,-813.79,-3.26,6
272,Entry long,2026-07-29 14:00,sl1|setup=hod_break|side=long|grade=B|size=half|score=4|window=power|tier=neutral|rvol=1.002841|rs_vs_spy=1.548105|gap_atr=-0.049505|ext_atr=0.316523|risk_atr=0.269236,344.2,22,7572.4,-20.24,-0.27,0,7.92,0.10,-26.84,-0.35,-813.79,-3.26,6
273,Exit short,2026-07-30 09:40,sl1|exit_reason=stop|mfe_r=0,332.44,44,14576.32,-51.04,-0.35,0,23.76,0.16,-51.04,-0.35,-864.83,-3.46,1
273,Entry short,2026-07-30 09:35,sl1|setup=orb_break|side=short|grade=B|size=half|score=4|window=open|tier=neutral|rvol=1.15782|rs_vs_spy=-0.441339|gap_atr=-0.623559|ext_atr=0.156463|risk_atr=0.139169,331.28,44,14576.32,-51.04,-0.35,0,23.76,0.16,-51.04,-0.35,-864.83,-3.46,1
274,Exit short,2026-07-31 10:05,sl1|exit_reason=be|mfe_r=1.448635,302.8,102,30881.52,-4.08,-0.01,0,142.8,0.46,-57.12,-0.18,-868.91,-3.48,2
274,Entry short,2026-07-31 09:55,sl1|setup=vwap_loss|side=short|grade=A|size=full|score=5|window=open|tier=neutral|rvol=5.441041|rs_vs_spy=-0.311079|gap_atr=-3.600487|ext_atr=0.071617|risk_atr=0.121617,302.76,102,30881.52,-4.08,-0.01,0,142.8,0.46,-57.12,-0.18,-868.91,-3.48,2
275,Exit short,2026-07-31 12:35,sl1|exit_reason=be|mfe_r=0.821958,300.56,77,23140.04,-3.08,-0.01,0,39.27,0.17,-10.01,-0.04,-871.99,-3.49,2
275,Entry short,2026-07-31 12:25,sl1|setup=orb_break|side=short|grade=A|size=half|score=5|window=midday|tier=neutral|rvol=3.251805|rs_vs_spy=-1.37621|gap_atr=-3.600487|ext_atr=0.282062|risk_atr=0.08,300.52,77,23140.04,-3.08,-0.01,0,39.27,0.17,-10.01,-0.04,-871.99,-3.49,2
276,Exit long,2026-07-31 15:20,sl1|exit_reason=trail|mfe_r=3.547048,304.89,62,18779.8,123.38,0.66,0,174.22,0.93,-29.76,-0.16,-748.61,-2.99,6
276,Entry long,2026-07-31 14:50,sl1|setup=vwap_reclaim|side=long|grade=B|size=half|score=3|window=power|tier=neutral|rvol=2.914651|rs_vs_spy=-0.858391|gap_atr=-3.600487|ext_atr=0.048988|risk_atr=0.098988,302.9,62,18779.8,123.38,0.66,0,174.22,0.93,-29.76,-0.16,-748.61,-2.99,6
277,Exit short,2026-08-03 10:10,sl1|exit_reason=stop|mfe_r=0.184569,305.71,46,14010.68,-51.98,-0.37,0,8.28,0.06,-51.98,-0.37,-800.59,-3.20,2
277,Entry short,2026-08-03 10:00,sl1|setup=orb_break|side=short|grade=B|size=half|score=4|window=open|tier=neutral|rvol=1.090536|rs_vs_spy=-2.145067|gap_atr=0.032414|ext_atr=0.261033|risk_atr=0.109764,304.58,46,14010.68,-51.98,-0.37,0,8.28,0.06,-51.98,-0.37,-800.59,-3.20,2
278,Exit short,2026-08-03 15:50,sl1|exit_reason=trail|mfe_r=1.860438,304.8,57,17414.07,40.47,0.23,0,91.77,0.53,-26.22,-0.15,-760.12,-3.04,17
278,Entry short,2026-08-03 14:25,sl1|setup=vwap_loss|side=short|grade=B|size=half|score=4|window=power|tier=neutral|rvol=1.310005|rs_vs_spy=-2.399779|gap_atr=0.032414|ext_atr=0.038748|risk_atr=0.088748,305.51,57,17414.07,40.47,0.23,0,91.77,0.53,-26.22,-0.15,-760.12,-3.04,17
279,Exit long,2026-08-04 09:50,sl1|exit_reason=be|mfe_r=0.839523,304.18,63,19199.25,-35.91,-0.19,0,40.32,0.21,-40.32,-0.21,-796.03,-3.18,1
279,Entry long,2026-08-04 09:45,sl1|setup=orb_break|side=long|grade=B|size=half|score=4|window=open|tier=neutral|rvol=0.949573|rs_vs_spy=0.407597|gap_atr=-0.059021|ext_atr=0.108789|risk_atr=0.08,304.75,63,19199.25,-35.91,-0.19,0,40.32,0.21,-40.32,-0.21,-796.03,-3.18,1
280,Exit short,2026-08-05 09:50,sl1|exit_reason=stop|mfe_r=0,308.16,58,17821.66,-51.62,-0.29,0,22.62,0.13,-51.62,-0.29,-847.65,-3.39,1
280,Entry short,2026-08-05 09:45,sl1|setup=orb_break|side=short|grade=B|size=half|score=4|window=open|tier=neutral|rvol=0.868118|rs_vs_spy=-0.579003|gap_atr=-0.005115|ext_atr=0.061905|risk_atr=0.086828,307.27,58,17821.66,-51.62,-0.29,0,22.62,0.13,-51.62,-0.29,-847.65,-3.39,1
281,Exit short,2026-08-05 10:10,sl1|exit_reason=stop|mfe_r=0,308.49,63,19382.58,-52.29,-0.27,0,18.9,0.10,-52.29,-0.27,-899.94,-3.60,1
281,Entry short,2026-08-05 10:05,sl1|setup=vwap_loss|side=short|grade=B|size=half|score=4|window=open|tier=neutral|rvol=0.814031|rs_vs_spy=-0.532809|gap_atr=-0.005115|ext_atr=0.020593|risk_atr=0.08,307.66,63,19382.58,-52.29,-0.27,0,18.9,0.10,-52.29,-0.27,-899.94,-3.60,1
282,Exit long,2026-08-06 09:50,sl1|exit_reason=trail|mfe_r=1.682743,315.18,65,20456.15,30.55,0.15,0,81.9,0.40,-8.45,-0.04,-869.39,-3.48,2
282,Entry long,2026-08-06 09:40,sl1|setup=vwap_reclaim|side=long|grade=B|size=half|score=4|window=open|tier=neutral|rvol=0.73098|rs_vs_spy=0.048093|gap_atr=0.365997|ext_atr=0.013146|risk_atr=0.08,314.71,65,20456.15,30.55,0.15,0,81.9,0.40,-8.45,-0.04,-869.39,-3.48,2
283,Exit long,2026-08-10 15:40,sl1|exit_reason=time|mfe_r=0.320963,307.26,69,21214.05,-13.11,-0.06,0,14.49,0.07,-32.43,-0.15,-882.5,-3.53,6
283,Entry long,2026-08-10 15:10,sl1|setup=orb_break|side=long|grade=B|size=half|score=3|window=power|tier=neutral|rvol=0.765983|rs_vs_spy=0.107536|gap_atr=-0.718958|ext_atr=0.112871|risk_atr=0.08,307.45,69,21214.05,-13.11,-0.06,0,14.49,0.07,-32.43,-0.15,-882.5,-3.53,6
284,Exit short,2026-08-11 10:35,sl1|exit_reason=be|mfe_r=0.940531,306.75,44,13495.24,-1.76,-0.01,0,45.76,0.34,-9.24,-0.07,-884.26,-3.54,12
284,Entry short,2026-08-11 09:35,sl1|setup=orb_break|side=short|grade=B|size=half|score=4|window=open|tier=neutral|rvol=0.27163|rs_vs_spy=-0.104028|gap_atr=-0.070466|ext_atr=0.134896|risk_atr=0.126059,306.71,44,13495.24,-1.76,-0.01,0,45.76,0.34,-9.24,-0.07,-884.26,-3.54,12
285,Exit short,2026-08-11 14:50,sl1|exit_reason=trail|mfe_r=1.886687,304.14,37,11294.99,41.81,0.37,0,91.39,0.81,-0.74,-0.01,-842.45,-3.37,9
285,Entry short,2026-08-11 14:05,sl1|setup=lod_break|side=short|grade=B|size=half|score=4|window=power|tier=neutral|rvol=0.379746|rs_vs_spy=-0.259702|gap_atr=-0.070466|ext_atr=0.143345|risk_atr=0.147618,305.27,37,11294.99,41.81,0.37,0,91.39,0.81,-0.74,-0.01,-842.45,-3.37,9
286,Exit short,2026-08-12 10:50,sl1|exit_reason=trail|mfe_r=1.552803,302.82,70,21219.8,22.4,0.11,0,74.9,0.35,-11.2,-0.05,-820.05,-3.28,9
286,Entry short,2026-08-12 10:05,sl1|setup=vwap_loss|side=short|grade=B|size=half|score=4|window=open|tier=neutral|rvol=0.396075|rs_vs_spy=-0.279024|gap_atr=0|ext_atr=0.027026|risk_atr=0.08,303.14,70,21219.8,22.4,0.11,0,74.9,0.35,-11.2,-0.05,-820.05,-3.28,9
287,Exit short,2026-08-13 10:10,sl1|exit_reason=stop|mfe_r=0.299292,305.19,28,8495.48,-49.84,-0.59,0,14,0.16,-49.84,-0.59,-869.89,-3.48,6
287,Entry short,2026-08-13 09:40,sl1|setup=orb_fail|side=short|grade=B|size=half|score=3|window=open|tier=neutral|rvol=0.358807|rs_vs_spy=-0.337277|gap_atr=0.224597|ext_atr=0.035941|risk_atr=0.20324,303.41,28,8495.48,-49.84,-0.59,0,14,0.16,-49.84,-0.59,-869.89,-3.48,6
288,Exit short,2026-08-17 09:45,sl1|exit_reason=be|mfe_r=1.382418,305.28,57,17398.68,-2.28,-0.01,0,67.26,0.39,-3.99,-0.02,-872.17,-3.49,2
288,Entry short,2026-08-17 09:35,sl1|setup=orb_break|side=short|grade=B|size=half|score=4|window=open|tier=neutral|rvol=0.621691|rs_vs_spy=-0.144861|gap_atr=0.001908|ext_atr=0.110344|risk_atr=0.110426,305.24,57,17398.68,-2.28,-0.01,0,67.26,0.39,-3.99,-0.02,-872.17,-3.49,2
289,Exit long,2026-08-18 10:20,sl1|exit_reason=be|mfe_r=0.825659,309,33,10198.32,-1.32,-0.01,0,40.26,0.39,-3.96,-0.04,-873.49,-3.49,4
289,Entry long,2026-08-18 10:00,sl1|setup=orb_break|side=long|grade=B|size=half|score=4|window=open|tier=neutral|rvol=0.960662|rs_vs_spy=0.438943|gap_atr=0.246837|ext_atr=0.237439|risk_atr=0.196662,309.04,33,10198.32,-1.32,-0.01,0,40.26,0.39,-3.96,-0.04,-873.49,-3.49,4
290,Exit long,2026-08-19 10:20,sl1|exit_reason=trail|mfe_r=3.646319,316.21,33,10304.91,130.02,1.26,0,182.82,1.77,-30.03,-0.29,-743.47,-2.97,9
290,Entry long,2026-08-19 09:35,sl1|setup=orb_break|side=long|grade=B|size=half|score=4|window=open|tier=neutral|rvol=0.859485|rs_vs_spy=0.786783|gap_atr=-0.009318|ext_atr=0.142749|risk_atr=0.200415,312.27,33,10304.91,130.02,1.26,0,182.82,1.77,-30.03,-0.29,-743.47,-2.97,9
291,Exit short,2026-08-20 10:25,sl1|exit_reason=be|mfe_r=0.774385,316.71,81,25650.27,-3.24,-0.01,0,37.26,0.15,-30.78,-0.12,-746.71,-2.99,3
291,Entry short,2026-08-20 10:10,sl1|setup=orb_retest|side=short|grade=B|size=half|score=4|window=open|tier=neutral|rvol=0.791593|rs_vs_spy=-0.249082|gap_atr=0.074993|ext_atr=0.14386|risk_atr=0.08,316.67,81,25650.27,-3.24,-0.01,0,37.26,0.15,-30.78,-0.12,-746.71,-2.99,3
292,Exit short,2026-08-20 14:35,sl1|exit_reason=time|mfe_r=0.317541,315.56,30,9458.4,-8.4,-0.09,0,15,0.16,-12.9,-0.14,-755.11,-3.02,6
292,Entry short,2026-08-20 14:05,sl1|setup=lod_break|side=short|grade=B|size=half|score=4|window=power|tier=neutral|rvol=0.694182|rs_vs_spy=-0.388996|gap_atr=0.074993|ext_atr=0.236624|risk_atr=0.213579,315.28,30,9458.4,-8.4,-0.09,0,15,0.16,-12.9,-0.14,-755.11,-3.02,6
293,Exit short,2026-08-20 15:50,sl1|exit_reason=eod|mfe_r=1.909609,311.95,36,11322.72,92.52,0.82,0,93.96,0.83,-0.72,-0.01,-662.59,-2.65,8
293,Entry short,2026-08-20 15:10,sl1|setup=lod_break|side=short|grade=B|size=half|score=4|window=power|tier=neutral|rvol=0.712617|rs_vs_spy=-0.603594|gap_atr=0.074993|ext_atr=0.295895|risk_atr=0.179624,314.52,36,11322.72,92.52,0.82,0,93.96,0.83,-0.72,-0.01,-662.59,-2.65,8
294,Exit short,2026-08-21 10:15,sl1|exit_reason=stop|mfe_r=0.564908,308.13,72,22132.08,-53.28,-0.24,0,26.64,0.12,-53.28,-0.24,-715.87,-2.86,6
294,Entry short,2026-08-21 09:45,sl1|setup=orb_break|side=short|grade=B|size=half|score=4|window=open|tier=neutral|rvol=1.182573|rs_vs_spy=-1.427971|gap_atr=0.124239|ext_atr=0.147127|risk_atr=0.088424,307.39,72,22132.08,-53.28,-0.24,0,26.64,0.12,-53.28,-0.24,-715.87,-2.86,6
295,Exit short,2026-08-21 14:55,sl1|exit_reason=trail|mfe_r=1.8972,308.83,80,24748,41.6,0.17,0,92.8,0.37,-1.6,-0.01,-674.27,-2.70,10
295,Entry short,2026-08-21 14:05,sl1|setup=vwap_loss|side=short|grade=B|size=half|score=4|window=power|tier=neutral|rvol=0.86777|rs_vs_spy=-0.846078|gap_atr=0.124239|ext_atr=0.013599|risk_atr=0.08,309.35,80,24748,41.6,0.17,0,92.8,0.37,-1.6,-0.01,-674.27,-2.70,10
296,Exit long,2026-08-24 10:10,sl1|exit_reason=be|mfe_r=0.80239,312.18,81,25297.92,-11.34,-0.04,0,38.07,0.15,-50.22,-0.20,-685.61,-2.74,2
296,Entry long,2026-08-24 10:00,sl1|setup=orb_break|side=long|grade=B|size=half|score=4|window=open|tier=neutral|rvol=0.937691|rs_vs_spy=0.526258|gap_atr=0.260695|ext_atr=0.107985|risk_atr=0.08,312.32,81,25297.92,-11.34,-0.04,0,38.07,0.15,-50.22,-0.20,-685.61,-2.74,2
297,Exit long,2026-08-25 09:55,sl1|exit_reason=stop|mfe_r=0,310.73,84,26154.24,-52.92,-0.20,0,7.56,0.03,-52.92,-0.20,-738.53,-2.95,1
297,Entry long,2026-08-25 09:50,sl1|setup=vwap_reclaim|side=long|grade=B|size=half|score=4|window=open|tier=neutral|rvol=0.757233|rs_vs_spy=0.162408|gap_atr=0.066444|ext_atr=0.015908|risk_atr=0.08,311.36,84,26154.24,-52.92,-0.20,0,7.56,0.03,-52.92,-0.20,-738.53,-2.95,1
298,Exit short,2026-08-25 15:30,sl1|exit_reason=time|mfe_r=0.014863,308.99,37,11404.14,-28.49,-0.25,0,0,0.00,-43.29,-0.38,-767.02,-3.07,6
298,Entry short,2026-08-25 15:00,sl1|setup=lod_break|side=short|grade=B|size=half|score=4|window=power|tier=neutral|rvol=0.633977|rs_vs_spy=-0.762912|gap_atr=0.066444|ext_atr=0.236913|risk_atr=0.182469,308.22,37,11404.14,-28.49,-0.25,0,0,0.00,-43.29,-0.38,-767.02,-3.07,6
299,Exit long,2026-08-26 10:00,sl1|exit_reason=be|mfe_r=0.833746,312.01,63,19659.15,-2.52,-0.01,0,54.18,0.28,-13.86,-0.07,-769.54,-3.08,2
299,Entry long,2026-08-26 09:50,sl1|setup=orb_break|side=long|grade=B|size=half|score=4|window=open|tier=neutral|rvol=0.795466|rs_vs_spy=0.368017|gap_atr=0.033185|ext_atr=0.160034|risk_atr=0.109457,312.05,63,19659.15,-2.52,-0.01,0,54.18,0.28,-13.86,-0.07,-769.54,-3.08,2
300,Exit long,2026-08-26 14:55,sl1|exit_reason=trail|mfe_r=2.42839,314.49,86,26979.06,67.08,0.25,0,118.68,0.44,-3.44,-0.01,-702.46,-2.81,3
300,Entry long,2026-08-26 14:40,sl1|setup=pdh_break|side=long|grade=B|size=half|score=4|window=power|tier=neutral|rvol=0.812293|rs_vs_spy=0.998491|gap_atr=0.033185|ext_atr=0.167044|risk_atr=0.08,313.71,86,26979.06,67.08,0.25,0,118.68,0.44,-3.44,-0.01,-702.46,-2.81,3
301,Exit short,2026-08-31 10:15,sl1|exit_reason=trail|mfe_r=1.510362,316.86,47,14915.92,23.5,0.16,0,74.73,0.50,-35.25,-0.24,-678.96,-2.72,7
301,Entry short,2026-08-31 09:40,sl1|setup=orb_break|side=short|grade=B|size=half|score=4|window=open|tier=neutral|rvol=1.105612|rs_vs_spy=-0.504469|gap_atr=-0.008388|ext_atr=0.167021|risk_atr=0.148558,317.36,47,14915.92,23.5,0.16,0,74.73,0.50,-35.25,-0.24,-678.96,-2.72,7
302,Exit long,2026-09-01 10:00,sl1|exit_reason=trail|mfe_r=3.816356,321.53,41,13047.02,135.71,1.04,0,211.56,1.62,-19.27,-0.15,-543.25,-2.17,5
302,Entry long,2026-09-01 09:35,sl1|setup=orb_break|side=long|grade=B|size=half|score=4|window=open|tier=neutral|rvol=1.121703|rs_vs_spy=0.420314|gap_atr=-0.020705|ext_atr=0.210945|risk_atr=0.164566,318.22,41,13047.02,135.71,1.04,0,211.56,1.62,-19.27,-0.15,-543.25,-2.17,5
303,Exit short,2026-09-02 10:25,sl1|exit_reason=trail|mfe_r=1.638138,324.46,56,18198.88,29.12,0.16,0,80.64,0.44,-31.92,-0.18,-514.13,-2.06,10
303,Entry short,2026-09-02 09:35,sl1|setup=orb_break|side=short|grade=B|size=half|score=4|window=open|tier=neutral|rvol=1.085129|rs_vs_spy=-0.570572|gap_atr=0.221636|ext_atr=0.126274|risk_atr=0.116884,324.98,56,18198.88,29.12,0.16,0,80.64,0.44,-31.92,-0.18,-514.13,-2.06,10
304,Exit short,2026-09-02 15:05,sl1|exit_reason=be|mfe_r=0.901626,325.2,81,26337.96,-3.24,-0.01,0,42.93,0.16,-4.86,-0.02,-517.37,-2.07,3
304,Entry short,2026-09-02 14:50,sl1|setup=vwap_loss|side=short|grade=B|size=half|score=4|window=power|tier=neutral|rvol=1.073251|rs_vs_spy=-0.825032|gap_atr=0.221636|ext_atr=0.009274|risk_atr=0.08,325.16,81,26337.96,-3.24,-0.01,0,42.93,0.16,-4.86,-0.02,-517.37,-2.07,3
305,Exit short,2026-09-02 15:50,sl1|exit_reason=eod|mfe_r=0.344257,325.3,81,26333.1,-16.2,-0.06,0,15.39,0.06,-33.21,-0.13,-533.57,-2.13,3
305,Entry short,2026-09-02 15:35,sl1|setup=vwap_loss|side=short|grade=B|size=half|score=4|window=power|tier=neutral|rvol=1.077948|rs_vs_spy=-0.882735|gap_atr=0.221636|ext_atr=0.018486|risk_atr=0.08,325.1,81,26333.1,-16.2,-0.06,0,15.39,0.06,-33.21,-0.13,-533.57,-2.13,3
306,Exit long,2026-09-03 10:30,sl1|exit_reason=trail|mfe_r=2.655917,329.39,51,16734.12,64.77,0.39,0,130.56,0.78,-5.61,-0.03,-468.8,-1.88,4
306,Entry long,2026-09-03 10:10,sl1|setup=orb_break|side=long|grade=B|size=half|score=4|window=open|tier=neutral|rvol=0.821984|rs_vs_spy=0.930431|gap_atr=-0.01952|ext_atr=0.237017|risk_atr=0.130772,328.12,51,16734.12,64.77,0.39,0,130.56,0.78,-5.61,-0.03,-468.8,-1.88,4
307,Exit short,2026-09-04 09:50,sl1|exit_reason=be|mfe_r=1.474317,324.23,84,27209.28,-26.04,-0.10,0,71.4,0.26,-31.92,-0.12,-494.84,-1.98,1
307,Entry short,2026-09-04 09:45,sl1|setup=pdl_break|side=short|grade=B|size=half|score=4|window=open|tier=neutral|rvol=1.072172|rs_vs_spy=-1.391778|gap_atr=0.006101|ext_atr=0.294938|risk_atr=0.08,323.92,84,27209.28,-26.04,-0.10,0,71.4,0.26,-31.92,-0.12,-494.84,-1.98,1
308,Exit short,2026-09-08 09:55,sl1|exit_reason=stop|mfe_r=0.327866,316.97,68,21500.92,-53.04,-0.25,0,14.96,0.07,-53.04,-0.25,-547.88,-2.19,2
308,Entry short,2026-09-08 09:45,sl1|setup=orb_break|side=short|grade=B|size=half|score=4|window=open|tier=neutral|rvol=1.061261|rs_vs_spy=-0.15163|gap_atr=-0.357324|ext_atr=0.179126|risk_atr=0.095811,316.19,68,21500.92,-53.04,-0.25,0,14.96,0.07,-53.04,-0.25,-547.88,-2.19,2
309,Exit short,2026-09-08 15:10,sl1|exit_reason=stop|mfe_r=0,316.37,42,13236.72,-50.82,-0.38,0,0,0.00,-50.82,-0.38,-598.7,-2.39,5
309,Entry short,2026-09-08 14:45,sl1|setup=lod_break|side=short|grade=B|size=half|score=4|window=power|tier=neutral|rvol=0.781862|rs_vs_spy=-0.287106|gap_atr=-0.357324|ext_atr=0.152598|risk_atr=0.152246,315.16,42,13236.72,-50.82,-0.38,0,0,0.00,-50.82,-0.38,-598.7,-2.39,5
310,Exit long,2026-09-09 10:00,sl1|exit_reason=trail|mfe_r=2.78011,317.36,83,26256.22,84.66,0.32,0,136.95,0.52,-9.96,-0.04,-514.04,-2.06,2
310,Entry long,2026-09-09 09:50,sl1|setup=orb_break|side=long|grade=B|size=half|score=4|window=open|tier=neutral|rvol=0.693492|rs_vs_spy=0.305243|gap_atr=-0.113868|ext_atr=0.067078|risk_atr=0.08,316.34,83,26256.22,84.66,0.32,0,136.95,0.52,-9.96,-0.04,-514.04,-2.06,2
311,Exit short,2026-09-09 14:20,sl1|exit_reason=stop|mfe_r=0.120875,312.9,18,5583.78,-48.42,-0.87,0,5.4,0.10,-48.42,-0.87,-562.46,-2.25,2
311,Entry short,2026-09-09 14:10,sl1|setup=lod_break|side=short|grade=B|size=half|score=4|window=power|tier=neutral|rvol=1.429543|rs_vs_spy=-1.444511|gap_atr=-0.113868|ext_atr=0.432846|risk_atr=0.352573,310.21,18,5583.78,-48.42,-0.87,0,5.4,0.10,-48.42,-0.87,-562.46,-2.25,2
312,Exit long,2026-09-09 14:55,sl1|exit_reason=trail|mfe_r=3.517942,317.36,38,11937.32,122.36,1.03,0,190.38,1.59,-14.44,-0.12,-440.1,-1.76,3
312,Entry long,2026-09-09 14:40,sl1|setup=vwap_reclaim|side=long|grade=B|size=half|score=4|window=power|tier=neutral|rvol=1.648144|rs_vs_spy=-0.315534|gap_atr=-0.113868|ext_atr=0.122628|risk_atr=0.172628,314.14,38,11937.32,122.36,1.03,0,190.38,1.59,-14.44,-0.12,-440.1,-1.76,3
313,Exit long,2026-09-10 10:45,sl1|exit_reason=be|mfe_r=0.92451,319.83,46,14714.02,-1.84,-0.01,0,45.08,0.31,-49.68,-0.34,-441.94,-1.77,6
313,Entry long,2026-09-10 10:15,sl1|setup=pdh_retest|side=long|grade=A|size=half|score=5|window=midday|tier=neutral|rvol=1.826253|rs_vs_spy=1.005519|gap_atr=0.162451|ext_atr=0.021573|risk_atr=0.141706,319.87,46,14714.02,-1.84,-0.01,0,45.08,0.31,-49.68,-0.34,-441.94,-1.77,6
314,Exit long,2026-09-10 15:40,sl1|exit_reason=time|mfe_r=0.209231,325.38,63,20526.03,-27.09,-0.13,0,19.53,0.10,-39.69,-0.19,-469.03,-1.88,6
314,Entry long,2026-09-10 15:10,sl1|setup=hod_break|side=long|grade=A|size=full|score=5|window=power|tier=neutral|rvol=1.808919|rs_vs_spy=2.908992|gap_atr=0.162451|ext_atr=0.484198|risk_atr=0.206628,325.81,63,20526.03,-27.09,-0.13,0,19.53,0.10,-39.69,-0.19,-469.03,-1.88,6
315,Exit long,2026-09-11 09:45,sl1|exit_reason=stop|mfe_r=0,331.85,43,14369.31,-99.76,-0.69,0,0,0.00,-99.76,-0.69,-568.79,-2.28,2
315,Entry long,2026-09-11 09:35,sl1|setup=orb_break|side=long|grade=A|size=full|score=5|window=open|tier=neutral|rvol=2.92681|rs_vs_spy=1.888236|gap_atr=0.125283|ext_atr=0.316346|risk_atr=0.28791,334.17,43,14369.31,-99.76,-0.69,0,0,0.00,-99.76,-0.69,-568.79,-2.28,2
316,Exit long,2026-09-16 09:40,sl1|exit_reason=stop|mfe_r=0,333.99,82,27440.48,-53.3,-0.19,0,52.48,0.19,-53.3,-0.19,-622.09,-2.49,1
316,Entry long,2026-09-16 09:35,sl1|setup=orb_break|side=long|grade=B|size=half|score=4|window=open|tier=neutral|rvol=0.91369|rs_vs_spy=0.722194|gap_atr=0.158244|ext_atr=0.095155|risk_atr=0.08,334.64,82,27440.48,-53.3,-0.19,0,52.48,0.19,-53.3,-0.19,-622.09,-2.49,1
317,Exit long,2026-09-16 14:30,sl1|exit_reason=be|mfe_r=1.055627,333.92,62,20705.52,-2.48,-0.01,0,50.84,0.25,-9.92,-0.05,-624.57,-2.50,6
317,Entry long,2026-09-16 14:00,sl1|setup=vwap_reclaim|side=long|grade=B|size=half|score=4|window=power|tier=neutral|rvol=0.670037|rs_vs_spy=0.332049|gap_atr=0.158244|ext_atr=0.055373|risk_atr=0.105373,333.96,62,20705.52,-2.48,-0.01,0,50.84,0.25,-9.92,-0.05,-624.57,-2.50,6
318,Exit short,2026-09-17 09:55,sl1|exit_reason=trail|mfe_r=2.085035,331.1,56,18592.56,50.96,0.27,0,101.36,0.55,-10.64,-0.06,-573.61,-2.29,3
318,Entry short,2026-09-17 09:40,sl1|setup=orb_break|side=short|grade=B|size=half|score=3|window=open|tier=neutral|rvol=0.584255|rs_vs_spy=-0.55336|gap_atr=0.320249|ext_atr=0.114989|risk_atr=0.119353,332.01,56,18592.56,50.96,0.27,0,101.36,0.55,-10.64,-0.06,-573.61,-2.29,3
319,Exit long,2026-09-17 15:50,sl1|exit_reason=eod|mfe_r=1.195696,337.44,40,13474,23.6,0.18,0,58.8,0.44,-2.8,-0.02,-550.01,-2.20,10
319,Entry long,2026-09-17 15:00,sl1|setup=hod_break|side=long|grade=B|size=half|score=4|window=power|tier=neutral|rvol=0.624215|rs_vs_spy=0.627267|gap_atr=0.320249|ext_atr=0.391283|risk_atr=0.169458,336.85,40,13474,23.6,0.18,0,58.8,0.44,-2.8,-0.02,-550.01,-2.20,10
320,Exit short,2026-09-18 09:45,sl1|exit_reason=stop|mfe_r=0,336.65,54,18127.26,-51.84,-0.29,0,29.16,0.16,-51.84,-0.29,-601.85,-2.41,1
320,Entry short,2026-09-18 09:40,sl1|setup=orb_break|side=short|grade=B|size=half|score=4|window=open|tier=neutral|rvol=0.765881|rs_vs_spy=-0.593109|gap_atr=0.118067|ext_atr=0.133239|risk_atr=0.122864,335.69,54,18127.26,-51.84,-0.29,0,29.16,0.16,-51.84,-0.29,-601.85,-2.41,1
321,Exit short,2026-09-21 09:40,sl1|exit_reason=stop|mfe_r=0,334.01,85,28337.3,-53.55,-0.19,0,22.95,0.08,-53.55,-0.19,-655.4,-2.62,1
321,Entry short,2026-09-21 09:35,sl1|setup=orb_break|side=short|grade=B|size=half|score=4|window=open|tier=neutral|rvol=0.662553|rs_vs_spy=-0.610316|gap_atr=-0.079372|ext_atr=0.11578|risk_atr=0.080107,333.38,85,28337.3,-53.55,-0.19,0,22.95,0.08,-53.55,-0.19,-655.4,-2.62,1
322,Exit long,2026-09-21 15:50,sl1|exit_reason=eod|mfe_r=0.2066,339.29,49,16633.05,-7.84,-0.05,0,9.31,0.06,-22.05,-0.13,-663.24,-2.65,5
322,Entry long,2026-09-21 15:25,sl1|setup=hod_break|side=long|grade=B|size=half|score=4|window=power|tier=neutral|rvol=0.766319|rs_vs_spy=0.217257|gap_atr=-0.079372|ext_atr=0.28992|risk_atr=0.1391,339.45,49,16633.05,-7.84,-0.05,0,9.31,0.06,-22.05,-0.13,-663.24,-2.65,5
323,Exit short,2026-09-22 10:25,sl1|exit_reason=stop|mfe_r=0.315954,340.2,49,16617.86,-51.94,-0.31,0,14.7,0.09,-51.94,-0.31,-715.18,-2.86,4
323,Entry short,2026-09-22 10:05,sl1|setup=orb_retest|side=short|grade=B|size=half|score=4|window=open|tier=neutral|rvol=1.188823|rs_vs_spy=-0.264686|gap_atr=0.149529|ext_atr=0.316505|risk_atr=0.139579,339.14,49,16617.86,-51.94,-0.31,0,14.7,0.09,-51.94,-0.31,-715.18,-2.86,4
324,Exit short,2026-09-23 09:45,sl1|exit_reason=trail|mfe_r=2.458039,337.77,67,22699.6,69.01,0.30,0,120.6,0.53,-26.8,-0.12,-646.17,-2.58,2
324,Entry short,2026-09-23 09:35,sl1|setup=orb_break|side=short|grade=B|size=half|score=4|window=open|tier=neutral|rvol=0.772461|rs_vs_spy=-0.577035|gap_atr=0.185197|ext_atr=0.163491|risk_atr=0.102715,338.8,67,22699.6,69.01,0.30,0,120.6,0.53,-26.8,-0.12,-646.17,-2.58,2
325,Exit short,2026-09-24 09:45,sl1|exit_reason=stop|mfe_r=0,335.57,83,27799.19,-53.12,-0.19,0,19.09,0.07,-53.12,-0.19,-699.29,-2.80,1
325,Entry short,2026-09-24 09:40,sl1|setup=orb_break|side=short|grade=B|size=half|score=4|window=open|tier=neutral|rvol=0.387802|rs_vs_spy=-0.601574|gap_atr=-0.032196|ext_atr=0.102296|risk_atr=0.083596,334.93,83,27799.19,-53.12,-0.19,0,19.09,0.07,-53.12,-0.19,-699.29,-2.80,1
326,Exit long,2026-09-24 10:30,sl1|exit_reason=stop|mfe_r=0,336.72,44,14867.16,-51.48,-0.35,0,0,0.00,-51.48,-0.35,-750.77,-3.00,5
326,Entry long,2026-09-24 10:05,sl1|setup=orb_retest|side=long|grade=B|size=half|score=4|window=open|tier=neutral|rvol=0.54015|rs_vs_spy=0.057506|gap_atr=-0.032196|ext_atr=0.218498|risk_atr=0.157788,337.89,44,14867.16,-51.48,-0.35,0,0,0.00,-51.48,-0.35,-750.77,-3.00,5