Trade number,Type,Date and time,Signal,Price USD,Size (qty),Size (value),Net PnL USD,Return %,Commission USD,Favorable excursion USD,Favorable excursion %,Adverse excursion USD,Adverse excursion %,Cumulative PnL USD,Cumulative PnL %,Duration (bars)
1,Exit long,2025-09-25 10:52,sl1|exit_reason=stop,748.76,64,48014.72,-94.08,-0.20,0,7.04,0.01,-94.08,-0.20,-94.08,-0.09,3
1,Entry long,2025-09-25 10:49,sl1|ver=0.1.0|variant=baseline|cfg=ema9_atr14_buf0.1_chase1_win3_tgt1.5_hold20_t935-1500_ent2_loss2_dd2_dirboth_risk100|setup_id=ir:0.1.0:NASDAQ:META:1:1758811680000:long|bars_to_confirm=1|signal_close=750.33|trigger=749.9876|stop=748.77|target_r=1.5|risk_ps=1.56|atr=1.014552|vwap_dist_atr=0.991678|tick=0.01,750.23,64,48014.72,-94.08,-0.20,0,7.04,0.01,-94.08,-0.20,-94.08,-0.09,3
2,Exit short,2025-09-25 13:27,sl1|exit_reason=stop,750.54,133,99712.76,-109.06,-0.11,0,55.86,0.06,-109.06,-0.11,-203.14,-0.20,3
2,Entry short,2025-09-25 13:24,sl1|ver=0.1.0|variant=baseline|cfg=ema9_atr14_buf0.1_chase1_win3_tgt1.5_hold20_t935-1500_ent2_loss2_dd2_dirboth_risk100|setup_id=ir:0.1.0:NASDAQ:META:1:1758820980000:short|bars_to_confirm=1|signal_close=749.8|trigger=749.84|stop=750.53|target_r=1.5|risk_ps=0.73|atr=0.597644|vwap_dist_atr=0.707997|tick=0.01,749.72,133,99712.76,-109.06,-0.11,0,55.86,0.06,-109.06,-0.11,-203.14,-0.20,3
3,Exit short,2025-09-26 10:04,sl1|exit_reason=time,747.42,54,40448.7,88.02,0.22,0,123.12,0.30,-58.32,-0.14,-115.12,-0.12,20
3,Entry short,2025-09-26 09:44,sl1|ver=0.1.0|variant=baseline|cfg=ema9_atr14_buf0.1_chase1_win3_tgt1.5_hold20_t935-1500_ent2_loss2_dd2_dirboth_risk100|setup_id=ir:0.1.0:NASDAQ:META:1:1758894120000:short|bars_to_confirm=2|signal_close=748.89|trigger=748.91|stop=750.74|target_r=1.5|risk_ps=1.85|atr=1.137676|vwap_dist_atr=0.861038|tick=0.01,749.05,54,40448.7,88.02,0.22,0,123.12,0.30,-58.32,-0.14,-115.12,-0.12,20
4,Exit long,2025-09-26 13:26,sl1|exit_reason=target,745.49,114,84829.68,156.18,0.18,0,156.18,0.18,-3.42,0.00,41.06,0.04,14
4,Entry long,2025-09-26 13:12,sl1|ver=0.1.0|variant=baseline|cfg=ema9_atr14_buf0.1_chase1_win3_tgt1.5_hold20_t935-1500_ent2_loss2_dd2_dirboth_risk100|setup_id=ir:0.1.0:NASDAQ:META:1:1758906660000:long|bars_to_confirm=1|signal_close=744.083|trigger=743.76|stop=743.21|target_r=1.5|risk_ps=0.873|atr=0.505941|vwap_dist_atr=0.89656|tick=0.01,744.12,114,84829.68,156.18,0.18,0,156.18,0.18,-3.42,0.00,41.06,0.04,14
5,Exit long,2025-09-29 09:53,sl1|exit_reason=stop,747.72,75,56179.5,-100.5,-0.18,0,10.5,0.02,-100.5,-0.18,-59.44,-0.06,2
5,Entry long,2025-09-29 09:51,sl1|ver=0.1.0|variant=baseline|cfg=ema9_atr14_buf0.1_chase1_win3_tgt1.5_hold20_t935-1500_ent2_loss2_dd2_dirboth_risk100|setup_id=ir:0.1.0:NASDAQ:META:1:1759153740000:long|bars_to_confirm=2|signal_close=749.05|trigger=748.78|stop=747.73|target_r=1.5|risk_ps=1.32|atr=1.059737|vwap_dist_atr=0.642712|tick=0.01,749.06,75,56179.5,-100.5,-0.18,0,10.5,0.02,-100.5,-0.18,-59.44,-0.06,2
6,Exit long,2025-09-29 09:57,sl1|exit_reason=stop,747.55,71,53157.7,-81.65,-0.15,0,27.69,0.05,-81.65,-0.15,-141.09,-0.14,2
6,Entry long,2025-09-29 09:55,sl1|ver=0.1.0|variant=baseline|cfg=ema9_atr14_buf0.1_chase1_win3_tgt1.5_hold20_t935-1500_ent2_loss2_dd2_dirboth_risk100|setup_id=ir:0.1.0:NASDAQ:META:1:1759154040000:long|bars_to_confirm=1|signal_close=748.9559|trigger=748.64|stop=747.56|target_r=1.5|risk_ps=1.3959|atr=0.989563|vwap_dist_atr=0.595038|tick=0.01,748.7,71,53157.7,-81.65,-0.15,0,27.69,0.05,-81.65,-0.15,-141.09,-0.14,2
7,Exit long,2025-09-30 10:58,sl1|exit_reason=target,734.15,90,65916.9,156.6,0.24,0,156.6,0.24,-88.2,-0.13,15.51,0.02,9
7,Entry long,2025-09-30 10:49,sl1|ver=0.1.0|variant=baseline|cfg=ema9_atr14_buf0.1_chase1_win3_tgt1.5_hold20_t935-1500_ent2_loss2_dd2_dirboth_risk100|setup_id=ir:0.1.0:NASDAQ:META:1:1759243680000:long|bars_to_confirm=1|signal_close=732.36|trigger=732.25|stop=731.25|target_r=1.5|risk_ps=1.11|atr=0.894583|vwap_dist_atr=0.824465|tick=0.01,732.41,90,65916.9,156.6,0.24,0,156.6,0.24,-88.2,-0.13,15.51,0.02,9
8,Exit short,2025-09-30 12:58,sl1|exit_reason=target,731.08,136,99565.6,138.72,0.14,0,138.72,0.14,-91.12,-0.09,154.23,0.15,16
8,Entry short,2025-09-30 12:42,sl1|ver=0.1.0|variant=baseline|cfg=ema9_atr14_buf0.1_chase1_win3_tgt1.5_hold20_t935-1500_ent2_loss2_dd2_dirboth_risk100|setup_id=ir:0.1.0:NASDAQ:META:1:1759250460000:short|bars_to_confirm=1|signal_close=732.05|trigger=732.14|stop=732.78|target_r=1.5|risk_ps=0.73|atr=0.514641|vwap_dist_atr=0.516677|tick=0.01,732.1,136,99565.6,138.72,0.14,0,138.72,0.14,-91.12,-0.09,154.23,0.15,16
9,Exit short,2025-10-01 09:49,sl1|exit_reason=target,716.17,74,53143.84,147.26,0.28,0,147.26,0.28,-16.28,-0.03,301.49,0.30,2
9,Entry short,2025-10-01 09:47,sl1|ver=0.1.0|variant=baseline|cfg=ema9_atr14_buf0.1_chase1_win3_tgt1.5_hold20_t935-1500_ent2_loss2_dd2_dirboth_risk100|setup_id=ir:0.1.0:NASDAQ:META:1:1759326360000:short|bars_to_confirm=1|signal_close=718.145|trigger=718.33|stop=719.49|target_r=1.5|risk_ps=1.345|atr=1.487509|vwap_dist_atr=0.716683|tick=0.01,718.16,74,53143.84,147.26,0.28,0,147.26,0.28,-16.28,-0.03,301.49,0.30,2
10,Exit long,2025-10-01 11:02,sl1|exit_reason=stop,715.27,74,53022.48,-92.5,-0.17,0,53.28,0.10,-92.5,-0.17,208.99,0.21,6
10,Entry long,2025-10-01 10:56,sl1|ver=0.1.0|variant=baseline|cfg=ema9_atr14_buf0.1_chase1_win3_tgt1.5_hold20_t935-1500_ent2_loss2_dd2_dirboth_risk100|setup_id=ir:0.1.0:NASDAQ:META:1:1759330500000:long|bars_to_confirm=1|signal_close=716.62|trigger=716.11|stop=715.28|target_r=1.5|risk_ps=1.34|atr=0.761715|vwap_dist_atr=0.727884|tick=0.01,716.52,74,53022.48,-92.5,-0.17,0,53.28,0.10,-92.5,-0.17,208.99,0.21,6
11,Exit short,2025-10-02 10:05,sl1|exit_reason=stop,723.98,81,58540.32,-102.06,-0.17,0,67.23,0.11,-102.06,-0.17,106.93,0.11,9
11,Entry short,2025-10-02 09:56,sl1|ver=0.1.0|variant=baseline|cfg=ema9_atr14_buf0.1_chase1_win3_tgt1.5_hold20_t935-1500_ent2_loss2_dd2_dirboth_risk100|setup_id=ir:0.1.0:NASDAQ:META:1:1759413300000:short|bars_to_confirm=1|signal_close=722.7392|trigger=722.75|stop=723.97|target_r=1.5|risk_ps=1.2308|atr=1.356724|vwap_dist_atr=0.514102|tick=0.01,722.72,81,58540.32,-102.06,-0.17,0,67.23,0.11,-102.06,-0.17,106.93,0.11,9
12,Exit long,2025-10-03 10:44,sl1|exit_reason=stop,718.69,65,46813.65,-98.8,-0.21,0,31.2,0.07,-98.8,-0.21,8.13,0.01,3
12,Entry long,2025-10-03 10:41,sl1|ver=0.1.0|variant=baseline|cfg=ema9_atr14_buf0.1_chase1_win3_tgt1.5_hold20_t935-1500_ent2_loss2_dd2_dirboth_risk100|setup_id=ir:0.1.0:NASDAQ:META:1:1759502400000:long|bars_to_confirm=1|signal_close=720.23|trigger=720.13|stop=718.7|target_r=1.5|risk_ps=1.53|atr=0.83265|vwap_dist_atr=0.448505|tick=0.01,720.21,65,46813.65,-98.8,-0.21,0,31.2,0.07,-98.8,-0.21,8.13,0.01,3
13,Exit short,2025-10-03 11:14,sl1|exit_reason=stop,720.06,107,76931.93,-114.49,-0.15,0,36.38,0.05,-114.49,-0.15,-106.36,-0.11,5
13,Entry short,2025-10-03 11:09,sl1|ver=0.1.0|variant=baseline|cfg=ema9_atr14_buf0.1_chase1_win3_tgt1.5_hold20_t935-1500_ent2_loss2_dd2_dirboth_risk100|setup_id=ir:0.1.0:NASDAQ:META:1:1759504080000:short|bars_to_confirm=1|signal_close=719.12|trigger=719.25|stop=720.05|target_r=1.5|risk_ps=0.93|atr=0.677543|vwap_dist_atr=0.990609|tick=0.01,718.99,107,76931.93,-114.49,-0.15,0,36.38,0.05,-114.49,-0.15,-106.36,-0.11,5
14,Exit long,2025-10-06 09:59,sl1|exit_reason=target,701.34,39,27197.04,155.22,0.57,0,155.22,0.57,-9.75,-0.04,48.86,0.05,2
14,Entry long,2025-10-06 09:57,sl1|ver=0.1.0|variant=baseline|cfg=ema9_atr14_buf0.1_chase1_win3_tgt1.5_hold20_t935-1500_ent2_loss2_dd2_dirboth_risk100|setup_id=ir:0.1.0:NASDAQ:META:1:1759758840000:long|bars_to_confirm=3|signal_close=697.24|trigger=696.9963|stop=694.71|target_r=1.5|risk_ps=2.53|atr=1.697186|vwap_dist_atr=0.790406|tick=0.01,697.36,39,27197.04,155.22,0.57,0,155.22,0.57,-9.75,-0.04,48.86,0.05,2
15,Exit short,2025-10-07 10:00,sl1|exit_reason=target,709.59,43,30662.01,149.64,0.49,0,149.64,0.49,-23.22,-0.08,198.5,0.20,15
15,Entry short,2025-10-07 09:45,sl1|ver=0.1.0|variant=baseline|cfg=ema9_atr14_buf0.1_chase1_win3_tgt1.5_hold20_t935-1500_ent2_loss2_dd2_dirboth_risk100|setup_id=ir:0.1.0:NASDAQ:META:1:1759844520000:short|bars_to_confirm=3|signal_close=713.0916|trigger=713.594|stop=715.39|target_r=1.5|risk_ps=2.2984|atr=1.366439|vwap_dist_atr=0.97768|tick=0.01,713.07,43,30662.01,149.64,0.49,0,149.64,0.49,-23.22,-0.08,198.5,0.20,15
16,Exit long,2025-10-07 10:46,sl1|exit_reason=target,714.19,122,86978.68,152.5,0.18,0,152.5,0.18,-8.54,-0.01,351,0.35,3
16,Entry long,2025-10-07 10:43,sl1|ver=0.1.0|variant=baseline|cfg=ema9_atr14_buf0.1_chase1_win3_tgt1.5_hold20_t935-1500_ent2_loss2_dd2_dirboth_risk100|setup_id=ir:0.1.0:NASDAQ:META:1:1759848120000:long|bars_to_confirm=1|signal_close=712.925|trigger=712.69|stop=712.11|target_r=1.5|risk_ps=0.815|atr=0.754091|vwap_dist_atr=0.526665|tick=0.01,712.94,122,86978.68,152.5,0.18,0,152.5,0.18,-8.54,-0.01,351,0.35,3
17,Exit long,2025-10-09 10:24,sl1|exit_reason=time,718.18,51,36643.5,-16.32,-0.04,0,102,0.28,-94.86,-0.26,334.68,0.33,20
17,Entry long,2025-10-09 10:04,sl1|ver=0.1.0|variant=baseline|cfg=ema9_atr14_buf0.1_chase1_win3_tgt1.5_hold20_t935-1500_ent2_loss2_dd2_dirboth_risk100|setup_id=ir:0.1.0:NASDAQ:META:1:1760018580000:long|bars_to_confirm=1|signal_close=718.5073|trigger=717.9|stop=716.57|target_r=1.5|risk_ps=1.9373|atr=1.041967|vwap_dist_atr=0.834599|tick=0.01,718.5,51,36643.5,-16.32,-0.04,0,102,0.28,-94.86,-0.26,334.68,0.33,20
18,Exit short,2025-10-09 10:40,sl1|exit_reason=stop,719.16,62,44496.78,-91.14,-0.20,0,49.6,0.11,-91.14,-0.20,243.54,0.24,7
18,Entry short,2025-10-09 10:33,sl1|ver=0.1.0|variant=baseline|cfg=ema9_atr14_buf0.1_chase1_win3_tgt1.5_hold20_t935-1500_ent2_loss2_dd2_dirboth_risk100|setup_id=ir:0.1.0:NASDAQ:META:1:1760020320000:short|bars_to_confirm=1|signal_close=717.55|trigger=717.88|stop=719.15|target_r=1.5|risk_ps=1.6|atr=0.802459|vwap_dist_atr=0.549384|tick=0.01,717.69,62,44496.78,-91.14,-0.20,0,49.6,0.11,-91.14,-0.20,243.54,0.24,7
19,Exit short,2025-10-10 09:46,sl1|exit_reason=stop,732.74,61,44587.95,-109.19,-0.24,0,15.86,0.04,-109.19,-0.24,134.35,0.13,5
19,Entry short,2025-10-10 09:41,sl1|ver=0.1.0|variant=baseline|cfg=ema9_atr14_buf0.1_chase1_win3_tgt1.5_hold20_t935-1500_ent2_loss2_dd2_dirboth_risk100|setup_id=ir:0.1.0:NASDAQ:META:1:1760103540000:short|bars_to_confirm=2|signal_close=731.1|trigger=731.16|stop=732.73|target_r=1.5|risk_ps=1.63|atr=1.510075|vwap_dist_atr=0.736432|tick=0.01,730.95,61,44587.95,-109.19,-0.24,0,15.86,0.04,-109.19,-0.24,134.35,0.13,5
20,Exit long,2025-10-10 10:13,sl1|exit_reason=stop,731.57,84,61563.6,-111.72,-0.18,0,85.68,0.14,-111.72,-0.18,22.63,0.02,7
20,Entry long,2025-10-10 10:06,sl1|ver=0.1.0|variant=baseline|cfg=ema9_atr14_buf0.1_chase1_win3_tgt1.5_hold20_t935-1500_ent2_loss2_dd2_dirboth_risk100|setup_id=ir:0.1.0:NASDAQ:META:1:1760105100000:long|bars_to_confirm=1|signal_close=732.757|trigger=732.32|stop=731.58|target_r=1.5|risk_ps=1.177|atr=1.208224|vwap_dist_atr=0.737972|tick=0.01,732.9,84,61563.6,-111.72,-0.18,0,85.68,0.14,-111.72,-0.18,22.63,0.02,7
21,Exit long,2025-10-13 14:52,sl1|exit_reason=stop,713.75,140,99982.4,-57.4,-0.06,0,11.2,0.01,-57.4,-0.06,-34.77,-0.03,0
21,Entry long,2025-10-13 14:52,sl1|ver=0.1.0|variant=baseline|cfg=ema9_atr14_buf0.1_chase1_win3_tgt1.5_hold20_t935-1500_ent2_loss2_dd2_dirboth_risk100|setup_id=ir:0.1.0:NASDAQ:META:1:1760381460000:long|bars_to_confirm=1|signal_close=714.23|trigger=714.2012|stop=713.76|target_r=1.5|risk_ps=0.47|atr=0.403454|vwap_dist_atr=0.859655|tick=0.01,714.16,140,99982.4,-57.4,-0.06,0,11.2,0.01,-57.4,-0.06,-34.77,-0.03,0
22,Exit long,2025-10-15 10:06,sl1|exit_reason=target,721.07,50,35900.5,153,0.43,0,153,0.43,-47.5,-0.13,118.23,0.12,13
22,Entry long,2025-10-15 09:53,sl1|ver=0.1.0|variant=baseline|cfg=ema9_atr14_buf0.1_chase1_win3_tgt1.5_hold20_t935-1500_ent2_loss2_dd2_dirboth_risk100|setup_id=ir:0.1.0:NASDAQ:META:1:1760536320000:long|bars_to_confirm=1|signal_close=717.97|trigger=717.75|stop=715.97|target_r=1.5|risk_ps=2|atr=1.299341|vwap_dist_atr=0.892821|tick=0.01,718.01,50,35900.5,153,0.43,0,153,0.43,-47.5,-0.13,118.23,0.12,13
23,Exit short,2025-10-15 11:20,sl1|exit_reason=target,717.87,130,93472.6,149.5,0.16,0,149.5,0.16,-1.3,0.00,267.73,0.27,2
23,Entry short,2025-10-15 11:18,sl1|ver=0.1.0|variant=baseline|cfg=ema9_atr14_buf0.1_chase1_win3_tgt1.5_hold20_t935-1500_ent2_loss2_dd2_dirboth_risk100|setup_id=ir:0.1.0:NASDAQ:META:1:1760541420000:short|bars_to_confirm=1|signal_close=719.025|trigger=719.1|stop=719.79|target_r=1.5|risk_ps=0.765|atr=0.702836|vwap_dist_atr=0.404094|tick=0.01,719.02,130,93472.6,149.5,0.16,0,149.5,0.16,-1.3,0.00,267.73,0.27,2
24,Exit short,2025-10-17 09:53,sl1|exit_reason=stop,712.63,25,17708,-107.75,-0.61,0,7.25,0.04,-107.75,-0.61,159.98,0.16,8
24,Entry short,2025-10-17 09:45,sl1|ver=0.1.0|variant=baseline|cfg=ema9_atr14_buf0.1_chase1_win3_tgt1.5_hold20_t935-1500_ent2_loss2_dd2_dirboth_risk100|setup_id=ir:0.1.0:NASDAQ:META:1:1760708640000:short|bars_to_confirm=1|signal_close=708.66|trigger=709.2401|stop=712.62|target_r=1.5|risk_ps=3.96|atr=1.324088|vwap_dist_atr=0.494726|tick=0.01,708.32,25,17708,-107.75,-0.61,0,7.25,0.04,-107.75,-0.61,159.98,0.16,8
25,Exit short,2025-10-17 10:48,sl1|exit_reason=stop,711.13,104,73864.96,-92.56,-0.13,0,3.12,0.00,-92.56,-0.13,67.42,0.07,2
25,Entry short,2025-10-17 10:46,sl1|ver=0.1.0|variant=baseline|cfg=ema9_atr14_buf0.1_chase1_win3_tgt1.5_hold20_t935-1500_ent2_loss2_dd2_dirboth_risk100|setup_id=ir:0.1.0:NASDAQ:META:1:1760712300000:short|bars_to_confirm=1|signal_close=710.16|trigger=710.2|stop=711.12|target_r=1.5|risk_ps=0.96|atr=0.984962|vwap_dist_atr=0.93777|tick=0.01,710.24,104,73864.96,-92.56,-0.13,0,3.12,0.00,-92.56,-0.13,67.42,0.07,2
26,Exit short,2025-10-21 12:57,sl1|exit_reason=target,731.98,136,99654,104.72,0.11,0,104.72,0.11,-6.8,-0.01,172.14,0.17,0
26,Entry short,2025-10-21 12:57,sl1|ver=0.1.0|variant=baseline|cfg=ema9_atr14_buf0.1_chase1_win3_tgt1.5_hold20_t935-1500_ent2_loss2_dd2_dirboth_risk100|setup_id=ir:0.1.0:NASDAQ:META:1:1761065760000:short|bars_to_confirm=1|signal_close=732.77|trigger=732.86|stop=733.3|target_r=1.5|risk_ps=0.53|atr=0.47393|vwap_dist_atr=0.450728|tick=0.01,732.75,136,99654,104.72,0.11,0,104.72,0.11,-6.8,-0.01,172.14,0.17,0
27,Exit long,2025-10-21 13:58,sl1|exit_reason=stop,732.75,136,99668.96,-14.96,-0.02,0,0,0.00,-14.96,-0.02,157.18,0.16,0
27,Entry long,2025-10-21 13:58,sl1|ver=0.1.0|variant=baseline|cfg=ema9_atr14_buf0.1_chase1_win3_tgt1.5_hold20_t935-1500_ent2_loss2_dd2_dirboth_risk100|setup_id=ir:0.1.0:NASDAQ:META:1:1761069360000:long|bars_to_confirm=2|signal_close=733.1866|trigger=733.0999|stop=732.76|target_r=1.5|risk_ps=0.4266|atr=0.393252|vwap_dist_atr=0.818071|tick=0.01,732.86,136,99668.96,-14.96,-0.02,0,0,0.00,-14.96,-0.02,157.18,0.16,0
28,Exit long,2025-10-22 09:49,sl1|exit_reason=target,735.72,93,68235.96,186,0.27,0,186,0.27,-71.61,-0.10,343.18,0.34,3
28,Entry long,2025-10-22 09:46,sl1|ver=0.1.0|variant=baseline|cfg=ema9_atr14_buf0.1_chase1_win3_tgt1.5_hold20_t935-1500_ent2_loss2_dd2_dirboth_risk100|setup_id=ir:0.1.0:NASDAQ:META:1:1761140640000:long|bars_to_confirm=2|signal_close=733.4596|trigger=733.33|stop=732.39|target_r=1.5|risk_ps=1.0696|atr=1.059107|vwap_dist_atr=0.794279|tick=0.01,733.72,93,68235.96,186,0.27,0,186,0.27,-71.61,-0.10,343.18,0.34,3
29,Exit short,2025-10-22 10:29,sl1|exit_reason=target,732.4,57,41895,148.2,0.35,0,148.2,0.35,-80.94,-0.19,491.38,0.49,13
29,Entry short,2025-10-22 10:16,sl1|ver=0.1.0|variant=baseline|cfg=ema9_atr14_buf0.1_chase1_win3_tgt1.5_hold20_t935-1500_ent2_loss2_dd2_dirboth_risk100|setup_id=ir:0.1.0:NASDAQ:META:1:1761142500000:short|bars_to_confirm=1|signal_close=734.9782|trigger=735.5701|stop=736.71|target_r=1.5|risk_ps=1.7318|atr=1.028983|vwap_dist_atr=0.923963|tick=0.01,735,57,41895,148.2,0.35,0,148.2,0.35,-80.94,-0.19,491.38,0.49,13
30,Exit short,2025-10-23 10:46,sl1|exit_reason=stop,740.24,108,79831.44,-114.48,-0.14,0,31.32,0.04,-114.48,-0.14,376.9,0.38,2
30,Entry short,2025-10-23 10:44,sl1|ver=0.1.0|variant=baseline|cfg=ema9_atr14_buf0.1_chase1_win3_tgt1.5_hold20_t935-1500_ent2_loss2_dd2_dirboth_risk100|setup_id=ir:0.1.0:NASDAQ:META:1:1761230580000:short|bars_to_confirm=1|signal_close=739.09|trigger=739.15|stop=740.01|target_r=1.5|risk_ps=0.92|atr=0.719093|vwap_dist_atr=0.162627|tick=0.01,739.18,108,79831.44,-114.48,-0.14,0,31.32,0.04,-114.48,-0.14,376.9,0.38,2
31,Exit short,2025-10-24 10:38,sl1|exit_reason=stop,736.19,113,83110.37,-79.1,-0.10,0,22.6,0.03,-79.1,-0.10,297.8,0.30,1
31,Entry short,2025-10-24 10:37,sl1|ver=0.1.0|variant=baseline|cfg=ema9_atr14_buf0.1_chase1_win3_tgt1.5_hold20_t935-1500_ent2_loss2_dd2_dirboth_risk100|setup_id=ir:0.1.0:NASDAQ:META:1:1761316560000:short|bars_to_confirm=1|signal_close=735.3|trigger=735.4021|stop=736.18|target_r=1.5|risk_ps=0.88|atr=0.706634|vwap_dist_atr=0.688406|tick=0.01,735.49,113,83110.37,-79.1,-0.10,0,22.6,0.03,-79.1,-0.10,297.8,0.30,1
32,Exit long,2025-10-27 09:50,sl1|exit_reason=target,754.48,46,34586.02,120.06,0.35,0,120.06,0.35,-49.68,-0.14,417.86,0.42,5
32,Entry long,2025-10-27 09:45,sl1|ver=0.1.0|variant=baseline|cfg=ema9_atr14_buf0.1_chase1_win3_tgt1.5_hold20_t935-1500_ent2_loss2_dd2_dirboth_risk100|setup_id=ir:0.1.0:NASDAQ:META:1:1761572640000:long|bars_to_confirm=1|signal_close=752.28|trigger=751.77|stop=750.13|target_r=1.5|risk_ps=2.15|atr=1.381906|vwap_dist_atr=0.611788|tick=0.01,751.87,46,34586.02,120.06,0.35,0,120.06,0.35,-49.68,-0.14,417.86,0.42,5
33,Exit short,2025-10-27 10:52,sl1|exit_reason=stop,753.85,84,63223.44,-99.96,-0.16,0,21.84,0.03,-99.96,-0.16,317.9,0.32,2
33,Entry short,2025-10-27 10:50,sl1|ver=0.1.0|variant=baseline|cfg=ema9_atr14_buf0.1_chase1_win3_tgt1.5_hold20_t935-1500_ent2_loss2_dd2_dirboth_risk100|setup_id=ir:0.1.0:NASDAQ:META:1:1761576540000:short|bars_to_confirm=1|signal_close=752.65|trigger=752.68|stop=753.84|target_r=1.5|risk_ps=1.19|atr=0.803134|vwap_dist_atr=0.30181|tick=0.01,752.66,84,63223.44,-99.96,-0.16,0,21.84,0.03,-99.96,-0.16,317.9,0.32,2
34,Exit long,2025-10-28 09:41,sl1|exit_reason=target,756.5,52,39235.04,102.96,0.26,0,102.96,0.26,-0.52,0.00,420.86,0.42,2
34,Entry long,2025-10-28 09:39,sl1|ver=0.1.0|variant=baseline|cfg=ema9_atr14_buf0.1_chase1_win3_tgt1.5_hold20_t935-1500_ent2_loss2_dd2_dirboth_risk100|setup_id=ir:0.1.0:NASDAQ:META:1:1761658620000:long|bars_to_confirm=2|signal_close=755.1081|trigger=754.91|stop=753.2|target_r=1.5|risk_ps=1.9081|atr=1.110511|vwap_dist_atr=0.737217|tick=0.01,754.52,52,39235.04,102.96,0.26,0,102.96,0.26,-0.52,0.00,420.86,0.42,2
35,Exit long,2025-10-28 10:04,sl1|exit_reason=stop,754.84,69,52167.45,-83.49,-0.16,0,83.49,0.16,-83.49,-0.16,337.37,0.34,9
35,Entry long,2025-10-28 09:55,sl1|ver=0.1.0|variant=baseline|cfg=ema9_atr14_buf0.1_chase1_win3_tgt1.5_hold20_t935-1500_ent2_loss2_dd2_dirboth_risk100|setup_id=ir:0.1.0:NASDAQ:META:1:1761659640000:long|bars_to_confirm=1|signal_close=756.29|trigger=756.22|stop=754.85|target_r=1.5|risk_ps=1.44|atr=1.153812|vwap_dist_atr=0.911473|tick=0.01,756.05,69,52167.45,-83.49,-0.16,0,83.49,0.16,-83.49,-0.16,337.37,0.34,9
36,Exit long,2025-10-29 10:44,sl1|exit_reason=stop,749.08,106,79511.66,-109.18,-0.14,0,69.96,0.09,-109.18,-0.14,228.19,0.23,15
36,Entry long,2025-10-29 10:29,sl1|ver=0.1.0|variant=baseline|cfg=ema9_atr14_buf0.1_chase1_win3_tgt1.5_hold20_t935-1500_ent2_loss2_dd2_dirboth_risk100|setup_id=ir:0.1.0:NASDAQ:META:1:1761748080000:long|bars_to_confirm=1|signal_close=750.025|trigger=749.8999|stop=749.09|target_r=1.5|risk_ps=0.935|atr=0.994332|vwap_dist_atr=0.353394|tick=0.01,750.11,106,79511.66,-109.18,-0.14,0,69.96,0.09,-109.18,-0.14,228.19,0.23,15
37,Exit long,2025-10-29 11:28,sl1|exit_reason=stop,748.87,106,79461.84,-81.62,-0.10,0,37.1,0.05,-81.62,-0.10,146.57,0.15,3
37,Entry long,2025-10-29 11:25,sl1|ver=0.1.0|variant=baseline|cfg=ema9_atr14_buf0.1_chase1_win3_tgt1.5_hold20_t935-1500_ent2_loss2_dd2_dirboth_risk100|setup_id=ir:0.1.0:NASDAQ:META:1:1761751440000:long|bars_to_confirm=1|signal_close=749.82|trigger=749.65|stop=748.88|target_r=1.5|risk_ps=0.94|atr=0.655443|vwap_dist_atr=0.674956|tick=0.01,749.64,106,79461.84,-81.62,-0.10,0,37.1,0.05,-81.62,-0.10,146.57,0.15,3
38,Exit long,2025-10-30 09:44,sl1|exit_reason=stop,659.38,18,11967.3,-98.46,-0.82,0,31.86,0.27,-98.46,-0.82,48.11,0.05,1
38,Entry long,2025-10-30 09:43,sl1|ver=0.1.0|variant=baseline|cfg=ema9_atr14_buf0.1_chase1_win3_tgt1.5_hold20_t935-1500_ent2_loss2_dd2_dirboth_risk100|setup_id=ir:0.1.0:NASDAQ:META:1:1761831660000:long|bars_to_confirm=2|signal_close=664.9026|trigger=663.88|stop=659.39|target_r=1.5|risk_ps=5.5126|atr=3.622261|vwap_dist_atr=0.958432|tick=0.01,664.85,18,11967.3,-98.46,-0.82,0,31.86,0.27,-98.46,-0.82,48.11,0.05,1
39,Exit long,2025-10-30 15:04,sl1|exit_reason=stop,664.27,43,28656.49,-92.88,-0.32,0,18.92,0.07,-92.88,-0.32,-44.77,-0.04,15
39,Entry long,2025-10-30 14:49,sl1|ver=0.1.0|variant=baseline|cfg=ema9_atr14_buf0.1_chase1_win3_tgt1.5_hold20_t935-1500_ent2_loss2_dd2_dirboth_risk100|setup_id=ir:0.1.0:NASDAQ:META:1:1761850080000:long|bars_to_confirm=1|signal_close=666.5812|trigger=666.1429|stop=664.28|target_r=1.5|risk_ps=2.3012|atr=1.2184|vwap_dist_atr=0.706939|tick=0.01,666.43,43,28656.49,-92.88,-0.32,0,18.92,0.07,-92.88,-0.32,-44.77,-0.04,15
40,Exit short,2025-11-03 10:25,sl1|exit_reason=target,651.03,41,26846.39,154.16,0.57,0,154.16,0.57,-8.61,-0.03,109.39,0.11,8
40,Entry short,2025-11-03 10:17,sl1|ver=0.1.0|variant=baseline|cfg=ema9_atr14_buf0.1_chase1_win3_tgt1.5_hold20_t935-1500_ent2_loss2_dd2_dirboth_risk100|setup_id=ir:0.1.0:NASDAQ:META:1:1762182960000:short|bars_to_confirm=1|signal_close=654.87|trigger=655.02|stop=657.3|target_r=1.5|risk_ps=2.43|atr=1.332542|vwap_dist_atr=0.500656|tick=0.01,654.79,41,26846.39,154.16,0.57,0,154.16,0.57,-8.61,-0.03,109.39,0.11,8
41,Exit short,2025-11-04 11:13,sl1|exit_reason=target,631.55,54,34255.98,152.28,0.44,0,152.28,0.44,-32.94,-0.10,261.67,0.26,14
41,Entry short,2025-11-04 10:59,sl1|ver=0.1.0|variant=baseline|cfg=ema9_atr14_buf0.1_chase1_win3_tgt1.5_hold20_t935-1500_ent2_loss2_dd2_dirboth_risk100|setup_id=ir:0.1.0:NASDAQ:META:1:1762271880000:short|bars_to_confirm=1|signal_close=634.42|trigger=634.6|stop=636.25|target_r=1.5|risk_ps=1.83|atr=1.009289|vwap_dist_atr=0.663271|tick=0.01,634.37,54,34255.98,152.28,0.44,0,152.28,0.44,-32.94,-0.10,261.67,0.26,14
42,Exit long,2025-11-05 09:56,sl1|exit_reason=stop,629,58,36583.5,-101.5,-0.28,0,40.6,0.11,-101.5,-0.28,160.17,0.16,7
42,Entry long,2025-11-05 09:49,sl1|ver=0.1.0|variant=baseline|cfg=ema9_atr14_buf0.1_chase1_win3_tgt1.5_hold20_t935-1500_ent2_loss2_dd2_dirboth_risk100|setup_id=ir:0.1.0:NASDAQ:META:1:1762354080000:long|bars_to_confirm=1|signal_close=630.7318|trigger=630.4699|stop=629.01|target_r=1.5|risk_ps=1.7218|atr=1.368072|vwap_dist_atr=0.711563|tick=0.01,630.75,58,36583.5,-101.5,-0.28,0,40.6,0.11,-101.5,-0.28,160.17,0.16,7
43,Exit long,2025-11-06 12:47,sl1|exit_reason=stop,623.99,113,70622.74,-111.87,-0.16,0,108.48,0.15,-111.87,-0.16,48.3,0.05,9
43,Entry long,2025-11-06 12:38,sl1|ver=0.1.0|variant=baseline|cfg=ema9_atr14_buf0.1_chase1_win3_tgt1.5_hold20_t935-1500_ent2_loss2_dd2_dirboth_risk100|setup_id=ir:0.1.0:NASDAQ:META:1:1762450560000:long|bars_to_confirm=2|signal_close=624.89|trigger=624.796|stop=624.01|target_r=1.5|risk_ps=0.88|atr=0.727066|vwap_dist_atr=0.663581|tick=0.01,624.98,113,70622.74,-111.87,-0.16,0,108.48,0.15,-111.87,-0.16,48.3,0.05,9
44,Exit short,2025-11-06 13:05,sl1|exit_reason=target,622.31,95,59268.6,149.15,0.25,0,149.15,0.25,-82.65,-0.14,197.45,0.20,4
44,Entry short,2025-11-06 13:01,sl1|ver=0.1.0|variant=baseline|cfg=ema9_atr14_buf0.1_chase1_win3_tgt1.5_hold20_t935-1500_ent2_loss2_dd2_dirboth_risk100|setup_id=ir:0.1.0:NASDAQ:META:1:1762451940000:short|bars_to_confirm=2|signal_close=623.885|trigger=624.15|stop=624.93|target_r=1.5|risk_ps=1.045|atr=0.67429|vwap_dist_atr=0.816577|tick=0.01,623.88,95,59268.6,149.15,0.25,0,149.15,0.25,-82.65,-0.14,197.45,0.20,4
45,Exit long,2025-11-10 10:00,sl1|exit_reason=time,630.69,33,20735.88,76.89,0.37,0,113.85,0.55,-35.97,-0.17,274.34,0.27,20
45,Entry long,2025-11-10 09:40,sl1|ver=0.1.0|variant=baseline|cfg=ema9_atr14_buf0.1_chase1_win3_tgt1.5_hold20_t935-1500_ent2_loss2_dd2_dirboth_risk100|setup_id=ir:0.1.0:NASDAQ:META:1:1762785540000:long|bars_to_confirm=1|signal_close=628.34|trigger=627.7994|stop=625.32|target_r=1.5|risk_ps=3.02|atr=1.441088|vwap_dist_atr=0.458154|tick=0.01,628.36,33,20735.88,76.89,0.37,0,113.85,0.55,-35.97,-0.17,274.34,0.27,20
46,Exit long,2025-11-10 11:48,sl1|exit_reason=time,630.74,96,60534.72,16.32,0.03,0,119.04,0.20,-25.92,-0.04,290.66,0.29,20
46,Entry long,2025-11-10 11:28,sl1|ver=0.1.0|variant=baseline|cfg=ema9_atr14_buf0.1_chase1_win3_tgt1.5_hold20_t935-1500_ent2_loss2_dd2_dirboth_risk100|setup_id=ir:0.1.0:NASDAQ:META:1:1762792020000:long|bars_to_confirm=1|signal_close=630.54|trigger=630.32|stop=629.5|target_r=1.5|risk_ps=1.04|atr=0.657171|vwap_dist_atr=0.733672|tick=0.01,630.57,96,60534.72,16.32,0.03,0,119.04,0.20,-25.92,-0.04,290.66,0.29,20
47,Exit long,2025-11-11 11:55,sl1|exit_reason=stop,623.7,160,99856,-64,-0.06,0,30.4,0.03,-64,-0.06,226.66,0.23,0
47,Entry long,2025-11-11 11:55,sl1|ver=0.1.0|variant=baseline|cfg=ema9_atr14_buf0.1_chase1_win3_tgt1.5_hold20_t935-1500_ent2_loss2_dd2_dirboth_risk100|setup_id=ir:0.1.0:NASDAQ:META:1:1762879920000:long|bars_to_confirm=3|signal_close=624.105|trigger=624.0496|stop=623.71|target_r=1.5|risk_ps=0.395|atr=0.430979|vwap_dist_atr=0.665038|tick=0.01,624.1,160,99856,-64,-0.06,0,30.4,0.03,-64,-0.06,226.66,0.23,0
48,Exit short,2025-11-11 12:02,sl1|exit_reason=stop,624.35,144,89804.16,-102.24,-0.11,0,70.56,0.08,-102.24,-0.11,124.42,0.12,5
48,Entry short,2025-11-11 11:57,sl1|ver=0.1.0|variant=baseline|cfg=ema9_atr14_buf0.1_chase1_win3_tgt1.5_hold20_t935-1500_ent2_loss2_dd2_dirboth_risk100|setup_id=ir:0.1.0:NASDAQ:META:1:1762880160000:short|bars_to_confirm=1|signal_close=623.6495|trigger=623.7|stop=624.34|target_r=1.5|risk_ps=0.6905|atr=0.453923|vwap_dist_atr=0.37147|tick=0.01,623.64,144,89804.16,-102.24,-0.11,0,70.56,0.08,-102.24,-0.11,124.42,0.12,5
49,Exit long,2025-11-12 12:41,sl1|exit_reason=target,615.8,162,99625.14,134.46,0.13,0,134.46,0.13,-9.72,-0.01,258.88,0.26,4
49,Entry long,2025-11-12 12:37,sl1|ver=0.1.0|variant=baseline|cfg=ema9_atr14_buf0.1_chase1_win3_tgt1.5_hold20_t935-1500_ent2_loss2_dd2_dirboth_risk100|setup_id=ir:0.1.0:NASDAQ:META:1:1762968960000:long|bars_to_confirm=1|signal_close=614.95|trigger=614.885|stop=614.42|target_r=1.5|risk_ps=0.53|atr=0.53768|vwap_dist_atr=0.65503|tick=0.01,614.97,162,99625.14,134.46,0.13,0,134.46,0.13,-9.72,-0.01,258.88,0.26,4
50,Exit long,2025-11-12 13:20,sl1|exit_reason=stop,614.46,163,100246.63,-89.65,-0.09,0,6.52,0.01,-89.65,-0.09,169.23,0.17,1
50,Entry long,2025-11-12 13:19,sl1|ver=0.1.0|variant=baseline|cfg=ema9_atr14_buf0.1_chase1_win3_tgt1.5_hold20_t935-1500_ent2_loss2_dd2_dirboth_risk100|setup_id=ir:0.1.0:NASDAQ:META:1:1762971480000:long|bars_to_confirm=1|signal_close=615.06|trigger=614.98|stop=614.47|target_r=1.5|risk_ps=0.59|atr=0.478971|vwap_dist_atr=0.919067|tick=0.01,615.01,163,100246.63,-89.65,-0.09,0,6.52,0.01,-89.65,-0.09,169.23,0.17,1
51,Exit long,2025-11-13 09:43,sl1|exit_reason=stop,611.4,48,29446.56,-99.36,-0.34,0,39.36,0.13,-99.36,-0.34,69.87,0.07,1
51,Entry long,2025-11-13 09:42,sl1|ver=0.1.0|variant=baseline|cfg=ema9_atr14_buf0.1_chase1_win3_tgt1.5_hold20_t935-1500_ent2_loss2_dd2_dirboth_risk100|setup_id=ir:0.1.0:NASDAQ:META:1:1763044860000:long|bars_to_confirm=1|signal_close=613.46|trigger=613.32|stop=611.41|target_r=1.5|risk_ps=2.05|atr=1.485165|vwap_dist_atr=0.913983|tick=0.01,613.47,48,29446.56,-99.36,-0.34,0,39.36,0.13,-99.36,-0.34,69.87,0.07,1
52,Exit short,2025-11-13 09:52,sl1|exit_reason=stop,614,30,18322.5,-97.5,-0.53,0,28.5,0.16,-97.5,-0.53,-27.63,-0.03,6
52,Entry short,2025-11-13 09:46,sl1|ver=0.1.0|variant=baseline|cfg=ema9_atr14_buf0.1_chase1_win3_tgt1.5_hold20_t935-1500_ent2_loss2_dd2_dirboth_risk100|setup_id=ir:0.1.0:NASDAQ:META:1:1763045040000:short|bars_to_confirm=2|signal_close=610.755|trigger=611.31|stop=613.99|target_r=1.5|risk_ps=3.235|atr=1.483388|vwap_dist_atr=0.921294|tick=0.01,610.75,30,18322.5,-97.5,-0.53,0,28.5,0.16,-97.5,-0.53,-27.63,-0.03,6
53,Exit long,2025-11-14 09:57,sl1|exit_reason=time,603.67,21,12597.9,79.17,0.63,0,93.24,0.74,-32.34,-0.26,51.54,0.05,20
53,Entry long,2025-11-14 09:37,sl1|ver=0.1.0|variant=baseline|cfg=ema9_atr14_buf0.1_chase1_win3_tgt1.5_hold20_t935-1500_ent2_loss2_dd2_dirboth_risk100|setup_id=ir:0.1.0:NASDAQ:META:1:1763130960000:long|bars_to_confirm=1|signal_close=599.88|trigger=599.38|stop=595.22|target_r=1.5|risk_ps=4.66|atr=1.619912|vwap_dist_atr=0.900345|tick=0.01,599.9,21,12597.9,79.17,0.63,0,93.24,0.74,-32.34,-0.26,51.54,0.05,20
54,Exit long,2025-11-17 10:32,sl1|exit_reason=stop,606.9,140,85048.6,-82.6,-0.10,0,89.6,0.11,-82.6,-0.10,-31.06,-0.03,1
54,Entry long,2025-11-17 10:31,sl1|ver=0.1.0|variant=baseline|cfg=ema9_atr14_buf0.1_chase1_win3_tgt1.5_hold20_t935-1500_ent2_loss2_dd2_dirboth_risk100|setup_id=ir:0.1.0:NASDAQ:META:1:1763393400000:long|bars_to_confirm=1|signal_close=607.62|trigger=607.59|stop=606.91|target_r=1.5|risk_ps=0.71|atr=1.007833|vwap_dist_atr=0.282745|tick=0.01,607.49,140,85048.6,-82.6,-0.10,0,89.6,0.11,-82.6,-0.10,-31.06,-0.03,1
55,Exit short,2025-11-17 11:11,sl1|exit_reason=time,606,61,37012.36,46.36,0.13,0,92.11,0.25,-89.67,-0.24,15.3,0.02,20
55,Entry short,2025-11-17 10:51,sl1|ver=0.1.0|variant=baseline|cfg=ema9_atr14_buf0.1_chase1_win3_tgt1.5_hold20_t935-1500_ent2_loss2_dd2_dirboth_risk100|setup_id=ir:0.1.0:NASDAQ:META:1:1763394600000:short|bars_to_confirm=1|signal_close=606.6815|trigger=607|stop=608.32|target_r=1.5|risk_ps=1.6385|atr=0.811732|vwap_dist_atr=0.743563|tick=0.01,606.76,61,37012.36,46.36,0.13,0,92.11,0.25,-89.67,-0.24,15.3,0.02,20
56,Exit short,2025-11-18 12:31,sl1|exit_reason=target,587.7,114,67175.64,177.84,0.26,0,177.84,0.26,-49.02,-0.07,193.14,0.19,4
56,Entry short,2025-11-18 12:27,sl1|ver=0.1.0|variant=baseline|cfg=ema9_atr14_buf0.1_chase1_win3_tgt1.5_hold20_t935-1500_ent2_loss2_dd2_dirboth_risk100|setup_id=ir:0.1.0:NASDAQ:META:1:1763486760000:short|bars_to_confirm=1|signal_close=589.43|trigger=589.56|stop=590.3|target_r=1.5|risk_ps=0.87|atr=0.838044|vwap_dist_atr=0.484023|tick=0.01,589.26,114,67175.64,177.84,0.26,0,177.84,0.26,-49.02,-0.07,193.14,0.19,4
57,Exit long,2025-11-19 09:46,sl1|exit_reason=stop,589.65,55,32529.75,-99,-0.30,0,1.65,0.01,-99,-0.30,94.14,0.09,0
57,Entry long,2025-11-19 09:46,sl1|ver=0.1.0|variant=baseline|cfg=ema9_atr14_buf0.1_chase1_win3_tgt1.5_hold20_t935-1500_ent2_loss2_dd2_dirboth_risk100|setup_id=ir:0.1.0:NASDAQ:META:1:1763563500000:long|bars_to_confirm=1|signal_close=591.475|trigger=590.9|stop=589.66|target_r=1.5|risk_ps=1.815|atr=1.226302|vwap_dist_atr=0.929118|tick=0.01,591.45,55,32529.75,-99,-0.30,0,1.65,0.01,-99,-0.30,94.14,0.09,0
58,Exit long,2025-11-20 10:45,sl1|exit_reason=time,602.07,58,34968.78,-48.72,-0.14,0,20.3,0.06,-91.64,-0.26,45.42,0.05,20
58,Entry long,2025-11-20 10:25,sl1|ver=0.1.0|variant=baseline|cfg=ema9_atr14_buf0.1_chase1_win3_tgt1.5_hold20_t935-1500_ent2_loss2_dd2_dirboth_risk100|setup_id=ir:0.1.0:NASDAQ:META:1:1763652180000:long|bars_to_confirm=2|signal_close=602.97|trigger=602.73|stop=601.27|target_r=1.5|risk_ps=1.7|atr=1.198495|vwap_dist_atr=0.623638|tick=0.01,602.91,58,34968.78,-48.72,-0.14,0,20.3,0.06,-91.64,-0.26,45.42,0.05,20
59,Exit long,2025-11-21 11:44,sl1|exit_reason=target,589.61,109,64123.61,143.88,0.22,0,143.88,0.22,-18.53,-0.03,189.3,0.19,3
59,Entry long,2025-11-21 11:41,sl1|ver=0.1.0|variant=baseline|cfg=ema9_atr14_buf0.1_chase1_win3_tgt1.5_hold20_t935-1500_ent2_loss2_dd2_dirboth_risk100|setup_id=ir:0.1.0:NASDAQ:META:1:1763743140000:long|bars_to_confirm=2|signal_close=588.325|trigger=588.28|stop=587.41|target_r=1.5|risk_ps=0.915|atr=0.947192|vwap_dist_atr=0.406348|tick=0.01,588.29,109,64123.61,143.88,0.22,0,143.88,0.22,-18.53,-0.03,189.3,0.19,3
60,Exit long,2025-11-25 09:59,sl1|exit_reason=target,629,29,18086.14,154.86,0.86,0,154.86,0.86,-76.56,-0.42,344.16,0.34,13
60,Entry long,2025-11-25 09:46,sl1|ver=0.1.0|variant=baseline|cfg=ema9_atr14_buf0.1_chase1_win3_tgt1.5_hold20_t935-1500_ent2_loss2_dd2_dirboth_risk100|setup_id=ir:0.1.0:NASDAQ:META:1:1764081900000:long|bars_to_confirm=1|signal_close=623.4916|trigger=622.97|stop=620.1|target_r=1.5|risk_ps=3.3916|atr=1.636419|vwap_dist_atr=0.979303|tick=0.01,623.66,29,18086.14,154.86,0.86,0,154.86,0.86,-76.56,-0.42,344.16,0.34,13
61,Exit short,2025-11-26 10:30,sl1|exit_reason=stop,636.01,103,65386.46,-122.57,-0.19,0,14.42,0.02,-122.57,-0.19,221.59,0.22,4
61,Entry short,2025-11-26 10:26,sl1|ver=0.1.0|variant=baseline|cfg=ema9_atr14_buf0.1_chase1_win3_tgt1.5_hold20_t935-1500_ent2_loss2_dd2_dirboth_risk100|setup_id=ir:0.1.0:NASDAQ:META:1:1764170700000:short|bars_to_confirm=1|signal_close=635.03|trigger=635.135|stop=636|target_r=1.5|risk_ps=0.97|atr=0.86627|vwap_dist_atr=0.146509|tick=0.01,634.82,103,65386.46,-122.57,-0.19,0,14.42,0.02,-122.57,-0.19,221.59,0.22,4
62,Exit short,2025-11-26 10:57,sl1|exit_reason=stop,635.99,81,51414.75,-100.44,-0.20,0,19.44,0.04,-100.44,-0.20,121.15,0.12,10
62,Entry short,2025-11-26 10:47,sl1|ver=0.1.0|variant=baseline|cfg=ema9_atr14_buf0.1_chase1_win3_tgt1.5_hold20_t935-1500_ent2_loss2_dd2_dirboth_risk100|setup_id=ir:0.1.0:NASDAQ:META:1:1764171900000:short|bars_to_confirm=2|signal_close=634.755|trigger=634.945|stop=635.98|target_r=1.5|risk_ps=1.225|atr=0.734578|vwap_dist_atr=0.608547|tick=0.01,634.75,81,51414.75,-100.44,-0.20,0,19.44,0.04,-100.44,-0.20,121.15,0.12,10
63,Exit long,2025-12-01 09:56,sl1|exit_reason=target,644.41,58,37212.8,162.98,0.44,0,162.98,0.44,-32.48,-0.09,284.13,0.28,3
63,Entry long,2025-12-01 09:53,sl1|ver=0.1.0|variant=baseline|cfg=ema9_atr14_buf0.1_chase1_win3_tgt1.5_hold20_t935-1500_ent2_loss2_dd2_dirboth_risk100|setup_id=ir:0.1.0:NASDAQ:META:1:1764600720000:long|bars_to_confirm=1|signal_close=641.4273|trigger=640.7499|stop=639.73|target_r=1.5|risk_ps=1.6973|atr=1.16823|vwap_dist_atr=0.801091|tick=0.01,641.6,58,37212.8,162.98,0.44,0,162.98,0.44,-32.48,-0.09,284.13,0.28,3
64,Exit short,2025-12-01 10:35,sl1|exit_reason=target,638.46,58,37183.8,153.12,0.41,0,153.12,0.41,-13.92,-0.04,437.25,0.44,8
64,Entry short,2025-12-01 10:27,sl1|ver=0.1.0|variant=baseline|cfg=ema9_atr14_buf0.1_chase1_win3_tgt1.5_hold20_t935-1500_ent2_loss2_dd2_dirboth_risk100|setup_id=ir:0.1.0:NASDAQ:META:1:1764602760000:short|bars_to_confirm=1|signal_close=641.16|trigger=641.63|stop=642.86|target_r=1.5|risk_ps=1.7|atr=0.75307|vwap_dist_atr=0.858622|tick=0.01,641.1,58,37183.8,153.12,0.41,0,153.12,0.41,-13.92,-0.04,437.25,0.44,8
65,Exit short,2025-12-02 09:46,sl1|exit_reason=target,638.2,45,28864.8,145.8,0.51,0,145.8,0.51,-4.05,-0.01,583.05,0.58,3
65,Entry short,2025-12-02 09:43,sl1|ver=0.1.0|variant=baseline|cfg=ema9_atr14_buf0.1_chase1_win3_tgt1.5_hold20_t935-1500_ent2_loss2_dd2_dirboth_risk100|setup_id=ir:0.1.0:NASDAQ:META:1:1764686460000:short|bars_to_confirm=2|signal_close=641.4|trigger=641.4527|stop=643.6|target_r=1.5|risk_ps=2.2|atr=0.992236|vwap_dist_atr=0.764604|tick=0.01,641.44,45,28864.8,145.8,0.51,0,145.8,0.51,-4.05,-0.01,583.05,0.58,3
66,Exit long,2025-12-02 10:01,sl1|exit_reason=target,643.27,110,70598,161.7,0.23,0,161.7,0.23,-12.1,-0.02,744.75,0.74,2
66,Entry long,2025-12-02 09:59,sl1|ver=0.1.0|variant=baseline|cfg=ema9_atr14_buf0.1_chase1_win3_tgt1.5_hold20_t935-1500_ent2_loss2_dd2_dirboth_risk100|setup_id=ir:0.1.0:NASDAQ:META:1:1764687480000:long|bars_to_confirm=1|signal_close=641.725|trigger=641.49|stop=640.82|target_r=1.5|risk_ps=0.905|atr=0.919554|vwap_dist_atr=0.432395|tick=0.01,641.8,110,70598,161.7,0.23,0,161.7,0.23,-12.1,-0.02,744.75,0.74,2
67,Exit short,2025-12-03 09:40,sl1|exit_reason=stop,644.29,52,33399.08,-104,-0.31,0,21.84,0.07,-104,-0.31,640.75,0.64,4
67,Entry short,2025-12-03 09:36,sl1|ver=0.1.0|variant=baseline|cfg=ema9_atr14_buf0.1_chase1_win3_tgt1.5_hold20_t935-1500_ent2_loss2_dd2_dirboth_risk100|setup_id=ir:0.1.0:NASDAQ:META:1:1764772500000:short|bars_to_confirm=1|signal_close=642.375|trigger=642.96|stop=644.28|target_r=1.5|risk_ps=1.905|atr=1.042548|vwap_dist_atr=0.709512|tick=0.01,642.29,52,33399.08,-104,-0.31,0,21.84,0.07,-104,-0.31,640.75,0.64,4
68,Exit short,2025-12-03 10:29,sl1|exit_reason=time,643.79,55,35473.9,65.45,0.18,0,122.65,0.35,-53.9,-0.15,706.2,0.71,20
68,Entry short,2025-12-03 10:09,sl1|ver=0.1.0|variant=baseline|cfg=ema9_atr14_buf0.1_chase1_win3_tgt1.5_hold20_t935-1500_ent2_loss2_dd2_dirboth_risk100|setup_id=ir:0.1.0:NASDAQ:META:1:1764774420000:short|bars_to_confirm=2|signal_close=644.925|trigger=645.31|stop=646.73|target_r=1.5|risk_ps=1.805|atr=0.99354|vwap_dist_atr=0.644875|tick=0.01,644.98,55,35473.9,65.45,0.18,0,122.65,0.35,-53.9,-0.15,706.2,0.71,20
69,Exit short,2025-12-04 09:46,sl1|exit_reason=target,660.23,33,21936.09,148.5,0.68,0,148.5,0.68,-9.57,-0.04,854.7,0.85,3
69,Entry short,2025-12-04 09:43,sl1|ver=0.1.0|variant=baseline|cfg=ema9_atr14_buf0.1_chase1_win3_tgt1.5_hold20_t935-1500_ent2_loss2_dd2_dirboth_risk100|setup_id=ir:0.1.0:NASDAQ:META:1:1764859320000:short|bars_to_confirm=1|signal_close=664.77|trigger=665|stop=667.73|target_r=1.5|risk_ps=2.96|atr=2.992277|vwap_dist_atr=0.529688|tick=0.01,664.73,33,21936.09,148.5,0.68,0,148.5,0.68,-9.57,-0.04,854.7,0.85,3
70,Exit long,2025-12-04 10:12,sl1|exit_reason=stop,664.16,38,25334.6,-96.52,-0.38,0,95.76,0.38,-96.52,-0.38,758.18,0.76,7
70,Entry long,2025-12-04 10:05,sl1|ver=0.1.0|variant=baseline|cfg=ema9_atr14_buf0.1_chase1_win3_tgt1.5_hold20_t935-1500_ent2_loss2_dd2_dirboth_risk100|setup_id=ir:0.1.0:NASDAQ:META:1:1764860640000:long|bars_to_confirm=1|signal_close=666.77|trigger=665.87|stop=664.17|target_r=1.5|risk_ps=2.6|atr=2.086595|vwap_dist_atr=0.682793|tick=0.01,666.7,38,25334.6,-96.52,-0.38,0,95.76,0.38,-96.52,-0.38,758.18,0.76,7
71,Exit long,2025-12-05 10:11,sl1|exit_reason=target,667.11,99,65899.35,144.54,0.22,0,144.54,0.22,-10.89,-0.02,902.72,0.90,7
71,Entry long,2025-12-05 10:04,sl1|ver=0.1.0|variant=baseline|cfg=ema9_atr14_buf0.1_chase1_win3_tgt1.5_hold20_t935-1500_ent2_loss2_dd2_dirboth_risk100|setup_id=ir:0.1.0:NASDAQ:META:1:1764946980000:long|bars_to_confirm=1|signal_close=665.682|trigger=665.57|stop=664.68|target_r=1.5|risk_ps=1.002|atr=1.012271|vwap_dist_atr=0.260453|tick=0.01,665.65,99,65899.35,144.54,0.22,0,144.54,0.22,-10.89,-0.02,902.72,0.90,7
72,Exit short,2025-12-08 11:29,sl1|exit_reason=stop,669.93,117,78284.7,-97.11,-0.12,0,0,0.00,-97.11,-0.12,805.61,0.81,1
72,Entry short,2025-12-08 11:28,sl1|ver=0.1.0|variant=baseline|cfg=ema9_atr14_buf0.1_chase1_win3_tgt1.5_hold20_t935-1500_ent2_loss2_dd2_dirboth_risk100|setup_id=ir:0.1.0:NASDAQ:META:1:1765211220000:short|bars_to_confirm=1|signal_close=669.07|trigger=669.35|stop=669.92|target_r=1.5|risk_ps=0.85|atr=0.561073|vwap_dist_atr=0.78212|tick=0.01,669.1,117,78284.7,-97.11,-0.12,0,0,0.00,-97.11,-0.12,805.61,0.81,1
73,Exit long,2025-12-08 12:26,sl1|exit_reason=stop,668.8,94,62968.72,-101.52,-0.16,0,72.38,0.11,-101.52,-0.16,704.09,0.70,19
73,Entry long,2025-12-08 12:07,sl1|ver=0.1.0|variant=baseline|cfg=ema9_atr14_buf0.1_chase1_win3_tgt1.5_hold20_t935-1500_ent2_loss2_dd2_dirboth_risk100|setup_id=ir:0.1.0:NASDAQ:META:1:1765213560000:long|bars_to_confirm=1|signal_close=669.87|trigger=669.66|stop=668.81|target_r=1.5|risk_ps=1.06|atr=0.483035|vwap_dist_atr=0.759442|tick=0.01,669.88,94,62968.72,-101.52,-0.16,0,72.38,0.11,-101.52,-0.16,704.09,0.70,19
74,Exit short,2025-12-09 10:13,sl1|exit_reason=stop,657.94,60,39378.6,-97.8,-0.25,0,3,0.01,-97.8,-0.25,606.29,0.61,4
74,Entry short,2025-12-09 10:09,sl1|ver=0.1.0|variant=baseline|cfg=ema9_atr14_buf0.1_chase1_win3_tgt1.5_hold20_t935-1500_ent2_loss2_dd2_dirboth_risk100|setup_id=ir:0.1.0:NASDAQ:META:1:1765292880000:short|bars_to_confirm=1|signal_close=656.28|trigger=656.74|stop=657.93|target_r=1.5|risk_ps=1.65|atr=1.052976|vwap_dist_atr=0.76681|tick=0.01,656.31,60,39378.6,-97.8,-0.25,0,3,0.01,-97.8,-0.25,606.29,0.61,4
75,Exit short,2025-12-09 10:25,sl1|exit_reason=target,656.39,153,100525.59,97.92,0.10,0,97.92,0.10,-48.96,-0.05,704.21,0.70,4
75,Entry short,2025-12-09 10:21,sl1|ver=0.1.0|variant=baseline|cfg=ema9_atr14_buf0.1_chase1_win3_tgt1.5_hold20_t935-1500_ent2_loss2_dd2_dirboth_risk100|setup_id=ir:0.1.0:NASDAQ:META:1:1765293600000:short|bars_to_confirm=1|signal_close=656.87|trigger=656.98|stop=657.46|target_r=1.5|risk_ps=0.59|atr=0.799451|vwap_dist_atr=0.299184|tick=0.01,657.03,153,100525.59,97.92,0.10,0,97.92,0.10,-48.96,-0.05,704.21,0.70,4
76,Exit long,2025-12-10 09:53,sl1|exit_reason=stop,649.95,57,37140.63,-93.48,-0.25,0,29.64,0.08,-93.48,-0.25,610.73,0.61,4
76,Entry long,2025-12-10 09:49,sl1|ver=0.1.0|variant=baseline|cfg=ema9_atr14_buf0.1_chase1_win3_tgt1.5_hold20_t935-1500_ent2_loss2_dd2_dirboth_risk100|setup_id=ir:0.1.0:NASDAQ:META:1:1765378020000:long|bars_to_confirm=2|signal_close=651.6845|trigger=651.2|stop=649.96|target_r=1.5|risk_ps=1.7245|atr=1.38284|vwap_dist_atr=0.865707|tick=0.01,651.59,57,37140.63,-93.48,-0.25,0,29.64,0.08,-93.48,-0.25,610.73,0.61,4
77,Exit short,2025-12-10 09:58,sl1|exit_reason=stop,651.12,71,46118.05,-111.47,-0.24,0,16.33,0.04,-111.47,-0.24,499.26,0.50,2
77,Entry short,2025-12-10 09:56,sl1|ver=0.1.0|variant=baseline|cfg=ema9_atr14_buf0.1_chase1_win3_tgt1.5_hold20_t935-1500_ent2_loss2_dd2_dirboth_risk100|setup_id=ir:0.1.0:NASDAQ:META:1:1765378500000:short|bars_to_confirm=1|signal_close=649.7045|trigger=650.28|stop=651.11|target_r=1.5|risk_ps=1.4055|atr=1.203499|vwap_dist_atr=0.708935|tick=0.01,649.55,71,46118.05,-111.47,-0.24,0,16.33,0.04,-111.47,-0.24,499.26,0.50,2
78,Exit short,2025-12-11 11:06,sl1|exit_reason=target,647.36,99,64250.01,161.37,0.25,0,161.37,0.25,-60.39,-0.09,660.63,0.66,16
78,Entry short,2025-12-11 10:50,sl1|ver=0.1.0|variant=baseline|cfg=ema9_atr14_buf0.1_chase1_win3_tgt1.5_hold20_t935-1500_ent2_loss2_dd2_dirboth_risk100|setup_id=ir:0.1.0:NASDAQ:META:1:1765468080000:short|bars_to_confirm=2|signal_close=649.07|trigger=649.24|stop=650.08|target_r=1.5|risk_ps=1.01|atr=0.836513|vwap_dist_atr=0.772069|tick=0.01,648.99,99,64250.01,161.37,0.25,0,161.37,0.25,-60.39,-0.09,660.63,0.66,16
79,Exit short,2025-12-11 13:17,sl1|exit_reason=stop,649.36,155,100564,-86.8,-0.09,0,41.85,0.04,-86.8,-0.09,573.83,0.57,6
79,Entry short,2025-12-11 13:11,sl1|ver=0.1.0|variant=baseline|cfg=ema9_atr14_buf0.1_chase1_win3_tgt1.5_hold20_t935-1500_ent2_loss2_dd2_dirboth_risk100|setup_id=ir:0.1.0:NASDAQ:META:1:1765476600000:short|bars_to_confirm=1|signal_close=648.8|trigger=648.91|stop=649.35|target_r=1.5|risk_ps=0.55|atr=0.397914|vwap_dist_atr=0.851171|tick=0.01,648.8,155,100564,-86.8,-0.09,0,41.85,0.04,-86.8,-0.09,573.83,0.57,6
80,Exit short,2025-12-12 10:03,sl1|exit_reason=time,649.66,63,40872.51,-56.07,-0.14,0,143.01,0.35,-102.69,-0.25,517.76,0.52,20
80,Entry short,2025-12-12 09:43,sl1|ver=0.1.0|variant=baseline|cfg=ema9_atr14_buf0.1_chase1_win3_tgt1.5_hold20_t935-1500_ent2_loss2_dd2_dirboth_risk100|setup_id=ir:0.1.0:NASDAQ:META:1:1765550520000:short|bars_to_confirm=1|signal_close=648.885|trigger=649|stop=650.47|target_r=1.5|risk_ps=1.585|atr=1.241749|vwap_dist_atr=0.483016|tick=0.01,648.77,63,40872.51,-56.07,-0.14,0,143.01,0.35,-102.69,-0.25,517.76,0.52,20
81,Exit short,2025-12-12 10:20,sl1|exit_reason=target,646.37,109,70625.46,171.13,0.24,0,171.13,0.24,-38.15,-0.05,688.89,0.69,5
81,Entry short,2025-12-12 10:15,sl1|ver=0.1.0|variant=baseline|cfg=ema9_atr14_buf0.1_chase1_win3_tgt1.5_hold20_t935-1500_ent2_loss2_dd2_dirboth_risk100|setup_id=ir:0.1.0:NASDAQ:META:1:1765552440000:short|bars_to_confirm=1|signal_close=648.08|trigger=648.15|stop=648.99|target_r=1.5|risk_ps=0.91|atr=0.881848|vwap_dist_atr=0.90119|tick=0.01,647.94,109,70625.46,171.13,0.24,0,171.13,0.24,-38.15,-0.05,688.89,0.69,5
82,Exit long,2025-12-15 09:42,sl1|exit_reason=target,649.57,31,19987.25,149.42,0.75,0,149.42,0.75,-15.5,-0.08,838.31,0.84,5
82,Entry long,2025-12-15 09:37,sl1|ver=0.1.0|variant=baseline|cfg=ema9_atr14_buf0.1_chase1_win3_tgt1.5_hold20_t935-1500_ent2_loss2_dd2_dirboth_risk100|setup_id=ir:0.1.0:NASDAQ:META:1:1765809360000:long|bars_to_confirm=1|signal_close=644.73|trigger=644.17|stop=641.54|target_r=1.5|risk_ps=3.19|atr=1.107809|vwap_dist_atr=0.933283|tick=0.01,644.75,31,19987.25,149.42,0.75,0,149.42,0.75,-15.5,-0.08,838.31,0.84,5
83,Exit long,2025-12-16 10:46,sl1|exit_reason=target,652.76,70,45546.2,147,0.32,0,147,0.32,-11.9,-0.03,985.31,0.99,2
83,Entry long,2025-12-16 10:44,sl1|ver=0.1.0|variant=baseline|cfg=ema9_atr14_buf0.1_chase1_win3_tgt1.5_hold20_t935-1500_ent2_loss2_dd2_dirboth_risk100|setup_id=ir:0.1.0:NASDAQ:META:1:1765899780000:long|bars_to_confirm=1|signal_close=650.67|trigger=650.31|stop=649.26|target_r=1.5|risk_ps=1.41|atr=0.907436|vwap_dist_atr=0.833102|tick=0.01,650.66,70,45546.2,147,0.32,0,147,0.32,-11.9,-0.03,985.31,0.99,2
84,Exit long,2025-12-16 13:26,sl1|exit_reason=stop,650.17,133,86555.07,-82.46,-0.10,0,10.64,0.01,-82.46,-0.10,902.85,0.90,0
84,Entry long,2025-12-16 13:26,sl1|ver=0.1.0|variant=baseline|cfg=ema9_atr14_buf0.1_chase1_win3_tgt1.5_hold20_t935-1500_ent2_loss2_dd2_dirboth_risk100|setup_id=ir:0.1.0:NASDAQ:META:1:1765909500000:long|bars_to_confirm=1|signal_close=650.93|trigger=650.76|stop=650.18|target_r=1.5|risk_ps=0.75|atr=0.472072|vwap_dist_atr=0.710771|tick=0.01,650.79,133,86555.07,-82.46,-0.10,0,10.64,0.01,-82.46,-0.10,902.85,0.90,0
85,Exit long,2025-12-17 10:21,sl1|exit_reason=time,657.95,62,40772.44,20.46,0.05,0,91.14,0.22,-100.44,-0.25,923.31,0.92,20
85,Entry long,2025-12-17 10:01,sl1|ver=0.1.0|variant=baseline|cfg=ema9_atr14_buf0.1_chase1_win3_tgt1.5_hold20_t935-1500_ent2_loss2_dd2_dirboth_risk100|setup_id=ir:0.1.0:NASDAQ:META:1:1765983540000:long|bars_to_confirm=2|signal_close=657.49|trigger=657.3941|stop=655.9|target_r=1.5|risk_ps=1.59|atr=1.297284|vwap_dist_atr=0.912607|tick=0.01,657.62,62,40772.44,20.46,0.05,0,91.14,0.22,-100.44,-0.25,923.31,0.92,20
86,Exit short,2025-12-17 11:14,sl1|exit_reason=time,655.75,47,30848.45,28.2,0.09,0,39.48,0.13,-68.15,-0.22,951.51,0.95,20
86,Entry short,2025-12-17 10:54,sl1|ver=0.1.0|variant=baseline|cfg=ema9_atr14_buf0.1_chase1_win3_tgt1.5_hold20_t935-1500_ent2_loss2_dd2_dirboth_risk100|setup_id=ir:0.1.0:NASDAQ:META:1:1765986780000:short|bars_to_confirm=1|signal_close=656.325|trigger=656.9|stop=658.43|target_r=1.5|risk_ps=2.105|atr=0.967286|vwap_dist_atr=0.885518|tick=0.01,656.35,47,30848.45,28.2,0.09,0,39.48,0.13,-68.15,-0.22,951.51,0.95,20
87,Exit long,2025-12-18 10:07,sl1|exit_reason=time,663.19,43,28416.12,101.05,0.36,0,133.73,0.47,-70.95,-0.25,1052.56,1.05,20
87,Entry long,2025-12-18 09:47,sl1|ver=0.1.0|variant=baseline|cfg=ema9_atr14_buf0.1_chase1_win3_tgt1.5_hold20_t935-1500_ent2_loss2_dd2_dirboth_risk100|setup_id=ir:0.1.0:NASDAQ:META:1:1766069160000:long|bars_to_confirm=1|signal_close=660.79|trigger=660.56|stop=658.48|target_r=1.5|risk_ps=2.31|atr=1.377592|vwap_dist_atr=0.470671|tick=0.01,660.84,43,28416.12,101.05,0.36,0,133.73,0.47,-70.95,-0.25,1052.56,1.05,20
88,Exit short,2025-12-18 12:14,sl1|exit_reason=target,662.84,109,72406.52,156.96,0.22,0,156.96,0.22,-29.43,-0.04,1209.52,1.21,4
88,Entry short,2025-12-18 12:10,sl1|ver=0.1.0|variant=baseline|cfg=ema9_atr14_buf0.1_chase1_win3_tgt1.5_hold20_t935-1500_ent2_loss2_dd2_dirboth_risk100|setup_id=ir:0.1.0:NASDAQ:META:1:1766077740000:short|bars_to_confirm=1|signal_close=664.33|trigger=664.45|stop=665.24|target_r=1.5|risk_ps=0.91|atr=0.563813|vwap_dist_atr=0.578793|tick=0.01,664.28,109,72406.52,156.96,0.22,0,156.96,0.22,-29.43,-0.04,1209.52,1.21,4
89,Exit short,2025-12-22 10:18,sl1|exit_reason=target,665.23,60,40063.2,149.4,0.37,0,149.4,0.37,-12,-0.03,1358.92,1.36,12
89,Entry short,2025-12-22 10:06,sl1|ver=0.1.0|variant=baseline|cfg=ema9_atr14_buf0.1_chase1_win3_tgt1.5_hold20_t935-1500_ent2_loss2_dd2_dirboth_risk100|setup_id=ir:0.1.0:NASDAQ:META:1:1766415900000:short|bars_to_confirm=1|signal_close=667.74|trigger=667.77|stop=669.38|target_r=1.5|risk_ps=1.64|atr=1.284951|vwap_dist_atr=0.61766|tick=0.01,667.72,60,40063.2,149.4,0.37,0,149.4,0.37,-12,-0.03,1358.92,1.36,12
90,Exit long,2025-12-23 10:41,sl1|exit_reason=time,662.73,82,54350.42,-6.56,-0.01,0,36.08,0.07,-50.02,-0.09,1352.36,1.35,20
90,Entry long,2025-12-23 10:21,sl1|ver=0.1.0|variant=baseline|cfg=ema9_atr14_buf0.1_chase1_win3_tgt1.5_hold20_t935-1500_ent2_loss2_dd2_dirboth_risk100|setup_id=ir:0.1.0:NASDAQ:META:1:1766503200000:long|bars_to_confirm=1|signal_close=662.965|trigger=662.62|stop=661.75|target_r=1.5|risk_ps=1.215|atr=0.795262|vwap_dist_atr=0.687663|tick=0.01,662.81,82,54350.42,-6.56,-0.01,0,36.08,0.07,-50.02,-0.09,1352.36,1.35,20
91,Exit short,2025-12-24 11:06,sl1|exit_reason=stop,665.89,152,101125.6,-89.68,-0.09,0,22.8,0.02,-89.68,-0.09,1262.68,1.26,3
91,Entry short,2025-12-24 11:03,sl1|ver=0.1.0|variant=baseline|cfg=ema9_atr14_buf0.1_chase1_win3_tgt1.5_hold20_t935-1500_ent2_loss2_dd2_dirboth_risk100|setup_id=ir:0.1.0:NASDAQ:META:1:1766592120000:short|bars_to_confirm=1|signal_close=665.31|trigger=665.492|stop=665.88|target_r=1.5|risk_ps=0.57|atr=0.300716|vwap_dist_atr=0.748467|tick=0.01,665.3,152,101125.6,-89.68,-0.09,0,22.8,0.02,-89.68,-0.09,1262.68,1.26,3
92,Exit short,2025-12-29 10:06,sl1|exit_reason=time,657.23,40,26312.4,23.2,0.09,0,64.4,0.24,-57.2,-0.22,1285.88,1.29,20
92,Entry short,2025-12-29 09:46,sl1|ver=0.1.0|variant=baseline|cfg=ema9_atr14_buf0.1_chase1_win3_tgt1.5_hold20_t935-1500_ent2_loss2_dd2_dirboth_risk100|setup_id=ir:0.1.0:NASDAQ:META:1:1767019500000:short|bars_to_confirm=1|signal_close=657.8895|trigger=658.2|stop=660.36|target_r=1.5|risk_ps=2.4705|atr=1.08726|vwap_dist_atr=0.474634|tick=0.01,657.81,40,26312.4,23.2,0.09,0,64.4,0.24,-57.2,-0.22,1285.88,1.29,20
93,Exit short,2025-12-29 10:53,sl1|exit_reason=stop,658.37,129,84843.3,-86.43,-0.10,0,10.32,0.01,-86.43,-0.10,1199.45,1.20,1
93,Entry short,2025-12-29 10:52,sl1|ver=0.1.0|variant=baseline|cfg=ema9_atr14_buf0.1_chase1_win3_tgt1.5_hold20_t935-1500_ent2_loss2_dd2_dirboth_risk100|setup_id=ir:0.1.0:NASDAQ:META:1:1767023400000:short|bars_to_confirm=2|signal_close=657.5901|trigger=657.81|stop=658.36|target_r=1.5|risk_ps=0.7699|atr=0.483359|vwap_dist_atr=0.873887|tick=0.01,657.7,129,84843.3,-86.43,-0.10,0,10.32,0.01,-86.43,-0.10,1199.45,1.20,1
94,Exit long,2025-12-30 11:10,sl1|exit_reason=stop,666.6,105,70102.2,-109.2,-0.16,0,3.15,0.00,-109.2,-0.16,1090.25,1.09,8
94,Entry long,2025-12-30 11:02,sl1|ver=0.1.0|variant=baseline|cfg=ema9_atr14_buf0.1_chase1_win3_tgt1.5_hold20_t935-1500_ent2_loss2_dd2_dirboth_risk100|setup_id=ir:0.1.0:NASDAQ:META:1:1767110460000:long|bars_to_confirm=1|signal_close=667.56|trigger=667.13|stop=666.61|target_r=1.5|risk_ps=0.95|atr=0.521227|vwap_dist_atr=0.993505|tick=0.01,667.64,105,70102.2,-109.2,-0.16,0,3.15,0.00,-109.2,-0.16,1090.25,1.09,8
95,Exit short,2025-12-30 13:45,sl1|exit_reason=stop,667.05,151,100674.72,-49.83,-0.05,0,43.79,0.04,-49.83,-0.05,1040.42,1.04,6
95,Entry short,2025-12-30 13:39,sl1|ver=0.1.0|variant=baseline|cfg=ema9_atr14_buf0.1_chase1_win3_tgt1.5_hold20_t935-1500_ent2_loss2_dd2_dirboth_risk100|setup_id=ir:0.1.0:NASDAQ:META:1:1767119880000:short|bars_to_confirm=1|signal_close=666.71|trigger=666.85|stop=667.04|target_r=1.5|risk_ps=0.33|atr=0.240141|vwap_dist_atr=0.718947|tick=0.01,666.72,151,100674.72,-49.83,-0.05,0,43.79,0.04,-49.83,-0.05,1040.42,1.04,6
96,Exit long,2025-12-31 11:20,sl1|exit_reason=stop,662.2,152,100739.52,-85.12,-0.08,0,59.28,0.06,-85.12,-0.08,955.3,0.96,5
96,Entry long,2025-12-31 11:15,sl1|ver=0.1.0|variant=baseline|cfg=ema9_atr14_buf0.1_chase1_win3_tgt1.5_hold20_t935-1500_ent2_loss2_dd2_dirboth_risk100|setup_id=ir:0.1.0:NASDAQ:META:1:1767197640000:long|bars_to_confirm=1|signal_close=662.76|trigger=662.755|stop=662.21|target_r=1.5|risk_ps=0.55|atr=0.339636|vwap_dist_atr=0.507596|tick=0.01,662.76,152,100739.52,-85.12,-0.08,0,59.28,0.06,-85.12,-0.08,955.3,0.96,5
97,Exit long,2025-12-31 12:47,sl1|exit_reason=time,662.98,152,100759.28,13.68,0.01,0,44.08,0.04,-41.04,-0.04,968.98,0.97,20
97,Entry long,2025-12-31 12:27,sl1|ver=0.1.0|variant=baseline|cfg=ema9_atr14_buf0.1_chase1_win3_tgt1.5_hold20_t935-1500_ent2_loss2_dd2_dirboth_risk100|setup_id=ir:0.1.0:NASDAQ:META:1:1767201960000:long|bars_to_confirm=1|signal_close=662.933|trigger=662.8268|stop=662.52|target_r=1.5|risk_ps=0.413|atr=0.249048|vwap_dist_atr=0.89828|tick=0.01,662.89,152,100759.28,13.68,0.01,0,44.08,0.04,-41.04,-0.04,968.98,0.97,20
98,Exit short,2026-01-02 10:12,sl1|exit_reason=target,656.82,76,50071.84,153.52,0.31,0,153.52,0.31,-27.36,-0.05,1122.5,1.12,2
98,Entry short,2026-01-02 10:10,sl1|ver=0.1.0|variant=baseline|cfg=ema9_atr14_buf0.1_chase1_win3_tgt1.5_hold20_t935-1500_ent2_loss2_dd2_dirboth_risk100|setup_id=ir:0.1.0:NASDAQ:META:1:1767366540000:short|bars_to_confirm=1|signal_close=658.89|trigger=659.35|stop=660.19|target_r=1.5|risk_ps=1.3|atr=0.972513|vwap_dist_atr=0.877901|tick=0.01,658.84,76,50071.84,153.52,0.31,0,153.52,0.31,-27.36,-0.05,1122.5,1.12,2
99,Exit long,2026-01-02 14:48,sl1|exit_reason=stop,652.12,154,100526.58,-100.1,-0.10,0,121.66,0.12,-100.1,-0.10,1022.4,1.02,17
99,Entry long,2026-01-02 14:31,sl1|ver=0.1.0|variant=baseline|cfg=ema9_atr14_buf0.1_chase1_win3_tgt1.5_hold20_t935-1500_ent2_loss2_dd2_dirboth_risk100|setup_id=ir:0.1.0:NASDAQ:META:1:1767382200000:long|bars_to_confirm=1|signal_close=652.655|trigger=652.4|stop=652.13|target_r=1.5|risk_ps=0.525|atr=0.430214|vwap_dist_atr=0.901539|tick=0.01,652.77,154,100526.58,-100.1,-0.10,0,121.66,0.12,-100.1,-0.10,1022.4,1.02,17
100,Exit short,2026-01-05 13:24,sl1|exit_reason=stop,660.34,153,100935.63,-96.39,-0.10,0,33.66,0.03,-96.39,-0.10,926.01,0.93,8
100,Entry short,2026-01-05 13:16,sl1|ver=0.1.0|variant=baseline|cfg=ema9_atr14_buf0.1_chase1_win3_tgt1.5_hold20_t935-1500_ent2_loss2_dd2_dirboth_risk100|setup_id=ir:0.1.0:NASDAQ:META:1:1767636900000:short|bars_to_confirm=1|signal_close=659.71|trigger=659.89|stop=660.33|target_r=1.5|risk_ps=0.62|atr=0.360497|vwap_dist_atr=0.884699|tick=0.01,659.71,153,100935.63,-96.39,-0.10,0,33.66,0.03,-96.39,-0.10,926.01,0.93,8
101,Exit short,2026-01-05 14:55,sl1|exit_reason=stop,660.25,152,100315.44,-42.56,-0.04,0,1.52,0.00,-42.56,-0.04,883.45,0.88,2
101,Entry short,2026-01-05 14:53,sl1|ver=0.1.0|variant=baseline|cfg=ema9_atr14_buf0.1_chase1_win3_tgt1.5_hold20_t935-1500_ent2_loss2_dd2_dirboth_risk100|setup_id=ir:0.1.0:NASDAQ:META:1:1767642720000:short|bars_to_confirm=1|signal_close=659.98|trigger=660.0101|stop=660.24|target_r=1.5|risk_ps=0.26|atr=0.314134|vwap_dist_atr=0.766657|tick=0.01,659.97,152,100315.44,-42.56,-0.04,0,1.52,0.00,-42.56,-0.04,883.45,0.88,2
102,Exit long,2026-01-06 10:09,sl1|exit_reason=stop,656.36,65,42770.65,-107.25,-0.25,0,31.85,0.07,-107.25,-0.25,776.2,0.78,2
102,Entry long,2026-01-06 10:07,sl1|ver=0.1.0|variant=baseline|cfg=ema9_atr14_buf0.1_chase1_win3_tgt1.5_hold20_t935-1500_ent2_loss2_dd2_dirboth_risk100|setup_id=ir:0.1.0:NASDAQ:META:1:1767711960000:long|bars_to_confirm=1|signal_close=657.9|trigger=657.245|stop=656.37|target_r=1.5|risk_ps=1.53|atr=1.033226|vwap_dist_atr=0.777954|tick=0.01,658.01,65,42770.65,-107.25,-0.25,0,31.85,0.07,-107.25,-0.25,776.2,0.78,2
103,Exit long,2026-01-06 10:39,sl1|exit_reason=target,659.59,68,44703.2,148.92,0.33,0,148.92,0.33,-20.4,-0.05,925.12,0.93,14
103,Entry long,2026-01-06 10:25,sl1|ver=0.1.0|variant=baseline|cfg=ema9_atr14_buf0.1_chase1_win3_tgt1.5_hold20_t935-1500_ent2_loss2_dd2_dirboth_risk100|setup_id=ir:0.1.0:NASDAQ:META:1:1767713040000:long|bars_to_confirm=1|signal_close=657.39|trigger=657.3|stop=655.94|target_r=1.5|risk_ps=1.45|atr=0.843217|vwap_dist_atr=0.470532|tick=0.01,657.4,68,44703.2,148.92,0.33,0,148.92,0.33,-20.4,-0.05,925.12,0.93,14
104,Exit long,2026-01-07 11:26,sl1|exit_reason=stop,649.78,108,70282.08,-105.84,-0.15,0,49.68,0.07,-105.84,-0.15,819.28,0.82,13
104,Entry long,2026-01-07 11:13,sl1|ver=0.1.0|variant=baseline|cfg=ema9_atr14_buf0.1_chase1_win3_tgt1.5_hold20_t935-1500_ent2_loss2_dd2_dirboth_risk100|setup_id=ir:0.1.0:NASDAQ:META:1:1767802320000:long|bars_to_confirm=1|signal_close=650.71|trigger=650.554|stop=649.79|target_r=1.5|risk_ps=0.92|atr=0.562201|vwap_dist_atr=0.724096|tick=0.01,650.76,108,70282.08,-105.84,-0.15,0,49.68,0.07,-105.84,-0.15,819.28,0.82,13
105,Exit short,2026-01-07 14:13,sl1|exit_reason=target,649.72,148,96302.12,143.56,0.15,0,143.56,0.15,-32.56,-0.03,962.84,0.96,2
105,Entry short,2026-01-07 14:11,sl1|ver=0.1.0|variant=baseline|cfg=ema9_atr14_buf0.1_chase1_win3_tgt1.5_hold20_t935-1500_ent2_loss2_dd2_dirboth_risk100|setup_id=ir:0.1.0:NASDAQ:META:1:1767813000000:short|bars_to_confirm=1|signal_close=650.6687|trigger=650.855|stop=651.34|target_r=1.5|risk_ps=0.6713|atr=0.440247|vwap_dist_atr=0.706871|tick=0.01,650.69,148,96302.12,143.56,0.15,0,143.56,0.15,-32.56,-0.03,962.84,0.96,2
106,Exit long,2026-01-08 10:24,sl1|exit_reason=target,641.97,56,35810.88,139.44,0.39,0,139.44,0.39,-5.6,-0.02,1102.28,1.10,17
106,Entry long,2026-01-08 10:07,sl1|ver=0.1.0|variant=baseline|cfg=ema9_atr14_buf0.1_chase1_win3_tgt1.5_hold20_t935-1500_ent2_loss2_dd2_dirboth_risk100|setup_id=ir:0.1.0:NASDAQ:META:1:1767884760000:long|bars_to_confirm=1|signal_close=639.5861|trigger=639.41|stop=637.82|target_r=1.5|risk_ps=1.7661|atr=1.185506|vwap_dist_atr=0.636798|tick=0.01,639.48,56,35810.88,139.44,0.39,0,139.44,0.39,-5.6,-0.02,1102.28,1.10,17
107,Exit short,2026-01-09 10:05,sl1|exit_reason=time,647.59,54,34926.66,-43.2,-0.12,0,75.06,0.21,-87.48,-0.25,1059.08,1.06,20
107,Entry short,2026-01-09 09:45,sl1|ver=0.1.0|variant=baseline|cfg=ema9_atr14_buf0.1_chase1_win3_tgt1.5_hold20_t935-1500_ent2_loss2_dd2_dirboth_risk100|setup_id=ir:0.1.0:NASDAQ:META:1:1767969840000:short|bars_to_confirm=1|signal_close=646.69|trigger=647.17|stop=648.53|target_r=1.5|risk_ps=1.84|atr=1.254717|vwap_dist_atr=0.851179|tick=0.01,646.79,54,34926.66,-43.2,-0.12,0,75.06,0.21,-87.48,-0.25,1059.08,1.06,20
108,Exit long,2026-01-12 11:20,sl1|exit_reason=stop,647.6,78,50612.64,-99.84,-0.20,0,28.86,0.06,-99.84,-0.20,959.24,0.96,11
108,Entry long,2026-01-12 11:09,sl1|ver=0.1.0|variant=baseline|cfg=ema9_atr14_buf0.1_chase1_win3_tgt1.5_hold20_t935-1500_ent2_loss2_dd2_dirboth_risk100|setup_id=ir:0.1.0:NASDAQ:META:1:1768234020000:long|bars_to_confirm=2|signal_close=648.88|trigger=648.76|stop=647.61|target_r=1.5|risk_ps=1.27|atr=0.563219|vwap_dist_atr=0.769859|tick=0.01,648.88,78,50612.64,-99.84,-0.20,0,28.86,0.06,-99.84,-0.20,959.24,0.96,11
109,Exit long,2026-01-12 11:45,sl1|exit_reason=stop,647.94,111,72031.23,-109.89,-0.15,0,7.77,0.01,-109.89,-0.15,849.35,0.85,4
109,Entry long,2026-01-12 11:41,sl1|ver=0.1.0|variant=baseline|cfg=ema9_atr14_buf0.1_chase1_win3_tgt1.5_hold20_t935-1500_ent2_loss2_dd2_dirboth_risk100|setup_id=ir:0.1.0:NASDAQ:META:1:1768236000000:long|bars_to_confirm=1|signal_close=648.85|trigger=648.51|stop=647.95|target_r=1.5|risk_ps=0.9|atr=0.449743|vwap_dist_atr=0.954745|tick=0.01,648.93,111,72031.23,-109.89,-0.15,0,7.77,0.01,-109.89,-0.15,849.35,0.85,4
110,Exit long,2026-01-13 13:20,sl1|exit_reason=stop,629.37,160,100782.4,-83.2,-0.08,0,17.6,0.02,-83.2,-0.08,766.15,0.77,2
110,Entry long,2026-01-13 13:18,sl1|ver=0.1.0|variant=baseline|cfg=ema9_atr14_buf0.1_chase1_win3_tgt1.5_hold20_t935-1500_ent2_loss2_dd2_dirboth_risk100|setup_id=ir:0.1.0:NASDAQ:META:1:1768328100000:long|bars_to_confirm=3|signal_close=629.89|trigger=629.81|stop=629.38|target_r=1.5|risk_ps=0.51|atr=0.421615|vwap_dist_atr=0.438096|tick=0.01,629.89,160,100782.4,-83.2,-0.08,0,17.6,0.02,-83.2,-0.08,766.15,0.77,2
111,Exit long,2026-01-15 14:44,sl1|exit_reason=stop,619.78,162,100486.98,-82.62,-0.08,0,46.98,0.05,-82.62,-0.08,683.53,0.68,6
111,Entry long,2026-01-15 14:38,sl1|ver=0.1.0|variant=baseline|cfg=ema9_atr14_buf0.1_chase1_win3_tgt1.5_hold20_t935-1500_ent2_loss2_dd2_dirboth_risk100|setup_id=ir:0.1.0:NASDAQ:META:1:1768505820000:long|bars_to_confirm=1|signal_close=620.35|trigger=620.28|stop=619.79|target_r=1.5|risk_ps=0.56|atr=0.414133|vwap_dist_atr=0.763246|tick=0.01,620.29,162,100486.98,-82.62,-0.08,0,46.98,0.05,-82.62,-0.08,683.53,0.68,6
112,Exit short,2026-01-15 14:57,sl1|exit_reason=target,619.14,162,100409.22,108.54,0.11,0,108.54,0.11,-69.66,-0.07,792.07,0.79,8
112,Entry short,2026-01-15 14:49,sl1|ver=0.1.0|variant=baseline|cfg=ema9_atr14_buf0.1_chase1_win3_tgt1.5_hold20_t935-1500_ent2_loss2_dd2_dirboth_risk100|setup_id=ir:0.1.0:NASDAQ:META:1:1768506480000:short|bars_to_confirm=1|signal_close=619.82|trigger=619.925|stop=620.26|target_r=1.5|risk_ps=0.44|atr=0.365092|vwap_dist_atr=0.589996|tick=0.01,619.81,162,100409.22,108.54,0.11,0,108.54,0.11,-69.66,-0.07,792.07,0.79,8
113,Exit long,2026-01-16 11:34,sl1|exit_reason=stop,624.31,161,100608.9,-94.99,-0.09,0,136.85,0.14,-94.99,-0.09,697.08,0.70,11
113,Entry long,2026-01-16 11:23,sl1|ver=0.1.0|variant=baseline|cfg=ema9_atr14_buf0.1_chase1_win3_tgt1.5_hold20_t935-1500_ent2_loss2_dd2_dirboth_risk100|setup_id=ir:0.1.0:NASDAQ:META:1:1768580520000:long|bars_to_confirm=1|signal_close=624.8999|trigger=624.8|stop=624.32|target_r=1.5|risk_ps=0.5799|atr=0.466111|vwap_dist_atr=0.461107|tick=0.01,624.9,161,100608.9,-94.99,-0.09,0,136.85,0.14,-94.99,-0.09,697.08,0.70,11
114,Exit long,2026-01-16 11:42,sl1|exit_reason=stop,624.46,161,100639.49,-101.43,-0.10,0,20.93,0.02,-101.43,-0.10,595.65,0.60,2
114,Entry long,2026-01-16 11:40,sl1|ver=0.1.0|variant=baseline|cfg=ema9_atr14_buf0.1_chase1_win3_tgt1.5_hold20_t935-1500_ent2_loss2_dd2_dirboth_risk100|setup_id=ir:0.1.0:NASDAQ:META:1:1768581540000:long|bars_to_confirm=1|signal_close=625.075|trigger=624.9899|stop=624.47|target_r=1.5|risk_ps=0.605|atr=0.442178|vwap_dist_atr=0.835458|tick=0.01,625.09,161,100639.49,-101.43,-0.10,0,20.93,0.02,-101.43,-0.10,595.65,0.60,2
115,Exit short,2026-01-20 11:56,sl1|exit_reason=stop,607.84,121,73449.42,-99.22,-0.14,0,42.35,0.06,-99.22,-0.14,496.43,0.50,2
115,Entry short,2026-01-20 11:54,sl1|ver=0.1.0|variant=baseline|cfg=ema9_atr14_buf0.1_chase1_win3_tgt1.5_hold20_t935-1500_ent2_loss2_dd2_dirboth_risk100|setup_id=ir:0.1.0:NASDAQ:META:1:1768927980000:short|bars_to_confirm=1|signal_close=607.005|trigger=607.22|stop=607.83|target_r=1.5|risk_ps=0.825|atr=0.581514|vwap_dist_atr=0.806898|tick=0.01,607.02,121,73449.42,-99.22,-0.14,0,42.35,0.06,-99.22,-0.14,496.43,0.50,2
116,Exit short,2026-01-20 12:39,sl1|exit_reason=time,607.13,128,77721.6,8.96,0.01,0,120.32,0.15,-76.8,-0.10,505.39,0.51,20
116,Entry short,2026-01-20 12:19,sl1|ver=0.1.0|variant=baseline|cfg=ema9_atr14_buf0.1_chase1_win3_tgt1.5_hold20_t935-1500_ent2_loss2_dd2_dirboth_risk100|setup_id=ir:0.1.0:NASDAQ:META:1:1768929420000:short|bars_to_confirm=2|signal_close=607.111|trigger=607.3001|stop=607.89|target_r=1.5|risk_ps=0.779|atr=0.485385|vwap_dist_atr=0.845211|tick=0.01,607.2,128,77721.6,8.96,0.01,0,120.32,0.15,-76.8,-0.10,505.39,0.51,20
117,Exit long,2026-01-21 10:01,sl1|exit_reason=target,605.95,62,37433.74,135.16,0.36,0,135.16,0.36,-35.34,-0.09,640.55,0.64,7
117,Entry long,2026-01-21 09:54,sl1|ver=0.1.0|variant=baseline|cfg=ema9_atr14_buf0.1_chase1_win3_tgt1.5_hold20_t935-1500_ent2_loss2_dd2_dirboth_risk100|setup_id=ir:0.1.0:NASDAQ:META:1:1769007180000:long|bars_to_confirm=1|signal_close=603.931|trigger=603.75|stop=602.32|target_r=1.5|risk_ps=1.611|atr=1.040741|vwap_dist_atr=0.968037|tick=0.01,603.77,62,37433.74,135.16,0.36,0,135.16,0.36,-35.34,-0.09,640.55,0.64,7
118,Exit short,2026-01-21 13:31,sl1|exit_reason=stop,608.41,120,72903.6,-105.6,-0.14,0,134.4,0.18,-105.6,-0.14,534.95,0.53,12
118,Entry short,2026-01-21 13:19,sl1|ver=0.1.0|variant=baseline|cfg=ema9_atr14_buf0.1_chase1_win3_tgt1.5_hold20_t935-1500_ent2_loss2_dd2_dirboth_risk100|setup_id=ir:0.1.0:NASDAQ:META:1:1769019480000:short|bars_to_confirm=1|signal_close=607.57|trigger=607.83|stop=608.4|target_r=1.5|risk_ps=0.83|atr=0.596312|vwap_dist_atr=0.454051|tick=0.01,607.53,120,72903.6,-105.6,-0.14,0,134.4,0.18,-105.6,-0.14,534.95,0.53,12
119,Exit short,2026-01-22 10:10,sl1|exit_reason=time,632.29,20,12629.8,-16,-0.13,0,41.4,0.33,-35.6,-0.28,518.95,0.52,20
119,Entry short,2026-01-22 09:50,sl1|ver=0.1.0|variant=baseline|cfg=ema9_atr14_buf0.1_chase1_win3_tgt1.5_hold20_t935-1500_ent2_loss2_dd2_dirboth_risk100|setup_id=ir:0.1.0:NASDAQ:META:1:1769093340000:short|bars_to_confirm=1|signal_close=631.6399|trigger=632.6|stop=636.6|target_r=1.5|risk_ps=4.9601|atr=1.792339|vwap_dist_atr=0.803237|tick=0.01,631.49,20,12629.8,-16,-0.13,0,41.4,0.33,-35.6,-0.28,518.95,0.52,20
120,Exit long,2026-01-22 10:29,sl1|exit_reason=target,635.98,65,41185.3,153.4,0.37,0,153.4,0.37,-17.55,-0.04,672.35,0.67,14
120,Entry long,2026-01-22 10:15,sl1|ver=0.1.0|variant=baseline|cfg=ema9_atr14_buf0.1_chase1_win3_tgt1.5_hold20_t935-1500_ent2_loss2_dd2_dirboth_risk100|setup_id=ir:0.1.0:NASDAQ:META:1:1769094840000:long|bars_to_confirm=1|signal_close=633.58|trigger=633.32|stop=632.05|target_r=1.5|risk_ps=1.53|atr=1.317124|vwap_dist_atr=0.721168|tick=0.01,633.62,65,41185.3,153.4,0.37,0,153.4,0.37,-17.55,-0.04,672.35,0.67,14
121,Exit short,2026-01-23 09:45,sl1|exit_reason=stop,650.69,42,27227.34,-101.64,-0.37,0,3.36,0.01,-101.64,-0.37,570.71,0.57,3
121,Entry short,2026-01-23 09:42,sl1|ver=0.1.0|variant=baseline|cfg=ema9_atr14_buf0.1_chase1_win3_tgt1.5_hold20_t935-1500_ent2_loss2_dd2_dirboth_risk100|setup_id=ir:0.1.0:NASDAQ:META:1:1769179260000:short|bars_to_confirm=1|signal_close=648.3|trigger=648.94|stop=650.68|target_r=1.5|risk_ps=2.38|atr=1.629336|vwap_dist_atr=0.874937|tick=0.01,648.27,42,27227.34,-101.64,-0.37,0,3.36,0.01,-101.64,-0.37,570.71,0.57,3
122,Exit long,2026-01-26 10:05,sl1|exit_reason=time,666.82,48,31986.72,20.64,0.06,0,76.8,0.24,-81.12,-0.25,591.35,0.59,20
122,Entry long,2026-01-26 09:45,sl1|ver=0.1.0|variant=baseline|cfg=ema9_atr14_buf0.1_chase1_win3_tgt1.5_hold20_t935-1500_ent2_loss2_dd2_dirboth_risk100|setup_id=ir:0.1.0:NASDAQ:META:1:1769438640000:long|bars_to_confirm=1|signal_close=666.38|trigger=665.9723|stop=664.33|target_r=1.5|risk_ps=2.05|atr=1.780774|vwap_dist_atr=0.476775|tick=0.01,666.39,48,31986.72,20.64,0.06,0,76.8,0.24,-81.12,-0.25,591.35,0.59,20
123,Exit long,2026-01-27 10:00,sl1|exit_reason=stop,670.66,61,41016.4,-106.14,-0.26,0,36.6,0.09,-106.14,-0.26,485.21,0.49,4
123,Entry long,2026-01-27 09:56,sl1|ver=0.1.0|variant=baseline|cfg=ema9_atr14_buf0.1_chase1_win3_tgt1.5_hold20_t935-1500_ent2_loss2_dd2_dirboth_risk100|setup_id=ir:0.1.0:NASDAQ:META:1:1769525700000:long|bars_to_confirm=1|signal_close=672.285|trigger=672.2|stop=670.67|target_r=1.5|risk_ps=1.615|atr=1.259355|vwap_dist_atr=0.675806|tick=0.01,672.4,61,41016.4,-106.14,-0.26,0,36.6,0.09,-106.14,-0.26,485.21,0.49,4
124,Exit long,2026-01-27 10:42,sl1|exit_reason=time,672.64,58,38934.82,78.3,0.20,0,90.48,0.23,-63.22,-0.16,563.51,0.56,20
124,Entry long,2026-01-27 10:22,sl1|ver=0.1.0|variant=baseline|cfg=ema9_atr14_buf0.1_chase1_win3_tgt1.5_hold20_t935-1500_ent2_loss2_dd2_dirboth_risk100|setup_id=ir:0.1.0:NASDAQ:META:1:1769527260000:long|bars_to_confirm=1|signal_close=671.29|trigger=670.92|stop=669.59|target_r=1.5|risk_ps=1.7|atr=1.054948|vwap_dist_atr=0.742082|tick=0.01,671.29,58,38934.82,78.3,0.20,0,90.48,0.23,-63.22,-0.16,563.51,0.56,20
125,Exit long,2026-01-29 12:04,sl1|exit_reason=time,727.18,43,31193.06,75.68,0.24,0,141.04,0.45,-76.54,-0.25,639.19,0.64,20
125,Entry long,2026-01-29 11:44,sl1|ver=0.1.0|variant=baseline|cfg=ema9_atr14_buf0.1_chase1_win3_tgt1.5_hold20_t935-1500_ent2_loss2_dd2_dirboth_risk100|setup_id=ir:0.1.0:NASDAQ:META:1:1769704920000:long|bars_to_confirm=2|signal_close=725.41|trigger=724.86|stop=723.09|target_r=1.5|risk_ps=2.32|atr=1.28747|vwap_dist_atr=0.951834|tick=0.01,725.42,43,31193.06,75.68,0.24,0,141.04,0.45,-76.54,-0.25,639.19,0.64,20
126,Exit long,2026-01-30 10:18,sl1|exit_reason=stop,723.5,46,33379.9,-98.9,-0.30,0,138,0.41,-98.9,-0.30,540.29,0.54,10
126,Entry long,2026-01-30 10:08,sl1|ver=0.1.0|variant=baseline|cfg=ema9_atr14_buf0.1_chase1_win3_tgt1.5_hold20_t935-1500_ent2_loss2_dd2_dirboth_risk100|setup_id=ir:0.1.0:NASDAQ:META:1:1769785620000:long|bars_to_confirm=1|signal_close=725.64|trigger=725.39|stop=723.51|target_r=1.5|risk_ps=2.13|atr=1.61916|vwap_dist_atr=0.498876|tick=0.01,725.65,46,33379.9,-98.9,-0.30,0,138,0.41,-98.9,-0.30,540.29,0.54,10
127,Exit short,2026-02-02 11:36,sl1|exit_reason=target,707.59,94,66683.6,170.14,0.26,0,170.14,0.26,-56.4,-0.08,710.43,0.71,7
127,Entry short,2026-02-02 11:29,sl1|ver=0.1.0|variant=baseline|cfg=ema9_atr14_buf0.1_chase1_win3_tgt1.5_hold20_t935-1500_ent2_loss2_dd2_dirboth_risk100|setup_id=ir:0.1.0:NASDAQ:META:1:1770049680000:short|bars_to_confirm=1|signal_close=709.555|trigger=709.67|stop=710.61|target_r=1.5|risk_ps=1.055|atr=0.847419|vwap_dist_atr=0.669576|tick=0.01,709.4,94,66683.6,170.14,0.26,0,170.14,0.26,-56.4,-0.08,710.43,0.71,7
128,Exit long,2026-02-02 13:25,sl1|exit_reason=target,710.81,141,100084.62,139.59,0.14,0,139.59,0.14,-21.15,-0.02,850.02,0.85,5
128,Entry long,2026-02-02 13:20,sl1|ver=0.1.0|variant=baseline|cfg=ema9_atr14_buf0.1_chase1_win3_tgt1.5_hold20_t935-1500_ent2_loss2_dd2_dirboth_risk100|setup_id=ir:0.1.0:NASDAQ:META:1:1770056220000:long|bars_to_confirm=3|signal_close=709.805|trigger=709.5|stop=709.16|target_r=1.5|risk_ps=0.645|atr=0.455381|vwap_dist_atr=0.996016|tick=0.01,709.82,141,100084.62,139.59,0.14,0,139.59,0.14,-21.15,-0.02,850.02,0.85,5
129,Exit short,2026-02-04 09:57,sl1|exit_reason=target,674.48,23,15664.38,151.34,0.97,0,151.34,0.97,-15.41,-0.10,1001.36,1.00,13
129,Entry short,2026-02-04 09:44,sl1|ver=0.1.0|variant=baseline|cfg=ema9_atr14_buf0.1_chase1_win3_tgt1.5_hold20_t935-1500_ent2_loss2_dd2_dirboth_risk100|setup_id=ir:0.1.0:NASDAQ:META:1:1770216060000:short|bars_to_confirm=3|signal_close=681.21|trigger=682.24|stop=685.45|target_r=1.5|risk_ps=4.24|atr=2.238178|vwap_dist_atr=0.821688|tick=0.01,681.06,23,15664.38,151.34,0.97,0,151.34,0.97,-15.41,-0.10,1001.36,1.00,13
130,Exit long,2026-02-04 10:26,sl1|exit_reason=target,680.61,45,30486.15,141.3,0.46,0,141.3,0.46,-4.05,-0.01,1142.66,1.14,3
130,Entry long,2026-02-04 10:23,sl1|ver=0.1.0|variant=baseline|cfg=ema9_atr14_buf0.1_chase1_win3_tgt1.5_hold20_t935-1500_ent2_loss2_dd2_dirboth_risk100|setup_id=ir:0.1.0:NASDAQ:META:1:1770218520000:long|bars_to_confirm=1|signal_close=677.56|trigger=677.25|stop=675.38|target_r=1.5|risk_ps=2.18|atr=1.8303|vwap_dist_atr=0.79515|tick=0.01,677.47,45,30486.15,141.3,0.46,0,141.3,0.46,-4.05,-0.01,1142.66,1.14,3
131,Exit long,2026-02-05 10:48,sl1|exit_reason=stop,663.22,42,27949.32,-94.08,-0.34,0,47.88,0.17,-94.08,-0.34,1048.58,1.05,5
131,Entry long,2026-02-05 10:43,sl1|ver=0.1.0|variant=baseline|cfg=ema9_atr14_buf0.1_chase1_win3_tgt1.5_hold20_t935-1500_ent2_loss2_dd2_dirboth_risk100|setup_id=ir:0.1.0:NASDAQ:META:1:1770306120000:long|bars_to_confirm=1|signal_close=665.595|trigger=664.5|stop=663.23|target_r=1.5|risk_ps=2.365|atr=1.500736|vwap_dist_atr=0.856658|tick=0.01,665.46,42,27949.32,-94.08,-0.34,0,47.88,0.17,-94.08,-0.34,1048.58,1.05,5
132,Exit long,2026-02-05 11:10,sl1|exit_reason=target,668.8,38,25255.18,159.22,0.63,0,159.22,0.63,-9.12,-0.04,1207.8,1.21,19
132,Entry long,2026-02-05 10:51,sl1|ver=0.1.0|variant=baseline|cfg=ema9_atr14_buf0.1_chase1_win3_tgt1.5_hold20_t935-1500_ent2_loss2_dd2_dirboth_risk100|setup_id=ir:0.1.0:NASDAQ:META:1:1770306600000:long|bars_to_confirm=1|signal_close=664.4301|trigger=664.34|stop=661.82|target_r=1.5|risk_ps=2.6101|atr=1.574308|vwap_dist_atr=0.070342|tick=0.01,664.61,38,25255.18,159.22,0.63,0,159.22,0.63,-9.12,-0.04,1207.8,1.21,19
133,Exit long,2026-02-06 10:50,sl1|exit_reason=stop,655.68,41,26981.69,-98.81,-0.37,0,25.01,0.09,-98.81,-0.37,1108.99,1.11,3
133,Entry long,2026-02-06 10:47,sl1|ver=0.1.0|variant=baseline|cfg=ema9_atr14_buf0.1_chase1_win3_tgt1.5_hold20_t935-1500_ent2_loss2_dd2_dirboth_risk100|setup_id=ir:0.1.0:NASDAQ:META:1:1770392760000:long|bars_to_confirm=1|signal_close=658.1|trigger=657.28|stop=655.69|target_r=1.5|risk_ps=2.41|atr=1.320494|vwap_dist_atr=0.993933|tick=0.01,658.09,41,26981.69,-98.81,-0.37,0,25.01,0.09,-98.81,-0.37,1108.99,1.11,3
134,Exit long,2026-02-06 11:24,sl1|exit_reason=target,659.27,99,65089.53,178.2,0.27,0,178.2,0.27,-93.06,-0.14,1287.19,1.29,17
134,Entry long,2026-02-06 11:07,sl1|ver=0.1.0|variant=baseline|cfg=ema9_atr14_buf0.1_chase1_win3_tgt1.5_hold20_t935-1500_ent2_loss2_dd2_dirboth_risk100|setup_id=ir:0.1.0:NASDAQ:META:1:1770393960000:long|bars_to_confirm=1|signal_close=657.28|trigger=657.26|stop=656.27|target_r=1.5|risk_ps=1.01|atr=1.08804|vwap_dist_atr=0.55473|tick=0.01,657.47,99,65089.53,178.2,0.27,0,178.2,0.27,-93.06,-0.14,1287.19,1.29,17
135,Exit long,2026-02-09 10:47,sl1|exit_reason=stop,662.9,121,80312.54,-101.64,-0.13,0,47.19,0.06,-101.64,-0.13,1185.55,1.19,1
135,Entry long,2026-02-09 10:46,sl1|ver=0.1.0|variant=baseline|cfg=ema9_atr14_buf0.1_chase1_win3_tgt1.5_hold20_t935-1500_ent2_loss2_dd2_dirboth_risk100|setup_id=ir:0.1.0:NASDAQ:META:1:1770651900000:long|bars_to_confirm=1|signal_close=663.73|trigger=663.41|stop=662.91|target_r=1.5|risk_ps=0.82|atr=0.84522|vwap_dist_atr=0.551951|tick=0.01,663.74,121,80312.54,-101.64,-0.13,0,47.19,0.06,-101.64,-0.13,1185.55,1.19,1
136,Exit long,2026-02-10 10:03,sl1|exit_reason=stop,674,35,23690.45,-100.45,-0.42,0,7,0.03,-100.45,-0.42,1085.1,1.09,7
136,Entry long,2026-02-10 09:56,sl1|ver=0.1.0|variant=baseline|cfg=ema9_atr14_buf0.1_chase1_win3_tgt1.5_hold20_t935-1500_ent2_loss2_dd2_dirboth_risk100|setup_id=ir:0.1.0:NASDAQ:META:1:1770735300000:long|bars_to_confirm=1|signal_close=676.855|trigger=676.07|stop=674.01|target_r=1.5|risk_ps=2.845|atr=1.724641|vwap_dist_atr=0.940023|tick=0.01,676.87,35,23690.45,-100.45,-0.42,0,7,0.03,-100.45,-0.42,1085.1,1.09,7
137,Exit long,2026-02-10 10:11,sl1|exit_reason=stop,674.62,73,49350.92,-103.66,-0.21,0,6.57,0.01,-103.66,-0.21,981.44,0.98,2
137,Entry long,2026-02-10 10:09,sl1|ver=0.1.0|variant=baseline|cfg=ema9_atr14_buf0.1_chase1_win3_tgt1.5_hold20_t935-1500_ent2_loss2_dd2_dirboth_risk100|setup_id=ir:0.1.0:NASDAQ:META:1:1770736080000:long|bars_to_confirm=1|signal_close=675.995|trigger=675.73|stop=674.63|target_r=1.5|risk_ps=1.365|atr=1.301617|vwap_dist_atr=0.563401|tick=0.01,676.04,73,49350.92,-103.66,-0.21,0,6.57,0.01,-103.66,-0.21,981.44,0.98,2
138,Exit long,2026-02-11 11:18,sl1|exit_reason=stop,668.48,40,26838.8,-99.6,-0.37,0,29.6,0.11,-99.6,-0.37,881.84,0.88,4
138,Entry long,2026-02-11 11:14,sl1|ver=0.1.0|variant=baseline|cfg=ema9_atr14_buf0.1_chase1_win3_tgt1.5_hold20_t935-1500_ent2_loss2_dd2_dirboth_risk100|setup_id=ir:0.1.0:NASDAQ:META:1:1770826380000:long|bars_to_confirm=1|signal_close=670.95|trigger=670.7199|stop=668.49|target_r=1.5|risk_ps=2.46|atr=1.621694|vwap_dist_atr=0.942759|tick=0.01,670.97,40,26838.8,-99.6,-0.37,0,29.6,0.11,-99.6,-0.37,881.84,0.88,4
139,Exit long,2026-02-11 11:28,sl1|exit_reason=stop,669.06,109,73031.09,-103.55,-0.14,0,37.06,0.05,-103.55,-0.14,778.29,0.78,2
139,Entry long,2026-02-11 11:26,sl1|ver=0.1.0|variant=baseline|cfg=ema9_atr14_buf0.1_chase1_win3_tgt1.5_hold20_t935-1500_ent2_loss2_dd2_dirboth_risk100|setup_id=ir:0.1.0:NASDAQ:META:1:1770827040000:long|bars_to_confirm=2|signal_close=669.98|trigger=669.77|stop=669.07|target_r=1.5|risk_ps=0.91|atr=1.24035|vwap_dist_atr=0.448988|tick=0.01,670.01,109,73031.09,-103.55,-0.14,0,37.06,0.05,-103.55,-0.14,778.29,0.78,2
140,Exit long,2026-02-12 12:52,sl1|exit_reason=stop,656.35,103,67684.39,-80.34,-0.12,0,18.54,0.03,-80.34,-0.12,697.95,0.70,0
140,Entry long,2026-02-12 12:52,sl1|ver=0.1.0|variant=baseline|cfg=ema9_atr14_buf0.1_chase1_win3_tgt1.5_hold20_t935-1500_ent2_loss2_dd2_dirboth_risk100|setup_id=ir:0.1.0:NASDAQ:META:1:1770918600000:long|bars_to_confirm=2|signal_close=657.33|trigger=657.315|stop=656.36|target_r=1.5|risk_ps=0.97|atr=0.913377|vwap_dist_atr=0.90374|tick=0.01,657.13,103,67684.39,-80.34,-0.12,0,18.54,0.03,-80.34,-0.12,697.95,0.70,0
141,Exit long,2026-02-12 13:11,sl1|exit_reason=stop,656.1,119,78171.1,-95.2,-0.12,0,7.14,0.01,-95.2,-0.12,602.75,0.60,0
141,Entry long,2026-02-12 13:11,sl1|ver=0.1.0|variant=baseline|cfg=ema9_atr14_buf0.1_chase1_win3_tgt1.5_hold20_t935-1500_ent2_loss2_dd2_dirboth_risk100|setup_id=ir:0.1.0:NASDAQ:META:1:1770919800000:long|bars_to_confirm=1|signal_close=656.95|trigger=656.79|stop=656.11|target_r=1.5|risk_ps=0.84|atr=0.916448|vwap_dist_atr=0.559856|tick=0.01,656.9,119,78171.1,-95.2,-0.12,0,7.14,0.01,-95.2,-0.12,602.75,0.60,0
142,Exit short,2026-02-13 15:03,sl1|exit_reason=target,643.72,131,84476.66,149.34,0.18,0,149.34,0.18,-55.02,-0.07,752.09,0.75,10
142,Entry short,2026-02-13 14:53,sl1|ver=0.1.0|variant=baseline|cfg=ema9_atr14_buf0.1_chase1_win3_tgt1.5_hold20_t935-1500_ent2_loss2_dd2_dirboth_risk100|setup_id=ir:0.1.0:NASDAQ:META:1:1771012320000:short|bars_to_confirm=1|signal_close=644.8606|trigger=644.87|stop=645.62|target_r=1.5|risk_ps=0.7594|atr=0.611974|vwap_dist_atr=0.675902|tick=0.01,644.86,131,84476.66,149.34,0.18,0,149.34,0.18,-55.02,-0.07,752.09,0.75,10
143,Exit short,2026-02-17 10:06,sl1|exit_reason=time,633.47,18,11434.68,32.22,0.28,0,94.5,0.83,-36.72,-0.32,784.31,0.78,20
143,Entry short,2026-02-17 09:46,sl1|ver=0.1.0|variant=baseline|cfg=ema9_atr14_buf0.1_chase1_win3_tgt1.5_hold20_t935-1500_ent2_loss2_dd2_dirboth_risk100|setup_id=ir:0.1.0:NASDAQ:META:1:1771339440000:short|bars_to_confirm=2|signal_close=635.32|trigger=636.0017|stop=640.63|target_r=1.5|risk_ps=5.31|atr=2.16249|vwap_dist_atr=0.910304|tick=0.01,635.26,18,11434.68,32.22,0.28,0,94.5,0.83,-36.72,-0.32,784.31,0.78,20
144,Exit long,2026-02-17 13:18,sl1|exit_reason=time,637.76,53,33707.47,93.81,0.28,0,110.24,0.33,-28.62,-0.08,878.12,0.88,20
144,Entry long,2026-02-17 12:58,sl1|ver=0.1.0|variant=baseline|cfg=ema9_atr14_buf0.1_chase1_win3_tgt1.5_hold20_t935-1500_ent2_loss2_dd2_dirboth_risk100|setup_id=ir:0.1.0:NASDAQ:META:1:1771351020000:long|bars_to_confirm=1|signal_close=635.9|trigger=635.78|stop=634.03|target_r=1.5|risk_ps=1.87|atr=1.102375|vwap_dist_atr=0.640707|tick=0.01,635.99,53,33707.47,93.81,0.28,0,110.24,0.33,-28.62,-0.08,878.12,0.88,20
145,Exit short,2026-02-18 15:00,sl1|exit_reason=stop,637.57,158,100619.14,-116.92,-0.12,0,99.54,0.10,-116.92,-0.12,761.2,0.76,3
145,Entry short,2026-02-18 14:57,sl1|ver=0.1.0|variant=baseline|cfg=ema9_atr14_buf0.1_chase1_win3_tgt1.5_hold20_t935-1500_ent2_loss2_dd2_dirboth_risk100|setup_id=ir:0.1.0:NASDAQ:META:1:1771444560000:short|bars_to_confirm=1|signal_close=636.93|trigger=637.2|stop=637.56|target_r=1.5|risk_ps=0.63|atr=0.479587|vwap_dist_atr=0.834778|tick=0.01,636.83,158,100619.14,-116.92,-0.12,0,99.54,0.10,-116.92,-0.12,761.2,0.76,3
146,Exit long,2026-02-19 09:41,sl1|exit_reason=target,642.52,43,27503.66,124.7,0.45,0,124.7,0.45,-26.66,-0.10,885.9,0.89,3
146,Entry long,2026-02-19 09:38,sl1|ver=0.1.0|variant=baseline|cfg=ema9_atr14_buf0.1_chase1_win3_tgt1.5_hold20_t935-1500_ent2_loss2_dd2_dirboth_risk100|setup_id=ir:0.1.0:NASDAQ:META:1:1771511820000:long|bars_to_confirm=1|signal_close=640|trigger=639.88|stop=637.69|target_r=1.5|risk_ps=2.31|atr=1.282097|vwap_dist_atr=0.394646|tick=0.01,639.62,43,27503.66,124.7,0.45,0,124.7,0.45,-26.66,-0.10,885.9,0.89,3
147,Exit long,2026-02-19 14:57,sl1|exit_reason=stop,643.15,155,99792.1,-103.85,-0.10,0,0,0.00,-103.85,-0.10,782.05,0.78,0
147,Entry long,2026-02-19 14:57,sl1|ver=0.1.0|variant=baseline|cfg=ema9_atr14_buf0.1_chase1_win3_tgt1.5_hold20_t935-1500_ent2_loss2_dd2_dirboth_risk100|setup_id=ir:0.1.0:NASDAQ:META:1:1771530960000:long|bars_to_confirm=1|signal_close=643.805|trigger=643.55|stop=643.16|target_r=1.5|risk_ps=0.645|atr=0.533435|vwap_dist_atr=0.767043|tick=0.01,643.82,155,99792.1,-103.85,-0.10,0,0,0.00,-103.85,-0.10,782.05,0.78,0
148,Exit short,2026-02-25 11:14,sl1|exit_reason=time,647.56,54,34981.74,13.5,0.04,0,35.1,0.10,-55.62,-0.16,795.55,0.80,20
148,Entry short,2026-02-25 10:54,sl1|ver=0.1.0|variant=baseline|cfg=ema9_atr14_buf0.1_chase1_win3_tgt1.5_hold20_t935-1500_ent2_loss2_dd2_dirboth_risk100|setup_id=ir:0.1.0:NASDAQ:META:1:1772034780000:short|bars_to_confirm=1|signal_close=647.76|trigger=648.06|stop=649.6|target_r=1.5|risk_ps=1.84|atr=0.666643|vwap_dist_atr=0.604956|tick=0.01,647.81,54,34981.74,13.5,0.04,0,35.1,0.10,-55.62,-0.16,795.55,0.80,20
149,Exit short,2026-02-25 13:11,sl1|exit_reason=stop,649.28,155,100581.05,-57.35,-0.06,0,1.55,0.00,-57.35,-0.06,738.2,0.74,1
149,Entry short,2026-02-25 13:10,sl1|ver=0.1.0|variant=baseline|cfg=ema9_atr14_buf0.1_chase1_win3_tgt1.5_hold20_t935-1500_ent2_loss2_dd2_dirboth_risk100|setup_id=ir:0.1.0:NASDAQ:META:1:1772042940000:short|bars_to_confirm=1|signal_close=648.92|trigger=648.95|stop=649.27|target_r=1.5|risk_ps=0.35|atr=0.382711|vwap_dist_atr=0.082758|tick=0.01,648.91,155,100581.05,-57.35,-0.06,0,1.55,0.00,-57.35,-0.06,738.2,0.74,1
150,Exit short,2026-02-26 10:11,sl1|exit_reason=stop,656.56,67,43888.35,-101.17,-0.23,0,60.3,0.14,-101.17,-0.23,637.03,0.64,3
150,Entry short,2026-02-26 10:08,sl1|ver=0.1.0|variant=baseline|cfg=ema9_atr14_buf0.1_chase1_win3_tgt1.5_hold20_t935-1500_ent2_loss2_dd2_dirboth_risk100|setup_id=ir:0.1.0:NASDAQ:META:1:1772118360000:short|bars_to_confirm=2|signal_close=655.06|trigger=655.45|stop=656.55|target_r=1.5|risk_ps=1.49|atr=1.289074|vwap_dist_atr=0.651793|tick=0.01,655.05,67,43888.35,-101.17,-0.23,0,60.3,0.14,-101.17,-0.23,637.03,0.64,3
151,Exit long,2026-02-26 11:15,sl1|exit_reason=target,656.04,136,89062.32,159.12,0.18,0,159.12,0.18,-13.6,-0.02,796.15,0.80,3
151,Entry long,2026-02-26 11:12,sl1|ver=0.1.0|variant=baseline|cfg=ema9_atr14_buf0.1_chase1_win3_tgt1.5_hold20_t935-1500_ent2_loss2_dd2_dirboth_risk100|setup_id=ir:0.1.0:NASDAQ:META:1:1772122260000:long|bars_to_confirm=1|signal_close=654.82|trigger=654.71|stop=654.09|target_r=1.5|risk_ps=0.73|atr=0.864503|vwap_dist_atr=0.629039|tick=0.01,654.87,136,89062.32,159.12,0.18,0,159.12,0.18,-13.6,-0.02,796.15,0.80,3
152,Exit long,2026-02-27 10:10,sl1|exit_reason=time,645.79,35,22614.9,-12.25,-0.05,0,69.65,0.31,-61.95,-0.27,783.9,0.78,20
152,Entry long,2026-02-27 09:50,sl1|ver=0.1.0|variant=baseline|cfg=ema9_atr14_buf0.1_chase1_win3_tgt1.5_hold20_t935-1500_ent2_loss2_dd2_dirboth_risk100|setup_id=ir:0.1.0:NASDAQ:META:1:1772203620000:long|bars_to_confirm=3|signal_close=645.951244|trigger=645.95|stop=643.15|target_r=1.5|risk_ps=2.801244|atr=1.679582|vwap_dist_atr=0.973154|tick=0.01,646.14,35,22614.9,-12.25,-0.05,0,69.65,0.31,-61.95,-0.27,783.9,0.78,20
153,Exit short,2026-02-27 10:57,sl1|exit_reason=stop,645.59,106,68315.94,-116.6,-0.17,0,85.86,0.13,-116.6,-0.17,667.3,0.67,2
153,Entry short,2026-02-27 10:55,sl1|ver=0.1.0|variant=baseline|cfg=ema9_atr14_buf0.1_chase1_win3_tgt1.5_hold20_t935-1500_ent2_loss2_dd2_dirboth_risk100|setup_id=ir:0.1.0:NASDAQ:META:1:1772207580000:short|bars_to_confirm=2|signal_close=644.6425|trigger=644.895|stop=645.58|target_r=1.5|risk_ps=0.9375|atr=0.788712|vwap_dist_atr=0.731669|tick=0.01,644.49,106,68315.94,-116.6,-0.17,0,85.86,0.13,-116.6,-0.17,667.3,0.67,2
154,Exit long,2026-03-03 09:47,sl1|exit_reason=stop,649.74,45,29339.1,-100.8,-0.34,0,90.9,0.31,-100.8,-0.34,566.5,0.57,1
154,Entry long,2026-03-03 09:46,sl1|ver=0.1.0|variant=baseline|cfg=ema9_atr14_buf0.1_chase1_win3_tgt1.5_hold20_t935-1500_ent2_loss2_dd2_dirboth_risk100|setup_id=ir:0.1.0:NASDAQ:META:1:1772549100000:long|bars_to_confirm=1|signal_close=651.96|trigger=651.6|stop=649.75|target_r=1.5|risk_ps=2.21|atr=2.19008|vwap_dist_atr=0.591142|tick=0.01,651.98,45,29339.1,-100.8,-0.34,0,90.9,0.31,-100.8,-0.34,566.5,0.57,1
155,Exit long,2026-03-03 11:18,sl1|exit_reason=target,650.96,46,29784.54,159.62,0.54,0,159.62,0.54,-17.02,-0.06,726.12,0.73,12
155,Entry long,2026-03-03 11:06,sl1|ver=0.1.0|variant=baseline|cfg=ema9_atr14_buf0.1_chase1_win3_tgt1.5_hold20_t935-1500_ent2_loss2_dd2_dirboth_risk100|setup_id=ir:0.1.0:NASDAQ:META:1:1772553900000:long|bars_to_confirm=1|signal_close=647.33|trigger=646.75|stop=645.18|target_r=1.5|risk_ps=2.15|atr=1.166538|vwap_dist_atr=0.929063|tick=0.01,647.49,46,29784.54,159.62,0.54,0,159.62,0.54,-17.02,-0.06,726.12,0.73,12
156,Exit long,2026-03-04 10:13,sl1|exit_reason=time,666.54,29,19241.5,88.16,0.46,0,153.7,0.80,-12.47,-0.06,814.28,0.81,20
156,Entry long,2026-03-04 09:53,sl1|ver=0.1.0|variant=baseline|cfg=ema9_atr14_buf0.1_chase1_win3_tgt1.5_hold20_t935-1500_ent2_loss2_dd2_dirboth_risk100|setup_id=ir:0.1.0:NASDAQ:META:1:1772635920000:long|bars_to_confirm=1|signal_close=663.275|trigger=662.692|stop=659.9|target_r=1.5|risk_ps=3.375|atr=1.906622|vwap_dist_atr=0.797114|tick=0.01,663.5,29,19241.5,88.16,0.46,0,153.7,0.80,-12.47,-0.06,814.28,0.81,20
157,Exit long,2026-03-04 13:05,sl1|exit_reason=stop,666.79,151,100763.81,-78.52,-0.08,0,61.91,0.06,-78.52,-0.08,735.76,0.74,5
157,Entry long,2026-03-04 13:00,sl1|ver=0.1.0|variant=baseline|cfg=ema9_atr14_buf0.1_chase1_win3_tgt1.5_hold20_t935-1500_ent2_loss2_dd2_dirboth_risk100|setup_id=ir:0.1.0:NASDAQ:META:1:1772647140000:long|bars_to_confirm=1|signal_close=667.365|trigger=667.33|stop=666.8|target_r=1.5|risk_ps=0.565|atr=0.544076|vwap_dist_atr=0.650079|tick=0.01,667.31,151,100763.81,-78.52,-0.08,0,61.91,0.06,-78.52,-0.08,735.76,0.74,5
158,Exit short,2026-03-05 09:42,sl1|exit_reason=stop,666.03,37,24547.65,-95.46,-0.39,0,45.51,0.19,-95.46,-0.39,640.3,0.64,4
158,Entry short,2026-03-05 09:38,sl1|ver=0.1.0|variant=baseline|cfg=ema9_atr14_buf0.1_chase1_win3_tgt1.5_hold20_t935-1500_ent2_loss2_dd2_dirboth_risk100|setup_id=ir:0.1.0:NASDAQ:META:1:1772721420000:short|bars_to_confirm=1|signal_close=663.38|trigger=663.71|stop=666.02|target_r=1.5|risk_ps=2.64|atr=1.517261|vwap_dist_atr=0.989328|tick=0.01,663.45,37,24547.65,-95.46,-0.39,0,45.51,0.19,-95.46,-0.39,640.3,0.64,4
159,Exit short,2026-03-06 09:51,sl1|exit_reason=stop,641.84,45,28783.8,-99,-0.34,0,62.55,0.22,-99,-0.34,541.3,0.54,4
159,Entry short,2026-03-06 09:47,sl1|ver=0.1.0|variant=baseline|cfg=ema9_atr14_buf0.1_chase1_win3_tgt1.5_hold20_t935-1500_ent2_loss2_dd2_dirboth_risk100|setup_id=ir:0.1.0:NASDAQ:META:1:1772808300000:short|bars_to_confirm=2|signal_close=639.65|trigger=640.02|stop=641.83|target_r=1.5|risk_ps=2.18|atr=1.786195|vwap_dist_atr=0.39035|tick=0.01,639.64,45,28783.8,-99,-0.34,0,62.55,0.22,-99,-0.34,541.3,0.54,4
160,Exit long,2026-03-09 10:44,sl1|exit_reason=time,633.76,28,17687.04,58.24,0.33,0,74.76,0.42,-39.48,-0.22,599.54,0.60,20
160,Entry long,2026-03-09 10:24,sl1|ver=0.1.0|variant=baseline|cfg=ema9_atr14_buf0.1_chase1_win3_tgt1.5_hold20_t935-1500_ent2_loss2_dd2_dirboth_risk100|setup_id=ir:0.1.0:NASDAQ:META:1:1773066180000:long|bars_to_confirm=1|signal_close=631.68|trigger=631.59|stop=628.19|target_r=1.5|risk_ps=3.49|atr=1.462915|vwap_dist_atr=0.691387|tick=0.01,631.68,28,17687.04,58.24,0.33,0,74.76,0.42,-39.48,-0.22,599.54,0.60,20
161,Exit short,2026-03-10 10:09,sl1|exit_reason=target,649.82,36,23548.32,154.8,0.66,0,154.8,0.66,-43.92,-0.19,754.34,0.75,16
161,Entry short,2026-03-10 09:53,sl1|ver=0.1.0|variant=baseline|cfg=ema9_atr14_buf0.1_chase1_win3_tgt1.5_hold20_t935-1500_ent2_loss2_dd2_dirboth_risk100|setup_id=ir:0.1.0:NASDAQ:META:1:1773150720000:short|bars_to_confirm=1|signal_close=654.276|trigger=654.665|stop=656.99|target_r=1.5|risk_ps=2.714|atr=1.781468|vwap_dist_atr=0.799224|tick=0.01,654.12,36,23548.32,154.8,0.66,0,154.8,0.66,-43.92,-0.19,754.34,0.75,16
162,Exit long,2026-03-10 10:38,sl1|exit_reason=target,656.65,73,47793.1,142.35,0.30,0,142.35,0.30,-7.3,-0.02,896.69,0.90,4
162,Entry long,2026-03-10 10:34,sl1|ver=0.1.0|variant=baseline|cfg=ema9_atr14_buf0.1_chase1_win3_tgt1.5_hold20_t935-1500_ent2_loss2_dd2_dirboth_risk100|setup_id=ir:0.1.0:NASDAQ:META:1:1773153180000:long|bars_to_confirm=1|signal_close=654.755|trigger=654.36|stop=653.4|target_r=1.5|risk_ps=1.355|atr=1.017615|vwap_dist_atr=0.706772|tick=0.01,654.7,73,47793.1,142.35,0.30,0,142.35,0.30,-7.3,-0.02,896.69,0.90,4
163,Exit long,2026-03-11 09:38,sl1|exit_reason=stop,655.42,61,40080.66,-100.04,-0.25,0,20.74,0.05,-100.04,-0.25,796.65,0.80,1
163,Entry long,2026-03-11 09:37,sl1|ver=0.1.0|variant=baseline|cfg=ema9_atr14_buf0.1_chase1_win3_tgt1.5_hold20_t935-1500_ent2_loss2_dd2_dirboth_risk100|setup_id=ir:0.1.0:NASDAQ:META:1:1773236160000:long|bars_to_confirm=1|signal_close=657.0449|trigger=656.69|stop=655.43|target_r=1.5|risk_ps=1.6149|atr=1.024655|vwap_dist_atr=0.852445|tick=0.01,657.06,61,40080.66,-100.04,-0.25,0,20.74,0.05,-100.04,-0.25,796.65,0.80,1
164,Exit short,2026-03-11 10:00,sl1|exit_reason=stop,657.65,71,46586.65,-106.5,-0.23,0,81.65,0.18,-106.5,-0.23,690.15,0.69,9
164,Entry short,2026-03-11 09:51,sl1|ver=0.1.0|variant=baseline|cfg=ema9_atr14_buf0.1_chase1_win3_tgt1.5_hold20_t935-1500_ent2_loss2_dd2_dirboth_risk100|setup_id=ir:0.1.0:NASDAQ:META:1:1773237000000:short|bars_to_confirm=1|signal_close=656.235|trigger=656.535|stop=657.64|target_r=1.5|risk_ps=1.405|atr=1.212989|vwap_dist_atr=0.51445|tick=0.01,656.15,71,46586.65,-106.5,-0.23,0,81.65,0.18,-106.5,-0.23,690.15,0.69,9
165,Exit long,2026-03-13 10:04,sl1|exit_reason=time,625.81,30,18673.8,100.5,0.54,0,120.9,0.65,-3.6,-0.02,790.65,0.79,20
165,Entry long,2026-03-13 09:44,sl1|ver=0.1.0|variant=baseline|cfg=ema9_atr14_buf0.1_chase1_win3_tgt1.5_hold20_t935-1500_ent2_loss2_dd2_dirboth_risk100|setup_id=ir:0.1.0:NASDAQ:META:1:1773409380000:long|bars_to_confirm=1|signal_close=622.285|trigger=622|stop=619.02|target_r=1.5|risk_ps=3.265|atr=1.826339|vwap_dist_atr=0.980569|tick=0.01,622.46,30,18673.8,100.5,0.54,0,120.9,0.65,-3.6,-0.02,790.65,0.79,20
166,Exit short,2026-03-13 10:59,sl1|exit_reason=target,619.43,56,34839.84,151.76,0.44,0,151.76,0.44,-41.44,-0.12,942.41,0.94,9
166,Entry short,2026-03-13 10:50,sl1|ver=0.1.0|variant=baseline|cfg=ema9_atr14_buf0.1_chase1_win3_tgt1.5_hold20_t935-1500_ent2_loss2_dd2_dirboth_risk100|setup_id=ir:0.1.0:NASDAQ:META:1:1773413340000:short|bars_to_confirm=1|signal_close=622.175|trigger=622.47|stop=623.95|target_r=1.5|risk_ps=1.775|atr=0.999012|vwap_dist_atr=0.725678|tick=0.01,622.14,56,34839.84,151.76,0.44,0,151.76,0.44,-41.44,-0.12,942.41,0.94,9
167,Exit short,2026-03-16 10:01,sl1|exit_reason=time,629.56,33,20768.88,-6.6,-0.03,0,94.38,0.45,-87.12,-0.42,935.81,0.94,20
167,Entry short,2026-03-16 09:41,sl1|ver=0.1.0|variant=baseline|cfg=ema9_atr14_buf0.1_chase1_win3_tgt1.5_hold20_t935-1500_ent2_loss2_dd2_dirboth_risk100|setup_id=ir:0.1.0:NASDAQ:META:1:1773668400000:short|bars_to_confirm=1|signal_close=629.275|trigger=629.605|stop=632.28|target_r=1.5|risk_ps=3.005|atr=1.658871|vwap_dist_atr=0.597539|tick=0.01,629.36,33,20768.88,-6.6,-0.03,0,94.38,0.45,-87.12,-0.42,935.81,0.94,20
168,Exit short,2026-03-16 10:50,sl1|exit_reason=target,627.54,64,40306.56,144,0.36,0,144,0.36,-61.44,-0.15,1079.81,1.08,15
168,Entry short,2026-03-16 10:35,sl1|ver=0.1.0|variant=baseline|cfg=ema9_atr14_buf0.1_chase1_win3_tgt1.5_hold20_t935-1500_ent2_loss2_dd2_dirboth_risk100|setup_id=ir:0.1.0:NASDAQ:META:1:1773671640000:short|bars_to_confirm=1|signal_close=629.735|trigger=630.29|stop=631.29|target_r=1.5|risk_ps=1.555|atr=0.921666|vwap_dist_atr=0.830312|tick=0.01,629.79,64,40306.56,144,0.36,0,144,0.36,-61.44,-0.15,1079.81,1.08,15
169,Exit short,2026-03-17 10:06,sl1|exit_reason=target,629.78,43,27230.18,149.64,0.55,0,149.64,0.55,-16.77,-0.06,1229.45,1.23,12
169,Entry short,2026-03-17 09:54,sl1|ver=0.1.0|variant=baseline|cfg=ema9_atr14_buf0.1_chase1_win3_tgt1.5_hold20_t935-1500_ent2_loss2_dd2_dirboth_risk100|setup_id=ir:0.1.0:NASDAQ:META:1:1773755580000:short|bars_to_confirm=1|signal_close=633.26|trigger=633.856|stop=635.58|target_r=1.5|risk_ps=2.32|atr=1.20101|vwap_dist_atr=0.659936|tick=0.01,633.26,43,27230.18,149.64,0.55,0,149.64,0.55,-16.77,-0.06,1229.45,1.23,12
170,Exit long,2026-03-18 10:20,sl1|exit_reason=stop,619.01,81,50237.82,-98.01,-0.20,0,94.77,0.19,-98.01,-0.20,1131.44,1.13,12
170,Entry long,2026-03-18 10:08,sl1|ver=0.1.0|variant=baseline|cfg=ema9_atr14_buf0.1_chase1_win3_tgt1.5_hold20_t935-1500_ent2_loss2_dd2_dirboth_risk100|setup_id=ir:0.1.0:NASDAQ:META:1:1773842820000:long|bars_to_confirm=1|signal_close=620.25|trigger=620.11|stop=619.02|target_r=1.5|risk_ps=1.23|atr=0.896257|vwap_dist_atr=0.812706|tick=0.01,620.22,81,50237.82,-98.01,-0.20,0,94.77,0.19,-98.01,-0.20,1131.44,1.13,12
171,Exit long,2026-03-18 10:58,sl1|exit_reason=target,621.38,85,52657.5,159.8,0.30,0,159.8,0.30,-25.5,-0.05,1291.24,1.29,4
171,Entry long,2026-03-18 10:54,sl1|ver=0.1.0|variant=baseline|cfg=ema9_atr14_buf0.1_chase1_win3_tgt1.5_hold20_t935-1500_ent2_loss2_dd2_dirboth_risk100|setup_id=ir:0.1.0:NASDAQ:META:1:1773845460000:long|bars_to_confirm=3|signal_close=619.42|trigger=619.38|stop=618.25|target_r=1.5|risk_ps=1.17|atr=0.630544|vwap_dist_atr=0.772002|tick=0.01,619.5,85,52657.5,159.8,0.30,0,159.8,0.30,-25.5,-0.05,1291.24,1.29,4
172,Exit long,2026-03-19 11:18,sl1|exit_reason=stop,608.33,54,32951.34,-101.52,-0.31,0,6.48,0.02,-101.52,-0.31,1189.72,1.19,11
172,Entry long,2026-03-19 11:07,sl1|ver=0.1.0|variant=baseline|cfg=ema9_atr14_buf0.1_chase1_win3_tgt1.5_hold20_t935-1500_ent2_loss2_dd2_dirboth_risk100|setup_id=ir:0.1.0:NASDAQ:META:1:1773932760000:long|bars_to_confirm=1|signal_close=610.1801|trigger=609.8|stop=608.34|target_r=1.5|risk_ps=1.8401|atr=0.689788|vwap_dist_atr=0.645853|tick=0.01,610.21,54,32951.34,-101.52,-0.31,0,6.48,0.02,-101.52,-0.31,1189.72,1.19,11
173,Exit long,2026-03-23 10:10,sl1|exit_reason=time,602.15,54,32562.54,-46.44,-0.14,0,98.28,0.30,-101.52,-0.31,1143.28,1.14,20
173,Entry long,2026-03-23 09:50,sl1|ver=0.1.0|variant=baseline|cfg=ema9_atr14_buf0.1_chase1_win3_tgt1.5_hold20_t935-1500_ent2_loss2_dd2_dirboth_risk100|setup_id=ir:0.1.0:NASDAQ:META:1:1774273740000:long|bars_to_confirm=1|signal_close=602.8925|trigger=602.83|stop=601.07|target_r=1.5|risk_ps=1.8225|atr=1.499557|vwap_dist_atr=0.963209|tick=0.01,603.01,54,32562.54,-46.44,-0.14,0,98.28,0.30,-101.52,-0.31,1143.28,1.14,20
174,Exit long,2026-03-24 11:20,sl1|exit_reason=stop,595.52,85,50702.5,-83.3,-0.16,0,51,0.10,-83.3,-0.16,1059.98,1.06,4
174,Entry long,2026-03-24 11:16,sl1|ver=0.1.0|variant=baseline|cfg=ema9_atr14_buf0.1_chase1_win3_tgt1.5_hold20_t935-1500_ent2_loss2_dd2_dirboth_risk100|setup_id=ir:0.1.0:NASDAQ:META:1:1774365300000:long|bars_to_confirm=1|signal_close=596.7|trigger=596.41|stop=595.53|target_r=1.5|risk_ps=1.17|atr=0.823816|vwap_dist_atr=0.995961|tick=0.01,596.5,85,50702.5,-83.3,-0.16,0,51,0.10,-83.3,-0.16,1059.98,1.06,4
175,Exit long,2026-03-24 11:27,sl1|exit_reason=stop,595.59,129,76917.54,-86.43,-0.11,0,3.87,0.01,-86.43,-0.11,973.55,0.97,1
175,Entry long,2026-03-24 11:26,sl1|ver=0.1.0|variant=baseline|cfg=ema9_atr14_buf0.1_chase1_win3_tgt1.5_hold20_t935-1500_ent2_loss2_dd2_dirboth_risk100|setup_id=ir:0.1.0:NASDAQ:META:1:1774365900000:long|bars_to_confirm=1|signal_close=596.375|trigger=596.22|stop=595.6|target_r=1.5|risk_ps=0.775|atr=0.756248|vwap_dist_atr=0.637478|tick=0.01,596.26,129,76917.54,-86.43,-0.11,0,3.87,0.01,-86.43,-0.11,973.55,0.97,1
176,Exit short,2026-03-25 09:50,sl1|exit_reason=target,597.27,79,47336.8,152.47,0.32,0,152.47,0.32,-51.35,-0.11,1126.02,1.13,2
176,Entry short,2026-03-25 09:48,sl1|ver=0.1.0|variant=baseline|cfg=ema9_atr14_buf0.1_chase1_win3_tgt1.5_hold20_t935-1500_ent2_loss2_dd2_dirboth_risk100|setup_id=ir:0.1.0:NASDAQ:META:1:1774446420000:short|bars_to_confirm=1|signal_close=599.23|trigger=599.36|stop=600.49|target_r=1.5|risk_ps=1.26|atr=1.040852|vwap_dist_atr=0.816179|tick=0.01,599.2,79,47336.8,152.47,0.32,0,152.47,0.32,-51.35,-0.11,1126.02,1.13,2
177,Exit long,2026-03-25 10:22,sl1|exit_reason=stop,598.68,129,77336.79,-107.07,-0.14,0,114.81,0.15,-107.07,-0.14,1018.95,1.02,8
177,Entry long,2026-03-25 10:14,sl1|ver=0.1.0|variant=baseline|cfg=ema9_atr14_buf0.1_chase1_win3_tgt1.5_hold20_t935-1500_ent2_loss2_dd2_dirboth_risk100|setup_id=ir:0.1.0:NASDAQ:META:1:1774447980000:long|bars_to_confirm=1|signal_close=599.46|trigger=599.44|stop=598.69|target_r=1.5|risk_ps=0.77|atr=1.021145|vwap_dist_atr=0.479186|tick=0.01,599.51,129,77336.79,-107.07,-0.14,0,114.81,0.15,-107.07,-0.14,1018.95,1.02,8
178,Exit short,2026-03-26 09:37,sl1|exit_reason=stop,579.54,67,38728.01,-101.17,-0.26,0,10.05,0.03,-101.17,-0.26,917.78,0.92,1
178,Entry short,2026-03-26 09:36,sl1|ver=0.1.0|variant=baseline|cfg=ema9_atr14_buf0.1_chase1_win3_tgt1.5_hold20_t935-1500_ent2_loss2_dd2_dirboth_risk100|setup_id=ir:0.1.0:NASDAQ:META:1:1774532100000:short|bars_to_confirm=1|signal_close=578.04|trigger=578.15|stop=579.53|target_r=1.5|risk_ps=1.49|atr=1.173682|vwap_dist_atr=0.952865|tick=0.01,578.03,67,38728.01,-101.17,-0.26,0,10.05,0.03,-101.17,-0.26,917.78,0.92,1
179,Exit short,2026-03-26 10:18,sl1|exit_reason=time,575.27,34,19618.68,59.5,0.30,0,97.58,0.50,-83.98,-0.43,977.28,0.98,20
179,Entry short,2026-03-26 09:58,sl1|ver=0.1.0|variant=baseline|cfg=ema9_atr14_buf0.1_chase1_win3_tgt1.5_hold20_t935-1500_ent2_loss2_dd2_dirboth_risk100|setup_id=ir:0.1.0:NASDAQ:META:1:1774533420000:short|bars_to_confirm=1|signal_close=577.06|trigger=577.7518|stop=579.95|target_r=1.5|risk_ps=2.89|atr=1.228627|vwap_dist_atr=0.892063|tick=0.01,577.02,34,19618.68,59.5,0.30,0,97.58,0.50,-83.98,-0.43,977.28,0.98,20
180,Exit short,2026-03-27 09:57,sl1|exit_reason=target,534.95,52,27970.28,152.88,0.55,0,152.88,0.55,-24.96,-0.09,1130.16,1.13,5
180,Entry short,2026-03-27 09:52,sl1|ver=0.1.0|variant=baseline|cfg=ema9_atr14_buf0.1_chase1_win3_tgt1.5_hold20_t935-1500_ent2_loss2_dd2_dirboth_risk100|setup_id=ir:0.1.0:NASDAQ:META:1:1774619460000:short|bars_to_confirm=1|signal_close=537.945|trigger=538.1046|stop=539.85|target_r=1.5|risk_ps=1.905|atr=1.489073|vwap_dist_atr=0.7541|tick=0.01,537.89,52,27970.28,152.88,0.55,0,152.88,0.55,-24.96,-0.09,1130.16,1.13,5
181,Exit long,2026-03-30 09:55,sl1|exit_reason=stop,531.9,34,18181.5,-96.9,-0.53,0,13.26,0.07,-96.9,-0.53,1033.26,1.03,10
181,Entry long,2026-03-30 09:45,sl1|ver=0.1.0|variant=baseline|cfg=ema9_atr14_buf0.1_chase1_win3_tgt1.5_hold20_t935-1500_ent2_loss2_dd2_dirboth_risk100|setup_id=ir:0.1.0:NASDAQ:META:1:1774878240000:long|bars_to_confirm=1|signal_close=534.82|trigger=534.44|stop=531.91|target_r=1.5|risk_ps=2.91|atr=1.476746|vwap_dist_atr=0.496742|tick=0.01,534.75,34,18181.5,-96.9,-0.53,0,13.26,0.07,-96.9,-0.53,1033.26,1.03,10
182,Exit long,2026-03-30 10:39,sl1|exit_reason=stop,532.18,73,38957.18,-108.04,-0.28,0,61.32,0.16,-108.04,-0.28,925.22,0.93,16
182,Entry long,2026-03-30 10:23,sl1|ver=0.1.0|variant=baseline|cfg=ema9_atr14_buf0.1_chase1_win3_tgt1.5_hold20_t935-1500_ent2_loss2_dd2_dirboth_risk100|setup_id=ir:0.1.0:NASDAQ:META:1:1774880460000:long|bars_to_confirm=2|signal_close=533.55|trigger=533.33|stop=532.19|target_r=1.5|risk_ps=1.36|atr=1.097741|vwap_dist_atr=0.634532|tick=0.01,533.66,73,38957.18,-108.04,-0.28,0,61.32,0.16,-108.04,-0.28,925.22,0.93,16
183,Exit long,2026-03-31 11:18,sl1|exit_reason=target,556.52,140,77767.2,145.6,0.19,0,145.6,0.19,-70,-0.09,1070.82,1.07,2
183,Entry long,2026-03-31 11:16,sl1|ver=0.1.0|variant=baseline|cfg=ema9_atr14_buf0.1_chase1_win3_tgt1.5_hold20_t935-1500_ent2_loss2_dd2_dirboth_risk100|setup_id=ir:0.1.0:NASDAQ:META:1:1774970100000:long|bars_to_confirm=1|signal_close=555.5|trigger=555.41|stop=554.79|target_r=1.5|risk_ps=0.71|atr=0.806026|vwap_dist_atr=0.452131|tick=0.01,555.48,140,77767.2,145.6,0.19,0,145.6,0.19,-70,-0.09,1070.82,1.07,2
184,Exit long,2026-04-01 10:35,sl1|exit_reason=stop,577.84,60,34773.6,-103.2,-0.30,0,45,0.13,-103.2,-0.30,967.62,0.97,11
184,Entry long,2026-04-01 10:24,sl1|ver=0.1.0|variant=baseline|cfg=ema9_atr14_buf0.1_chase1_win3_tgt1.5_hold20_t935-1500_ent2_loss2_dd2_dirboth_risk100|setup_id=ir:0.1.0:NASDAQ:META:1:1775053380000:long|bars_to_confirm=1|signal_close=579.5|trigger=579.1899|stop=577.85|target_r=1.5|risk_ps=1.65|atr=1.119359|vwap_dist_atr=0.585067|tick=0.01,579.56,60,34773.6,-103.2,-0.30,0,45,0.13,-103.2,-0.30,967.62,0.97,11
185,Exit long,2026-04-01 10:45,sl1|exit_reason=stop,577.55,59,34179.88,-104.43,-0.31,0,14.75,0.04,-104.43,-0.31,863.19,0.86,3
185,Entry long,2026-04-01 10:42,sl1|ver=0.1.0|variant=baseline|cfg=ema9_atr14_buf0.1_chase1_win3_tgt1.5_hold20_t935-1500_ent2_loss2_dd2_dirboth_risk100|setup_id=ir:0.1.0:NASDAQ:META:1:1775054400000:long|bars_to_confirm=2|signal_close=579.24|trigger=579.2|stop=577.56|target_r=1.5|risk_ps=1.68|atr=0.997482|vwap_dist_atr=0.360609|tick=0.01,579.32,59,34179.88,-104.43,-0.31,0,14.75,0.04,-104.43,-0.31,863.19,0.86,3
186,Exit long,2026-04-02 09:51,sl1|exit_reason=target,566.61,66,37247.1,149.16,0.40,0,149.16,0.40,-13.86,-0.04,1012.35,1.01,0
186,Entry long,2026-04-02 09:51,sl1|ver=0.1.0|variant=baseline|cfg=ema9_atr14_buf0.1_chase1_win3_tgt1.5_hold20_t935-1500_ent2_loss2_dd2_dirboth_risk100|setup_id=ir:0.1.0:NASDAQ:META:1:1775137740000:long|bars_to_confirm=2|signal_close=564.335|trigger=564.01|stop=562.82|target_r=1.5|risk_ps=1.515|atr=1.197275|vwap_dist_atr=0.895518|tick=0.01,564.35,66,37247.1,149.16,0.40,0,149.16,0.40,-13.86,-0.04,1012.35,1.01,0
187,Exit long,2026-04-06 10:03,sl1|exit_reason=stop,578.67,53,30769.15,-99.64,-0.32,0,92.22,0.30,-99.64,-0.32,912.71,0.91,19
187,Entry long,2026-04-06 09:44,sl1|ver=0.1.0|variant=baseline|cfg=ema9_atr14_buf0.1_chase1_win3_tgt1.5_hold20_t935-1500_ent2_loss2_dd2_dirboth_risk100|setup_id=ir:0.1.0:NASDAQ:META:1:1775482980000:long|bars_to_confirm=1|signal_close=580.55|trigger=580.22|stop=578.68|target_r=1.5|risk_ps=1.87|atr=1.237368|vwap_dist_atr=0.805734|tick=0.01,580.55,53,30769.15,-99.64,-0.32,0,92.22,0.30,-99.64,-0.32,912.71,0.91,19
188,Exit long,2026-04-06 11:25,sl1|exit_reason=stop,576.89,83,47979.81,-97.94,-0.20,0,76.36,0.16,-97.94,-0.20,814.77,0.81,16
188,Entry long,2026-04-06 11:09,sl1|ver=0.1.0|variant=baseline|cfg=ema9_atr14_buf0.1_chase1_win3_tgt1.5_hold20_t935-1500_ent2_loss2_dd2_dirboth_risk100|setup_id=ir:0.1.0:NASDAQ:META:1:1775488080000:long|bars_to_confirm=1|signal_close=578.1|trigger=578.05|stop=576.9|target_r=1.5|risk_ps=1.2|atr=0.668181|vwap_dist_atr=0.250413|tick=0.01,578.07,83,47979.81,-97.94,-0.20,0,76.36,0.16,-97.94,-0.20,814.77,0.81,16
189,Exit short,2026-04-07 10:03,sl1|exit_reason=target,568.03,73,41602.7,136.51,0.33,0,136.51,0.33,-63.51,-0.15,951.28,0.95,14
189,Entry short,2026-04-07 09:49,sl1|ver=0.1.0|variant=baseline|cfg=ema9_atr14_buf0.1_chase1_win3_tgt1.5_hold20_t935-1500_ent2_loss2_dd2_dirboth_risk100|setup_id=ir:0.1.0:NASDAQ:META:1:1775569560000:short|bars_to_confirm=3|signal_close=569.79|trigger=570.14|stop=571.15|target_r=1.5|risk_ps=1.36|atr=1.125105|vwap_dist_atr=0.646498|tick=0.01,569.9,73,41602.7,136.51,0.33,0,136.51,0.33,-63.51,-0.15,951.28,0.95,14
190,Exit short,2026-04-07 13:30,sl1|exit_reason=stop,568.56,177,100543.08,-92.04,-0.09,0,86.73,0.09,-92.04,-0.09,859.24,0.86,8
190,Entry short,2026-04-07 13:22,sl1|ver=0.1.0|variant=baseline|cfg=ema9_atr14_buf0.1_chase1_win3_tgt1.5_hold20_t935-1500_ent2_loss2_dd2_dirboth_risk100|setup_id=ir:0.1.0:NASDAQ:META:1:1775582460000:short|bars_to_confirm=1|signal_close=568.07|trigger=568.08|stop=568.55|target_r=1.5|risk_ps=0.48|atr=0.395159|vwap_dist_atr=0.70833|tick=0.01,568.04,177,100543.08,-92.04,-0.09,0,86.73,0.09,-92.04,-0.09,859.24,0.86,8
191,Exit short,2026-04-09 10:01,sl1|exit_reason=target,623.77,56,35078.96,147.84,0.42,0,147.84,0.42,-6.16,-0.02,1007.08,1.01,2
191,Entry short,2026-04-09 09:59,sl1|ver=0.1.0|variant=baseline|cfg=ema9_atr14_buf0.1_chase1_win3_tgt1.5_hold20_t935-1500_ent2_loss2_dd2_dirboth_risk100|setup_id=ir:0.1.0:NASDAQ:META:1:1775742960000:short|bars_to_confirm=3|signal_close=626.41|trigger=626.455|stop=628.17|target_r=1.5|risk_ps=1.76|atr=1.868372|vwap_dist_atr=0.687132|tick=0.01,626.41,56,35078.96,147.84,0.42,0,147.84,0.42,-6.16,-0.02,1007.08,1.01,2
192,Exit short,2026-04-10 09:50,sl1|exit_reason=target,631.53,46,29201.26,150.88,0.52,0,150.88,0.52,-24.38,-0.08,1157.96,1.16,9
192,Entry short,2026-04-10 09:41,sl1|ver=0.1.0|variant=baseline|cfg=ema9_atr14_buf0.1_chase1_win3_tgt1.5_hold20_t935-1500_ent2_loss2_dd2_dirboth_risk100|setup_id=ir:0.1.0:NASDAQ:META:1:1775828400000:short|bars_to_confirm=1|signal_close=634.83|trigger=635.79|stop=637|target_r=1.5|risk_ps=2.17|atr=1.199728|vwap_dist_atr=0.960601|tick=0.01,634.81,46,29201.26,150.88,0.52,0,150.88,0.52,-24.38,-0.08,1157.96,1.16,9
193,Exit short,2026-04-10 10:42,sl1|exit_reason=target,632.5,142,89972.62,157.62,0.18,0,157.62,0.18,-69.58,-0.08,1315.58,1.32,1
193,Entry short,2026-04-10 10:41,sl1|ver=0.1.0|variant=baseline|cfg=ema9_atr14_buf0.1_chase1_win3_tgt1.5_hold20_t935-1500_ent2_loss2_dd2_dirboth_risk100|setup_id=ir:0.1.0:NASDAQ:META:1:1775832000000:short|bars_to_confirm=1|signal_close=633.65|trigger=633.78|stop=634.35|target_r=1.5|risk_ps=0.7|atr=0.698476|vwap_dist_atr=0.341724|tick=0.01,633.61,142,89972.62,157.62,0.18,0,157.62,0.18,-69.58,-0.08,1315.58,1.32,1
194,Exit long,2026-04-13 10:01,sl1|exit_reason=target,631.35,64,40254.72,151.68,0.38,0,151.68,0.38,-27.52,-0.07,1467.26,1.47,5
194,Entry long,2026-04-13 09:56,sl1|ver=0.1.0|variant=baseline|cfg=ema9_atr14_buf0.1_chase1_win3_tgt1.5_hold20_t935-1500_ent2_loss2_dd2_dirboth_risk100|setup_id=ir:0.1.0:NASDAQ:META:1:1776088500000:long|bars_to_confirm=1|signal_close=628.96|trigger=628.66|stop=627.4|target_r=1.5|risk_ps=1.56|atr=1.334122|vwap_dist_atr=0.829194|tick=0.01,628.98,64,40254.72,151.68,0.38,0,151.68,0.38,-27.52,-0.07,1467.26,1.47,5
195,Exit short,2026-04-16 09:54,sl1|exit_reason=target,671,78,52487.76,149.76,0.29,0,149.76,0.29,-27.3,-0.05,1617.02,1.62,1
195,Entry short,2026-04-16 09:53,sl1|ver=0.1.0|variant=baseline|cfg=ema9_atr14_buf0.1_chase1_win3_tgt1.5_hold20_t935-1500_ent2_loss2_dd2_dirboth_risk100|setup_id=ir:0.1.0:NASDAQ:META:1:1776347460000:short|bars_to_confirm=2|signal_close=672.93|trigger=673.245|stop=674.2|target_r=1.5|risk_ps=1.27|atr=1.263766|vwap_dist_atr=0.452222|tick=0.01,672.92,78,52487.76,149.76,0.29,0,149.76,0.29,-27.3,-0.05,1617.02,1.62,1
196,Exit short,2026-04-16 10:18,sl1|exit_reason=target,670.61,142,95360.1,133.48,0.14,0,133.48,0.14,-7.1,-0.01,1750.5,1.75,2
196,Entry short,2026-04-16 10:16,sl1|ver=0.1.0|variant=baseline|cfg=ema9_atr14_buf0.1_chase1_win3_tgt1.5_hold20_t935-1500_ent2_loss2_dd2_dirboth_risk100|setup_id=ir:0.1.0:NASDAQ:META:1:1776348900000:short|bars_to_confirm=1|signal_close=671.48|trigger=671.51|stop=672.18|target_r=1.5|risk_ps=0.7|atr=1.076968|vwap_dist_atr=0.559374|tick=0.01,671.55,142,95360.1,133.48,0.14,0,133.48,0.14,-7.1,-0.01,1750.5,1.75,2
197,Exit long,2026-04-17 09:41,sl1|exit_reason=target,683.44,35,23774.45,145.95,0.61,0,145.95,0.61,-7,-0.03,1896.45,1.90,2
197,Entry long,2026-04-17 09:39,sl1|ver=0.1.0|variant=baseline|cfg=ema9_atr14_buf0.1_chase1_win3_tgt1.5_hold20_t935-1500_ent2_loss2_dd2_dirboth_risk100|setup_id=ir:0.1.0:NASDAQ:META:1:1776433080000:long|bars_to_confirm=1|signal_close=679.3325|trigger=679.1899|stop=676.49|target_r=1.5|risk_ps=2.8425|atr=1.294195|vwap_dist_atr=0.99156|tick=0.01,679.27,35,23774.45,145.95,0.61,0,145.95,0.61,-7,-0.03,1896.45,1.90,2
198,Exit long,2026-04-17 14:38,sl1|exit_reason=target,684.66,148,101223.12,106.56,0.11,0,106.56,0.11,-19.24,-0.02,2003.01,2.00,4
198,Entry long,2026-04-17 14:34,sl1|ver=0.1.0|variant=baseline|cfg=ema9_atr14_buf0.1_chase1_win3_tgt1.5_hold20_t935-1500_ent2_loss2_dd2_dirboth_risk100|setup_id=ir:0.1.0:NASDAQ:META:1:1776450660000:long|bars_to_confirm=3|signal_close=683.94|trigger=683.93|stop=683.46|target_r=1.5|risk_ps=0.48|atr=0.438554|vwap_dist_atr=0.906724|tick=0.01,683.94,148,101223.12,106.56,0.11,0,106.56,0.11,-19.24,-0.02,2003.01,2.00,4
199,Exit long,2026-04-20 10:00,sl1|exit_reason=stop,676.5,88,59627.04,-95.04,-0.16,0,61.6,0.10,-95.04,-0.16,1907.97,1.91,2
199,Entry long,2026-04-20 09:58,sl1|ver=0.1.0|variant=baseline|cfg=ema9_atr14_buf0.1_chase1_win3_tgt1.5_hold20_t935-1500_ent2_loss2_dd2_dirboth_risk100|setup_id=ir:0.1.0:NASDAQ:META:1:1776693420000:long|bars_to_confirm=1|signal_close=677.635|trigger=677.45|stop=676.51|target_r=1.5|risk_ps=1.125|atr=1.389255|vwap_dist_atr=0.207804|tick=0.01,677.58,88,59627.04,-95.04,-0.16,0,61.6,0.10,-95.04,-0.16,1907.97,1.91,2
200,Exit short,2026-04-21 10:53,sl1|exit_reason=stop,673.84,84,56510.16,-92.4,-0.16,0,46.2,0.08,-92.4,-0.16,1815.57,1.82,6
200,Entry short,2026-04-21 10:47,sl1|ver=0.1.0|variant=baseline|cfg=ema9_atr14_buf0.1_chase1_win3_tgt1.5_hold20_t935-1500_ent2_loss2_dd2_dirboth_risk100|setup_id=ir:0.1.0:NASDAQ:META:1:1776782760000:short|bars_to_confirm=1|signal_close=672.65|trigger=672.84|stop=673.83|target_r=1.5|risk_ps=1.18|atr=0.686206|vwap_dist_atr=0.837425|tick=0.01,672.74,84,56510.16,-92.4,-0.16,0,46.2,0.08,-92.4,-0.16,1815.57,1.82,6
201,Exit long,2026-04-22 10:05,sl1|exit_reason=time,673.93,67,45103.06,50.25,0.11,0,75.04,0.17,-94.47,-0.21,1865.82,1.87,20
201,Entry long,2026-04-22 09:45,sl1|ver=0.1.0|variant=baseline|cfg=ema9_atr14_buf0.1_chase1_win3_tgt1.5_hold20_t935-1500_ent2_loss2_dd2_dirboth_risk100|setup_id=ir:0.1.0:NASDAQ:META:1:1776865320000:long|bars_to_confirm=3|signal_close=673.17|trigger=673|stop=671.69|target_r=1.5|risk_ps=1.48|atr=1.185673|vwap_dist_atr=0.306278|tick=0.01,673.18,67,45103.06,50.25,0.11,0,75.04,0.17,-94.47,-0.21,1865.82,1.87,20
202,Exit short,2026-04-22 10:57,sl1|exit_reason=stop,674.06,125,84167.5,-90,-0.11,0,20,0.02,-90,-0.11,1775.82,1.78,3
202,Entry short,2026-04-22 10:54,sl1|ver=0.1.0|variant=baseline|cfg=ema9_atr14_buf0.1_chase1_win3_tgt1.5_hold20_t935-1500_ent2_loss2_dd2_dirboth_risk100|setup_id=ir:0.1.0:NASDAQ:META:1:1776869580000:short|bars_to_confirm=1|signal_close=673.25|trigger=673.26|stop=674.05|target_r=1.5|risk_ps=0.8|atr=0.612303|vwap_dist_atr=0.872289|tick=0.01,673.34,125,84167.5,-90,-0.11,0,20,0.02,-90,-0.11,1775.82,1.78,3
203,Exit short,2026-04-23 10:00,sl1|exit_reason=target,659.18,57,37727.16,153.9,0.41,0,153.9,0.41,-0.57,0.00,1929.72,1.93,7
203,Entry short,2026-04-23 09:53,sl1|ver=0.1.0|variant=baseline|cfg=ema9_atr14_buf0.1_chase1_win3_tgt1.5_hold20_t935-1500_ent2_loss2_dd2_dirboth_risk100|setup_id=ir:0.1.0:NASDAQ:META:1:1776952320000:short|bars_to_confirm=1|signal_close=661.94|trigger=662.6|stop=663.68|target_r=1.5|risk_ps=1.74|atr=1.213439|vwap_dist_atr=0.971408|tick=0.01,661.88,57,37727.16,153.9,0.41,0,153.9,0.41,-0.57,0.00,1929.72,1.93,7
204,Exit long,2026-04-23 10:30,sl1|exit_reason=time,664.07,58,38452.84,63.22,0.16,0,92.22,0.24,-52.2,-0.14,1992.94,1.99,20
204,Entry long,2026-04-23 10:10,sl1|ver=0.1.0|variant=baseline|cfg=ema9_atr14_buf0.1_chase1_win3_tgt1.5_hold20_t935-1500_ent2_loss2_dd2_dirboth_risk100|setup_id=ir:0.1.0:NASDAQ:META:1:1776953340000:long|bars_to_confirm=1|signal_close=662.81|trigger=662.43|stop=661.09|target_r=1.5|risk_ps=1.72|atr=1.124756|vwap_dist_atr=0.390895|tick=0.01,662.98,58,38452.84,63.22,0.16,0,92.22,0.24,-52.2,-0.14,1992.94,1.99,20
205,Exit long,2026-04-27 10:16,sl1|exit_reason=stop,674.03,116,78281.44,-93.96,-0.12,0,78.88,0.10,-93.96,-0.12,1898.98,1.90,1
205,Entry long,2026-04-27 10:15,sl1|ver=0.1.0|variant=baseline|cfg=ema9_atr14_buf0.1_chase1_win3_tgt1.5_hold20_t935-1500_ent2_loss2_dd2_dirboth_risk100|setup_id=ir:0.1.0:NASDAQ:META:1:1777299240000:long|bars_to_confirm=1|signal_close=674.9|trigger=674.85|stop=674.04|target_r=1.5|risk_ps=0.86|atr=1.138309|vwap_dist_atr=0.082124|tick=0.01,674.84,116,78281.44,-93.96,-0.12,0,78.88,0.10,-93.96,-0.12,1898.98,1.90,1
206,Exit long,2026-04-27 10:35,sl1|exit_reason=target,677.49,90,60817.5,156.6,0.26,0,156.6,0.26,-71.1,-0.12,2055.58,2.06,13
206,Entry long,2026-04-27 10:22,sl1|ver=0.1.0|variant=baseline|cfg=ema9_atr14_buf0.1_chase1_win3_tgt1.5_hold20_t935-1500_ent2_loss2_dd2_dirboth_risk100|setup_id=ir:0.1.0:NASDAQ:META:1:1777299660000:long|bars_to_confirm=1|signal_close=675.69|trigger=675.42|stop=674.59|target_r=1.5|risk_ps=1.1|atr=0.980545|vwap_dist_atr=0.893985|tick=0.01,675.75,90,60817.5,156.6,0.26,0,156.6,0.26,-71.1,-0.12,2055.58,2.06,13
207,Exit long,2026-04-28 09:46,sl1|exit_reason=target,677.07,39,26261.04,144.69,0.55,0,144.69,0.55,-3.12,-0.01,2200.27,2.20,8
207,Entry long,2026-04-28 09:38,sl1|ver=0.1.0|variant=baseline|cfg=ema9_atr14_buf0.1_chase1_win3_tgt1.5_hold20_t935-1500_ent2_loss2_dd2_dirboth_risk100|setup_id=ir:0.1.0:NASDAQ:META:1:1777383420000:long|bars_to_confirm=1|signal_close=673.435|trigger=673.34|stop=670.89|target_r=1.5|risk_ps=2.545|atr=1.259383|vwap_dist_atr=0.997166|tick=0.01,673.36,39,26261.04,144.69,0.55,0,144.69,0.55,-3.12,-0.01,2200.27,2.20,8
208,Exit long,2026-04-28 10:11,sl1|exit_reason=stop,672.87,57,38460.75,-107.16,-0.28,0,23.37,0.06,-107.16,-0.28,2093.11,2.09,4
208,Entry long,2026-04-28 10:07,sl1|ver=0.1.0|variant=baseline|cfg=ema9_atr14_buf0.1_chase1_win3_tgt1.5_hold20_t935-1500_ent2_loss2_dd2_dirboth_risk100|setup_id=ir:0.1.0:NASDAQ:META:1:1777385160000:long|bars_to_confirm=1|signal_close=674.61|trigger=674.53|stop=672.88|target_r=1.5|risk_ps=1.73|atr=1.179244|vwap_dist_atr=0.480751|tick=0.01,674.75,57,38460.75,-107.16,-0.28,0,23.37,0.06,-107.16,-0.28,2093.11,2.09,4
209,Exit long,2026-04-29 10:04,sl1|exit_reason=target,670.46,40,26676.8,141.6,0.53,0,141.6,0.53,-0.8,0.00,2234.71,2.23,15
209,Entry long,2026-04-29 09:49,sl1|ver=0.1.0|variant=baseline|cfg=ema9_atr14_buf0.1_chase1_win3_tgt1.5_hold20_t935-1500_ent2_loss2_dd2_dirboth_risk100|setup_id=ir:0.1.0:NASDAQ:META:1:1777470420000:long|bars_to_confirm=2|signal_close=667.01|trigger=666.82|stop=664.56|target_r=1.5|risk_ps=2.45|atr=1.280088|vwap_dist_atr=0.59683|tick=0.01,666.92,40,26676.8,141.6,0.53,0,141.6,0.53,-0.8,0.00,2234.71,2.23,15
210,Exit long,2026-04-29 11:26,sl1|exit_reason=target,671.54,116,77736.24,162.4,0.21,0,162.4,0.21,-32.48,-0.04,2397.11,2.40,6
210,Entry long,2026-04-29 11:20,sl1|ver=0.1.0|variant=baseline|cfg=ema9_atr14_buf0.1_chase1_win3_tgt1.5_hold20_t935-1500_ent2_loss2_dd2_dirboth_risk100|setup_id=ir:0.1.0:NASDAQ:META:1:1777475880000:long|bars_to_confirm=2|signal_close=670.065|trigger=669.9|stop=669.21|target_r=1.5|risk_ps=0.855|atr=0.629396|vwap_dist_atr=0.586565|tick=0.01,670.14,116,77736.24,162.4,0.21,0,162.4,0.21,-32.48,-0.04,2397.11,2.40,6
211,Exit long,2026-04-30 11:31,sl1|exit_reason=target,607.72,93,56367.3,150.66,0.27,0,150.66,0.27,-53.94,-0.10,2547.77,2.55,5
211,Entry long,2026-04-30 11:26,sl1|ver=0.1.0|variant=baseline|cfg=ema9_atr14_buf0.1_chase1_win3_tgt1.5_hold20_t935-1500_ent2_loss2_dd2_dirboth_risk100|setup_id=ir:0.1.0:NASDAQ:META:1:1777562580000:long|bars_to_confirm=3|signal_close=606.085|trigger=605.98|stop=605.02|target_r=1.5|risk_ps=1.065|atr=0.956337|vwap_dist_atr=0.798045|tick=0.01,606.1,93,56367.3,150.66,0.27,0,150.66,0.27,-53.94,-0.10,2547.77,2.55,5
212,Exit long,2026-05-01 11:12,sl1|exit_reason=target,613.38,128,78364.16,148.48,0.19,0,148.48,0.19,-79.36,-0.10,2696.25,2.70,5
212,Entry long,2026-05-01 11:07,sl1|ver=0.1.0|variant=baseline|cfg=ema9_atr14_buf0.1_chase1_win3_tgt1.5_hold20_t935-1500_ent2_loss2_dd2_dirboth_risk100|setup_id=ir:0.1.0:NASDAQ:META:1:1777647960000:long|bars_to_confirm=1|signal_close=612.23|trigger=612.2|stop=611.45|target_r=1.5|risk_ps=0.78|atr=0.82156|vwap_dist_atr=0.469007|tick=0.01,612.22,128,78364.16,148.48,0.19,0,148.48,0.19,-79.36,-0.10,2696.25,2.70,5
213,Exit short,2026-05-01 11:50,sl1|exit_reason=target,610.31,124,75845.84,167.4,0.22,0,167.4,0.22,-89.28,-0.12,2863.65,2.86,4
213,Entry short,2026-05-01 11:46,sl1|ver=0.1.0|variant=baseline|cfg=ema9_atr14_buf0.1_chase1_win3_tgt1.5_hold20_t935-1500_ent2_loss2_dd2_dirboth_risk100|setup_id=ir:0.1.0:NASDAQ:META:1:1777650300000:short|bars_to_confirm=1|signal_close=611.755|trigger=612.13|stop=612.56|target_r=1.5|risk_ps=0.805|atr=0.612857|vwap_dist_atr=0.616754|tick=0.01,611.66,124,75845.84,167.4,0.22,0,167.4,0.22,-89.28,-0.12,2863.65,2.86,4
214,Exit short,2026-05-04 11:34,sl1|exit_reason=stop,608.1,105,63738.15,-112.35,-0.18,0,0,0.00,-112.35,-0.18,2751.3,2.75,1
214,Entry short,2026-05-04 11:33,sl1|ver=0.1.0|variant=baseline|cfg=ema9_atr14_buf0.1_chase1_win3_tgt1.5_hold20_t935-1500_ent2_loss2_dd2_dirboth_risk100|setup_id=ir:0.1.0:NASDAQ:META:1:1777908720000:short|bars_to_confirm=1|signal_close=607.14|trigger=607.46|stop=608.09|target_r=1.5|risk_ps=0.95|atr=0.860036|vwap_dist_atr=0.392668|tick=0.01,607.03,105,63738.15,-112.35,-0.18,0,0,0.00,-112.35,-0.18,2751.3,2.75,1
215,Exit long,2026-05-05 14:23,sl1|exit_reason=stop,604.25,169,102214.58,-96.33,-0.09,0,49.01,0.05,-96.33,-0.09,2654.97,2.65,7
215,Entry long,2026-05-05 14:16,sl1|ver=0.1.0|variant=baseline|cfg=ema9_atr14_buf0.1_chase1_win3_tgt1.5_hold20_t935-1500_ent2_loss2_dd2_dirboth_risk100|setup_id=ir:0.1.0:NASDAQ:META:1:1778004900000:long|bars_to_confirm=1|signal_close=604.81|trigger=604.6|stop=604.26|target_r=1.5|risk_ps=0.55|atr=0.374022|vwap_dist_atr=0.741551|tick=0.01,604.82,169,102214.58,-96.33,-0.09,0,49.01,0.05,-96.33,-0.09,2654.97,2.65,7
216,Exit short,2026-05-07 10:45,sl1|exit_reason=stop,621.91,56,34712.16,-114.8,-0.33,0,13.44,0.04,-114.8,-0.33,2540.17,2.54,14
216,Entry short,2026-05-07 10:31,sl1|ver=0.1.0|variant=baseline|cfg=ema9_atr14_buf0.1_chase1_win3_tgt1.5_hold20_t935-1500_ent2_loss2_dd2_dirboth_risk100|setup_id=ir:0.1.0:NASDAQ:META:1:1778164200000:short|bars_to_confirm=1|signal_close=620.12|trigger=620.77|stop=621.9|target_r=1.5|risk_ps=1.78|atr=1.029825|vwap_dist_atr=0.775022|tick=0.01,619.86,56,34712.16,-114.8,-0.33,0,13.44,0.04,-114.8,-0.33,2540.17,2.54,14
217,Exit long,2026-05-08 10:20,sl1|exit_reason=stop,613.92,76,46746.84,-88.92,-0.19,0,108.68,0.23,-88.92,-0.19,2451.25,2.45,8
217,Entry long,2026-05-08 10:12,sl1|ver=0.1.0|variant=baseline|cfg=ema9_atr14_buf0.1_chase1_win3_tgt1.5_hold20_t935-1500_ent2_loss2_dd2_dirboth_risk100|setup_id=ir:0.1.0:NASDAQ:META:1:1778249400000:long|bars_to_confirm=2|signal_close=615.24|trigger=615.1|stop=613.93|target_r=1.5|risk_ps=1.31|atr=0.915716|vwap_dist_atr=0.924651|tick=0.01,615.09,76,46746.84,-88.92,-0.19,0,108.68,0.23,-88.92,-0.19,2451.25,2.45,8
218,Exit short,2026-05-11 09:55,sl1|exit_reason=time,601.6,50,30112,32,0.11,0,122,0.41,-23,-0.08,2483.25,2.48,20
218,Entry short,2026-05-11 09:35,sl1|ver=0.1.0|variant=baseline|cfg=ema9_atr14_buf0.1_chase1_win3_tgt1.5_hold20_t935-1500_ent2_loss2_dd2_dirboth_risk100|setup_id=ir:0.1.0:NASDAQ:META:1:1778506440000:short|bars_to_confirm=1|signal_close=602.38|trigger=602.71|stop=604.35|target_r=1.5|risk_ps=1.97|atr=0.835058|vwap_dist_atr=0.942438|tick=0.01,602.24,50,30112,32,0.11,0,122,0.41,-23,-0.08,2483.25,2.48,20
219,Exit long,2026-05-11 10:48,sl1|exit_reason=stop,601.39,83,50022.44,-107.07,-0.21,0,42.33,0.08,-107.07,-0.21,2376.18,2.38,12
219,Entry long,2026-05-11 10:36,sl1|ver=0.1.0|variant=baseline|cfg=ema9_atr14_buf0.1_chase1_win3_tgt1.5_hold20_t935-1500_ent2_loss2_dd2_dirboth_risk100|setup_id=ir:0.1.0:NASDAQ:META:1:1778510100000:long|bars_to_confirm=1|signal_close=602.595|trigger=602.2499|stop=601.4|target_r=1.5|risk_ps=1.195|atr=0.682489|vwap_dist_atr=0.902798|tick=0.01,602.68,83,50022.44,-107.07,-0.21,0,42.33,0.08,-107.07,-0.21,2376.18,2.38,12
220,Exit short,2026-05-12 09:39,sl1|exit_reason=stop,596.1,40,23746.8,-97.2,-0.41,0,42.8,0.18,-97.2,-0.41,2278.98,2.28,4
220,Entry short,2026-05-12 09:35,sl1|ver=0.1.0|variant=baseline|cfg=ema9_atr14_buf0.1_chase1_win3_tgt1.5_hold20_t935-1500_ent2_loss2_dd2_dirboth_risk100|setup_id=ir:0.1.0:NASDAQ:META:1:1778592840000:short|bars_to_confirm=1|signal_close=593.622|trigger=594.05|stop=596.09|target_r=1.5|risk_ps=2.468|atr=0.911289|vwap_dist_atr=0.724874|tick=0.01,593.67,40,23746.8,-97.2,-0.41,0,42.8,0.18,-97.2,-0.41,2278.98,2.28,4
221,Exit long,2026-05-12 13:56,sl1|exit_reason=time,600.34,158,94717.84,135.88,0.14,0,151.68,0.16,-47.4,-0.05,2414.86,2.41,20
221,Entry long,2026-05-12 13:36,sl1|ver=0.1.0|variant=baseline|cfg=ema9_atr14_buf0.1_chase1_win3_tgt1.5_hold20_t935-1500_ent2_loss2_dd2_dirboth_risk100|setup_id=ir:0.1.0:NASDAQ:META:1:1778607300000:long|bars_to_confirm=1|signal_close=599.44|trigger=599.355|stop=598.81|target_r=1.5|risk_ps=0.63|atr=0.528059|vwap_dist_atr=0.361372|tick=0.01,599.48,158,94717.84,135.88,0.14,0,151.68,0.16,-47.4,-0.05,2414.86,2.41,20
222,Exit short,2026-05-14 09:52,sl1|exit_reason=stop,618.07,49,30198.21,-87.22,-0.29,0,36.75,0.12,-87.22,-0.29,2327.64,2.33,5
222,Entry short,2026-05-14 09:47,sl1|ver=0.1.0|variant=baseline|cfg=ema9_atr14_buf0.1_chase1_win3_tgt1.5_hold20_t935-1500_ent2_loss2_dd2_dirboth_risk100|setup_id=ir:0.1.0:NASDAQ:META:1:1778766360000:short|bars_to_confirm=1|signal_close=616.055|trigger=616.1135|stop=618.06|target_r=1.5|risk_ps=2.005|atr=1.176889|vwap_dist_atr=0.610859|tick=0.01,616.29,49,30198.21,-87.22,-0.29,0,36.75,0.12,-87.22,-0.29,2327.64,2.33,5
223,Exit long,2026-05-14 11:04,sl1|exit_reason=time,621.6,68,42181.76,87.04,0.21,0,139.4,0.33,-12.24,-0.03,2414.68,2.41,20
223,Entry long,2026-05-14 10:44,sl1|ver=0.1.0|variant=baseline|cfg=ema9_atr14_buf0.1_chase1_win3_tgt1.5_hold20_t935-1500_ent2_loss2_dd2_dirboth_risk100|setup_id=ir:0.1.0:NASDAQ:META:1:1778769780000:long|bars_to_confirm=1|signal_close=620.26|trigger=619.72|stop=618.81|target_r=1.5|risk_ps=1.45|atr=1.106422|vwap_dist_atr=0.684075|tick=0.01,620.32,68,42181.76,87.04,0.21,0,139.4,0.33,-12.24,-0.03,2414.68,2.41,20
224,Exit short,2026-05-15 11:48,sl1|exit_reason=stop,613.26,114,69812.46,-99.18,-0.14,0,33.06,0.05,-99.18,-0.14,2315.5,2.32,3
224,Entry short,2026-05-15 11:45,sl1|ver=0.1.0|variant=baseline|cfg=ema9_atr14_buf0.1_chase1_win3_tgt1.5_hold20_t935-1500_ent2_loss2_dd2_dirboth_risk100|setup_id=ir:0.1.0:NASDAQ:META:1:1778859840000:short|bars_to_confirm=1|signal_close=612.38|trigger=612.53|stop=613.25|target_r=1.5|risk_ps=0.87|atr=0.585248|vwap_dist_atr=0.892764|tick=0.01,612.39,114,69812.46,-99.18,-0.14,0,33.06,0.05,-99.18,-0.14,2315.5,2.32,3
225,Exit long,2026-05-15 12:09,sl1|exit_reason=target,614.46,166,101826.06,174.3,0.17,0,174.3,0.17,-66.4,-0.07,2489.8,2.49,9
225,Entry long,2026-05-15 12:00,sl1|ver=0.1.0|variant=baseline|cfg=ema9_atr14_buf0.1_chase1_win3_tgt1.5_hold20_t935-1500_ent2_loss2_dd2_dirboth_risk100|setup_id=ir:0.1.0:NASDAQ:META:1:1778860740000:long|bars_to_confirm=1|signal_close=613.27|trigger=613.26|stop=612.71|target_r=1.5|risk_ps=0.56|atr=0.586724|vwap_dist_atr=0.650029|tick=0.01,613.41,166,101826.06,174.3,0.17,0,174.3,0.17,-66.4,-0.07,2489.8,2.49,9
226,Exit short,2026-05-18 09:41,sl1|exit_reason=stop,607.53,55,33310.2,-103.95,-0.31,0,11.55,0.03,-103.95,-0.31,2385.85,2.39,1
226,Entry short,2026-05-18 09:40,sl1|ver=0.1.0|variant=baseline|cfg=ema9_atr14_buf0.1_chase1_win3_tgt1.5_hold20_t935-1500_ent2_loss2_dd2_dirboth_risk100|setup_id=ir:0.1.0:NASDAQ:META:1:1779111480000:short|bars_to_confirm=2|signal_close=605.7083|trigger=606|stop=607.52|target_r=1.5|risk_ps=1.8117|atr=1.211275|vwap_dist_atr=0.613447|tick=0.01,605.64,55,33310.2,-103.95,-0.31,0,11.55,0.03,-103.95,-0.31,2385.85,2.39,1
227,Exit long,2026-05-18 11:29,sl1|exit_reason=stop,608.03,136,82784.56,-92.48,-0.11,0,63.92,0.08,-92.48,-0.11,2293.37,2.29,3
227,Entry long,2026-05-18 11:26,sl1|ver=0.1.0|variant=baseline|cfg=ema9_atr14_buf0.1_chase1_win3_tgt1.5_hold20_t935-1500_ent2_loss2_dd2_dirboth_risk100|setup_id=ir:0.1.0:NASDAQ:META:1:1779117900000:long|bars_to_confirm=1|signal_close=608.77|trigger=608.5|stop=608.04|target_r=1.5|risk_ps=0.73|atr=0.729413|vwap_dist_atr=0.556363|tick=0.01,608.71,136,82784.56,-92.48,-0.11,0,63.92,0.08,-92.48,-0.11,2293.37,2.29,3
228,Exit long,2026-05-19 09:36,sl1|exit_reason=stop,606.52,40,24361.2,-100.4,-0.41,0,13.2,0.05,-100.4,-0.41,2192.97,2.19,1
228,Entry long,2026-05-19 09:35,sl1|ver=0.1.0|variant=baseline|cfg=ema9_atr14_buf0.1_chase1_win3_tgt1.5_hold20_t935-1500_ent2_loss2_dd2_dirboth_risk100|setup_id=ir:0.1.0:NASDAQ:META:1:1779197640000:long|bars_to_confirm=1|signal_close=609|trigger=608.5|stop=606.53|target_r=1.5|risk_ps=2.47|atr=1.058644|vwap_dist_atr=0.42906|tick=0.01,609.03,40,24361.2,-100.4,-0.41,0,13.2,0.05,-100.4,-0.41,2192.97,2.19,1
229,Exit long,2026-05-19 09:52,sl1|exit_reason=target,611.32,62,37747.46,154.38,0.41,0,154.38,0.41,-3.1,-0.01,2347.35,2.35,2
229,Entry long,2026-05-19 09:50,sl1|ver=0.1.0|variant=baseline|cfg=ema9_atr14_buf0.1_chase1_win3_tgt1.5_hold20_t935-1500_ent2_loss2_dd2_dirboth_risk100|setup_id=ir:0.1.0:NASDAQ:META:1:1779198540000:long|bars_to_confirm=1|signal_close=608.77|trigger=608.32|stop=607.17|target_r=1.5|risk_ps=1.6|atr=1.178089|vwap_dist_atr=0.840494|tick=0.01,608.83,62,37747.46,154.38,0.41,0,154.38,0.41,-3.1,-0.01,2347.35,2.35,2
230,Exit short,2026-05-20 09:47,sl1|exit_reason=stop,601.98,56,33610.64,-100.24,-0.30,0,66.64,0.20,-100.24,-0.30,2247.11,2.25,3
230,Entry short,2026-05-20 09:44,sl1|ver=0.1.0|variant=baseline|cfg=ema9_atr14_buf0.1_chase1_win3_tgt1.5_hold20_t935-1500_ent2_loss2_dd2_dirboth_risk100|setup_id=ir:0.1.0:NASDAQ:META:1:1779284580000:short|bars_to_confirm=1|signal_close=600.195|trigger=600.5|stop=601.97|target_r=1.5|risk_ps=1.775|atr=0.965462|vwap_dist_atr=0.685552|tick=0.01,600.19,56,33610.64,-100.24,-0.30,0,66.64,0.20,-100.24,-0.30,2247.11,2.25,3
231,Exit short,2026-05-20 10:09,sl1|exit_reason=target,597.91,71,42602.84,151.23,0.35,0,151.23,0.35,-63.19,-0.15,2398.34,2.40,17
231,Entry short,2026-05-20 09:52,sl1|ver=0.1.0|variant=baseline|cfg=ema9_atr14_buf0.1_chase1_win3_tgt1.5_hold20_t935-1500_ent2_loss2_dd2_dirboth_risk100|setup_id=ir:0.1.0:NASDAQ:META:1:1779285060000:short|bars_to_confirm=1|signal_close=600.06|trigger=600.75|stop=601.46|target_r=1.5|risk_ps=1.4|atr=1.002775|vwap_dist_atr=0.890961|tick=0.01,600.04,71,42602.84,151.23,0.35,0,151.23,0.35,-63.19,-0.15,2398.34,2.40,17
232,Exit short,2026-05-21 09:46,sl1|exit_reason=stop,600.28,141,84537.96,-101.52,-0.12,0,16.92,0.02,-101.52,-0.12,2296.82,2.30,0
232,Entry short,2026-05-21 09:46,sl1|ver=0.1.0|variant=baseline|cfg=ema9_atr14_buf0.1_chase1_win3_tgt1.5_hold20_t935-1500_ent2_loss2_dd2_dirboth_risk100|setup_id=ir:0.1.0:NASDAQ:META:1:1779371100000:short|bars_to_confirm=1|signal_close=599.565|trigger=599.59|stop=600.27|target_r=1.5|risk_ps=0.705|atr=0.869745|vwap_dist_atr=0.381036|tick=0.01,599.56,141,84537.96,-101.52,-0.12,0,16.92,0.02,-101.52,-0.12,2296.82,2.30,0
233,Exit short,2026-05-22 13:59,sl1|exit_reason=target,608.57,167,101783.16,151.97,0.15,0,151.97,0.15,-70.14,-0.07,2448.79,2.45,4
233,Entry short,2026-05-22 13:55,sl1|ver=0.1.0|variant=baseline|cfg=ema9_atr14_buf0.1_chase1_win3_tgt1.5_hold20_t935-1500_ent2_loss2_dd2_dirboth_risk100|setup_id=ir:0.1.0:NASDAQ:META:1:1779472380000:short|bars_to_confirm=2|signal_close=609.5|trigger=609.56|stop=610.09|target_r=1.5|risk_ps=0.59|atr=0.526278|vwap_dist_atr=0.699343|tick=0.01,609.48,167,101783.16,151.97,0.15,0,151.97,0.15,-70.14,-0.07,2448.79,2.45,4
234,Exit long,2026-05-22 14:22,sl1|exit_reason=target,611.17,167,101911.75,153.64,0.15,0,153.64,0.15,-11.69,-0.01,2602.43,2.60,1
234,Entry long,2026-05-22 14:21,sl1|ver=0.1.0|variant=baseline|cfg=ema9_atr14_buf0.1_chase1_win3_tgt1.5_hold20_t935-1500_ent2_loss2_dd2_dirboth_risk100|setup_id=ir:0.1.0:NASDAQ:META:1:1779474000000:long|bars_to_confirm=1|signal_close=610.1851|trigger=610.15|stop=609.64|target_r=1.5|risk_ps=0.5451|atr=0.419935|vwap_dist_atr=0.827629|tick=0.01,610.25,167,101911.75,153.64,0.15,0,153.64,0.15,-11.69,-0.01,2602.43,2.60,1
235,Exit long,2026-05-26 10:23,sl1|exit_reason=time,610.68,66,40261.32,43.56,0.11,0,82.5,0.20,-52.8,-0.13,2645.99,2.65,20
235,Entry long,2026-05-26 10:03,sl1|ver=0.1.0|variant=baseline|cfg=ema9_atr14_buf0.1_chase1_win3_tgt1.5_hold20_t935-1500_ent2_loss2_dd2_dirboth_risk100|setup_id=ir:0.1.0:NASDAQ:META:1:1779804000000:long|bars_to_confirm=3|signal_close=610|trigger=609.88|stop=608.49|target_r=1.5|risk_ps=1.51|atr=1.01822|vwap_dist_atr=0.500756|tick=0.01,610.02,66,40261.32,43.56,0.11,0,82.5,0.20,-52.8,-0.13,2645.99,2.65,20
236,Exit short,2026-05-26 10:27,sl1|exit_reason=stop,609.93,155,94419.8,-119.35,-0.13,0,23.25,0.02,-119.35,-0.13,2526.64,2.53,0
236,Entry short,2026-05-26 10:27,sl1|ver=0.1.0|variant=baseline|cfg=ema9_atr14_buf0.1_chase1_win3_tgt1.5_hold20_t935-1500_ent2_loss2_dd2_dirboth_risk100|setup_id=ir:0.1.0:NASDAQ:META:1:1779805560000:short|bars_to_confirm=1|signal_close=609.276774|trigger=609.37|stop=609.92|target_r=1.5|risk_ps=0.643226|atr=0.735299|vwap_dist_atr=0.53868|tick=0.01,609.16,155,94419.8,-119.35,-0.13,0,23.25,0.02,-119.35,-0.13,2526.64,2.53,0
237,Exit short,2026-05-27 10:02,sl1|exit_reason=stop,612.51,40,24404.4,-96,-0.39,0,32.8,0.13,-96,-0.39,2430.64,2.43,18
237,Entry short,2026-05-27 09:44,sl1|ver=0.1.0|variant=baseline|cfg=ema9_atr14_buf0.1_chase1_win3_tgt1.5_hold20_t935-1500_ent2_loss2_dd2_dirboth_risk100|setup_id=ir:0.1.0:NASDAQ:META:1:1779889380000:short|bars_to_confirm=1|signal_close=610|trigger=610.31|stop=612.49|target_r=1.5|risk_ps=2.49|atr=1.312516|vwap_dist_atr=0.930018|tick=0.01,610.11,40,24404.4,-96,-0.39,0,32.8,0.13,-96,-0.39,2430.64,2.43,18
238,Exit long,2026-05-27 11:19,sl1|exit_reason=target,614.96,90,55195.2,151.2,0.27,0,151.2,0.27,-63.9,-0.12,2581.84,2.58,15
238,Entry long,2026-05-27 11:04,sl1|ver=0.1.0|variant=baseline|cfg=ema9_atr14_buf0.1_chase1_win3_tgt1.5_hold20_t935-1500_ent2_loss2_dd2_dirboth_risk100|setup_id=ir:0.1.0:NASDAQ:META:1:1779894060000:long|bars_to_confirm=3|signal_close=613.27|trigger=613.09|stop=612.16|target_r=1.5|risk_ps=1.11|atr=0.620762|vwap_dist_atr=0.703034|tick=0.01,613.28,90,55195.2,151.2,0.27,0,151.2,0.27,-63.9,-0.12,2581.84,2.58,15
239,Exit long,2026-05-28 09:51,sl1|exit_reason=stop,633.69,38,24179.02,-98.8,-0.41,0,51.3,0.21,-98.8,-0.41,2483.04,2.48,2
239,Entry long,2026-05-28 09:49,sl1|ver=0.1.0|variant=baseline|cfg=ema9_atr14_buf0.1_chase1_win3_tgt1.5_hold20_t935-1500_ent2_loss2_dd2_dirboth_risk100|setup_id=ir:0.1.0:NASDAQ:META:1:1779976080000:long|bars_to_confirm=1|signal_close=636.29|trigger=635.86|stop=633.7|target_r=1.5|risk_ps=2.59|atr=1.874045|vwap_dist_atr=0.592885|tick=0.01,636.29,38,24179.02,-98.8,-0.41,0,51.3,0.21,-98.8,-0.41,2483.04,2.48,2
240,Exit long,2026-05-28 10:42,sl1|exit_reason=time,637.06,41,26133.81,-14.35,-0.05,0,107.83,0.41,-50.02,-0.19,2468.69,2.47,20
240,Entry long,2026-05-28 10:22,sl1|ver=0.1.0|variant=baseline|cfg=ema9_atr14_buf0.1_chase1_win3_tgt1.5_hold20_t935-1500_ent2_loss2_dd2_dirboth_risk100|setup_id=ir:0.1.0:NASDAQ:META:1:1779978060000:long|bars_to_confirm=1|signal_close=637.405|trigger=636.75|stop=635.02|target_r=1.5|risk_ps=2.385|atr=1.740652|vwap_dist_atr=0.725527|tick=0.01,637.41,41,26133.81,-14.35,-0.05,0,107.83,0.41,-50.02,-0.19,2468.69,2.47,20
241,Exit short,2026-05-29 12:02,sl1|exit_reason=stop,628.09,98,61464.62,-88.2,-0.14,0,17.64,0.03,-88.2,-0.14,2380.49,2.38,17
241,Entry short,2026-05-29 11:45,sl1|ver=0.1.0|variant=baseline|cfg=ema9_atr14_buf0.1_chase1_win3_tgt1.5_hold20_t935-1500_ent2_loss2_dd2_dirboth_risk100|setup_id=ir:0.1.0:NASDAQ:META:1:1780069440000:short|bars_to_confirm=1|signal_close=627.06|trigger=627.1|stop=628.08|target_r=1.5|risk_ps=1.02|atr=0.588254|vwap_dist_atr=0.996251|tick=0.01,627.19,98,61464.62,-88.2,-0.14,0,17.64,0.03,-88.2,-0.14,2380.49,2.38,17
242,Exit long,2026-06-02 10:35,sl1|exit_reason=target,604.73,80,48227.2,151.2,0.31,0,151.2,0.31,-59.2,-0.12,2531.69,2.53,16
242,Entry long,2026-06-02 10:19,sl1|ver=0.1.0|variant=baseline|cfg=ema9_atr14_buf0.1_chase1_win3_tgt1.5_hold20_t935-1500_ent2_loss2_dd2_dirboth_risk100|setup_id=ir:0.1.0:NASDAQ:META:1:1780409880000:long|bars_to_confirm=1|signal_close=602.83|trigger=602.75|stop=601.58|target_r=1.5|risk_ps=1.25|atr=1.110972|vwap_dist_atr=0.989416|tick=0.01,602.84,80,48227.2,151.2,0.31,0,151.2,0.31,-59.2,-0.12,2531.69,2.53,16
243,Exit short,2026-06-03 09:53,sl1|exit_reason=stop,610.15,36,21869.28,-96.12,-0.44,0,5.4,0.02,-96.12,-0.44,2435.57,2.44,4
243,Entry short,2026-06-03 09:49,sl1|ver=0.1.0|variant=baseline|cfg=ema9_atr14_buf0.1_chase1_win3_tgt1.5_hold20_t935-1500_ent2_loss2_dd2_dirboth_risk100|setup_id=ir:0.1.0:NASDAQ:META:1:1780494360000:short|bars_to_confirm=3|signal_close=607.37|trigger=607.64|stop=610.14|target_r=1.5|risk_ps=2.77|atr=1.876659|vwap_dist_atr=0.943811|tick=0.01,607.48,36,21869.28,-96.12,-0.44,0,5.4,0.02,-96.12,-0.44,2435.57,2.44,4
244,Exit short,2026-06-03 12:22,sl1|exit_reason=time,612.72,82,50279.12,36.08,0.07,0,127.92,0.25,-94.3,-0.19,2471.65,2.47,20
244,Entry short,2026-06-03 12:02,sl1|ver=0.1.0|variant=baseline|cfg=ema9_atr14_buf0.1_chase1_win3_tgt1.5_hold20_t935-1500_ent2_loss2_dd2_dirboth_risk100|setup_id=ir:0.1.0:NASDAQ:META:1:1780502340000:short|bars_to_confirm=3|signal_close=613.13|trigger=613.22|stop=614.34|target_r=1.5|risk_ps=1.21|atr=0.809301|vwap_dist_atr=0.741301|tick=0.01,613.16,82,50279.12,36.08,0.07,0,127.92,0.25,-94.3,-0.19,2471.65,2.47,20
245,Exit short,2026-06-04 09:49,sl1|exit_reason=stop,632.57,47,29635.85,-94.94,-0.32,0,55.93,0.19,-94.94,-0.32,2376.71,2.38,3
245,Entry short,2026-06-04 09:46,sl1|ver=0.1.0|variant=baseline|cfg=ema9_atr14_buf0.1_chase1_win3_tgt1.5_hold20_t935-1500_ent2_loss2_dd2_dirboth_risk100|setup_id=ir:0.1.0:NASDAQ:META:1:1780580640000:short|bars_to_confirm=2|signal_close=630.475|trigger=631.05|stop=632.56|target_r=1.5|risk_ps=2.085|atr=1.868754|vwap_dist_atr=0.745823|tick=0.01,630.55,47,29635.85,-94.94,-0.32,0,55.93,0.19,-94.94,-0.32,2376.71,2.38,3
246,Exit short,2026-06-04 12:25,sl1|exit_reason=target,634.71,122,77582.24,147.62,0.19,0,147.62,0.19,-21.96,-0.03,2524.33,2.52,3
246,Entry short,2026-06-04 12:22,sl1|ver=0.1.0|variant=baseline|cfg=ema9_atr14_buf0.1_chase1_win3_tgt1.5_hold20_t935-1500_ent2_loss2_dd2_dirboth_risk100|setup_id=ir:0.1.0:NASDAQ:META:1:1780590060000:short|bars_to_confirm=1|signal_close=635.915|trigger=636.05|stop=636.73|target_r=1.5|risk_ps=0.815|atr=0.926745|vwap_dist_atr=0.519045|tick=0.01,635.92,122,77582.24,147.62,0.19,0,147.62,0.19,-21.96,-0.03,2524.33,2.52,3
247,Exit short,2026-06-05 09:46,sl1|exit_reason=target,622.79,61,38160.38,170.19,0.45,0,170.19,0.45,-35.38,-0.09,2694.52,2.69,5
247,Entry short,2026-06-05 09:41,sl1|ver=0.1.0|variant=baseline|cfg=ema9_atr14_buf0.1_chase1_win3_tgt1.5_hold20_t935-1500_ent2_loss2_dd2_dirboth_risk100|setup_id=ir:0.1.0:NASDAQ:META:1:1780666800000:short|bars_to_confirm=1|signal_close=625.82|trigger=625.965|stop=627.44|target_r=1.5|risk_ps=1.62|atr=1.496875|vwap_dist_atr=0.33433|tick=0.01,625.58,61,38160.38,170.19,0.45,0,170.19,0.45,-35.38,-0.09,2694.52,2.69,5
248,Exit short,2026-06-08 12:03,sl1|exit_reason=stop,587.69,174,102155.4,-102.66,-0.10,0,10.44,0.01,-102.66,-0.10,2591.86,2.59,1
248,Entry short,2026-06-08 12:02,sl1|ver=0.1.0|variant=baseline|cfg=ema9_atr14_buf0.1_chase1_win3_tgt1.5_hold20_t935-1500_ent2_loss2_dd2_dirboth_risk100|setup_id=ir:0.1.0:NASDAQ:META:1:1780934460000:short|bars_to_confirm=1|signal_close=587.165|trigger=587.18|stop=587.68|target_r=1.5|risk_ps=0.515|atr=0.570044|vwap_dist_atr=0.364474|tick=0.01,587.1,174,102155.4,-102.66,-0.10,0,10.44,0.01,-102.66,-0.10,2591.86,2.59,1
249,Exit short,2026-06-08 13:10,sl1|exit_reason=target,585.29,116,68067.64,174,0.26,0,174,0.26,-82.36,-0.12,2765.86,2.77,18
249,Entry short,2026-06-08 12:52,sl1|ver=0.1.0|variant=baseline|cfg=ema9_atr14_buf0.1_chase1_win3_tgt1.5_hold20_t935-1500_ent2_loss2_dd2_dirboth_risk100|setup_id=ir:0.1.0:NASDAQ:META:1:1780937460000:short|bars_to_confirm=1|signal_close=586.935|trigger=586.955|stop=587.79|target_r=1.5|risk_ps=0.855|atr=0.629938|vwap_dist_atr=0.799748|tick=0.01,586.79,116,68067.64,174,0.26,0,174,0.26,-82.36,-0.12,2765.86,2.77,18
250,Exit short,2026-06-09 10:22,sl1|exit_reason=stop,594.76,68,40339.64,-104.04,-0.26,0,70.72,0.18,-104.04,-0.26,2661.82,2.66,5
250,Entry short,2026-06-09 10:17,sl1|ver=0.1.0|variant=baseline|cfg=ema9_atr14_buf0.1_chase1_win3_tgt1.5_hold20_t935-1500_ent2_loss2_dd2_dirboth_risk100|setup_id=ir:0.1.0:NASDAQ:META:1:1781014560000:short|bars_to_confirm=1|signal_close=593.28|trigger=593.62|stop=594.75|target_r=1.5|risk_ps=1.47|atr=1.111776|vwap_dist_atr=0.401344|tick=0.01,593.23,68,40339.64,-104.04,-0.26,0,70.72,0.18,-104.04,-0.26,2661.82,2.66,5
251,Exit short,2026-06-09 10:48,sl1|exit_reason=target,591.29,78,46286.76,166.14,0.36,0,166.14,0.36,-14.82,-0.03,2827.96,2.83,1
251,Entry short,2026-06-09 10:47,sl1|ver=0.1.0|variant=baseline|cfg=ema9_atr14_buf0.1_chase1_win3_tgt1.5_hold20_t935-1500_ent2_loss2_dd2_dirboth_risk100|setup_id=ir:0.1.0:NASDAQ:META:1:1781016360000:short|bars_to_confirm=1|signal_close=593.5599|trigger=593.66|stop=594.84|target_r=1.5|risk_ps=1.2801|atr=0.919276|vwap_dist_atr=0.493314|tick=0.01,593.42,78,46286.76,166.14,0.36,0,166.14,0.36,-14.82,-0.03,2827.96,2.83,1
252,Exit short,2026-06-10 10:29,sl1|exit_reason=time,583.44,41,24005.5,84.46,0.35,0,96.76,0.40,-50.84,-0.21,2912.42,2.91,20
252,Entry short,2026-06-10 10:09,sl1|ver=0.1.0|variant=baseline|cfg=ema9_atr14_buf0.1_chase1_win3_tgt1.5_hold20_t935-1500_ent2_loss2_dd2_dirboth_risk100|setup_id=ir:0.1.0:NASDAQ:META:1:1781100480000:short|bars_to_confirm=1|signal_close=585.51|trigger=586.1501|stop=587.91|target_r=1.5|risk_ps=2.4|atr=1.319854|vwap_dist_atr=0.98199|tick=0.01,585.5,41,24005.5,84.46,0.35,0,96.76,0.40,-50.84,-0.21,2912.42,2.91,20
253,Exit short,2026-06-11 10:11,sl1|exit_reason=target,560.61,64,36035.2,156.16,0.43,0,156.16,0.43,-55.68,-0.15,3068.58,3.07,5
253,Entry short,2026-06-11 10:06,sl1|ver=0.1.0|variant=baseline|cfg=ema9_atr14_buf0.1_chase1_win3_tgt1.5_hold20_t935-1500_ent2_loss2_dd2_dirboth_risk100|setup_id=ir:0.1.0:NASDAQ:META:1:1781186700000:short|bars_to_confirm=1|signal_close=563.12|trigger=563.84|stop=564.68|target_r=1.5|risk_ps=1.56|atr=1.228826|vwap_dist_atr=0.841745|tick=0.01,563.05,64,36035.2,156.16,0.43,0,156.16,0.43,-55.68,-0.15,3068.58,3.07,5
254,Exit short,2026-06-12 13:27,sl1|exit_reason=target,567.37,158,89824.58,180.12,0.20,0,180.12,0.20,-55.3,-0.06,3248.7,3.25,8
254,Entry short,2026-06-12 13:19,sl1|ver=0.1.0|variant=baseline|cfg=ema9_atr14_buf0.1_chase1_win3_tgt1.5_hold20_t935-1500_ent2_loss2_dd2_dirboth_risk100|setup_id=ir:0.1.0:NASDAQ:META:1:1781284680000:short|bars_to_confirm=1|signal_close=568.64|trigger=568.81|stop=569.27|target_r=1.5|risk_ps=0.63|atr=0.682694|vwap_dist_atr=0.612189|tick=0.01,568.51,158,89824.58,180.12,0.20,0,180.12,0.20,-55.3,-0.06,3248.7,3.25,8
255,Exit short,2026-06-16 10:17,sl1|exit_reason=target,597.11,60,35974.2,147.6,0.41,0,147.6,0.41,-15,-0.04,3396.3,3.40,2
255,Entry short,2026-06-16 10:15,sl1|ver=0.1.0|variant=baseline|cfg=ema9_atr14_buf0.1_chase1_win3_tgt1.5_hold20_t935-1500_ent2_loss2_dd2_dirboth_risk100|setup_id=ir:0.1.0:NASDAQ:META:1:1781619240000:short|bars_to_confirm=1|signal_close=599.57|trigger=599.9916|stop=601.21|target_r=1.5|risk_ps=1.64|atr=1.376999|vwap_dist_atr=0.757575|tick=0.01,599.57,60,35974.2,147.6,0.41,0,147.6,0.41,-15,-0.04,3396.3,3.40,2
256,Exit long,2026-06-18 10:26,sl1|exit_reason=time,572.11,59,33730.3,24.19,0.07,0,101.48,0.30,-73.75,-0.22,3420.49,3.42,20
256,Entry long,2026-06-18 10:06,sl1|ver=0.1.0|variant=baseline|cfg=ema9_atr14_buf0.1_chase1_win3_tgt1.5_hold20_t935-1500_ent2_loss2_dd2_dirboth_risk100|setup_id=ir:0.1.0:NASDAQ:META:1:1781791500000:long|bars_to_confirm=1|signal_close=571.54|trigger=571.2|stop=569.85|target_r=1.5|risk_ps=1.69|atr=1.489319|vwap_dist_atr=0.535347|tick=0.01,571.7,59,33730.3,24.19,0.07,0,101.48,0.30,-73.75,-0.22,3420.49,3.42,20
257,Exit long,2026-06-18 11:16,sl1|exit_reason=time,571.36,60,34285.8,-4.2,-0.01,0,119.4,0.35,-45,-0.13,3416.29,3.42,20
257,Entry long,2026-06-18 10:56,sl1|ver=0.1.0|variant=baseline|cfg=ema9_atr14_buf0.1_chase1_win3_tgt1.5_hold20_t935-1500_ent2_loss2_dd2_dirboth_risk100|setup_id=ir:0.1.0:NASDAQ:META:1:1781794500000:long|bars_to_confirm=1|signal_close=571.42|trigger=571.29|stop=569.78|target_r=1.5|risk_ps=1.64|atr=0.830113|vwap_dist_atr=0.605669|tick=0.01,571.43,60,34285.8,-4.2,-0.01,0,119.4,0.35,-45,-0.13,3416.29,3.42,20
258,Exit short,2026-06-22 15:00,sl1|exit_reason=target,564.83,182,102913.72,114.66,0.11,0,114.66,0.11,-10.92,-0.01,3530.95,3.53,8
258,Entry short,2026-06-22 14:52,sl1|ver=0.1.0|variant=baseline|cfg=ema9_atr14_buf0.1_chase1_win3_tgt1.5_hold20_t935-1500_ent2_loss2_dd2_dirboth_risk100|setup_id=ir:0.1.0:NASDAQ:META:1:1782154260000:short|bars_to_confirm=1|signal_close=565.4419|trigger=565.57|stop=565.88|target_r=1.5|risk_ps=0.4381|atr=0.291679|vwap_dist_atr=0.921407|tick=0.01,565.46,182,102913.72,114.66,0.11,0,114.66,0.11,-10.92,-0.01,3530.95,3.53,8
259,Exit long,2026-06-23 12:51,sl1|exit_reason=stop,566.05,126,71428.14,-105.84,-0.15,0,0,0.00,-105.84,-0.15,3425.11,3.43,0
259,Entry long,2026-06-23 12:51,sl1|ver=0.1.0|variant=baseline|cfg=ema9_atr14_buf0.1_chase1_win3_tgt1.5_hold20_t935-1500_ent2_loss2_dd2_dirboth_risk100|setup_id=ir:0.1.0:NASDAQ:META:1:1782233400000:long|bars_to_confirm=1|signal_close=566.85|trigger=566.78|stop=566.06|target_r=1.5|risk_ps=0.79|atr=0.880116|vwap_dist_atr=0.593989|tick=0.01,566.89,126,71428.14,-105.84,-0.15,0,0,0.00,-105.84,-0.15,3425.11,3.43,0
260,Exit long,2026-06-23 13:37,sl1|exit_reason=target,567.15,182,103099.36,121.94,0.12,0,121.94,0.12,-18.2,-0.02,3547.05,3.55,1
260,Entry long,2026-06-23 13:36,sl1|ver=0.1.0|variant=baseline|cfg=ema9_atr14_buf0.1_chase1_win3_tgt1.5_hold20_t935-1500_ent2_loss2_dd2_dirboth_risk100|setup_id=ir:0.1.0:NASDAQ:META:1:1782236100000:long|bars_to_confirm=1|signal_close=566.525|trigger=566.39|stop=566.04|target_r=1.5|risk_ps=0.485|atr=0.490622|vwap_dist_atr=0.608567|tick=0.01,566.48,182,103099.36,121.94,0.12,0,121.94,0.12,-18.2,-0.02,3547.05,3.55,1
261,Exit short,2026-06-24 10:06,sl1|exit_reason=time,561.28,44,24773.32,77,0.31,0,110,0.44,-57.2,-0.23,3624.05,3.62,20
261,Entry short,2026-06-24 09:46,sl1|ver=0.1.0|variant=baseline|cfg=ema9_atr14_buf0.1_chase1_win3_tgt1.5_hold20_t935-1500_ent2_loss2_dd2_dirboth_risk100|setup_id=ir:0.1.0:NASDAQ:META:1:1782308700000:short|bars_to_confirm=1|signal_close=562.99|trigger=563.5|stop=565.26|target_r=1.5|risk_ps=2.27|atr=1.397742|vwap_dist_atr=0.774402|tick=0.01,563.03,44,24773.32,77,0.31,0,110,0.44,-57.2,-0.23,3624.05,3.62,20
262,Exit long,2026-06-24 10:26,sl1|exit_reason=stop,561.81,58,32677.78,-92.8,-0.28,0,17.98,0.06,-92.8,-0.28,3531.25,3.53,3
262,Entry long,2026-06-24 10:23,sl1|ver=0.1.0|variant=baseline|cfg=ema9_atr14_buf0.1_chase1_win3_tgt1.5_hold20_t935-1500_ent2_loss2_dd2_dirboth_risk100|setup_id=ir:0.1.0:NASDAQ:META:1:1782310920000:long|bars_to_confirm=1|signal_close=563.52|trigger=563.43|stop=561.82|target_r=1.5|risk_ps=1.7|atr=1.005556|vwap_dist_atr=0.407405|tick=0.01,563.41,58,32677.78,-92.8,-0.28,0,17.98,0.06,-92.8,-0.28,3531.25,3.53,3
263,Exit long,2026-06-25 10:12,sl1|exit_reason=target,551.44,48,26319.84,149.28,0.57,0,149.28,0.57,-77.76,-0.30,3680.53,3.68,15
263,Entry long,2026-06-25 09:57,sl1|ver=0.1.0|variant=baseline|cfg=ema9_atr14_buf0.1_chase1_win3_tgt1.5_hold20_t935-1500_ent2_loss2_dd2_dirboth_risk100|setup_id=ir:0.1.0:NASDAQ:META:1:1782395760000:long|bars_to_confirm=1|signal_close=548.32|trigger=547.8904|stop=546.26|target_r=1.5|risk_ps=2.06|atr=1.534552|vwap_dist_atr=0.968783|tick=0.01,548.33,48,26319.84,149.28,0.57,0,149.28,0.57,-77.76,-0.30,3680.53,3.68,15
264,Exit short,2026-06-25 12:06,sl1|exit_reason=stop,549.93,81,44445.51,-98.82,-0.22,0,26.73,0.06,-98.82,-0.22,3581.71,3.58,3
264,Entry short,2026-06-25 12:03,sl1|ver=0.1.0|variant=baseline|cfg=ema9_atr14_buf0.1_chase1_win3_tgt1.5_hold20_t935-1500_ent2_loss2_dd2_dirboth_risk100|setup_id=ir:0.1.0:NASDAQ:META:1:1782403320000:short|bars_to_confirm=1|signal_close=548.7|trigger=548.88|stop=549.92|target_r=1.5|risk_ps=1.22|atr=0.728195|vwap_dist_atr=0.857947|tick=0.01,548.71,81,44445.51,-98.82,-0.22,0,26.73,0.06,-98.82,-0.22,3581.71,3.58,3
265,Exit long,2026-06-26 10:09,sl1|exit_reason=target,546.99,53,28834.65,155.82,0.54,0,155.82,0.54,-97.52,-0.34,3737.53,3.74,12
265,Entry long,2026-06-26 09:57,sl1|ver=0.1.0|variant=baseline|cfg=ema9_atr14_buf0.1_chase1_win3_tgt1.5_hold20_t935-1500_ent2_loss2_dd2_dirboth_risk100|setup_id=ir:0.1.0:NASDAQ:META:1:1782482040000:long|bars_to_confirm=3|signal_close=543.97|trigger=543.24|stop=542.09|target_r=1.5|risk_ps=1.88|atr=1.185332|vwap_dist_atr=0.846548|tick=0.01,544.05,53,28834.65,155.82,0.54,0,155.82,0.54,-97.52,-0.34,3737.53,3.74,12
266,Exit short,2026-06-26 15:02,sl1|exit_reason=stop,550.64,156,85807.8,-92.04,-0.11,0,26.52,0.03,-92.04,-0.11,3645.49,3.65,4
266,Entry short,2026-06-26 14:58,sl1|ver=0.1.0|variant=baseline|cfg=ema9_atr14_buf0.1_chase1_win3_tgt1.5_hold20_t935-1500_ent2_loss2_dd2_dirboth_risk100|setup_id=ir:0.1.0:NASDAQ:META:1:1782500220000:short|bars_to_confirm=1|signal_close=549.99|trigger=550.0395|stop=550.63|target_r=1.5|risk_ps=0.64|atr=0.510308|vwap_dist_atr=0.93323|tick=0.01,550.05,156,85807.8,-92.04,-0.11,0,26.52,0.03,-92.04,-0.11,3645.49,3.65,4
267,Exit short,2026-06-29 10:16,sl1|exit_reason=stop,566.88,59,33344.44,-101.48,-0.30,0,38.94,0.12,-101.48,-0.30,3544.01,3.54,5
267,Entry short,2026-06-29 10:11,sl1|ver=0.1.0|variant=baseline|cfg=ema9_atr14_buf0.1_chase1_win3_tgt1.5_hold20_t935-1500_ent2_loss2_dd2_dirboth_risk100|setup_id=ir:0.1.0:NASDAQ:META:1:1782742200000:short|bars_to_confirm=1|signal_close=565.2|trigger=565.575|stop=566.87|target_r=1.5|risk_ps=1.67|atr=1.360643|vwap_dist_atr=0.44696|tick=0.01,565.16,59,33344.44,-101.48,-0.30,0,38.94,0.12,-101.48,-0.30,3544.01,3.54,5
268,Exit short,2026-06-29 10:52,sl1|exit_reason=stop,567.42,60,33947.4,-97.8,-0.29,0,41.4,0.12,-97.8,-0.29,3446.21,3.45,4
268,Entry short,2026-06-29 10:48,sl1|ver=0.1.0|variant=baseline|cfg=ema9_atr14_buf0.1_chase1_win3_tgt1.5_hold20_t935-1500_ent2_loss2_dd2_dirboth_risk100|setup_id=ir:0.1.0:NASDAQ:META:1:1782744420000:short|bars_to_confirm=1|signal_close=565.75|trigger=565.94|stop=567.41|target_r=1.5|risk_ps=1.66|atr=1.046915|vwap_dist_atr=0.506935|tick=0.01,565.79,60,33947.4,-97.8,-0.29,0,41.4,0.12,-97.8,-0.29,3446.21,3.45,4
269,Exit short,2026-06-30 12:27,sl1|exit_reason=stop,556.15,185,102784.15,-103.6,-0.10,0,66.6,0.06,-103.6,-0.10,3342.61,3.34,5
269,Entry short,2026-06-30 12:22,sl1|ver=0.1.0|variant=baseline|cfg=ema9_atr14_buf0.1_chase1_win3_tgt1.5_hold20_t935-1500_ent2_loss2_dd2_dirboth_risk100|setup_id=ir:0.1.0:NASDAQ:META:1:1782836460000:short|bars_to_confirm=1|signal_close=555.6|trigger=555.63|stop=556.14|target_r=1.5|risk_ps=0.54|atr=0.404557|vwap_dist_atr=0.631811|tick=0.01,555.59,185,102784.15,-103.6,-0.10,0,66.6,0.06,-103.6,-0.10,3342.61,3.34,5
270,Exit long,2026-06-30 12:41,sl1|exit_reason=target,557.44,130,72315.1,152.1,0.21,0,152.1,0.21,-48.1,-0.07,3494.71,3.49,12
270,Entry long,2026-06-30 12:29,sl1|ver=0.1.0|variant=baseline|cfg=ema9_atr14_buf0.1_chase1_win3_tgt1.5_hold20_t935-1500_ent2_loss2_dd2_dirboth_risk100|setup_id=ir:0.1.0:NASDAQ:META:1:1782836880000:long|bars_to_confirm=1|signal_close=556.255|trigger=556.199|stop=555.49|target_r=1.5|risk_ps=0.765|atr=0.419394|vwap_dist_atr=0.956155|tick=0.01,556.27,130,72315.1,152.1,0.21,0,152.1,0.21,-48.1,-0.07,3494.71,3.49,12
271,Exit short,2026-07-01 10:00,sl1|exit_reason=stop,607.81,16,9631.52,-93.44,-0.97,0,79.52,0.83,-93.44,-0.97,3401.27,3.40,15
271,Entry short,2026-07-01 09:45,sl1|ver=0.1.0|variant=baseline|cfg=ema9_atr14_buf0.1_chase1_win3_tgt1.5_hold20_t935-1500_ent2_loss2_dd2_dirboth_risk100|setup_id=ir:0.1.0:NASDAQ:META:1:1782913440000:short|bars_to_confirm=1|signal_close=601.895|trigger=602.26|stop=607.8|target_r=1.5|risk_ps=5.905|atr=3.689707|vwap_dist_atr=0.372743|tick=0.01,601.97,16,9631.52,-93.44,-0.97,0,79.52,0.83,-93.44,-0.97,3401.27,3.40,15
272,Exit long,2026-07-06 11:15,sl1|exit_reason=time,589.92,76,44790.6,43.32,0.10,0,110.96,0.25,-91.96,-0.21,3444.59,3.44,20
272,Entry long,2026-07-06 10:55,sl1|ver=0.1.0|variant=baseline|cfg=ema9_atr14_buf0.1_chase1_win3_tgt1.5_hold20_t935-1500_ent2_loss2_dd2_dirboth_risk100|setup_id=ir:0.1.0:NASDAQ:META:1:1783349580000:long|bars_to_confirm=2|signal_close=589.335|trigger=589.01|stop=588.03|target_r=1.5|risk_ps=1.305|atr=0.818879|vwap_dist_atr=0.991549|tick=0.01,589.35,76,44790.6,43.32,0.10,0,110.96,0.25,-91.96,-0.21,3444.59,3.44,20
273,Exit long,2026-07-08 10:35,sl1|exit_reason=stop,603.48,44,26638.92,-85.8,-0.32,0,35.2,0.13,-85.8,-0.32,3358.79,3.36,13
273,Entry long,2026-07-08 10:22,sl1|ver=0.1.0|variant=baseline|cfg=ema9_atr14_buf0.1_chase1_win3_tgt1.5_hold20_t935-1500_ent2_loss2_dd2_dirboth_risk100|setup_id=ir:0.1.0:NASDAQ:META:1:1783520460000:long|bars_to_confirm=1|signal_close=605.73|trigger=605.47|stop=603.49|target_r=1.5|risk_ps=2.24|atr=1.1475|vwap_dist_atr=0.412333|tick=0.01,605.43,44,26638.92,-85.8,-0.32,0,35.2,0.13,-85.8,-0.32,3358.79,3.36,13
274,Exit long,2026-07-08 12:22,sl1|exit_reason=stop,603.9,138,83448.6,-110.4,-0.13,0,100.74,0.12,-110.4,-0.13,3248.39,3.25,11
274,Entry long,2026-07-08 12:11,sl1|ver=0.1.0|variant=baseline|cfg=ema9_atr14_buf0.1_chase1_win3_tgt1.5_hold20_t935-1500_ent2_loss2_dd2_dirboth_risk100|setup_id=ir:0.1.0:NASDAQ:META:1:1783527000000:long|bars_to_confirm=1|signal_close=604.6303|trigger=604.32|stop=603.91|target_r=1.5|risk_ps=0.7203|atr=0.52041|vwap_dist_atr=0.755934|tick=0.01,604.7,138,83448.6,-110.4,-0.13,0,100.74,0.12,-110.4,-0.13,3248.39,3.25,11
275,Exit long,2026-07-09 09:42,sl1|exit_reason=target,589.03,21,12224.1,145.53,1.19,0,145.53,1.19,-4.2,-0.03,3393.92,3.39,5
275,Entry long,2026-07-09 09:37,sl1|ver=0.1.0|variant=baseline|cfg=ema9_atr14_buf0.1_chase1_win3_tgt1.5_hold20_t935-1500_ent2_loss2_dd2_dirboth_risk100|setup_id=ir:0.1.0:NASDAQ:META:1:1783604040000:long|bars_to_confirm=3|signal_close=582.085|trigger=581.8|stop=577.48|target_r=1.5|risk_ps=4.605|atr=1.815111|vwap_dist_atr=0.730652|tick=0.01,582.1,21,12224.1,145.53,1.19,0,145.53,1.19,-4.2,-0.03,3393.92,3.39,5
276,Exit short,2026-07-10 09:57,sl1|exit_reason=stop,673.36,12,7982.4,-97.92,-1.23,0,24.96,0.31,-97.92,-1.23,3296,3.30,15
276,Entry short,2026-07-10 09:42,sl1|ver=0.1.0|variant=baseline|cfg=ema9_atr14_buf0.1_chase1_win3_tgt1.5_hold20_t935-1500_ent2_loss2_dd2_dirboth_risk100|setup_id=ir:0.1.0:NASDAQ:META:1:1783690860000:short|bars_to_confirm=1|signal_close=665.205|trigger=667.42|stop=673.35|target_r=1.5|risk_ps=8.145|atr=3.702781|vwap_dist_atr=0.964045|tick=0.01,665.2,12,7982.4,-97.92,-1.23,0,24.96,0.31,-97.92,-1.23,3296,3.30,15
277,Exit short,2026-07-10 10:25,sl1|exit_reason=target,662.44,29,19364.17,153.41,0.79,0,153.41,0.79,-31.03,-0.16,3449.41,3.45,11
277,Entry short,2026-07-10 10:14,sl1|ver=0.1.0|variant=baseline|cfg=ema9_atr14_buf0.1_chase1_win3_tgt1.5_hold20_t935-1500_ent2_loss2_dd2_dirboth_risk100|setup_id=ir:0.1.0:NASDAQ:META:1:1783692780000:short|bars_to_confirm=1|signal_close=667.9|trigger=667.93|stop=671.26|target_r=1.5|risk_ps=3.36|atr=2.564788|vwap_dist_atr=0.677196|tick=0.01,667.73,29,19364.17,153.41,0.79,0,153.41,0.79,-31.03,-0.16,3449.41,3.45,11
278,Exit short,2026-07-14 10:09,sl1|exit_reason=stop,658.33,44,28867.52,-99,-0.34,0,23.32,0.08,-99,-0.34,3350.41,3.35,0
278,Entry short,2026-07-14 10:09,sl1|ver=0.1.0|variant=baseline|cfg=ema9_atr14_buf0.1_chase1_win3_tgt1.5_hold20_t935-1500_ent2_loss2_dd2_dirboth_risk100|setup_id=ir:0.1.0:NASDAQ:META:1:1784038080000:short|bars_to_confirm=1|signal_close=656.09|trigger=656.98|stop=658.32|target_r=1.5|risk_ps=2.23|atr=1.918546|vwap_dist_atr=0.73655|tick=0.01,656.08,44,28867.52,-99,-0.34,0,23.32,0.08,-99,-0.34,3350.41,3.35,0
279,Exit short,2026-07-14 10:18,sl1|exit_reason=stop,658.32,53,34799.27,-91.69,-0.26,0,45.58,0.13,-91.69,-0.26,3258.72,3.26,5
279,Entry short,2026-07-14 10:13,sl1|ver=0.1.0|variant=baseline|cfg=ema9_atr14_buf0.1_chase1_win3_tgt1.5_hold20_t935-1500_ent2_loss2_dd2_dirboth_risk100|setup_id=ir:0.1.0:NASDAQ:META:1:1784038320000:short|bars_to_confirm=1|signal_close=656.45|trigger=657|stop=658.31|target_r=1.5|risk_ps=1.86|atr=1.917383|vwap_dist_atr=0.55002|tick=0.01,656.59,53,34799.27,-91.69,-0.26,0,45.58,0.13,-91.69,-0.26,3258.72,3.26,5
280,Exit short,2026-07-15 13:31,sl1|exit_reason=stop,675.8,66,44485.32,-117.48,-0.26,0,39.6,0.09,-117.48,-0.26,3141.24,3.14,11
280,Entry short,2026-07-15 13:20,sl1|ver=0.1.0|variant=baseline|cfg=ema9_atr14_buf0.1_chase1_win3_tgt1.5_hold20_t935-1500_ent2_loss2_dd2_dirboth_risk100|setup_id=ir:0.1.0:NASDAQ:META:1:1784135820000:short|bars_to_confirm=3|signal_close=674.28|trigger=674.5|stop=675.79|target_r=1.5|risk_ps=1.51|atr=0.881636|vwap_dist_atr=0.725717|tick=0.01,674.02,66,44485.32,-117.48,-0.26,0,39.6,0.09,-117.48,-0.26,3141.24,3.14,11
281,Exit long,2026-07-15 15:00,sl1|exit_reason=target,676.8,134,90523.7,167.5,0.19,0,167.5,0.19,-6.7,-0.01,3308.74,3.31,3
281,Entry long,2026-07-15 14:57,sl1|ver=0.1.0|variant=baseline|cfg=ema9_atr14_buf0.1_chase1_win3_tgt1.5_hold20_t935-1500_ent2_loss2_dd2_dirboth_risk100|setup_id=ir:0.1.0:NASDAQ:META:1:1784141760000:long|bars_to_confirm=1|signal_close=675.465|trigger=675.29|stop=674.72|target_r=1.5|risk_ps=0.745|atr=0.686926|vwap_dist_atr=0.674378|tick=0.01,675.55,134,90523.7,167.5,0.19,0,167.5,0.19,-6.7,-0.01,3308.74,3.31,3
282,Exit long,2026-07-16 10:27,sl1|exit_reason=target,676.19,58,39064.74,154.28,0.39,0,154.28,0.39,-0.58,0.00,3463.02,3.46,7
282,Entry long,2026-07-16 10:20,sl1|ver=0.1.0|variant=baseline|cfg=ema9_atr14_buf0.1_chase1_win3_tgt1.5_hold20_t935-1500_ent2_loss2_dd2_dirboth_risk100|setup_id=ir:0.1.0:NASDAQ:META:1:1784211540000:long|bars_to_confirm=1|signal_close=673.47|trigger=673.2899|stop=671.76|target_r=1.5|risk_ps=1.71|atr=1.32508|vwap_dist_atr=0.684586|tick=0.01,673.53,58,39064.74,154.28,0.39,0,154.28,0.39,-0.58,0.00,3463.02,3.46,7
283,Exit short,2026-07-20 09:44,sl1|exit_reason=stop,645.6,28,17967.32,-109.48,-0.61,0,91.84,0.51,-109.48,-0.61,3353.54,3.35,9
283,Entry short,2026-07-20 09:35,sl1|ver=0.1.0|variant=baseline|cfg=ema9_atr14_buf0.1_chase1_win3_tgt1.5_hold20_t935-1500_ent2_loss2_dd2_dirboth_risk100|setup_id=ir:0.1.0:NASDAQ:META:1:1784554440000:short|bars_to_confirm=1|signal_close=642.03|trigger=642.65|stop=645.59|target_r=1.5|risk_ps=3.56|atr=1.708038|vwap_dist_atr=0.728894|tick=0.01,641.69,28,17967.32,-109.48,-0.61,0,91.84,0.51,-109.48,-0.61,3353.54,3.35,9
284,Exit short,2026-07-20 09:56,sl1|exit_reason=target,638.85,50,32080.5,138,0.43,0,138,0.43,-3.5,-0.01,3491.54,3.49,4
284,Entry short,2026-07-20 09:52,sl1|ver=0.1.0|variant=baseline|cfg=ema9_atr14_buf0.1_chase1_win3_tgt1.5_hold20_t935-1500_ent2_loss2_dd2_dirboth_risk100|setup_id=ir:0.1.0:NASDAQ:META:1:1784555460000:short|bars_to_confirm=1|signal_close=641.4534|trigger=641.62|stop=643.45|target_r=1.5|risk_ps=1.9966|atr=1.852792|vwap_dist_atr=0.761951|tick=0.01,641.61,50,32080.5,138,0.43,0,138,0.43,-3.5,-0.01,3491.54,3.49,4
285,Exit long,2026-07-21 10:05,sl1|exit_reason=time,648.99,38,24662.38,-0.76,0.00,0,81.32,0.33,-72.58,-0.29,3490.78,3.49,20
285,Entry long,2026-07-21 09:45,sl1|ver=0.1.0|variant=baseline|cfg=ema9_atr14_buf0.1_chase1_win3_tgt1.5_hold20_t935-1500_ent2_loss2_dd2_dirboth_risk100|setup_id=ir:0.1.0:NASDAQ:META:1:1784641440000:long|bars_to_confirm=1|signal_close=648.79|trigger=647.83|stop=646.16|target_r=1.5|risk_ps=2.63|atr=2.064869|vwap_dist_atr=0.696487|tick=0.01,649.01,38,24662.38,-0.76,0.00,0,81.32,0.33,-72.58,-0.29,3490.78,3.49,20
286,Exit short,2026-07-21 10:32,sl1|exit_reason=time,647.3,50,32324,-41,-0.13,0,87.5,0.27,-78,-0.24,3449.78,3.45,20
286,Entry short,2026-07-21 10:12,sl1|ver=0.1.0|variant=baseline|cfg=ema9_atr14_buf0.1_chase1_win3_tgt1.5_hold20_t935-1500_ent2_loss2_dd2_dirboth_risk100|setup_id=ir:0.1.0:NASDAQ:META:1:1784643060000:short|bars_to_confirm=1|signal_close=646.35|trigger=646.74|stop=648.34|target_r=1.5|risk_ps=1.99|atr=1.426421|vwap_dist_atr=0.991879|tick=0.01,646.48,50,32324,-41,-0.13,0,87.5,0.27,-78,-0.24,3449.78,3.45,20
287,Exit long,2026-07-24 09:43,sl1|exit_reason=stop,603.56,42,25452.84,-103.32,-0.41,0,35.28,0.14,-103.32,-0.41,3346.46,3.35,6
287,Entry long,2026-07-24 09:37,sl1|ver=0.1.0|variant=baseline|cfg=ema9_atr14_buf0.1_chase1_win3_tgt1.5_hold20_t935-1500_ent2_loss2_dd2_dirboth_risk100|setup_id=ir:0.1.0:NASDAQ:META:1:1784900160000:long|bars_to_confirm=1|signal_close=605.905|trigger=605.5|stop=603.57|target_r=1.5|risk_ps=2.335|atr=1.402697|vwap_dist_atr=0.68908|tick=0.01,606.02,42,25452.84,-103.32,-0.41,0,35.28,0.14,-103.32,-0.41,3346.46,3.35,6
288,Exit short,2026-07-24 10:20,sl1|exit_reason=stop,604.77,49,29533.77,-99.96,-0.34,0,97.02,0.33,-99.96,-0.34,3246.5,3.25,13
288,Entry short,2026-07-24 10:07,sl1|ver=0.1.0|variant=baseline|cfg=ema9_atr14_buf0.1_chase1_win3_tgt1.5_hold20_t935-1500_ent2_loss2_dd2_dirboth_risk100|setup_id=ir:0.1.0:NASDAQ:META:1:1784901900000:short|bars_to_confirm=2|signal_close=602.725|trigger=602.84|stop=604.76|target_r=1.5|risk_ps=2.035|atr=1.240825|vwap_dist_atr=0.975623|tick=0.01,602.73,49,29533.77,-99.96,-0.34,0,97.02,0.33,-99.96,-0.34,3246.5,3.25,13
289,Exit long,2026-07-27 10:09,sl1|exit_reason=time,609.27,37,22424.22,118.77,0.53,0,125.06,0.56,-54.39,-0.24,3365.27,3.37,20
289,Entry long,2026-07-27 09:49,sl1|ver=0.1.0|variant=baseline|cfg=ema9_atr14_buf0.1_chase1_win3_tgt1.5_hold20_t935-1500_ent2_loss2_dd2_dirboth_risk100|setup_id=ir:0.1.0:NASDAQ:META:1:1785160080000:long|bars_to_confirm=1|signal_close=605.87|trigger=605.36|stop=603.2|target_r=1.5|risk_ps=2.67|atr=1.839334|vwap_dist_atr=0.630724|tick=0.01,606.06,37,22424.22,118.77,0.53,0,125.06,0.56,-54.39,-0.24,3365.27,3.37,20
290,Exit short,2026-07-27 11:34,sl1|exit_reason=target,603.72,121,73182.01,131.89,0.18,0,131.89,0.18,-10.89,-0.01,3497.16,3.50,0
290,Entry short,2026-07-27 11:34,sl1|ver=0.1.0|variant=baseline|cfg=ema9_atr14_buf0.1_chase1_win3_tgt1.5_hold20_t935-1500_ent2_loss2_dd2_dirboth_risk100|setup_id=ir:0.1.0:NASDAQ:META:1:1785166320000:short|bars_to_confirm=2|signal_close=604.95|trigger=605|stop=605.77|target_r=1.5|risk_ps=0.82|atr=0.66647|vwap_dist_atr=0.380319|tick=0.01,604.81,121,73182.01,131.89,0.18,0,131.89,0.18,-10.89,-0.01,3497.16,3.50,0
291,Exit long,2026-07-28 09:40,sl1|exit_reason=stop,596.22,30,17986.5,-99.9,-0.56,0,10.2,0.06,-99.9,-0.56,3397.26,3.40,3
291,Entry long,2026-07-28 09:37,sl1|ver=0.1.0|variant=baseline|cfg=ema9_atr14_buf0.1_chase1_win3_tgt1.5_hold20_t935-1500_ent2_loss2_dd2_dirboth_risk100|setup_id=ir:0.1.0:NASDAQ:META:1:1785245760000:long|bars_to_confirm=1|signal_close=599.54|trigger=599.08|stop=596.23|target_r=1.5|risk_ps=3.31|atr=1.601095|vwap_dist_atr=0.871787|tick=0.01,599.55,30,17986.5,-99.9,-0.56,0,10.2,0.06,-99.9,-0.56,3397.26,3.40,3
292,Exit short,2026-07-28 13:06,sl1|exit_reason=target,592.82,146,86697.72,146,0.17,0,146,0.17,-5.84,-0.01,3543.26,3.54,4
292,Entry short,2026-07-28 13:02,sl1|ver=0.1.0|variant=baseline|cfg=ema9_atr14_buf0.1_chase1_win3_tgt1.5_hold20_t935-1500_ent2_loss2_dd2_dirboth_risk100|setup_id=ir:0.1.0:NASDAQ:META:1:1785258060000:short|bars_to_confirm=1|signal_close=593.8097|trigger=593.84|stop=594.49|target_r=1.5|risk_ps=0.6803|atr=0.569016|vwap_dist_atr=0.316454|tick=0.01,593.82,146,86697.72,146,0.17,0,146,0.17,-5.84,-0.01,3543.26,3.54,4
293,Exit short,2026-07-29 09:51,sl1|exit_reason=target,588.41,63,37217.88,148.05,0.40,0,148.05,0.40,-96.39,-0.26,3691.31,3.69,6
293,Entry short,2026-07-29 09:45,sl1|ver=0.1.0|variant=baseline|cfg=ema9_atr14_buf0.1_chase1_win3_tgt1.5_hold20_t935-1500_ent2_loss2_dd2_dirboth_risk100|setup_id=ir:0.1.0:NASDAQ:META:1:1785332640000:short|bars_to_confirm=1|signal_close=590.75|trigger=590.9|stop=592.33|target_r=1.5|risk_ps=1.58|atr=1.361076|vwap_dist_atr=0.928418|tick=0.01,590.76,63,37217.88,148.05,0.40,0,148.05,0.40,-96.39,-0.26,3691.31,3.69,6
294,Exit short,2026-07-30 09:42,sl1|exit_reason=stop,531.45,28,14780.64,-99.96,-0.68,0,2.8,0.02,-99.96,-0.68,3591.35,3.59,1
294,Entry short,2026-07-30 09:41,sl1|ver=0.1.0|variant=baseline|cfg=ema9_atr14_buf0.1_chase1_win3_tgt1.5_hold20_t935-1500_ent2_loss2_dd2_dirboth_risk100|setup_id=ir:0.1.0:NASDAQ:META:1:1785418800000:short|bars_to_confirm=1|signal_close=527.89|trigger=528.5|stop=531.44|target_r=1.5|risk_ps=3.55|atr=3.294255|vwap_dist_atr=0.726846|tick=0.01,527.88,28,14780.64,-99.96,-0.68,0,2.8,0.02,-99.96,-0.68,3591.35,3.59,1
295,Exit long,2026-07-30 09:50,sl1|exit_reason=target,535.98,34,18074.4,148.92,0.82,0,148.92,0.82,-41.14,-0.23,3740.27,3.74,6
295,Entry long,2026-07-30 09:44,sl1|ver=0.1.0|variant=baseline|cfg=ema9_atr14_buf0.1_chase1_win3_tgt1.5_hold20_t935-1500_ent2_loss2_dd2_dirboth_risk100|setup_id=ir:0.1.0:NASDAQ:META:1:1785418980000:long|bars_to_confirm=1|signal_close=531.595|trigger=531.5|stop=528.68|target_r=1.5|risk_ps=2.915|atr=3.072197|vwap_dist_atr=0.431481|tick=0.01,531.6,34,18074.4,148.92,0.82,0,148.92,0.82,-41.14,-0.23,3740.27,3.74,6
296,Exit short,2026-07-31 09:59,sl1|exit_reason=time,546.55,20,11011.6,80.6,0.73,0,101.4,0.92,-23,-0.21,3820.87,3.82,20
296,Entry short,2026-07-31 09:39,sl1|ver=0.1.0|variant=baseline|cfg=ema9_atr14_buf0.1_chase1_win3_tgt1.5_hold20_t935-1500_ent2_loss2_dd2_dirboth_risk100|setup_id=ir:0.1.0:NASDAQ:META:1:1785505020000:short|bars_to_confirm=2|signal_close=550.595|trigger=551.42|stop=555.57|target_r=1.5|risk_ps=4.975|atr=2.31624|vwap_dist_atr=0.797938|tick=0.01,550.58,20,11011.6,80.6,0.73,0,101.4,0.92,-23,-0.21,3820.87,3.82,20
297,Exit long,2026-07-31 11:02,sl1|exit_reason=target,552.52,56,30796.64,144.48,0.47,0,144.48,0.47,-65.52,-0.21,3965.35,3.97,15
297,Entry long,2026-07-31 10:47,sl1|ver=0.1.0|variant=baseline|cfg=ema9_atr14_buf0.1_chase1_win3_tgt1.5_hold20_t935-1500_ent2_loss2_dd2_dirboth_risk100|setup_id=ir:0.1.0:NASDAQ:META:1:1785509160000:long|bars_to_confirm=1|signal_close=549.98|trigger=549.43|stop=548.22|target_r=1.5|risk_ps=1.76|atr=1.275749|vwap_dist_atr=0.59025|tick=0.01,549.94,56,30796.64,144.48,0.47,0,144.48,0.47,-65.52,-0.21,3965.35,3.97,15
298,Exit short,2026-08-04 09:39,sl1|exit_reason=stop,584.13,36,20928.96,-99.72,-0.48,0,0,0.00,-99.72,-0.48,3865.63,3.87,0
298,Entry short,2026-08-04 09:39,sl1|ver=0.1.0|variant=baseline|cfg=ema9_atr14_buf0.1_chase1_win3_tgt1.5_hold20_t935-1500_ent2_loss2_dd2_dirboth_risk100|setup_id=ir:0.1.0:NASDAQ:META:1:1785850680000:short|bars_to_confirm=1|signal_close=581.365|trigger=581.72|stop=584.12|target_r=1.5|risk_ps=2.755|atr=1.841749|vwap_dist_atr=0.327971|tick=0.01,581.36,36,20928.96,-99.72,-0.48,0,0,0.00,-99.72,-0.48,3865.63,3.87,0
299,Exit short,2026-08-04 10:17,sl1|exit_reason=stop,584.31,78,45475.56,-100.62,-0.22,0,35.88,0.08,-100.62,-0.22,3765.01,3.77,6
299,Entry short,2026-08-04 10:11,sl1|ver=0.1.0|variant=baseline|cfg=ema9_atr14_buf0.1_chase1_win3_tgt1.5_hold20_t935-1500_ent2_loss2_dd2_dirboth_risk100|setup_id=ir:0.1.0:NASDAQ:META:1:1785852600000:short|bars_to_confirm=1|signal_close=583.03|trigger=583.1|stop=584.3|target_r=1.5|risk_ps=1.27|atr=1.221403|vwap_dist_atr=0.257434|tick=0.01,583.02,78,45475.56,-100.62,-0.22,0,35.88,0.08,-100.62,-0.22,3765.01,3.77,6
300,Exit long,2026-08-05 09:58,sl1|exit_reason=stop,594.62,35,20916.35,-104.65,-0.50,0,66.15,0.32,-104.65,-0.50,3660.36,3.66,15
300,Entry long,2026-08-05 09:43,sl1|ver=0.1.0|variant=baseline|cfg=ema9_atr14_buf0.1_chase1_win3_tgt1.5_hold20_t935-1500_ent2_loss2_dd2_dirboth_risk100|setup_id=ir:0.1.0:NASDAQ:META:1:1785937320000:long|bars_to_confirm=1|signal_close=597.465|trigger=596.54|stop=594.63|target_r=1.5|risk_ps=2.835|atr=2.173704|vwap_dist_atr=0.748387|tick=0.01,597.61,35,20916.35,-104.65,-0.50,0,66.15,0.32,-104.65,-0.50,3660.36,3.66,15
301,Exit short,2026-08-06 09:47,sl1|exit_reason=stop,590.75,77,45396.12,-91.63,-0.20,0,15.4,0.03,-91.63,-0.20,3568.73,3.57,2
301,Entry short,2026-08-06 09:45,sl1|ver=0.1.0|variant=baseline|cfg=ema9_atr14_buf0.1_chase1_win3_tgt1.5_hold20_t935-1500_ent2_loss2_dd2_dirboth_risk100|setup_id=ir:0.1.0:NASDAQ:META:1:1786023840000:short|bars_to_confirm=1|signal_close=589.45|trigger=589.46|stop=590.74|target_r=1.5|risk_ps=1.29|atr=1.952631|vwap_dist_atr=0.339112|tick=0.01,589.56,77,45396.12,-91.63,-0.20,0,15.4,0.03,-91.63,-0.20,3568.73,3.57,2
302,Exit long,2026-08-06 10:37,sl1|exit_reason=target,593.72,73,43202.13,139.43,0.32,0,139.43,0.32,-37.96,-0.09,3708.16,3.71,3
302,Entry long,2026-08-06 10:34,sl1|ver=0.1.0|variant=baseline|cfg=ema9_atr14_buf0.1_chase1_win3_tgt1.5_hold20_t935-1500_ent2_loss2_dd2_dirboth_risk100|setup_id=ir:0.1.0:NASDAQ:META:1:1786026780000:long|bars_to_confirm=1|signal_close=591.895|trigger=591.2|stop=590.54|target_r=1.5|risk_ps=1.355|atr=0.978466|vwap_dist_atr=0.863928|tick=0.01,591.81,73,43202.13,139.43,0.32,0,139.43,0.32,-37.96,-0.09,3708.16,3.71,3
303,Exit short,2026-08-07 12:34,sl1|exit_reason=stop,593.75,135,80057.7,-98.55,-0.12,0,47.25,0.06,-98.55,-0.12,3609.61,3.61,5
303,Entry short,2026-08-07 12:29,sl1|ver=0.1.0|variant=baseline|cfg=ema9_atr14_buf0.1_chase1_win3_tgt1.5_hold20_t935-1500_ent2_loss2_dd2_dirboth_risk100|setup_id=ir:0.1.0:NASDAQ:META:1:1786120020000:short|bars_to_confirm=2|signal_close=593|trigger=593.12|stop=593.74|target_r=1.5|risk_ps=0.74|atr=0.489636|vwap_dist_atr=0.773202|tick=0.01,593.02,135,80057.7,-98.55,-0.12,0,47.25,0.06,-98.55,-0.12,3609.61,3.61,5
304,Exit short,2026-08-07 12:59,sl1|exit_reason=target,592.45,174,103206.36,120.06,0.12,0,120.06,0.12,-1.74,0.00,3729.67,3.73,0
304,Entry short,2026-08-07 12:59,sl1|ver=0.1.0|variant=baseline|cfg=ema9_atr14_buf0.1_chase1_win3_tgt1.5_hold20_t935-1500_ent2_loss2_dd2_dirboth_risk100|setup_id=ir:0.1.0:NASDAQ:META:1:1786121880000:short|bars_to_confirm=1|signal_close=593.0975|trigger=593.3285|stop=593.53|target_r=1.5|risk_ps=0.4325|atr=0.389148|vwap_dist_atr=0.741694|tick=0.01,593.14,174,103206.36,120.06,0.12,0,120.06,0.12,-1.74,0.00,3729.67,3.73,0
305,Exit short,2026-08-10 09:45,sl1|exit_reason=target,595.39,56,33490.24,148.4,0.44,0,148.4,0.44,-2.8,-0.01,3878.07,3.88,2
305,Entry short,2026-08-10 09:43,sl1|ver=0.1.0|variant=baseline|cfg=ema9_atr14_buf0.1_chase1_win3_tgt1.5_hold20_t935-1500_ent2_loss2_dd2_dirboth_risk100|setup_id=ir:0.1.0:NASDAQ:META:1:1786369320000:short|bars_to_confirm=1|signal_close=598.055|trigger=598.2|stop=599.81|target_r=1.5|risk_ps=1.755|atr=1.945625|vwap_dist_atr=0.676597|tick=0.01,598.04,56,33490.24,148.4,0.44,0,148.4,0.44,-2.8,-0.01,3878.07,3.88,2
306,Exit short,2026-08-10 11:35,sl1|exit_reason=time,599.02,60,36004.8,63.6,0.18,0,106.8,0.30,-6,-0.02,3941.67,3.94,20
306,Entry short,2026-08-10 11:15,sl1|ver=0.1.0|variant=baseline|cfg=ema9_atr14_buf0.1_chase1_win3_tgt1.5_hold20_t935-1500_ent2_loss2_dd2_dirboth_risk100|setup_id=ir:0.1.0:NASDAQ:META:1:1786374780000:short|bars_to_confirm=2|signal_close=600.06|trigger=600.6|stop=601.72|target_r=1.5|risk_ps=1.66|atr=0.857819|vwap_dist_atr=0.773075|tick=0.01,600.08,60,36004.8,63.6,0.18,0,106.8,0.30,-6,-0.02,3941.67,3.94,20
307,Exit short,2026-08-11 11:57,sl1|exit_reason=time,605.46,55,33347.05,46.75,0.14,0,81.95,0.25,-37.95,-0.11,3988.42,3.99,20
307,Entry short,2026-08-11 11:37,sl1|ver=0.1.0|variant=baseline|cfg=ema9_atr14_buf0.1_chase1_win3_tgt1.5_hold20_t935-1500_ent2_loss2_dd2_dirboth_risk100|setup_id=ir:0.1.0:NASDAQ:META:1:1786462560000:short|bars_to_confirm=1|signal_close=606.21|trigger=606.37|stop=608.02|target_r=1.5|risk_ps=1.81|atr=0.859633|vwap_dist_atr=0.450718|tick=0.01,606.31,55,33347.05,46.75,0.14,0,81.95,0.25,-37.95,-0.11,3988.42,3.99,20
308,Exit short,2026-08-13 11:26,sl1|exit_reason=target,587.1,176,103456.32,126.72,0.12,0,126.72,0.12,-19.36,-0.02,4115.14,4.12,4
308,Entry short,2026-08-13 11:22,sl1|ver=0.1.0|variant=baseline|cfg=ema9_atr14_buf0.1_chase1_win3_tgt1.5_hold20_t935-1500_ent2_loss2_dd2_dirboth_risk100|setup_id=ir:0.1.0:NASDAQ:META:1:1786634460000:short|bars_to_confirm=1|signal_close=587.7501|trigger=587.77|stop=588.3|target_r=1.5|risk_ps=0.5499|atr=0.530623|vwap_dist_atr=0.502164|tick=0.01,587.82,176,103456.32,126.72,0.12,0,126.72,0.12,-19.36,-0.02,4115.14,4.12,4
309,Exit short,2026-08-14 10:15,sl1|exit_reason=stop,599.21,61,36463.97,-87.84,-0.24,0,15.86,0.04,-87.84,-0.24,4027.3,4.03,5
309,Entry short,2026-08-14 10:10,sl1|ver=0.1.0|variant=baseline|cfg=ema9_atr14_buf0.1_chase1_win3_tgt1.5_hold20_t935-1500_ent2_loss2_dd2_dirboth_risk100|setup_id=ir:0.1.0:NASDAQ:META:1:1786716420000:short|bars_to_confirm=3|signal_close=597.57|trigger=597.9|stop=599.2|target_r=1.5|risk_ps=1.63|atr=0.987551|vwap_dist_atr=0.863634|tick=0.01,597.77,61,36463.97,-87.84,-0.24,0,15.86,0.04,-87.84,-0.24,4027.3,4.03,5
310,Exit long,2026-08-14 10:20,sl1|exit_reason=stop,597.7,62,37157.84,-100.44,-0.27,0,35.96,0.10,-100.44,-0.27,3926.86,3.93,3
310,Entry long,2026-08-14 10:17,sl1|ver=0.1.0|variant=baseline|cfg=ema9_atr14_buf0.1_chase1_win3_tgt1.5_hold20_t935-1500_ent2_loss2_dd2_dirboth_risk100|setup_id=ir:0.1.0:NASDAQ:META:1:1786716960000:long|bars_to_confirm=1|signal_close=599.315|trigger=599.23|stop=597.71|target_r=1.5|risk_ps=1.605|atr=0.911622|vwap_dist_atr=0.964603|tick=0.01,599.32,62,37157.84,-100.44,-0.27,0,35.96,0.10,-100.44,-0.27,3926.86,3.93,3
311,Exit long,2026-08-18 11:07,sl1|exit_reason=target,552.59,74,40740.7,150.96,0.37,0,150.96,0.37,-37.74,-0.09,4077.82,4.08,6
311,Entry long,2026-08-18 11:01,sl1|ver=0.1.0|variant=baseline|cfg=ema9_atr14_buf0.1_chase1_win3_tgt1.5_hold20_t935-1500_ent2_loss2_dd2_dirboth_risk100|setup_id=ir:0.1.0:NASDAQ:META:1:1787065200000:long|bars_to_confirm=1|signal_close=550.54|trigger=550.17|stop=549.19|target_r=1.5|risk_ps=1.35|atr=0.803637|vwap_dist_atr=0.823502|tick=0.01,550.55,74,40740.7,150.96,0.37,0,150.96,0.37,-37.74,-0.09,4077.82,4.08,6
312,Exit short,2026-08-18 12:45,sl1|exit_reason=stop,550.99,133,73204.53,-77.14,-0.11,0,22.61,0.03,-77.14,-0.11,4000.68,4.00,2
312,Entry short,2026-08-18 12:43,sl1|ver=0.1.0|variant=baseline|cfg=ema9_atr14_buf0.1_chase1_win3_tgt1.5_hold20_t935-1500_ent2_loss2_dd2_dirboth_risk100|setup_id=ir:0.1.0:NASDAQ:META:1:1787071320000:short|bars_to_confirm=1|signal_close=550.23|trigger=550.37|stop=550.98|target_r=1.5|risk_ps=0.75|atr=0.566937|vwap_dist_atr=0.882392|tick=0.01,550.41,133,73204.53,-77.14,-0.11,0,22.61,0.03,-77.14,-0.11,4000.68,4.00,2
313,Exit long,2026-08-20 10:50,sl1|exit_reason=stop,545.39,107,58451.96,-95.23,-0.16,0,95.23,0.16,-95.23,-0.16,3905.45,3.91,12
313,Entry long,2026-08-20 10:38,sl1|ver=0.1.0|variant=baseline|cfg=ema9_atr14_buf0.1_chase1_win3_tgt1.5_hold20_t935-1500_ent2_loss2_dd2_dirboth_risk100|setup_id=ir:0.1.0:NASDAQ:META:1:1787236620000:long|bars_to_confirm=1|signal_close=546.33|trigger=546.2782|stop=545.4|target_r=1.5|risk_ps=0.93|atr=0.748069|vwap_dist_atr=0.43691|tick=0.01,546.28,107,58451.96,-95.23,-0.16,0,95.23,0.16,-95.23,-0.16,3905.45,3.91,12
314,Exit long,2026-08-20 12:48,sl1|exit_reason=stop,544.64,175,95420.5,-108.5,-0.11,0,94.5,0.10,-108.5,-0.11,3796.95,3.80,12
314,Entry long,2026-08-20 12:36,sl1|ver=0.1.0|variant=baseline|cfg=ema9_atr14_buf0.1_chase1_win3_tgt1.5_hold20_t935-1500_ent2_loss2_dd2_dirboth_risk100|setup_id=ir:0.1.0:NASDAQ:META:1:1787243700000:long|bars_to_confirm=1|signal_close=545.22|trigger=545.18|stop=544.65|target_r=1.5|risk_ps=0.57|atr=0.470177|vwap_dist_atr=0.484088|tick=0.01,545.26,175,95420.5,-108.5,-0.11,0,94.5,0.10,-108.5,-0.11,3796.95,3.80,12
315,Exit short,2026-08-21 13:57,sl1|exit_reason=stop,550.05,178,97812.78,-96.12,-0.10,0,0,0.00,-96.12,-0.10,3700.83,3.70,4
315,Entry short,2026-08-21 13:53,sl1|ver=0.1.0|variant=baseline|cfg=ema9_atr14_buf0.1_chase1_win3_tgt1.5_hold20_t935-1500_ent2_loss2_dd2_dirboth_risk100|setup_id=ir:0.1.0:NASDAQ:META:1:1787334720000:short|bars_to_confirm=1|signal_close=549.48|trigger=549.53|stop=550.04|target_r=1.5|risk_ps=0.56|atr=0.334897|vwap_dist_atr=0.798657|tick=0.01,549.51,178,97812.78,-96.12,-0.10,0,0,0.00,-96.12,-0.10,3700.83,3.70,4
316,Exit long,2026-08-21 14:46,sl1|exit_reason=target,550.12,188,103360.52,62.04,0.06,0,62.04,0.06,-20.68,-0.02,3762.87,3.76,2
316,Entry long,2026-08-21 14:44,sl1|ver=0.1.0|variant=baseline|cfg=ema9_atr14_buf0.1_chase1_win3_tgt1.5_hold20_t935-1500_ent2_loss2_dd2_dirboth_risk100|setup_id=ir:0.1.0:NASDAQ:META:1:1787337780000:long|bars_to_confirm=1|signal_close=549.775|trigger=549.771335|stop=549.57|target_r=1.5|risk_ps=0.205|atr=0.230986|vwap_dist_atr=0.259778|tick=0.01,549.79,188,103360.52,62.04,0.06,0,62.04,0.06,-20.68,-0.02,3762.87,3.76,2
317,Exit long,2026-08-24 10:02,sl1|exit_reason=target,554.06,51,28117.83,139.23,0.50,0,139.23,0.50,-78.54,-0.28,3902.1,3.90,10
317,Entry long,2026-08-24 09:52,sl1|ver=0.1.0|variant=baseline|cfg=ema9_atr14_buf0.1_chase1_win3_tgt1.5_hold20_t935-1500_ent2_loss2_dd2_dirboth_risk100|setup_id=ir:0.1.0:NASDAQ:META:1:1787579460000:long|bars_to_confirm=1|signal_close=551.45|trigger=550.85|stop=549.51|target_r=1.5|risk_ps=1.94|atr=1.398473|vwap_dist_atr=0.869279|tick=0.01,551.33,51,28117.83,139.23,0.50,0,139.23,0.50,-78.54,-0.28,3902.1,3.90,10
318,Exit short,2026-08-25 12:16,sl1|exit_reason=stop,565.36,183,103374.87,-86.01,-0.08,0,25.62,0.02,-86.01,-0.08,3816.09,3.82,7
318,Entry short,2026-08-25 12:09,sl1|ver=0.1.0|variant=baseline|cfg=ema9_atr14_buf0.1_chase1_win3_tgt1.5_hold20_t935-1500_ent2_loss2_dd2_dirboth_risk100|setup_id=ir:0.1.0:NASDAQ:META:1:1787673960000:short|bars_to_confirm=3|signal_close=564.84|trigger=564.865|stop=565.35|target_r=1.5|risk_ps=0.51|atr=0.450498|vwap_dist_atr=0.322735|tick=0.01,564.89,183,103374.87,-86.01,-0.08,0,25.62,0.02,-86.01,-0.08,3816.09,3.82,7
319,Exit short,2026-08-25 14:17,sl1|exit_reason=target,564.54,183,103395,84.18,0.08,0,84.18,0.08,-27.45,-0.03,3900.27,3.90,2
319,Entry short,2026-08-25 14:15,sl1|ver=0.1.0|variant=baseline|cfg=ema9_atr14_buf0.1_chase1_win3_tgt1.5_hold20_t935-1500_ent2_loss2_dd2_dirboth_risk100|setup_id=ir:0.1.0:NASDAQ:META:1:1787681580000:short|bars_to_confirm=2|signal_close=565.01|trigger=565.08|stop=565.31|target_r=1.5|risk_ps=0.3|atr=0.267104|vwap_dist_atr=0.594757|tick=0.01,565,183,103395,84.18,0.08,0,84.18,0.08,-27.45,-0.03,3900.27,3.90,2
320,Exit long,2026-08-26 10:07,sl1|exit_reason=stop,572.93,42,24159.66,-96.6,-0.40,0,30.66,0.13,-96.6,-0.40,3803.67,3.80,2
320,Entry long,2026-08-26 10:05,sl1|ver=0.1.0|variant=baseline|cfg=ema9_atr14_buf0.1_chase1_win3_tgt1.5_hold20_t935-1500_ent2_loss2_dd2_dirboth_risk100|setup_id=ir:0.1.0:NASDAQ:META:1:1787753040000:long|bars_to_confirm=1|signal_close=575.27|trigger=574.81|stop=572.94|target_r=1.5|risk_ps=2.33|atr=2.282364|vwap_dist_atr=0.30891|tick=0.01,575.23,42,24159.66,-96.6,-0.40,0,30.66,0.13,-96.6,-0.40,3803.67,3.80,2
321,Exit long,2026-08-26 12:39,sl1|exit_reason=stop,576.53,123,71021.43,-108.24,-0.15,0,60.27,0.08,-108.24,-0.15,3695.43,3.70,6
321,Entry long,2026-08-26 12:33,sl1|ver=0.1.0|variant=baseline|cfg=ema9_atr14_buf0.1_chase1_win3_tgt1.5_hold20_t935-1500_ent2_loss2_dd2_dirboth_risk100|setup_id=ir:0.1.0:NASDAQ:META:1:1787761920000:long|bars_to_confirm=1|signal_close=577.35|trigger=577.24|stop=576.54|target_r=1.5|risk_ps=0.81|atr=0.780598|vwap_dist_atr=0.441597|tick=0.01,577.41,123,71021.43,-108.24,-0.15,0,60.27,0.08,-108.24,-0.15,3695.43,3.70,6
322,Exit short,2026-08-27 09:43,sl1|exit_reason=stop,573.45,34,19392.24,-105.06,-0.54,0,60.18,0.31,-105.06,-0.54,3590.37,3.59,5
322,Entry short,2026-08-27 09:38,sl1|ver=0.1.0|variant=baseline|cfg=ema9_atr14_buf0.1_chase1_win3_tgt1.5_hold20_t935-1500_ent2_loss2_dd2_dirboth_risk100|setup_id=ir:0.1.0:NASDAQ:META:1:1787837820000:short|bars_to_confirm=1|signal_close=570.5|trigger=571.61|stop=573.44|target_r=1.5|risk_ps=2.94|atr=1.565974|vwap_dist_atr=0.947453|tick=0.01,570.36,34,19392.24,-105.06,-0.54,0,60.18,0.31,-105.06,-0.54,3590.37,3.59,5
323,Exit short,2026-08-27 10:32,sl1|exit_reason=target,576.38,77,44531.41,150.15,0.34,0,150.15,0.34,-35.42,-0.08,3740.52,3.74,2
323,Entry short,2026-08-27 10:30,sl1|ver=0.1.0|variant=baseline|cfg=ema9_atr14_buf0.1_chase1_win3_tgt1.5_hold20_t935-1500_ent2_loss2_dd2_dirboth_risk100|setup_id=ir:0.1.0:NASDAQ:META:1:1787840940000:short|bars_to_confirm=1|signal_close=578.34|trigger=578.46|stop=579.63|target_r=1.5|risk_ps=1.29|atr=1.461885|vwap_dist_atr=0.419972|tick=0.01,578.33,77,44531.41,150.15,0.34,0,150.15,0.34,-35.42,-0.08,3740.52,3.74,2
324,Exit short,2026-08-28 10:21,sl1|exit_reason=stop,580.24,111,64298.97,-107.67,-0.17,0,57.72,0.09,-107.67,-0.17,3632.85,3.63,3
324,Entry short,2026-08-28 10:18,sl1|ver=0.1.0|variant=baseline|cfg=ema9_atr14_buf0.1_chase1_win3_tgt1.5_hold20_t935-1500_ent2_loss2_dd2_dirboth_risk100|setup_id=ir:0.1.0:NASDAQ:META:1:1787926620000:short|bars_to_confirm=1|signal_close=579.33|trigger=579.3349|stop=580.23|target_r=1.5|risk_ps=0.9|atr=1.316021|vwap_dist_atr=0.190731|tick=0.01,579.27,111,64298.97,-107.67,-0.17,0,57.72,0.09,-107.67,-0.17,3632.85,3.63,3
325,Exit long,2026-08-28 10:45,sl1|exit_reason=target,581.3,93,53900.01,160.89,0.30,0,160.89,0.30,-14.88,-0.03,3793.74,3.79,1
325,Entry long,2026-08-28 10:44,sl1|ver=0.1.0|variant=baseline|cfg=ema9_atr14_buf0.1_chase1_win3_tgt1.5_hold20_t935-1500_ent2_loss2_dd2_dirboth_risk100|setup_id=ir:0.1.0:NASDAQ:META:1:1787928180000:long|bars_to_confirm=1|signal_close=579.495|trigger=579.48|stop=578.42|target_r=1.5|risk_ps=1.075|atr=1.24013|vwap_dist_atr=0.300675|tick=0.01,579.57,93,53900.01,160.89,0.30,0,160.89,0.30,-14.88,-0.03,3793.74,3.79,1
326,Exit long,2026-08-31 09:40,sl1|exit_reason=stop,573.43,49,28198.03,-99.96,-0.35,0,18.62,0.07,-99.96,-0.35,3693.78,3.69,0
326,Entry long,2026-08-31 09:40,sl1|ver=0.1.0|variant=baseline|cfg=ema9_atr14_buf0.1_chase1_win3_tgt1.5_hold20_t935-1500_ent2_loss2_dd2_dirboth_risk100|setup_id=ir:0.1.0:NASDAQ:META:1:1788183540000:long|bars_to_confirm=1|signal_close=575.48|trigger=575.03|stop=573.44|target_r=1.5|risk_ps=2.04|atr=1.522309|vwap_dist_atr=0.611314|tick=0.01,575.47,49,28198.03,-99.96,-0.35,0,18.62,0.07,-99.96,-0.35,3693.78,3.69,0
327,Exit short,2026-08-31 11:30,sl1|exit_reason=target,571.1,181,103493.99,124.89,0.12,0,124.89,0.12,-5.43,-0.01,3818.67,3.82,1
327,Entry short,2026-08-31 11:29,sl1|ver=0.1.0|variant=baseline|cfg=ema9_atr14_buf0.1_chase1_win3_tgt1.5_hold20_t935-1500_ent2_loss2_dd2_dirboth_risk100|setup_id=ir:0.1.0:NASDAQ:META:1:1788190080000:short|bars_to_confirm=1|signal_close=571.745|trigger=571.79|stop=572.25|target_r=1.5|risk_ps=0.505|atr=0.461898|vwap_dist_atr=0.952044|tick=0.01,571.79,181,103493.99,124.89,0.12,0,124.89,0.12,-5.43,-0.01,3818.67,3.82,1
328,Exit long,2026-09-02 09:45,sl1|exit_reason=target,589.36,57,33468.69,124.83,0.37,0,124.83,0.37,-14.25,-0.04,3943.5,3.94,1
328,Entry long,2026-09-02 09:44,sl1|ver=0.1.0|variant=baseline|cfg=ema9_atr14_buf0.1_chase1_win3_tgt1.5_hold20_t935-1500_ent2_loss2_dd2_dirboth_risk100|setup_id=ir:0.1.0:NASDAQ:META:1:1788356580000:long|bars_to_confirm=1|signal_close=587.4399|trigger=586.89|stop=585.71|target_r=1.5|risk_ps=1.7299|atr=1.5182|vwap_dist_atr=0.822849|tick=0.01,587.17,57,33468.69,124.83,0.37,0,124.83,0.37,-14.25,-0.04,3943.5,3.94,1
329,Exit short,2026-09-02 12:01,sl1|exit_reason=time,592.63,84,49823.76,42.84,0.09,0,108.36,0.22,-55.44,-0.11,3986.34,3.99,20
329,Entry short,2026-09-02 11:41,sl1|ver=0.1.0|variant=baseline|cfg=ema9_atr14_buf0.1_chase1_win3_tgt1.5_hold20_t935-1500_ent2_loss2_dd2_dirboth_risk100|setup_id=ir:0.1.0:NASDAQ:META:1:1788363540000:short|bars_to_confirm=2|signal_close=593.16|trigger=593.6|stop=594.35|target_r=1.5|risk_ps=1.19|atr=0.731362|vwap_dist_atr=0.827591|tick=0.01,593.14,84,49823.76,42.84,0.09,0,108.36,0.22,-55.44,-0.11,3986.34,3.99,20
330,Exit short,2026-09-03 12:47,sl1|exit_reason=stop,614.54,116,71189.2,-97.44,-0.14,0,34.8,0.05,-97.44,-0.14,3888.9,3.89,10
330,Entry short,2026-09-03 12:37,sl1|ver=0.1.0|variant=baseline|cfg=ema9_atr14_buf0.1_chase1_win3_tgt1.5_hold20_t935-1500_ent2_loss2_dd2_dirboth_risk100|setup_id=ir:0.1.0:NASDAQ:META:1:1788453360000:short|bars_to_confirm=1|signal_close=613.6705|trigger=614.19|stop=614.53|target_r=1.5|risk_ps=0.8595|atr=0.561011|vwap_dist_atr=0.996129|tick=0.01,613.7,116,71189.2,-97.44,-0.14,0,34.8,0.05,-97.44,-0.14,3888.9,3.89,10
331,Exit short,2026-09-03 15:09,sl1|exit_reason=time,613.92,108,66293.64,-9.72,-0.01,0,119.88,0.18,-39.96,-0.06,3879.18,3.88,20
331,Entry short,2026-09-03 14:49,sl1|ver=0.1.0|variant=baseline|cfg=ema9_atr14_buf0.1_chase1_win3_tgt1.5_hold20_t935-1500_ent2_loss2_dd2_dirboth_risk100|setup_id=ir:0.1.0:NASDAQ:META:1:1788461280000:short|bars_to_confirm=1|signal_close=613.875|trigger=614.17|stop=614.8|target_r=1.5|risk_ps=0.925|atr=0.425867|vwap_dist_atr=0.838323|tick=0.01,613.83,108,66293.64,-9.72,-0.01,0,119.88,0.18,-39.96,-0.06,3879.18,3.88,20
332,Exit long,2026-09-04 10:39,sl1|exit_reason=target,613.08,55,33573.1,146.3,0.44,0,146.3,0.44,-2.75,-0.01,4025.48,4.03,2
332,Entry long,2026-09-04 10:37,sl1|ver=0.1.0|variant=baseline|cfg=ema9_atr14_buf0.1_chase1_win3_tgt1.5_hold20_t935-1500_ent2_loss2_dd2_dirboth_risk100|setup_id=ir:0.1.0:NASDAQ:META:1:1788532560000:long|bars_to_confirm=1|signal_close=610.4515|trigger=609.95|stop=608.65|target_r=1.5|risk_ps=1.8015|atr=1.03325|vwap_dist_atr=0.499235|tick=0.01,610.42,55,33573.1,146.3,0.44,0,146.3,0.44,-2.75,-0.01,4025.48,4.03,2
333,Exit short,2026-09-04 11:05,sl1|exit_reason=stop,611.25,82,50019.18,-103.32,-0.21,0,150.06,0.30,-103.32,-0.21,3922.16,3.92,10
333,Entry short,2026-09-04 10:55,sl1|ver=0.1.0|variant=baseline|cfg=ema9_atr14_buf0.1_chase1_win3_tgt1.5_hold20_t935-1500_ent2_loss2_dd2_dirboth_risk100|setup_id=ir:0.1.0:NASDAQ:META:1:1788533640000:short|bars_to_confirm=1|signal_close=610.0343|trigger=610.14|stop=611.24|target_r=1.5|risk_ps=1.2057|atr=0.938593|vwap_dist_atr=0.133092|tick=0.01,609.99,82,50019.18,-103.32,-0.21,0,150.06,0.30,-103.32,-0.21,3922.16,3.92,10
334,Exit short,2026-09-08 10:02,sl1|exit_reason=stop,618.9,49,30223.2,-102.9,-0.34,0,85.75,0.28,-102.9,-0.34,3819.26,3.82,14
334,Entry short,2026-09-08 09:48,sl1|ver=0.1.0|variant=baseline|cfg=ema9_atr14_buf0.1_chase1_win3_tgt1.5_hold20_t935-1500_ent2_loss2_dd2_dirboth_risk100|setup_id=ir:0.1.0:NASDAQ:META:1:1788875220000:short|bars_to_confirm=1|signal_close=616.875|trigger=617.16|stop=618.89|target_r=1.5|risk_ps=2.015|atr=1.818835|vwap_dist_atr=0.88178|tick=0.01,616.8,49,30223.2,-102.9,-0.34,0,85.75,0.28,-102.9,-0.34,3819.26,3.82,14
335,Exit long,2026-09-08 10:11,sl1|exit_reason=stop,616.51,32,19833.6,-105.28,-0.53,0,25.6,0.13,-105.28,-0.53,3713.98,3.71,7
335,Entry long,2026-09-08 10:04,sl1|ver=0.1.0|variant=baseline|cfg=ema9_atr14_buf0.1_chase1_win3_tgt1.5_hold20_t935-1500_ent2_loss2_dd2_dirboth_risk100|setup_id=ir:0.1.0:NASDAQ:META:1:1788876180000:long|bars_to_confirm=1|signal_close=619.6201|trigger=619.38|stop=616.52|target_r=1.5|risk_ps=3.1001|atr=1.563484|vwap_dist_atr=0.980719|tick=0.01,619.8,32,19833.6,-105.28,-0.53,0,25.6,0.13,-105.28,-0.53,3713.98,3.71,7
336,Exit long,2026-09-09 09:59,sl1|exit_reason=time,646.84,21,13535.55,48.09,0.36,0,130.41,0.96,-25.41,-0.19,3762.07,3.76,20
336,Entry long,2026-09-09 09:39,sl1|ver=0.1.0|variant=baseline|cfg=ema9_atr14_buf0.1_chase1_win3_tgt1.5_hold20_t935-1500_ent2_loss2_dd2_dirboth_risk100|setup_id=ir:0.1.0:NASDAQ:META:1:1788961020000:long|bars_to_confirm=2|signal_close=644.54|trigger=644.44|stop=639.89|target_r=1.5|risk_ps=4.65|atr=3.093145|vwap_dist_atr=0.321554|tick=0.01,644.55,21,13535.55,48.09,0.36,0,130.41,0.96,-25.41,-0.19,3762.07,3.76,20
337,Exit short,2026-09-10 11:40,sl1|exit_reason=stop,653.62,70,45637.9,-115.5,-0.25,0,102.9,0.23,-115.5,-0.25,3646.57,3.65,10
337,Entry short,2026-09-10 11:30,sl1|ver=0.1.0|variant=baseline|cfg=ema9_atr14_buf0.1_chase1_win3_tgt1.5_hold20_t935-1500_ent2_loss2_dd2_dirboth_risk100|setup_id=ir:0.1.0:NASDAQ:META:1:1789054020000:short|bars_to_confirm=3|signal_close=652.2|trigger=652.2729|stop=653.61|target_r=1.5|risk_ps=1.41|atr=0.951186|vwap_dist_atr=0.76042|tick=0.01,651.97,70,45637.9,-115.5,-0.25,0,102.9,0.23,-115.5,-0.25,3646.57,3.65,10
338,Exit short,2026-09-10 11:58,sl1|exit_reason=stop,653.81,66,43044.54,-106.92,-0.25,0,17.82,0.04,-106.92,-0.25,3539.65,3.54,3
338,Entry short,2026-09-10 11:55,sl1|ver=0.1.0|variant=baseline|cfg=ema9_atr14_buf0.1_chase1_win3_tgt1.5_hold20_t935-1500_ent2_loss2_dd2_dirboth_risk100|setup_id=ir:0.1.0:NASDAQ:META:1:1789055580000:short|bars_to_confirm=2|signal_close=652.2875|trigger=652.45|stop=653.8|target_r=1.5|risk_ps=1.5125|atr=1.034093|vwap_dist_atr=0.61374|tick=0.01,652.19,66,43044.54,-106.92,-0.25,0,17.82,0.04,-106.92,-0.25,3539.65,3.54,3
339,Exit short,2026-09-15 10:29,sl1|exit_reason=time,668.48,26,17382.3,1.82,0.01,0,97.76,0.56,-88.92,-0.51,3541.47,3.54,20
339,Entry short,2026-09-15 10:09,sl1|ver=0.1.0|variant=baseline|cfg=ema9_atr14_buf0.1_chase1_win3_tgt1.5_hold20_t935-1500_ent2_loss2_dd2_dirboth_risk100|setup_id=ir:0.1.0:NASDAQ:META:1:1789481280000:short|bars_to_confirm=1|signal_close=668.81|trigger=669.17|stop=672.55|target_r=1.5|risk_ps=3.74|atr=2.438544|vwap_dist_atr=0.965368|tick=0.01,668.55,26,17382.3,1.82,0.01,0,97.76,0.56,-88.92,-0.51,3541.47,3.54,20
340,Exit long,2026-09-15 11:18,sl1|exit_reason=target,673.32,57,38229.33,149.91,0.39,0,149.91,0.39,-67.83,-0.18,3691.38,3.69,10
340,Entry long,2026-09-15 11:08,sl1|ver=0.1.0|variant=baseline|cfg=ema9_atr14_buf0.1_chase1_win3_tgt1.5_hold20_t935-1500_ent2_loss2_dd2_dirboth_risk100|setup_id=ir:0.1.0:NASDAQ:META:1:1789484760000:long|bars_to_confirm=2|signal_close=670.68|trigger=670.53|stop=668.94|target_r=1.5|risk_ps=1.74|atr=1.228179|vwap_dist_atr=0.848703|tick=0.01,670.69,57,38229.33,149.91,0.39,0,149.91,0.39,-67.83,-0.18,3691.38,3.69,10
341,Exit long,2026-09-16 09:57,sl1|exit_reason=stop,679.13,35,23867.9,-98.35,-0.41,0,11.55,0.05,-98.35,-0.41,3593.03,3.59,3
341,Entry long,2026-09-16 09:54,sl1|ver=0.1.0|variant=baseline|cfg=ema9_atr14_buf0.1_chase1_win3_tgt1.5_hold20_t935-1500_ent2_loss2_dd2_dirboth_risk100|setup_id=ir:0.1.0:NASDAQ:META:1:1789566720000:long|bars_to_confirm=2|signal_close=681.93|trigger=681.76|stop=679.14|target_r=1.5|risk_ps=2.79|atr=2.262506|vwap_dist_atr=0.73182|tick=0.01,681.94,35,23867.9,-98.35,-0.41,0,11.55,0.05,-98.35,-0.41,3593.03,3.59,3
342,Exit short,2026-09-16 10:15,sl1|exit_reason=stop,680.79,52,35301.76,-99.32,-0.28,0,37.44,0.11,-99.32,-0.28,3493.71,3.49,3
342,Entry short,2026-09-16 10:12,sl1|ver=0.1.0|variant=baseline|cfg=ema9_atr14_buf0.1_chase1_win3_tgt1.5_hold20_t935-1500_ent2_loss2_dd2_dirboth_risk100|setup_id=ir:0.1.0:NASDAQ:META:1:1789567860000:short|bars_to_confirm=1|signal_close=678.88|trigger=679.5001|stop=680.78|target_r=1.5|risk_ps=1.9|atr=1.506752|vwap_dist_atr=0.903374|tick=0.01,678.88,52,35301.76,-99.32,-0.28,0,37.44,0.11,-99.32,-0.28,3493.71,3.49,3
343,Exit short,2026-09-17 09:39,sl1|exit_reason=target,674.53,36,24435.36,152.28,0.62,0,152.28,0.62,-7.2,-0.03,3645.99,3.65,3
343,Entry short,2026-09-17 09:36,sl1|ver=0.1.0|variant=baseline|cfg=ema9_atr14_buf0.1_chase1_win3_tgt1.5_hold20_t935-1500_ent2_loss2_dd2_dirboth_risk100|setup_id=ir:0.1.0:NASDAQ:META:1:1789652100000:short|bars_to_confirm=1|signal_close=678.85|trigger=678.9811|stop=681.58|target_r=1.5|risk_ps=2.73|atr=1.839237|vwap_dist_atr=0.20001|tick=0.01,678.76,36,24435.36,152.28,0.62,0,152.28,0.62,-7.2,-0.03,3645.99,3.65,3
344,Exit short,2026-09-17 10:33,sl1|exit_reason=time,673.17,51,34296.48,-35.19,-0.10,0,60.18,0.18,-85.17,-0.25,3610.8,3.61,20
344,Entry short,2026-09-17 10:13,sl1|ver=0.1.0|variant=baseline|cfg=ema9_atr14_buf0.1_chase1_win3_tgt1.5_hold20_t935-1500_ent2_loss2_dd2_dirboth_risk100|setup_id=ir:0.1.0:NASDAQ:META:1:1789654320000:short|bars_to_confirm=1|signal_close=672.38|trigger=672.89|stop=674.31|target_r=1.5|risk_ps=1.93|atr=1.699607|vwap_dist_atr=0.934431|tick=0.01,672.48,51,34296.48,-35.19,-0.10,0,60.18,0.18,-85.17,-0.25,3610.8,3.61,20
345,Exit short,2026-09-22 10:07,sl1|exit_reason=time,746.9,37,27594.23,-41.07,-0.15,0,130.98,0.47,-63.27,-0.23,3569.73,3.57,20
345,Entry short,2026-09-22 09:47,sl1|ver=0.1.0|variant=baseline|cfg=ema9_atr14_buf0.1_chase1_win3_tgt1.5_hold20_t935-1500_ent2_loss2_dd2_dirboth_risk100|setup_id=ir:0.1.0:NASDAQ:META:1:1790084760000:short|bars_to_confirm=1|signal_close=745.725|trigger=745.95|stop=748.36|target_r=1.5|risk_ps=2.635|atr=2.78949|vwap_dist_atr=0.249186|tick=0.01,745.79,37,27594.23,-41.07,-0.15,0,130.98,0.47,-63.27,-0.23,3569.73,3.57,20
346,Exit short,2026-09-22 12:16,sl1|exit_reason=stop,749.39,43,32120.57,-103.2,-0.32,0,0,0.00,-103.2,-0.32,3466.53,3.47,1
346,Entry short,2026-09-22 12:15,sl1|ver=0.1.0|variant=baseline|cfg=ema9_atr14_buf0.1_chase1_win3_tgt1.5_hold20_t935-1500_ent2_loss2_dd2_dirboth_risk100|setup_id=ir:0.1.0:NASDAQ:META:1:1790093640000:short|bars_to_confirm=1|signal_close=747.0702|trigger=747.1|stop=749.38|target_r=1.5|risk_ps=2.3098|atr=1.523974|vwap_dist_atr=0.392035|tick=0.01,746.99,43,32120.57,-103.2,-0.32,0,0,0.00,-103.2,-0.32,3466.53,3.47,1
347,Exit long,2026-09-23 14:01,sl1|exit_reason=stop,751.17,59,44419.92,-100.89,-0.23,0,116.23,0.26,-100.89,-0.23,3365.64,3.37,11
347,Entry long,2026-09-23 13:50,sl1|ver=0.1.0|variant=baseline|cfg=ema9_atr14_buf0.1_chase1_win3_tgt1.5_hold20_t935-1500_ent2_loss2_dd2_dirboth_risk100|setup_id=ir:0.1.0:NASDAQ:META:1:1790185680000:long|bars_to_confirm=2|signal_close=752.87|trigger=752.49|stop=751.18|target_r=1.5|risk_ps=1.69|atr=1.122091|vwap_dist_atr=0.95896|tick=0.01,752.88,59,44419.92,-100.89,-0.23,0,116.23,0.26,-100.89,-0.23,3365.64,3.37,11
348,Exit long,2026-09-24 09:53,sl1|exit_reason=stop,755.12,34,25776.42,-102.34,-0.40,0,20.06,0.08,-102.34,-0.40,3263.3,3.26,0
348,Entry long,2026-09-24 09:53,sl1|ver=0.1.0|variant=baseline|cfg=ema9_atr14_buf0.1_chase1_win3_tgt1.5_hold20_t935-1500_ent2_loss2_dd2_dirboth_risk100|setup_id=ir:0.1.0:NASDAQ:META:1:1790257920000:long|bars_to_confirm=1|signal_close=758.055|trigger=757.52|stop=755.13|target_r=1.5|risk_ps=2.925|atr=3.694518|vwap_dist_atr=0.378215|tick=0.01,758.13,34,25776.42,-102.34,-0.40,0,20.06,0.08,-102.34,-0.40,3263.3,3.26,0
349,Exit short,2026-09-24 12:15,sl1|exit_reason=stop,763.86,37,28163.29,-99.53,-0.35,0,24.79,0.09,-99.53,-0.35,3163.77,3.16,2
349,Entry short,2026-09-24 12:13,sl1|ver=0.1.0|variant=baseline|cfg=ema9_atr14_buf0.1_chase1_win3_tgt1.5_hold20_t935-1500_ent2_loss2_dd2_dirboth_risk100|setup_id=ir:0.1.0:NASDAQ:META:1:1790266320000:short|bars_to_confirm=1|signal_close=761.195|trigger=761.83|stop=763.85|target_r=1.5|risk_ps=2.655|atr=1.313615|vwap_dist_atr=0.793635|tick=0.01,761.17,37,28163.29,-99.53,-0.35,0,24.79,0.09,-99.53,-0.35,3163.77,3.16,2