Trade number,Type,Date and time,Signal,Price USD,Size (qty),Size (value),Net PnL USD,Return %,Commission USD,Favorable excursion USD,Favorable excursion %,Adverse excursion USD,Adverse excursion %,Cumulative PnL USD,Cumulative PnL %,Duration (bars)
1,Exit long,2025-09-25 10:01,sl1|exit_reason=target,157.59,149,23334.89,146.02,0.63,0,146.02,0.63,-31.29,-0.13,146.02,0.15,13
1,Entry long,2025-09-25 09:48,sl1|ver=0.1.0|variant=baseline|cfg=ema9_atr14_buf0.1_chase1_win3_tgt1.5_hold20_t935-1500_ent2_loss2_dd2_dirboth_risk100|setup_id=ir:0.1.0:NASDAQ:MU:1:1758808020000:long|bars_to_confirm=1|signal_close=156.63|trigger=156.47|stop=155.96|target_r=1.5|risk_ps=0.67|atr=0.50878|vwap_dist_atr=0.692914|tick=0.01,156.61,149,23334.89,146.02,0.63,0,146.02,0.63,-31.29,-0.13,146.02,0.15,13
2,Exit long,2025-09-25 11:44,sl1|exit_reason=target,157.81,279,43889.49,139.5,0.32,0,139.5,0.32,-55.8,-0.13,285.52,0.29,8
2,Entry long,2025-09-25 11:36,sl1|ver=0.1.0|variant=baseline|cfg=ema9_atr14_buf0.1_chase1_win3_tgt1.5_hold20_t935-1500_ent2_loss2_dd2_dirboth_risk100|setup_id=ir:0.1.0:NASDAQ:MU:1:1758814500000:long|bars_to_confirm=1|signal_close=157.338|trigger=157.3299|stop=156.98|target_r=1.5|risk_ps=0.358|atr=0.237297|vwap_dist_atr=0.647001|tick=0.01,157.31,279,43889.49,139.5,0.32,0,139.5,0.32,-55.8,-0.13,285.52,0.29,8
3,Exit long,2025-09-26 10:45,sl1|exit_reason=stop,157.17,487,76653.8,-112.01,-0.15,0,87.66,0.11,-112.01,-0.15,173.51,0.17,3
3,Entry long,2025-09-26 10:42,sl1|ver=0.1.0|variant=baseline|cfg=ema9_atr14_buf0.1_chase1_win3_tgt1.5_hold20_t935-1500_ent2_loss2_dd2_dirboth_risk100|setup_id=ir:0.1.0:NASDAQ:MU:1:1758897660000:long|bars_to_confirm=1|signal_close=157.385|trigger=157.3799|stop=157.18|target_r=1.5|risk_ps=0.205|atr=0.303924|vwap_dist_atr=0.238575|tick=0.01,157.4,487,76653.8,-112.01,-0.15,0,87.66,0.11,-112.01,-0.15,173.51,0.17,3
4,Exit long,2025-09-26 11:13,sl1|exit_reason=time,157.11,164,25826.72,-60.68,-0.23,0,141.04,0.55,-68.88,-0.27,112.83,0.11,20
4,Entry long,2025-09-26 10:53,sl1|ver=0.1.0|variant=baseline|cfg=ema9_atr14_buf0.1_chase1_win3_tgt1.5_hold20_t935-1500_ent2_loss2_dd2_dirboth_risk100|setup_id=ir:0.1.0:NASDAQ:MU:1:1758898320000:long|bars_to_confirm=1|signal_close=157.4097|trigger=157.39|stop=156.8|target_r=1.5|risk_ps=0.6097|atr=0.312725|vwap_dist_atr=0.335111|tick=0.01,157.48,164,25826.72,-60.68,-0.23,0,141.04,0.55,-68.88,-0.27,112.83,0.11,20
5,Exit short,2025-09-29 11:56,sl1|exit_reason=time,163.58,317,51918.26,63.4,0.12,0,117.29,0.23,-38.04,-0.07,176.23,0.18,20
5,Entry short,2025-09-29 11:36,sl1|ver=0.1.0|variant=baseline|cfg=ema9_atr14_buf0.1_chase1_win3_tgt1.5_hold20_t935-1500_ent2_loss2_dd2_dirboth_risk100|setup_id=ir:0.1.0:NASDAQ:MU:1:1759160100000:short|bars_to_confirm=1|signal_close=163.815|trigger=163.83|stop=164.13|target_r=1.5|risk_ps=0.315|atr=0.218854|vwap_dist_atr=0.830373|tick=0.01,163.78,317,51918.26,63.4,0.12,0,117.29,0.23,-38.04,-0.07,176.23,0.18,20
6,Exit short,2025-09-29 14:56,sl1|exit_reason=target,163.39,500,81860,165,0.20,0,165,0.20,-20,-0.02,341.23,0.34,1
6,Entry short,2025-09-29 14:55,sl1|ver=0.1.0|variant=baseline|cfg=ema9_atr14_buf0.1_chase1_win3_tgt1.5_hold20_t935-1500_ent2_loss2_dd2_dirboth_risk100|setup_id=ir:0.1.0:NASDAQ:MU:1:1759172040000:short|bars_to_confirm=1|signal_close=163.74|trigger=163.77|stop=163.94|target_r=1.5|risk_ps=0.2|atr=0.128591|vwap_dist_atr=0.730813|tick=0.01,163.72,500,81860,165,0.20,0,165,0.20,-20,-0.02,341.23,0.34,1
7,Exit short,2025-09-30 11:06,sl1|exit_reason=stop,167.16,238,39676.98,-107.1,-0.27,0,23.8,0.06,-107.1,-0.27,234.13,0.23,11
7,Entry short,2025-09-30 10:55,sl1|ver=0.1.0|variant=baseline|cfg=ema9_atr14_buf0.1_chase1_win3_tgt1.5_hold20_t935-1500_ent2_loss2_dd2_dirboth_risk100|setup_id=ir:0.1.0:NASDAQ:MU:1:1759243980000:short|bars_to_confirm=2|signal_close=166.73|trigger=166.9|stop=167.15|target_r=1.5|risk_ps=0.42|atr=0.291571|vwap_dist_atr=0.888116|tick=0.01,166.71,238,39676.98,-107.1,-0.27,0,23.8,0.06,-107.1,-0.27,234.13,0.23,11
8,Exit long,2025-10-01 09:44,sl1|exit_reason=target,168.8,140,23489.2,142.8,0.61,0,142.8,0.61,-1.4,-0.01,376.93,0.38,5
8,Entry long,2025-10-01 09:39,sl1|ver=0.1.0|variant=baseline|cfg=ema9_atr14_buf0.1_chase1_win3_tgt1.5_hold20_t935-1500_ent2_loss2_dd2_dirboth_risk100|setup_id=ir:0.1.0:NASDAQ:MU:1:1759325880000:long|bars_to_confirm=1|signal_close=167.8098|trigger=167.6899|stop=167.1|target_r=1.5|risk_ps=0.7098|atr=0.564842|vwap_dist_atr=0.729923|tick=0.01,167.78,140,23489.2,142.8,0.61,0,142.8,0.61,-1.4,-0.01,376.93,0.38,5
9,Exit short,2025-10-02 09:39,sl1|exit_reason=target,183.66,142,26221.72,142,0.54,0,142,0.54,-5.68,-0.02,518.93,0.52,0
9,Entry short,2025-10-02 09:39,sl1|ver=0.1.0|variant=baseline|cfg=ema9_atr14_buf0.1_chase1_win3_tgt1.5_hold20_t935-1500_ent2_loss2_dd2_dirboth_risk100|setup_id=ir:0.1.0:NASDAQ:MU:1:1759412280000:short|bars_to_confirm=1|signal_close=184.71|trigger=184.82|stop=185.41|target_r=1.5|risk_ps=0.7|atr=0.582376|vwap_dist_atr=0.631866|tick=0.01,184.66,142,26221.72,142,0.54,0,142,0.54,-5.68,-0.02,518.93,0.52,0
10,Exit short,2025-10-02 14:11,sl1|exit_reason=time,182.97,416,76182.08,66.56,0.09,0,141.44,0.19,-83.2,-0.11,585.49,0.59,20
10,Entry short,2025-10-02 13:51,sl1|ver=0.1.0|variant=baseline|cfg=ema9_atr14_buf0.1_chase1_win3_tgt1.5_hold20_t935-1500_ent2_loss2_dd2_dirboth_risk100|setup_id=ir:0.1.0:NASDAQ:MU:1:1759427340000:short|bars_to_confirm=2|signal_close=183.17|trigger=183.1717|stop=183.41|target_r=1.5|risk_ps=0.24|atr=0.174549|vwap_dist_atr=0.961745|tick=0.01,183.13,416,76182.08,66.56,0.09,0,141.44,0.19,-83.2,-0.11,585.49,0.59,20
11,Exit long,2025-10-03 10:19,sl1|exit_reason=target,189.26,147,27668.34,152.88,0.55,0,152.88,0.55,-76.44,-0.28,738.37,0.74,10
11,Entry long,2025-10-03 10:09,sl1|ver=0.1.0|variant=baseline|cfg=ema9_atr14_buf0.1_chase1_win3_tgt1.5_hold20_t935-1500_ent2_loss2_dd2_dirboth_risk100|setup_id=ir:0.1.0:NASDAQ:MU:1:1759500480000:long|bars_to_confirm=1|signal_close=188.2101|trigger=188.1826|stop=187.53|target_r=1.5|risk_ps=0.6801|atr=0.637279|vwap_dist_atr=0.473599|tick=0.01,188.22,147,27668.34,152.88,0.55,0,152.88,0.55,-76.44,-0.28,738.37,0.74,10
12,Exit short,2025-10-07 09:55,sl1|exit_reason=stop,194.53,123,23827.56,-99.63,-0.42,0,17.22,0.07,-99.63,-0.42,638.74,0.64,2
12,Entry short,2025-10-07 09:53,sl1|ver=0.1.0|variant=baseline|cfg=ema9_atr14_buf0.1_chase1_win3_tgt1.5_hold20_t935-1500_ent2_loss2_dd2_dirboth_risk100|setup_id=ir:0.1.0:NASDAQ:MU:1:1759845120000:short|bars_to_confirm=1|signal_close=193.71|trigger=193.7127|stop=194.52|target_r=1.5|risk_ps=0.81|atr=0.62543|vwap_dist_atr=0.436256|tick=0.01,193.72,123,23827.56,-99.63,-0.42,0,17.22,0.07,-99.63,-0.42,638.74,0.64,2
13,Exit long,2025-10-08 09:58,sl1|exit_reason=time,192.2,51,9733.86,68.34,0.70,0,78.54,0.81,-12.24,-0.13,707.08,0.71,20
13,Entry long,2025-10-08 09:38,sl1|ver=0.1.0|variant=baseline|cfg=ema9_atr14_buf0.1_chase1_win3_tgt1.5_hold20_t935-1500_ent2_loss2_dd2_dirboth_risk100|setup_id=ir:0.1.0:NASDAQ:MU:1:1759930560000:long|bars_to_confirm=2|signal_close=190.9|trigger=190.37|stop=188.97|target_r=1.5|risk_ps=1.93|atr=0.693245|vwap_dist_atr=0.915676|tick=0.01,190.86,51,9733.86,68.34,0.70,0,78.54,0.81,-12.24,-0.13,707.08,0.71,20
14,Exit long,2025-10-08 13:51,sl1|exit_reason=stop,193.34,434,84018.06,-108.5,-0.13,0,43.4,0.05,-108.5,-0.13,598.58,0.60,2
14,Entry long,2025-10-08 13:49,sl1|ver=0.1.0|variant=baseline|cfg=ema9_atr14_buf0.1_chase1_win3_tgt1.5_hold20_t935-1500_ent2_loss2_dd2_dirboth_risk100|setup_id=ir:0.1.0:NASDAQ:MU:1:1759945680000:long|bars_to_confirm=1|signal_close=193.58|trigger=193.51|stop=193.35|target_r=1.5|risk_ps=0.23|atr=0.193709|vwap_dist_atr=0.551545|tick=0.01,193.59,434,84018.06,-108.5,-0.13,0,43.4,0.05,-108.5,-0.13,598.58,0.60,2
15,Exit short,2025-10-09 10:03,sl1|exit_reason=time,195.65,64,12471.68,-49.92,-0.40,0,71.04,0.57,-76.8,-0.62,548.66,0.55,20
15,Entry short,2025-10-09 09:43,sl1|ver=0.1.0|variant=baseline|cfg=ema9_atr14_buf0.1_chase1_win3_tgt1.5_hold20_t935-1500_ent2_loss2_dd2_dirboth_risk100|setup_id=ir:0.1.0:NASDAQ:MU:1:1760017320000:short|bars_to_confirm=1|signal_close=194.83|trigger=195.13|stop=196.37|target_r=1.5|risk_ps=1.54|atr=0.731841|vwap_dist_atr=0.662154|tick=0.01,194.87,64,12471.68,-49.92,-0.40,0,71.04,0.57,-76.8,-0.62,548.66,0.55,20
16,Exit long,2025-10-09 10:17,sl1|exit_reason=stop,195.03,188,36769.04,-103.4,-0.28,0,24.44,0.07,-103.4,-0.28,445.26,0.45,4
16,Entry long,2025-10-09 10:13,sl1|ver=0.1.0|variant=baseline|cfg=ema9_atr14_buf0.1_chase1_win3_tgt1.5_hold20_t935-1500_ent2_loss2_dd2_dirboth_risk100|setup_id=ir:0.1.0:NASDAQ:MU:1:1760019060000:long|bars_to_confirm=2|signal_close=195.57|trigger=195.53|stop=195.04|target_r=1.5|risk_ps=0.53|atr=0.465229|vwap_dist_atr=0.777886|tick=0.01,195.58,188,36769.04,-103.4,-0.28,0,24.44,0.07,-103.4,-0.28,445.26,0.45,4
17,Exit short,2025-10-10 09:45,sl1|exit_reason=stop,192.39,227,43545.41,-127.12,-0.29,0,6.81,0.02,-127.12,-0.29,318.14,0.32,2
17,Entry short,2025-10-10 09:43,sl1|ver=0.1.0|variant=baseline|cfg=ema9_atr14_buf0.1_chase1_win3_tgt1.5_hold20_t935-1500_ent2_loss2_dd2_dirboth_risk100|setup_id=ir:0.1.0:NASDAQ:MU:1:1760103720000:short|bars_to_confirm=1|signal_close=191.94|trigger=192|stop=192.38|target_r=1.5|risk_ps=0.44|atr=0.540802|vwap_dist_atr=0.518166|tick=0.01,191.83,227,43545.41,-127.12,-0.29,0,6.81,0.02,-127.12,-0.29,318.14,0.32,2
18,Exit short,2025-10-10 09:51,sl1|exit_reason=target,190.76,131,25131.04,141.48,0.56,0,141.48,0.56,-19.65,-0.08,459.62,0.46,2
18,Entry short,2025-10-10 09:49,sl1|ver=0.1.0|variant=baseline|cfg=ema9_atr14_buf0.1_chase1_win3_tgt1.5_hold20_t935-1500_ent2_loss2_dd2_dirboth_risk100|setup_id=ir:0.1.0:NASDAQ:MU:1:1760104020000:short|bars_to_confirm=2|signal_close=191.8|trigger=191.82|stop=192.56|target_r=1.5|risk_ps=0.76|atr=0.531056|vwap_dist_atr=0.70862|tick=0.01,191.84,131,25131.04,141.48,0.56,0,141.48,0.56,-19.65,-0.08,459.62,0.46,2
19,Exit short,2025-10-13 09:54,sl1|exit_reason=target,189.15,101,19250.6,146.45,0.76,0,146.45,0.76,-29.29,-0.15,606.07,0.61,14
19,Entry short,2025-10-13 09:40,sl1|ver=0.1.0|variant=baseline|cfg=ema9_atr14_buf0.1_chase1_win3_tgt1.5_hold20_t935-1500_ent2_loss2_dd2_dirboth_risk100|setup_id=ir:0.1.0:NASDAQ:MU:1:1760362740000:short|bars_to_confirm=1|signal_close=190.58|trigger=190.62|stop=191.57|target_r=1.5|risk_ps=0.99|atr=0.747907|vwap_dist_atr=0.97103|tick=0.01,190.6,101,19250.6,146.45,0.76,0,146.45,0.76,-29.29,-0.15,606.07,0.61,14
20,Exit long,2025-10-14 10:09,sl1|exit_reason=time,189.15,86,16189.5,77.4,0.48,0,90.3,0.56,-95.46,-0.59,683.47,0.68,20
20,Entry long,2025-10-14 09:49,sl1|ver=0.1.0|variant=baseline|cfg=ema9_atr14_buf0.1_chase1_win3_tgt1.5_hold20_t935-1500_ent2_loss2_dd2_dirboth_risk100|setup_id=ir:0.1.0:NASDAQ:MU:1:1760449560000:long|bars_to_confirm=3|signal_close=188.28|trigger=188.2799|stop=187.13|target_r=1.5|risk_ps=1.15|atr=0.68991|vwap_dist_atr=0.492305|tick=0.01,188.25,86,16189.5,77.4,0.48,0,90.3,0.56,-95.46,-0.59,683.47,0.68,20
21,Exit long,2025-10-15 10:41,sl1|exit_reason=stop,190.02,208,39628.16,-104,-0.26,0,101.92,0.26,-104,-0.26,579.47,0.58,17
21,Entry long,2025-10-15 10:24,sl1|ver=0.1.0|variant=baseline|cfg=ema9_atr14_buf0.1_chase1_win3_tgt1.5_hold20_t935-1500_ent2_loss2_dd2_dirboth_risk100|setup_id=ir:0.1.0:NASDAQ:MU:1:1760538180000:long|bars_to_confirm=1|signal_close=190.51|trigger=190.38|stop=190.03|target_r=1.5|risk_ps=0.48|atr=0.422714|vwap_dist_atr=0.539102|tick=0.01,190.52,208,39628.16,-104,-0.26,0,101.92,0.26,-104,-0.26,579.47,0.58,17
22,Exit long,2025-10-15 13:48,sl1|exit_reason=target,191.13,277,52779.58,163.43,0.31,0,163.43,0.31,-30.47,-0.06,742.9,0.74,3
22,Entry long,2025-10-15 13:45,sl1|ver=0.1.0|variant=baseline|cfg=ema9_atr14_buf0.1_chase1_win3_tgt1.5_hold20_t935-1500_ent2_loss2_dd2_dirboth_risk100|setup_id=ir:0.1.0:NASDAQ:MU:1:1760550240000:long|bars_to_confirm=1|signal_close=190.51|trigger=190.32|stop=190.15|target_r=1.5|risk_ps=0.36|atr=0.326056|vwap_dist_atr=0.946786|tick=0.01,190.54,277,52779.58,163.43,0.31,0,163.43,0.31,-30.47,-0.06,742.9,0.74,3
23,Exit long,2025-10-16 10:16,sl1|exit_reason=target,200.93,67,13312.23,150.08,1.13,0,150.08,1.13,-21.44,-0.16,892.98,0.89,10
23,Entry long,2025-10-16 10:06,sl1|ver=0.1.0|variant=baseline|cfg=ema9_atr14_buf0.1_chase1_win3_tgt1.5_hold20_t935-1500_ent2_loss2_dd2_dirboth_risk100|setup_id=ir:0.1.0:NASDAQ:MU:1:1760623500000:long|bars_to_confirm=1|signal_close=198.68|trigger=198.3|stop=197.2|target_r=1.5|risk_ps=1.48|atr=0.866362|vwap_dist_atr=0.562558|tick=0.01,198.69,67,13312.23,150.08,1.13,0,150.08,1.13,-21.44,-0.16,892.98,0.89,10
24,Exit short,2025-10-16 12:32,sl1|exit_reason=target,200.31,135,27187.65,145.8,0.54,0,149.85,0.55,-13.5,-0.05,1038.78,1.04,2
24,Entry short,2025-10-16 12:30,sl1|ver=0.1.0|variant=baseline|cfg=ema9_atr14_buf0.1_chase1_win3_tgt1.5_hold20_t935-1500_ent2_loss2_dd2_dirboth_risk100|setup_id=ir:0.1.0:NASDAQ:MU:1:1760632020000:short|bars_to_confirm=3|signal_close=201.3701|trigger=201.4|stop=202.11|target_r=1.5|risk_ps=0.7399|atr=0.524442|vwap_dist_atr=0.92041|tick=0.01,201.39,135,27187.65,145.8,0.54,0,149.85,0.55,-13.5,-0.05,1038.78,1.04,2
25,Exit short,2025-10-17 09:54,sl1|exit_reason=stop,200.22,65,12912.25,-102.05,-0.79,0,117,0.91,-102.05,-0.79,936.73,0.94,14
25,Entry short,2025-10-17 09:40,sl1|ver=0.1.0|variant=baseline|cfg=ema9_atr14_buf0.1_chase1_win3_tgt1.5_hold20_t935-1500_ent2_loss2_dd2_dirboth_risk100|setup_id=ir:0.1.0:NASDAQ:MU:1:1760708340000:short|bars_to_confirm=1|signal_close=198.684|trigger=198.8|stop=200.21|target_r=1.5|risk_ps=1.526|atr=0.765506|vwap_dist_atr=0.416671|tick=0.01,198.65,65,12912.25,-102.05,-0.79,0,117,0.91,-102.05,-0.79,936.73,0.94,14
26,Exit short,2025-10-17 10:36,sl1|exit_reason=target,198.65,136,27163.28,146.88,0.54,0,146.88,0.54,-1.36,-0.01,1083.61,1.08,2
26,Entry short,2025-10-17 10:34,sl1|ver=0.1.0|variant=baseline|cfg=ema9_atr14_buf0.1_chase1_win3_tgt1.5_hold20_t935-1500_ent2_loss2_dd2_dirboth_risk100|setup_id=ir:0.1.0:NASDAQ:MU:1:1760711580000:short|bars_to_confirm=1|signal_close=199.715|trigger=199.77|stop=200.45|target_r=1.5|risk_ps=0.735|atr=0.559117|vwap_dist_atr=0.375613|tick=0.01,199.73,136,27163.28,146.88,0.54,0,146.88,0.54,-1.36,-0.01,1083.61,1.08,2
27,Exit long,2025-10-20 11:13,sl1|exit_reason=stop,209.73,235,49382.9,-96.35,-0.20,0,11.75,0.02,-96.35,-0.20,987.26,0.99,0
27,Entry long,2025-10-20 11:13,sl1|ver=0.1.0|variant=baseline|cfg=ema9_atr14_buf0.1_chase1_win3_tgt1.5_hold20_t935-1500_ent2_loss2_dd2_dirboth_risk100|setup_id=ir:0.1.0:NASDAQ:MU:1:1760973060000:long|bars_to_confirm=2|signal_close=210.165|trigger=210.1|stop=209.74|target_r=1.5|risk_ps=0.425|atr=0.36504|vwap_dist_atr=0.661728|tick=0.01,210.14,235,49382.9,-96.35,-0.20,0,11.75,0.02,-96.35,-0.20,987.26,0.99,0
28,Exit short,2025-10-21 10:26,sl1|exit_reason=target,202.38,333,67525.74,133.2,0.20,0,133.2,0.20,-19.98,-0.03,1120.46,1.12,0
28,Entry short,2025-10-21 10:26,sl1|ver=0.1.0|variant=baseline|cfg=ema9_atr14_buf0.1_chase1_win3_tgt1.5_hold20_t935-1500_ent2_loss2_dd2_dirboth_risk100|setup_id=ir:0.1.0:NASDAQ:MU:1:1761056700000:short|bars_to_confirm=1|signal_close=202.83|trigger=202.87|stop=203.13|target_r=1.5|risk_ps=0.3|atr=0.434282|vwap_dist_atr=0.460499|tick=0.01,202.78,333,67525.74,133.2,0.20,0,133.2,0.20,-19.98,-0.03,1120.46,1.12,0
29,Exit long,2025-10-21 11:36,sl1|exit_reason=stop,202.62,249,50554.47,-102.09,-0.20,0,0,0.00,-102.09,-0.20,1018.37,1.02,4
29,Entry long,2025-10-21 11:32,sl1|ver=0.1.0|variant=baseline|cfg=ema9_atr14_buf0.1_chase1_win3_tgt1.5_hold20_t935-1500_ent2_loss2_dd2_dirboth_risk100|setup_id=ir:0.1.0:NASDAQ:MU:1:1761060660000:long|bars_to_confirm=1|signal_close=203.03|trigger=203|stop=202.63|target_r=1.5|risk_ps=0.4|atr=0.272438|vwap_dist_atr=0.921632|tick=0.01,203.03,249,50554.47,-102.09,-0.20,0,0,0.00,-102.09,-0.20,1018.37,1.02,4
30,Exit long,2025-10-22 09:42,sl1|exit_reason=target,203.31,108,21812.76,144.72,0.66,0,144.72,0.66,-4.32,-0.02,1163.09,1.16,1
30,Entry long,2025-10-22 09:41,sl1|ver=0.1.0|variant=baseline|cfg=ema9_atr14_buf0.1_chase1_win3_tgt1.5_hold20_t935-1500_ent2_loss2_dd2_dirboth_risk100|setup_id=ir:0.1.0:NASDAQ:MU:1:1761140400000:long|bars_to_confirm=1|signal_close=202|trigger=201.88|stop=201.08|target_r=1.5|risk_ps=0.92|atr=0.589632|vwap_dist_atr=0.68173|tick=0.01,201.97,108,21812.76,144.72,0.66,0,144.72,0.66,-4.32,-0.02,1163.09,1.16,1
31,Exit long,2025-10-23 10:49,sl1|exit_reason=target,203.54,126,25494.84,151.2,0.59,0,151.2,0.59,-23.94,-0.09,1314.29,1.31,17
31,Entry long,2025-10-23 10:32,sl1|ver=0.1.0|variant=baseline|cfg=ema9_atr14_buf0.1_chase1_win3_tgt1.5_hold20_t935-1500_ent2_loss2_dd2_dirboth_risk100|setup_id=ir:0.1.0:NASDAQ:MU:1:1761229860000:long|bars_to_confirm=1|signal_close=202.33|trigger=202.2999|stop=201.54|target_r=1.5|risk_ps=0.79|atr=0.617832|vwap_dist_atr=0.525903|tick=0.01,202.34,126,25494.84,151.2,0.59,0,151.2,0.59,-23.94,-0.09,1314.29,1.31,17
32,Exit short,2025-10-27 09:40,sl1|exit_reason=target,221.17,106,23609.38,165.36,0.70,0,165.36,0.70,-3.18,-0.01,1479.65,1.48,2
32,Entry short,2025-10-27 09:38,sl1|ver=0.1.0|variant=baseline|cfg=ema9_atr14_buf0.1_chase1_win3_tgt1.5_hold20_t935-1500_ent2_loss2_dd2_dirboth_risk100|setup_id=ir:0.1.0:NASDAQ:MU:1:1761572220000:short|bars_to_confirm=1|signal_close=222.83|trigger=222.97|stop=223.77|target_r=1.5|risk_ps=0.94|atr=0.796915|vwap_dist_atr=0.673875|tick=0.01,222.73,106,23609.38,165.36,0.70,0,165.36,0.70,-3.18,-0.01,1479.65,1.48,2
33,Exit long,2025-10-27 11:04,sl1|exit_reason=stop,219.56,204,44898.36,-108.12,-0.24,0,51,0.11,-108.12,-0.24,1371.53,1.37,0
33,Entry long,2025-10-27 11:04,sl1|ver=0.1.0|variant=baseline|cfg=ema9_atr14_buf0.1_chase1_win3_tgt1.5_hold20_t935-1500_ent2_loss2_dd2_dirboth_risk100|setup_id=ir:0.1.0:NASDAQ:MU:1:1761577380000:long|bars_to_confirm=1|signal_close=220.06|trigger=219.8605|stop=219.57|target_r=1.5|risk_ps=0.49|atr=0.517236|vwap_dist_atr=0.430435|tick=0.01,220.09,204,44898.36,-108.12,-0.24,0,51,0.11,-108.12,-0.24,1371.53,1.37,0
34,Exit long,2025-10-28 09:50,sl1|exit_reason=stop,218.48,70,15397.2,-103.6,-0.67,0,2.8,0.02,-103.6,-0.67,1267.93,1.27,8
34,Entry long,2025-10-28 09:42,sl1|ver=0.1.0|variant=baseline|cfg=ema9_atr14_buf0.1_chase1_win3_tgt1.5_hold20_t935-1500_ent2_loss2_dd2_dirboth_risk100|setup_id=ir:0.1.0:NASDAQ:MU:1:1761658800000:long|bars_to_confirm=2|signal_close=219.9|trigger=219.86|stop=218.49|target_r=1.5|risk_ps=1.41|atr=0.742085|vwap_dist_atr=0.928458|tick=0.01,219.96,70,15397.2,-103.6,-0.67,0,2.8,0.02,-103.6,-0.67,1267.93,1.27,8
35,Exit long,2025-10-29 09:52,sl1|exit_reason=target,231.36,76,17432.88,150.48,0.86,0,150.48,0.86,-19,-0.11,1418.41,1.42,2
35,Entry long,2025-10-29 09:50,sl1|ver=0.1.0|variant=baseline|cfg=ema9_atr14_buf0.1_chase1_win3_tgt1.5_hold20_t935-1500_ent2_loss2_dd2_dirboth_risk100|setup_id=ir:0.1.0:NASDAQ:MU:1:1761745740000:long|bars_to_confirm=1|signal_close=229.37|trigger=229.2389|stop=228.06|target_r=1.5|risk_ps=1.31|atr=0.837199|vwap_dist_atr=0.663222|tick=0.01,229.38,76,17432.88,150.48,0.86,0,150.48,0.86,-19,-0.11,1418.41,1.42,2
36,Exit long,2025-10-29 10:16,sl1|exit_reason=stop,228.91,71,16358.4,-105.79,-0.65,0,14.2,0.09,-105.79,-0.65,1312.62,1.31,2
36,Entry long,2025-10-29 10:14,sl1|ver=0.1.0|variant=baseline|cfg=ema9_atr14_buf0.1_chase1_win3_tgt1.5_hold20_t935-1500_ent2_loss2_dd2_dirboth_risk100|setup_id=ir:0.1.0:NASDAQ:MU:1:1761747180000:long|bars_to_confirm=1|signal_close=230.325|trigger=230.22|stop=228.92|target_r=1.5|risk_ps=1.405|atr=0.796717|vwap_dist_atr=0.818372|tick=0.01,230.4,71,16358.4,-105.79,-0.65,0,14.2,0.09,-105.79,-0.65,1312.62,1.31,2
37,Exit long,2025-10-30 09:50,sl1|exit_reason=target,225.78,97,21737.7,162.96,0.75,0,162.96,0.75,-1.94,-0.01,1475.58,1.48,3
37,Entry long,2025-10-30 09:47,sl1|ver=0.1.0|variant=baseline|cfg=ema9_atr14_buf0.1_chase1_win3_tgt1.5_hold20_t935-1500_ent2_loss2_dd2_dirboth_risk100|setup_id=ir:0.1.0:NASDAQ:MU:1:1761831900000:long|bars_to_confirm=2|signal_close=224.01|trigger=223.878|stop=222.98|target_r=1.5|risk_ps=1.03|atr=0.942296|vwap_dist_atr=0.504799|tick=0.01,224.1,97,21737.7,162.96,0.75,0,162.96,0.75,-1.94,-0.01,1475.58,1.48,3
38,Exit long,2025-10-30 11:07,sl1|exit_reason=stop,224.64,175,39411.75,-99.75,-0.25,0,63,0.16,-99.75,-0.25,1375.83,1.38,5
38,Entry long,2025-10-30 11:02,sl1|ver=0.1.0|variant=baseline|cfg=ema9_atr14_buf0.1_chase1_win3_tgt1.5_hold20_t935-1500_ent2_loss2_dd2_dirboth_risk100|setup_id=ir:0.1.0:NASDAQ:MU:1:1761836400000:long|bars_to_confirm=2|signal_close=225.22|trigger=225.0584|stop=224.65|target_r=1.5|risk_ps=0.57|atr=0.47191|vwap_dist_atr=0.992284|tick=0.01,225.21,175,39411.75,-99.75,-0.25,0,63,0.16,-99.75,-0.25,1375.83,1.38,5
39,Exit short,2025-10-31 09:49,sl1|exit_reason=target,228.12,128,29345.28,145.92,0.50,0,145.92,0.50,-1.28,0.00,1521.75,1.52,0
39,Entry short,2025-10-31 09:49,sl1|ver=0.1.0|variant=baseline|cfg=ema9_atr14_buf0.1_chase1_win3_tgt1.5_hold20_t935-1500_ent2_loss2_dd2_dirboth_risk100|setup_id=ir:0.1.0:NASDAQ:MU:1:1761918480000:short|bars_to_confirm=1|signal_close=229.29|trigger=229.37|stop=230.07|target_r=1.5|risk_ps=0.78|atr=0.725594|vwap_dist_atr=0.448037|tick=0.01,229.26,128,29345.28,145.92,0.50,0,145.92,0.50,-1.28,0.00,1521.75,1.52,0
40,Exit short,2025-10-31 11:13,sl1|exit_reason=target,227.83,200,45712,146,0.32,0,146,0.32,-38,-0.08,1667.75,1.67,3
40,Entry short,2025-10-31 11:10,sl1|ver=0.1.0|variant=baseline|cfg=ema9_atr14_buf0.1_chase1_win3_tgt1.5_hold20_t935-1500_ent2_loss2_dd2_dirboth_risk100|setup_id=ir:0.1.0:NASDAQ:MU:1:1761923220000:short|bars_to_confirm=3|signal_close=228.55|trigger=228.62|stop=229.05|target_r=1.5|risk_ps=0.5|atr=0.349098|vwap_dist_atr=0.573997|tick=0.01,228.56,200,45712,146,0.32,0,146,0.32,-38,-0.08,1667.75,1.67,3
41,Exit long,2025-11-03 10:10,sl1|exit_reason=stop,233.32,68,15963.68,-97.92,-0.61,0,16.32,0.10,-97.92,-0.61,1569.83,1.57,6
41,Entry long,2025-11-03 10:04,sl1|ver=0.1.0|variant=baseline|cfg=ema9_atr14_buf0.1_chase1_win3_tgt1.5_hold20_t935-1500_ent2_loss2_dd2_dirboth_risk100|setup_id=ir:0.1.0:NASDAQ:MU:1:1762182180000:long|bars_to_confirm=1|signal_close=234.78|trigger=234.5799|stop=233.33|target_r=1.5|risk_ps=1.45|atr=0.890045|vwap_dist_atr=0.433709|tick=0.01,234.76,68,15963.68,-97.92,-0.61,0,16.32,0.10,-97.92,-0.61,1569.83,1.57,6
42,Exit short,2025-11-03 10:35,sl1|exit_reason=time,233.02,77,17997.21,54.67,0.30,0,148.61,0.83,-33.88,-0.19,1624.5,1.62,20
42,Entry short,2025-11-03 10:15,sl1|ver=0.1.0|variant=baseline|cfg=ema9_atr14_buf0.1_chase1_win3_tgt1.5_hold20_t935-1500_ent2_loss2_dd2_dirboth_risk100|setup_id=ir:0.1.0:NASDAQ:MU:1:1762182840000:short|bars_to_confirm=1|signal_close=233.7344|trigger=234.11|stop=235.03|target_r=1.5|risk_ps=1.2956|atr=0.857842|vwap_dist_atr=0.736021|tick=0.01,233.73,77,17997.21,54.67,0.30,0,148.61,0.83,-33.88,-0.19,1624.5,1.62,20
43,Exit short,2025-11-04 11:30,sl1|exit_reason=time,224.77,108,24279.48,4.32,0.02,0,111.24,0.46,-5.4,-0.02,1628.82,1.63,20
43,Entry short,2025-11-04 11:10,sl1|ver=0.1.0|variant=baseline|cfg=ema9_atr14_buf0.1_chase1_win3_tgt1.5_hold20_t935-1500_ent2_loss2_dd2_dirboth_risk100|setup_id=ir:0.1.0:NASDAQ:MU:1:1762272540000:short|bars_to_confirm=1|signal_close=224.81|trigger=224.95|stop=225.73|target_r=1.5|risk_ps=0.92|atr=0.43124|vwap_dist_atr=0.667975|tick=0.01,224.81,108,24279.48,4.32,0.02,0,111.24,0.46,-5.4,-0.02,1628.82,1.63,20
44,Exit long,2025-11-04 11:47,sl1|exit_reason=stop,224.57,142,31986.92,-97.98,-0.31,0,106.5,0.33,-97.98,-0.31,1530.84,1.53,15
44,Entry long,2025-11-04 11:32,sl1|ver=0.1.0|variant=baseline|cfg=ema9_atr14_buf0.1_chase1_win3_tgt1.5_hold20_t935-1500_ent2_loss2_dd2_dirboth_risk100|setup_id=ir:0.1.0:NASDAQ:MU:1:1762273860000:long|bars_to_confirm=1|signal_close=225.284|trigger=225.2141|stop=224.58|target_r=1.5|risk_ps=0.704|atr=0.387561|vwap_dist_atr=0.607193|tick=0.01,225.26,142,31986.92,-97.98,-0.31,0,106.5,0.33,-97.98,-0.31,1530.84,1.53,15
45,Exit long,2025-11-06 13:52,sl1|exit_reason=time,240.35,140,33598.6,50.4,0.15,0,110.6,0.33,-56,-0.17,1581.24,1.58,20
45,Entry long,2025-11-06 13:32,sl1|ver=0.1.0|variant=baseline|cfg=ema9_atr14_buf0.1_chase1_win3_tgt1.5_hold20_t935-1500_ent2_loss2_dd2_dirboth_risk100|setup_id=ir:0.1.0:NASDAQ:MU:1:1762453860000:long|bars_to_confirm=1|signal_close=239.97|trigger=239.84|stop=239.26|target_r=1.5|risk_ps=0.71|atr=0.503244|vwap_dist_atr=0.803669|tick=0.01,239.99,140,33598.6,50.4,0.15,0,110.6,0.33,-56,-0.17,1581.24,1.58,20
46,Exit short,2025-11-07 10:27,sl1|exit_reason=stop,236.65,64,15052.8,-92.8,-0.62,0,0,0.00,-92.8,-0.62,1488.44,1.49,2
46,Entry short,2025-11-07 10:25,sl1|ver=0.1.0|variant=baseline|cfg=ema9_atr14_buf0.1_chase1_win3_tgt1.5_hold20_t935-1500_ent2_loss2_dd2_dirboth_risk100|setup_id=ir:0.1.0:NASDAQ:MU:1:1762529040000:short|bars_to_confirm=1|signal_close=235.1|trigger=235.19|stop=236.64|target_r=1.5|risk_ps=1.54|atr=1.079135|vwap_dist_atr=0.247023|tick=0.01,235.2,64,15052.8,-92.8,-0.62,0,0,0.00,-92.8,-0.62,1488.44,1.49,2
47,Exit short,2025-11-07 10:33,sl1|exit_reason=target,233.05,68,15996.32,148.92,0.93,0,148.92,0.93,-0.68,0.00,1637.36,1.64,2
47,Entry short,2025-11-07 10:31,sl1|ver=0.1.0|variant=baseline|cfg=ema9_atr14_buf0.1_chase1_win3_tgt1.5_hold20_t935-1500_ent2_loss2_dd2_dirboth_risk100|setup_id=ir:0.1.0:NASDAQ:MU:1:1762529400000:short|bars_to_confirm=1|signal_close=235.245|trigger=235.3001|stop=236.7|target_r=1.5|risk_ps=1.455|atr=1.000678|vwap_dist_atr=0.146476|tick=0.01,235.24,68,15996.32,148.92,0.93,0,148.92,0.93,-0.68,0.00,1637.36,1.64,2
48,Exit long,2025-11-10 10:36,sl1|exit_reason=target,255.96,90,22887.9,148.5,0.65,0,148.5,0.65,-19.8,-0.09,1785.86,1.79,16
48,Entry long,2025-11-10 10:20,sl1|ver=0.1.0|variant=baseline|cfg=ema9_atr14_buf0.1_chase1_win3_tgt1.5_hold20_t935-1500_ent2_loss2_dd2_dirboth_risk100|setup_id=ir:0.1.0:NASDAQ:MU:1:1762787940000:long|bars_to_confirm=1|signal_close=254.32|trigger=254.04|stop=253.21|target_r=1.5|risk_ps=1.11|atr=0.750439|vwap_dist_atr=0.969783|tick=0.01,254.31,90,22887.9,148.5,0.65,0,148.5,0.65,-19.8,-0.09,1785.86,1.79,16
49,Exit short,2025-11-10 12:31,sl1|exit_reason=stop,254.28,136,34478.72,-103.36,-0.30,0,25.84,0.07,-103.36,-0.30,1682.5,1.68,7
49,Entry short,2025-11-10 12:24,sl1|ver=0.1.0|variant=baseline|cfg=ema9_atr14_buf0.1_chase1_win3_tgt1.5_hold20_t935-1500_ent2_loss2_dd2_dirboth_risk100|setup_id=ir:0.1.0:NASDAQ:MU:1:1762795260000:short|bars_to_confirm=3|signal_close=253.54|trigger=253.57|stop=254.27|target_r=1.5|risk_ps=0.73|atr=0.39576|vwap_dist_atr=0.97161|tick=0.01,253.52,136,34478.72,-103.36,-0.30,0,25.84,0.07,-103.36,-0.30,1682.5,1.68,7
50,Exit long,2025-11-11 11:28,sl1|exit_reason=stop,243.57,143,34917.74,-87.23,-0.25,0,71.5,0.20,-87.23,-0.25,1595.27,1.60,4
50,Entry long,2025-11-11 11:24,sl1|ver=0.1.0|variant=baseline|cfg=ema9_atr14_buf0.1_chase1_win3_tgt1.5_hold20_t935-1500_ent2_loss2_dd2_dirboth_risk100|setup_id=ir:0.1.0:NASDAQ:MU:1:1762878120000:long|bars_to_confirm=2|signal_close=244.275|trigger=244.0899|stop=243.58|target_r=1.5|risk_ps=0.695|atr=0.579956|vwap_dist_atr=0.62524|tick=0.01,244.18,143,34917.74,-87.23,-0.25,0,71.5,0.20,-87.23,-0.25,1595.27,1.60,4
51,Exit long,2025-11-11 11:56,sl1|exit_reason=stop,243.44,158,38561.48,-97.96,-0.25,0,86.9,0.23,-97.96,-0.25,1497.31,1.50,12
51,Entry long,2025-11-11 11:44,sl1|ver=0.1.0|variant=baseline|cfg=ema9_atr14_buf0.1_chase1_win3_tgt1.5_hold20_t935-1500_ent2_loss2_dd2_dirboth_risk100|setup_id=ir:0.1.0:NASDAQ:MU:1:1762879380000:long|bars_to_confirm=1|signal_close=244.08|trigger=244.005|stop=243.45|target_r=1.5|risk_ps=0.63|atr=0.502254|vwap_dist_atr=0.359339|tick=0.01,244.06,158,38561.48,-97.96,-0.25,0,86.9,0.23,-97.96,-0.25,1497.31,1.50,12
52,Exit long,2025-11-12 10:07,sl1|exit_reason=target,246.74,72,17601.12,164.16,0.93,0,164.16,0.93,-14.4,-0.08,1661.47,1.66,4
52,Entry long,2025-11-12 10:03,sl1|ver=0.1.0|variant=baseline|cfg=ema9_atr14_buf0.1_chase1_win3_tgt1.5_hold20_t935-1500_ent2_loss2_dd2_dirboth_risk100|setup_id=ir:0.1.0:NASDAQ:MU:1:1762959720000:long|bars_to_confirm=1|signal_close=244.32|trigger=243.8|stop=242.94|target_r=1.5|risk_ps=1.38|atr=0.894931|vwap_dist_atr=0.926386|tick=0.01,244.46,72,17601.12,164.16,0.93,0,164.16,0.93,-14.4,-0.08,1661.47,1.66,4
53,Exit long,2025-11-12 11:38,sl1|exit_reason=stop,243.74,74,18143.32,-106.56,-0.59,0,18.5,0.10,-106.56,-0.59,1554.91,1.55,6
53,Entry long,2025-11-12 11:32,sl1|ver=0.1.0|variant=baseline|cfg=ema9_atr14_buf0.1_chase1_win3_tgt1.5_hold20_t935-1500_ent2_loss2_dd2_dirboth_risk100|setup_id=ir:0.1.0:NASDAQ:MU:1:1762965060000:long|bars_to_confirm=1|signal_close=245.095|trigger=244.82|stop=243.75|target_r=1.5|risk_ps=1.345|atr=0.65406|vwap_dist_atr=0.653552|tick=0.01,245.18,74,18143.32,-106.56,-0.59,0,18.5,0.10,-106.56,-0.59,1554.91,1.55,6
54,Exit short,2025-11-13 09:43,sl1|exit_reason=target,240.66,47,11451.08,140.06,1.22,0,140.06,1.22,-2.35,-0.02,1694.97,1.69,2
54,Entry short,2025-11-13 09:41,sl1|ver=0.1.0|variant=baseline|cfg=ema9_atr14_buf0.1_chase1_win3_tgt1.5_hold20_t935-1500_ent2_loss2_dd2_dirboth_risk100|setup_id=ir:0.1.0:NASDAQ:MU:1:1763044800000:short|bars_to_confirm=1|signal_close=243.535|trigger=244.33|stop=245.63|target_r=1.5|risk_ps=2.095|atr=1.262847|vwap_dist_atr=0.808537|tick=0.01,243.64,47,11451.08,140.06,1.22,0,140.06,1.22,-2.35,-0.02,1694.97,1.69,2
55,Exit long,2025-11-13 10:11,sl1|exit_reason=time,246.02,45,11001.6,69.3,0.63,0,102.15,0.93,-58.05,-0.53,1764.27,1.76,20
55,Entry long,2025-11-13 09:51,sl1|ver=0.1.0|variant=baseline|cfg=ema9_atr14_buf0.1_chase1_win3_tgt1.5_hold20_t935-1500_ent2_loss2_dd2_dirboth_risk100|setup_id=ir:0.1.0:NASDAQ:MU:1:1763045340000:long|bars_to_confirm=2|signal_close=244.49|trigger=244.1|stop=242.28|target_r=1.5|risk_ps=2.21|atr=1.380464|vwap_dist_atr=0.80681|tick=0.01,244.48,45,11001.6,69.3,0.63,0,102.15,0.93,-58.05,-0.53,1764.27,1.76,20
56,Exit long,2025-11-18 12:04,sl1|exit_reason=time,231.72,102,23620.14,15.3,0.06,0,104.04,0.44,-83.64,-0.35,1779.57,1.78,20
56,Entry long,2025-11-18 11:44,sl1|ver=0.1.0|variant=baseline|cfg=ema9_atr14_buf0.1_chase1_win3_tgt1.5_hold20_t935-1500_ent2_loss2_dd2_dirboth_risk100|setup_id=ir:0.1.0:NASDAQ:MU:1:1763484180000:long|bars_to_confirm=1|signal_close=231.6934|trigger=231.5|stop=230.72|target_r=1.5|risk_ps=0.9734|atr=0.764424|vwap_dist_atr=0.785137|tick=0.01,231.57,102,23620.14,15.3,0.06,0,104.04,0.44,-83.64,-0.35,1779.57,1.78,20
57,Exit short,2025-11-18 14:37,sl1|exit_reason=stop,231.97,162,37473.84,-105.3,-0.28,0,51.84,0.14,-105.3,-0.28,1674.27,1.67,4
57,Entry short,2025-11-18 14:33,sl1|ver=0.1.0|variant=baseline|cfg=ema9_atr14_buf0.1_chase1_win3_tgt1.5_hold20_t935-1500_ent2_loss2_dd2_dirboth_risk100|setup_id=ir:0.1.0:NASDAQ:MU:1:1763494320000:short|bars_to_confirm=1|signal_close=231.3444|trigger=231.445|stop=231.96|target_r=1.5|risk_ps=0.6156|atr=0.436969|vwap_dist_atr=0.249917|tick=0.01,231.32,162,37473.84,-105.3,-0.28,0,51.84,0.14,-105.3,-0.28,1674.27,1.67,4
58,Exit short,2025-11-19 10:56,sl1|exit_reason=target,228.64,94,21634.1,141.94,0.66,0,141.94,0.66,-3.76,-0.02,1816.21,1.82,3
58,Entry short,2025-11-19 10:53,sl1|ver=0.1.0|variant=baseline|cfg=ema9_atr14_buf0.1_chase1_win3_tgt1.5_hold20_t935-1500_ent2_loss2_dd2_dirboth_risk100|setup_id=ir:0.1.0:NASDAQ:MU:1:1763567460000:short|bars_to_confirm=2|signal_close=230.1001|trigger=230.31|stop=231.16|target_r=1.5|risk_ps=1.0599|atr=0.758228|vwap_dist_atr=0.631871|tick=0.01,230.15,94,21634.1,141.94,0.66,0,141.94,0.66,-3.76,-0.02,1816.21,1.82,3
59,Exit long,2025-11-19 15:14,sl1|exit_reason=time,226.65,135,30559.95,37.8,0.12,0,103.95,0.34,-91.8,-0.30,1854.01,1.85,20
59,Entry long,2025-11-19 14:54,sl1|ver=0.1.0|variant=baseline|cfg=ema9_atr14_buf0.1_chase1_win3_tgt1.5_hold20_t935-1500_ent2_loss2_dd2_dirboth_risk100|setup_id=ir:0.1.0:NASDAQ:MU:1:1763581980000:long|bars_to_confirm=1|signal_close=226.3605|trigger=226.34|stop=225.62|target_r=1.5|risk_ps=0.7405|atr=0.552333|vwap_dist_atr=0.852277|tick=0.01,226.37,135,30559.95,37.8,0.12,0,103.95,0.34,-91.8,-0.30,1854.01,1.85,20
60,Exit long,2025-11-20 10:09,sl1|exit_reason=stop,222.12,43,9653.93,-102.77,-1.06,0,20.21,0.21,-102.77,-1.06,1751.24,1.75,9
60,Entry long,2025-11-20 10:00,sl1|ver=0.1.0|variant=baseline|cfg=ema9_atr14_buf0.1_chase1_win3_tgt1.5_hold20_t935-1500_ent2_loss2_dd2_dirboth_risk100|setup_id=ir:0.1.0:NASDAQ:MU:1:1763650740000:long|bars_to_confirm=1|signal_close=224.43|trigger=224.12|stop=222.13|target_r=1.5|risk_ps=2.3|atr=1.661175|vwap_dist_atr=0.335928|tick=0.01,224.51,43,9653.93,-102.77,-1.06,0,20.21,0.21,-102.77,-1.06,1751.24,1.75,9
61,Exit long,2025-11-21 09:46,sl1|exit_reason=stop,201.27,33,6746.19,-104.28,-1.55,0,3.3,0.05,-104.28,-1.55,1646.96,1.65,4
61,Entry long,2025-11-21 09:42,sl1|ver=0.1.0|variant=baseline|cfg=ema9_atr14_buf0.1_chase1_win3_tgt1.5_hold20_t935-1500_ent2_loss2_dd2_dirboth_risk100|setup_id=ir:0.1.0:NASDAQ:MU:1:1763736060000:long|bars_to_confirm=1|signal_close=204.305|trigger=203.68|stop=201.28|target_r=1.5|risk_ps=3.025|atr=1.189528|vwap_dist_atr=0.617522|tick=0.01,204.43,33,6746.19,-104.28,-1.55,0,3.3,0.05,-104.28,-1.55,1646.96,1.65,4
62,Exit long,2025-11-21 11:37,sl1|exit_reason=target,201.73,72,14378.4,146.16,1.02,0,146.16,1.02,-14.4,-0.10,1793.12,1.79,8
62,Entry long,2025-11-21 11:29,sl1|ver=0.1.0|variant=baseline|cfg=ema9_atr14_buf0.1_chase1_win3_tgt1.5_hold20_t935-1500_ent2_loss2_dd2_dirboth_risk100|setup_id=ir:0.1.0:NASDAQ:MU:1:1763742480000:long|bars_to_confirm=1|signal_close=199.73|trigger=199.27|stop=198.35|target_r=1.5|risk_ps=1.38|atr=0.95551|vwap_dist_atr=0.929414|tick=0.01,199.7,72,14378.4,146.16,1.02,0,146.16,1.02,-14.4,-0.10,1793.12,1.79,8
63,Exit short,2025-11-25 09:55,sl1|exit_reason=stop,220.57,45,9826.2,-99.45,-1.01,0,106.2,1.08,-99.45,-1.01,1693.67,1.69,15
63,Entry short,2025-11-25 09:40,sl1|ver=0.1.0|variant=baseline|cfg=ema9_atr14_buf0.1_chase1_win3_tgt1.5_hold20_t935-1500_ent2_loss2_dd2_dirboth_risk100|setup_id=ir:0.1.0:NASDAQ:MU:1:1764081480000:short|bars_to_confirm=2|signal_close=218.36|trigger=218.6|stop=220.56|target_r=1.5|risk_ps=2.2|atr=0.945027|vwap_dist_atr=0.966531|tick=0.01,218.36,45,9826.2,-99.45,-1.01,0,106.2,1.08,-99.45,-1.01,1693.67,1.69,15
64,Exit long,2025-11-25 10:50,sl1|exit_reason=time,219.62,68,14938.92,-4.76,-0.03,0,102,0.68,-59.16,-0.40,1688.91,1.69,20
64,Entry long,2025-11-25 10:30,sl1|ver=0.1.0|variant=baseline|cfg=ema9_atr14_buf0.1_chase1_win3_tgt1.5_hold20_t935-1500_ent2_loss2_dd2_dirboth_risk100|setup_id=ir:0.1.0:NASDAQ:MU:1:1764084540000:long|bars_to_confirm=1|signal_close=219.74|trigger=219.5|stop=218.27|target_r=1.5|risk_ps=1.47|atr=0.938032|vwap_dist_atr=0.900234|tick=0.01,219.69,68,14938.92,-4.76,-0.03,0,102,0.68,-59.16,-0.40,1688.91,1.69,20
65,Exit short,2025-11-26 09:52,sl1|exit_reason=target,229.01,78,17993.82,131.04,0.73,0,131.04,0.73,-39.78,-0.22,1819.95,1.82,9
65,Entry short,2025-11-26 09:43,sl1|ver=0.1.0|variant=baseline|cfg=ema9_atr14_buf0.1_chase1_win3_tgt1.5_hold20_t935-1500_ent2_loss2_dd2_dirboth_risk100|setup_id=ir:0.1.0:NASDAQ:MU:1:1764168120000:short|bars_to_confirm=1|signal_close=230.53|trigger=230.9237|stop=231.81|target_r=1.5|risk_ps=1.28|atr=1.07889|vwap_dist_atr=0.660803|tick=0.01,230.69,78,17993.82,131.04,0.73,0,131.04,0.73,-39.78,-0.22,1819.95,1.82,9
66,Exit long,2025-11-26 10:42,sl1|exit_reason=stop,229.29,176,40458.88,-103.84,-0.26,0,102.08,0.25,-103.84,-0.26,1716.11,1.72,6
66,Entry long,2025-11-26 10:36,sl1|ver=0.1.0|variant=baseline|cfg=ema9_atr14_buf0.1_chase1_win3_tgt1.5_hold20_t935-1500_ent2_loss2_dd2_dirboth_risk100|setup_id=ir:0.1.0:NASDAQ:MU:1:1764171300000:long|bars_to_confirm=1|signal_close=229.865|trigger=229.72|stop=229.3|target_r=1.5|risk_ps=0.565|atr=0.602191|vwap_dist_atr=0.500209|tick=0.01,229.88,176,40458.88,-103.84,-0.26,0,102.08,0.25,-103.84,-0.26,1716.11,1.72,6
67,Exit long,2025-11-28 10:08,sl1|exit_reason=time,236.9,60,14217.6,-3.6,-0.03,0,55.2,0.39,-63.6,-0.45,1712.51,1.71,20
67,Entry long,2025-11-28 09:48,sl1|ver=0.1.0|variant=baseline|cfg=ema9_atr14_buf0.1_chase1_win3_tgt1.5_hold20_t935-1500_ent2_loss2_dd2_dirboth_risk100|setup_id=ir:0.1.0:NASDAQ:MU:1:1764341220000:long|bars_to_confirm=1|signal_close=236.92|trigger=236.72|stop=235.28|target_r=1.5|risk_ps=1.64|atr=0.852833|vwap_dist_atr=0.933892|tick=0.01,236.96,60,14217.6,-3.6,-0.03,0,55.2,0.39,-63.6,-0.45,1712.51,1.71,20
68,Exit short,2025-11-28 10:20,sl1|exit_reason=target,234.42,111,26173.8,153.18,0.59,0,153.18,0.59,-22.2,-0.08,1865.69,1.87,8
68,Entry short,2025-11-28 10:12,sl1|ver=0.1.0|variant=baseline|cfg=ema9_atr14_buf0.1_chase1_win3_tgt1.5_hold20_t935-1500_ent2_loss2_dd2_dirboth_risk100|setup_id=ir:0.1.0:NASDAQ:MU:1:1764342660000:short|bars_to_confirm=1|signal_close=235.822|trigger=235.93|stop=236.72|target_r=1.5|risk_ps=0.898|atr=0.697927|vwap_dist_atr=0.858379|tick=0.01,235.8,111,26173.8,153.18,0.59,0,153.18,0.59,-22.2,-0.08,1865.69,1.87,8
69,Exit long,2025-12-01 10:10,sl1|exit_reason=time,235.93,80,18792,82.4,0.44,0,120,0.64,-56.8,-0.30,1948.09,1.95,20
69,Entry long,2025-12-01 09:50,sl1|ver=0.1.0|variant=baseline|cfg=ema9_atr14_buf0.1_chase1_win3_tgt1.5_hold20_t935-1500_ent2_loss2_dd2_dirboth_risk100|setup_id=ir:0.1.0:NASDAQ:MU:1:1764600540000:long|bars_to_confirm=1|signal_close=235.015|trigger=234.93|stop=233.78|target_r=1.5|risk_ps=1.235|atr=1.013348|vwap_dist_atr=0.659696|tick=0.01,234.9,80,18792,82.4,0.44,0,120,0.64,-56.8,-0.30,1948.09,1.95,20
70,Exit long,2025-12-02 09:58,sl1|exit_reason=target,243.05,104,25143.04,134.16,0.53,0,134.16,0.53,-27.04,-0.11,2082.25,2.08,1
70,Entry long,2025-12-02 09:57,sl1|ver=0.1.0|variant=baseline|cfg=ema9_atr14_buf0.1_chase1_win3_tgt1.5_hold20_t935-1500_ent2_loss2_dd2_dirboth_risk100|setup_id=ir:0.1.0:NASDAQ:MU:1:1764687360000:long|bars_to_confirm=1|signal_close=241.8532|trigger=241.74|stop=240.9|target_r=1.5|risk_ps=0.9532|atr=0.861009|vwap_dist_atr=0.912602|tick=0.01,241.76,104,25143.04,134.16,0.53,0,134.16,0.53,-27.04,-0.11,2082.25,2.08,1
71,Exit short,2025-12-02 10:30,sl1|exit_reason=target,238.36,69,16606.92,160.08,0.96,0,160.08,0.96,-61.41,-0.37,2242.33,2.24,18
71,Entry short,2025-12-02 10:12,sl1|ver=0.1.0|variant=baseline|cfg=ema9_atr14_buf0.1_chase1_win3_tgt1.5_hold20_t935-1500_ent2_loss2_dd2_dirboth_risk100|setup_id=ir:0.1.0:NASDAQ:MU:1:1764688260000:short|bars_to_confirm=1|signal_close=240.7818|trigger=241|stop=242.23|target_r=1.5|risk_ps=1.4482|atr=0.780773|vwap_dist_atr=0.807471|tick=0.01,240.68,69,16606.92,160.08,0.96,0,160.08,0.96,-61.41,-0.37,2242.33,2.24,18
72,Exit long,2025-12-03 10:13,sl1|exit_reason=stop,231.21,63,14671.44,-105.21,-0.72,0,19.53,0.13,-105.21,-0.72,2137.12,2.14,8
72,Entry long,2025-12-03 10:05,sl1|ver=0.1.0|variant=baseline|cfg=ema9_atr14_buf0.1_chase1_win3_tgt1.5_hold20_t935-1500_ent2_loss2_dd2_dirboth_risk100|setup_id=ir:0.1.0:NASDAQ:MU:1:1764774240000:long|bars_to_confirm=1|signal_close=232.8|trigger=232.7215|stop=231.22|target_r=1.5|risk_ps=1.58|atr=1.072727|vwap_dist_atr=0.828758|tick=0.01,232.88,63,14671.44,-105.21,-0.72,0,19.53,0.13,-105.21,-0.72,2137.12,2.14,8
73,Exit long,2025-12-03 10:23,sl1|exit_reason=target,234.56,88,20475.84,165.44,0.81,0,165.44,0.81,-47.52,-0.23,2302.56,2.30,5
73,Entry long,2025-12-03 10:18,sl1|ver=0.1.0|variant=baseline|cfg=ema9_atr14_buf0.1_chase1_win3_tgt1.5_hold20_t935-1500_ent2_loss2_dd2_dirboth_risk100|setup_id=ir:0.1.0:NASDAQ:MU:1:1764775020000:long|bars_to_confirm=1|signal_close=232.56|trigger=232.3|stop=231.43|target_r=1.5|risk_ps=1.13|atr=0.83751|vwap_dist_atr=0.737734|tick=0.01,232.68,88,20475.84,165.44,0.81,0,165.44,0.81,-47.52,-0.23,2302.56,2.30,5
74,Exit long,2025-12-04 11:39,sl1|exit_reason=time,227.18,147,33338.13,57.33,0.17,0,139.65,0.42,-60.27,-0.18,2359.89,2.36,20
74,Entry long,2025-12-04 11:19,sl1|ver=0.1.0|variant=baseline|cfg=ema9_atr14_buf0.1_chase1_win3_tgt1.5_hold20_t935-1500_ent2_loss2_dd2_dirboth_risk100|setup_id=ir:0.1.0:NASDAQ:MU:1:1764865020000:long|bars_to_confirm=2|signal_close=226.74|trigger=226.48|stop=226.06|target_r=1.5|risk_ps=0.68|atr=0.501005|vwap_dist_atr=0.86512|tick=0.01,226.79,147,33338.13,57.33,0.17,0,139.65,0.42,-60.27,-0.18,2359.89,2.36,20
75,Exit short,2025-12-04 15:17,sl1|exit_reason=target,225.86,208,47116.16,137.28,0.29,0,137.28,0.29,-70.72,-0.15,2497.17,2.50,18
75,Entry short,2025-12-04 14:59,sl1|ver=0.1.0|variant=baseline|cfg=ema9_atr14_buf0.1_chase1_win3_tgt1.5_hold20_t935-1500_ent2_loss2_dd2_dirboth_risk100|setup_id=ir:0.1.0:NASDAQ:MU:1:1764878280000:short|bars_to_confirm=1|signal_close=226.48|trigger=226.62|stop=226.96|target_r=1.5|risk_ps=0.48|atr=0.289492|vwap_dist_atr=0.950231|tick=0.01,226.52,208,47116.16,137.28,0.29,0,137.28,0.29,-70.72,-0.15,2497.17,2.50,18
76,Exit long,2025-12-05 10:03,sl1|exit_reason=target,235.27,45,10434.6,152.55,1.46,0,152.55,1.46,-30.6,-0.29,2649.72,2.65,13
76,Entry long,2025-12-05 09:50,sl1|ver=0.1.0|variant=baseline|cfg=ema9_atr14_buf0.1_chase1_win3_tgt1.5_hold20_t935-1500_ent2_loss2_dd2_dirboth_risk100|setup_id=ir:0.1.0:NASDAQ:MU:1:1764946140000:long|bars_to_confirm=1|signal_close=231.84|trigger=231.5|stop=229.62|target_r=1.5|risk_ps=2.22|atr=1.174566|vwap_dist_atr=0.848495|tick=0.01,231.88,45,10434.6,152.55,1.46,0,152.55,1.46,-30.6,-0.29,2649.72,2.65,13
77,Exit long,2025-12-05 11:06,sl1|exit_reason=target,234.34,151,35244.91,140.43,0.40,0,140.43,0.40,-25.67,-0.07,2790.15,2.79,1
77,Entry long,2025-12-05 11:05,sl1|ver=0.1.0|variant=baseline|cfg=ema9_atr14_buf0.1_chase1_win3_tgt1.5_hold20_t935-1500_ent2_loss2_dd2_dirboth_risk100|setup_id=ir:0.1.0:NASDAQ:MU:1:1764950640000:long|bars_to_confirm=1|signal_close=233.45|trigger=233.2|stop=232.79|target_r=1.5|risk_ps=0.66|atr=0.531217|vwap_dist_atr=0.874019|tick=0.01,233.41,151,35244.91,140.43,0.40,0,140.43,0.40,-25.67,-0.07,2790.15,2.79,1
78,Exit short,2025-12-08 10:25,sl1|exit_reason=target,243.54,90,22088.7,170.1,0.77,0,170.1,0.77,-69.3,-0.31,2960.25,2.96,16
78,Entry short,2025-12-08 10:09,sl1|ver=0.1.0|variant=baseline|cfg=ema9_atr14_buf0.1_chase1_win3_tgt1.5_hold20_t935-1500_ent2_loss2_dd2_dirboth_risk100|setup_id=ir:0.1.0:NASDAQ:MU:1:1765206420000:short|bars_to_confirm=2|signal_close=245.58|trigger=245.74|stop=246.69|target_r=1.5|risk_ps=1.11|atr=0.954282|vwap_dist_atr=0.701111|tick=0.01,245.43,90,22088.7,170.1,0.77,0,170.1,0.77,-69.3,-0.31,2960.25,2.96,16
79,Exit short,2025-12-10 10:30,sl1|exit_reason=stop,253.99,113,28590.13,-110.74,-0.39,0,48.59,0.17,-110.74,-0.39,2849.51,2.85,4
79,Entry short,2025-12-10 10:26,sl1|ver=0.1.0|variant=baseline|cfg=ema9_atr14_buf0.1_chase1_win3_tgt1.5_hold20_t935-1500_ent2_loss2_dd2_dirboth_risk100|setup_id=ir:0.1.0:NASDAQ:MU:1:1765380300000:short|bars_to_confirm=1|signal_close=253.1|trigger=253.3|stop=253.98|target_r=1.5|risk_ps=0.88|atr=0.666224|vwap_dist_atr=0.758616|tick=0.01,253.01,113,28590.13,-110.74,-0.39,0,48.59,0.17,-110.74,-0.39,2849.51,2.85,4
80,Exit long,2025-12-10 10:34,sl1|exit_reason=stop,253.37,139,35329.63,-111.2,-0.31,0,4.17,0.01,-111.2,-0.31,2738.31,2.74,0
80,Entry long,2025-12-10 10:34,sl1|ver=0.1.0|variant=baseline|cfg=ema9_atr14_buf0.1_chase1_win3_tgt1.5_hold20_t935-1500_ent2_loss2_dd2_dirboth_risk100|setup_id=ir:0.1.0:NASDAQ:MU:1:1765380780000:long|bars_to_confirm=1|signal_close=254.095|trigger=253.88|stop=253.38|target_r=1.5|risk_ps=0.715|atr=0.627216|vwap_dist_atr=0.792378|tick=0.01,254.17,139,35329.63,-111.2,-0.31,0,4.17,0.01,-111.2,-0.31,2738.31,2.74,0
81,Exit long,2025-12-11 10:22,sl1|exit_reason=target,259.67,89,22947.76,162.87,0.71,0,162.87,0.71,-61.41,-0.27,2901.18,2.90,3
81,Entry long,2025-12-11 10:19,sl1|ver=0.1.0|variant=baseline|cfg=ema9_atr14_buf0.1_chase1_win3_tgt1.5_hold20_t935-1500_ent2_loss2_dd2_dirboth_risk100|setup_id=ir:0.1.0:NASDAQ:MU:1:1765466280000:long|bars_to_confirm=1|signal_close=257.74|trigger=257.49|stop=256.62|target_r=1.5|risk_ps=1.12|atr=0.913886|vwap_dist_atr=0.523653|tick=0.01,257.84,89,22947.76,162.87,0.71,0,162.87,0.71,-61.41,-0.27,2901.18,2.90,3
82,Exit short,2025-12-11 10:51,sl1|exit_reason=target,256.21,119,30638.93,149.94,0.49,0,149.94,0.49,-94.01,-0.31,3051.12,3.05,6
82,Entry short,2025-12-11 10:45,sl1|ver=0.1.0|variant=baseline|cfg=ema9_atr14_buf0.1_chase1_win3_tgt1.5_hold20_t935-1500_ent2_loss2_dd2_dirboth_risk100|setup_id=ir:0.1.0:NASDAQ:MU:1:1765467840000:short|bars_to_confirm=1|signal_close=257.475|trigger=257.54|stop=258.31|target_r=1.5|risk_ps=0.835|atr=0.700654|vwap_dist_atr=0.226759|tick=0.01,257.47,119,30638.93,149.94,0.49,0,149.94,0.49,-94.01,-0.31,3051.12,3.05,6
83,Exit short,2025-12-12 10:03,sl1|exit_reason=time,247.29,45,11239.2,111.15,0.99,0,112.05,1.00,-60.3,-0.54,3162.27,3.16,20
83,Entry short,2025-12-12 09:43,sl1|ver=0.1.0|variant=baseline|cfg=ema9_atr14_buf0.1_chase1_win3_tgt1.5_hold20_t935-1500_ent2_loss2_dd2_dirboth_risk100|setup_id=ir:0.1.0:NASDAQ:MU:1:1765550520000:short|bars_to_confirm=1|signal_close=249.665|trigger=250.21|stop=251.84|target_r=1.5|risk_ps=2.175|atr=1.165464|vwap_dist_atr=0.978426|tick=0.01,249.76,45,11239.2,111.15,0.99,0,112.05,1.00,-60.3,-0.54,3162.27,3.16,20
84,Exit long,2025-12-12 12:26,sl1|exit_reason=stop,245.03,93,22888.23,-100.44,-0.44,0,26.04,0.11,-100.44,-0.44,3061.83,3.06,7
84,Entry long,2025-12-12 12:19,sl1|ver=0.1.0|variant=baseline|cfg=ema9_atr14_buf0.1_chase1_win3_tgt1.5_hold20_t935-1500_ent2_loss2_dd2_dirboth_risk100|setup_id=ir:0.1.0:NASDAQ:MU:1:1765559880000:long|bars_to_confirm=1|signal_close=246.105|trigger=246.08|stop=245.04|target_r=1.5|risk_ps=1.065|atr=0.60174|vwap_dist_atr=0.412304|tick=0.01,246.11,93,22888.23,-100.44,-0.44,0,26.04,0.11,-100.44,-0.44,3061.83,3.06,7
85,Exit short,2025-12-17 10:36,sl1|exit_reason=target,232.86,87,20415.42,156.6,0.77,0,156.6,0.77,-29.58,-0.14,3218.43,3.22,4
85,Entry short,2025-12-17 10:32,sl1|ver=0.1.0|variant=baseline|cfg=ema9_atr14_buf0.1_chase1_win3_tgt1.5_hold20_t935-1500_ent2_loss2_dd2_dirboth_risk100|setup_id=ir:0.1.0:NASDAQ:MU:1:1765985460000:short|bars_to_confirm=1|signal_close=234.715|trigger=235|stop=235.86|target_r=1.5|risk_ps=1.145|atr=0.813744|vwap_dist_atr=0.695998|tick=0.01,234.66,87,20415.42,156.6,0.77,0,156.6,0.77,-29.58,-0.14,3218.43,3.22,4
86,Exit long,2025-12-18 09:55,sl1|exit_reason=stop,256.42,23,5998.17,-100.51,-1.68,0,41.63,0.69,-100.51,-1.68,3117.92,3.12,13
86,Entry long,2025-12-18 09:42,sl1|ver=0.1.0|variant=baseline|cfg=ema9_atr14_buf0.1_chase1_win3_tgt1.5_hold20_t935-1500_ent2_loss2_dd2_dirboth_risk100|setup_id=ir:0.1.0:NASDAQ:MU:1:1766068860000:long|bars_to_confirm=1|signal_close=260.6178|trigger=259.4399|stop=256.43|target_r=1.5|risk_ps=4.1878|atr=2.513358|vwap_dist_atr=0.931836|tick=0.01,260.79,23,5998.17,-100.51,-1.68,0,41.63,0.69,-100.51,-1.68,3117.92,3.12,13
87,Exit long,2025-12-18 13:12,sl1|exit_reason=target,255.76,120,30532.8,158.4,0.52,0,158.4,0.52,-14.4,-0.05,3276.32,3.28,3
87,Entry long,2025-12-18 13:09,sl1|ver=0.1.0|variant=baseline|cfg=ema9_atr14_buf0.1_chase1_win3_tgt1.5_hold20_t935-1500_ent2_loss2_dd2_dirboth_risk100|setup_id=ir:0.1.0:NASDAQ:MU:1:1766081280000:long|bars_to_confirm=1|signal_close=254.39|trigger=254.34|stop=253.56|target_r=1.5|risk_ps=0.83|atr=0.54272|vwap_dist_atr=0.475888|tick=0.01,254.44,120,30532.8,158.4,0.52,0,158.4,0.52,-14.4,-0.05,3276.32,3.28,3
88,Exit long,2025-12-19 10:49,sl1|exit_reason=time,263.72,46,12112.26,18.86,0.16,0,118.22,0.98,-54.74,-0.45,3295.18,3.30,20
88,Entry long,2025-12-19 10:29,sl1|ver=0.1.0|variant=baseline|cfg=ema9_atr14_buf0.1_chase1_win3_tgt1.5_hold20_t935-1500_ent2_loss2_dd2_dirboth_risk100|setup_id=ir:0.1.0:NASDAQ:MU:1:1766158080000:long|bars_to_confirm=1|signal_close=263.2875|trigger=262.35|stop=261.14|target_r=1.5|risk_ps=2.1475|atr=1.084361|vwap_dist_atr=0.960828|tick=0.01,263.31,46,12112.26,18.86,0.16,0,118.22,0.98,-54.74,-0.45,3295.18,3.30,20
89,Exit long,2025-12-22 10:07,sl1|exit_reason=time,271.95,33,9040.68,-66.33,-0.73,0,43.23,0.48,-86.79,-0.96,3228.85,3.23,20
89,Entry long,2025-12-22 09:47,sl1|ver=0.1.0|variant=baseline|cfg=ema9_atr14_buf0.1_chase1_win3_tgt1.5_hold20_t935-1500_ent2_loss2_dd2_dirboth_risk100|setup_id=ir:0.1.0:NASDAQ:MU:1:1766414760000:long|bars_to_confirm=1|signal_close=273.95|trigger=273.24|stop=270.96|target_r=1.5|risk_ps=2.99|atr=1.388404|vwap_dist_atr=0.730169|tick=0.01,273.96,33,9040.68,-66.33,-0.73,0,43.23,0.48,-86.79,-0.96,3228.85,3.23,20
90,Exit short,2025-12-23 09:54,sl1|exit_reason=target,275.77,60,16703.4,157.2,0.94,0,157.2,0.94,-54.6,-0.33,3386.05,3.39,10
90,Entry short,2025-12-23 09:44,sl1|ver=0.1.0|variant=baseline|cfg=ema9_atr14_buf0.1_chase1_win3_tgt1.5_hold20_t935-1500_ent2_loss2_dd2_dirboth_risk100|setup_id=ir:0.1.0:NASDAQ:MU:1:1766500980000:short|bars_to_confirm=1|signal_close=278.5|trigger=278.75|stop=280.14|target_r=1.5|risk_ps=1.64|atr=1.190542|vwap_dist_atr=0.622129|tick=0.01,278.39,60,16703.4,157.2,0.94,0,157.2,0.94,-54.6,-0.33,3386.05,3.39,10
91,Exit short,2025-12-23 11:19,sl1|exit_reason=target,275.59,131,36221.5,119.21,0.33,0,119.21,0.33,-62.88,-0.17,3505.26,3.51,6
91,Entry short,2025-12-23 11:13,sl1|ver=0.1.0|variant=baseline|cfg=ema9_atr14_buf0.1_chase1_win3_tgt1.5_hold20_t935-1500_ent2_loss2_dd2_dirboth_risk100|setup_id=ir:0.1.0:NASDAQ:MU:1:1766506320000:short|bars_to_confirm=1|signal_close=276.3501|trigger=276.63|stop=277.11|target_r=1.5|risk_ps=0.7599|atr=0.482999|vwap_dist_atr=0.998177|tick=0.01,276.5,131,36221.5,119.21,0.33,0,119.21,0.33,-62.88,-0.17,3505.26,3.51,6
92,Exit long,2025-12-30 11:10,sl1|exit_reason=time,296.19,139,41107.86,62.55,0.15,0,76.45,0.19,-70.89,-0.17,3567.81,3.57,20
92,Entry long,2025-12-30 10:50,sl1|ver=0.1.0|variant=baseline|cfg=ema9_atr14_buf0.1_chase1_win3_tgt1.5_hold20_t935-1500_ent2_loss2_dd2_dirboth_risk100|setup_id=ir:0.1.0:NASDAQ:MU:1:1767109620000:long|bars_to_confirm=3|signal_close=295.705|trigger=295.4899|stop=294.99|target_r=1.5|risk_ps=0.715|atr=0.50748|vwap_dist_atr=0.782996|tick=0.01,295.74,139,41107.86,62.55,0.15,0,76.45,0.19,-70.89,-0.17,3567.81,3.57,20
93,Exit short,2025-12-30 12:54,sl1|exit_reason=stop,295.45,333,98298.27,-86.58,-0.09,0,19.98,0.02,-86.58,-0.09,3481.23,3.48,4
93,Entry short,2025-12-30 12:50,sl1|ver=0.1.0|variant=baseline|cfg=ema9_atr14_buf0.1_chase1_win3_tgt1.5_hold20_t935-1500_ent2_loss2_dd2_dirboth_risk100|setup_id=ir:0.1.0:NASDAQ:MU:1:1767116820000:short|bars_to_confirm=3|signal_close=295.14|trigger=295.18|stop=295.44|target_r=1.5|risk_ps=0.3|atr=0.225058|vwap_dist_atr=0.628361|tick=0.01,295.19,333,98298.27,-86.58,-0.09,0,19.98,0.02,-86.58,-0.09,3481.23,3.48,4
94,Exit long,2025-12-31 10:54,sl1|exit_reason=time,287.42,76,21861.4,-17.48,-0.08,0,55.48,0.25,-66.12,-0.30,3463.75,3.46,20
94,Entry long,2025-12-31 10:34,sl1|ver=0.1.0|variant=baseline|cfg=ema9_atr14_buf0.1_chase1_win3_tgt1.5_hold20_t935-1500_ent2_loss2_dd2_dirboth_risk100|setup_id=ir:0.1.0:NASDAQ:MU:1:1767195180000:long|bars_to_confirm=1|signal_close=287.65|trigger=287.27|stop=286.35|target_r=1.5|risk_ps=1.3|atr=0.562966|vwap_dist_atr=0.832434|tick=0.01,287.65,76,21861.4,-17.48,-0.08,0,55.48,0.25,-66.12,-0.30,3463.75,3.46,20
95,Exit short,2025-12-31 12:15,sl1|exit_reason=stop,287.48,360,103399.2,-93.6,-0.09,0,79.2,0.08,-93.6,-0.09,3370.15,3.37,5
95,Entry short,2025-12-31 12:10,sl1|ver=0.1.0|variant=baseline|cfg=ema9_atr14_buf0.1_chase1_win3_tgt1.5_hold20_t935-1500_ent2_loss2_dd2_dirboth_risk100|setup_id=ir:0.1.0:NASDAQ:MU:1:1767200940000:short|bars_to_confirm=1|signal_close=287.1956|trigger=287.22|stop=287.47|target_r=1.5|risk_ps=0.2744|atr=0.232271|vwap_dist_atr=0.564825|tick=0.01,287.22,360,103399.2,-93.6,-0.09,0,79.2,0.08,-93.6,-0.09,3370.15,3.37,5
96,Exit short,2026-01-02 11:14,sl1|exit_reason=stop,306.72,76,23208.12,-102.6,-0.44,0,15.2,0.07,-102.6,-0.44,3267.55,3.27,1
96,Entry short,2026-01-02 11:13,sl1|ver=0.1.0|variant=baseline|cfg=ema9_atr14_buf0.1_chase1_win3_tgt1.5_hold20_t935-1500_ent2_loss2_dd2_dirboth_risk100|setup_id=ir:0.1.0:NASDAQ:MU:1:1767370320000:short|bars_to_confirm=1|signal_close=305.3986|trigger=305.58|stop=306.71|target_r=1.5|risk_ps=1.3114|atr=0.814156|vwap_dist_atr=0.694776|tick=0.01,305.37,76,23208.12,-102.6,-0.44,0,15.2,0.07,-102.6,-0.44,3267.55,3.27,1
97,Exit long,2026-01-05 10:32,sl1|exit_reason=target,318.94,87,27592.05,155.73,0.56,0,155.73,0.56,-100.05,-0.36,3423.28,3.42,13
97,Entry long,2026-01-05 10:19,sl1|ver=0.1.0|variant=baseline|cfg=ema9_atr14_buf0.1_chase1_win3_tgt1.5_hold20_t935-1500_ent2_loss2_dd2_dirboth_risk100|setup_id=ir:0.1.0:NASDAQ:MU:1:1767626280000:long|bars_to_confirm=1|signal_close=317.105|trigger=316.79|stop=315.96|target_r=1.5|risk_ps=1.145|atr=1.084791|vwap_dist_atr=0.48724|tick=0.01,317.15,87,27592.05,155.73,0.56,0,155.73,0.56,-100.05,-0.36,3423.28,3.42,13
98,Exit short,2026-01-07 09:53,sl1|exit_reason=stop,342.93,36,12246.84,-98.64,-0.81,0,34.56,0.28,-98.64,-0.81,3324.64,3.32,7
98,Entry short,2026-01-07 09:46,sl1|ver=0.1.0|variant=baseline|cfg=ema9_atr14_buf0.1_chase1_win3_tgt1.5_hold20_t935-1500_ent2_loss2_dd2_dirboth_risk100|setup_id=ir:0.1.0:NASDAQ:MU:1:1767796980000:short|bars_to_confirm=3|signal_close=340.18|trigger=340.61|stop=342.92|target_r=1.5|risk_ps=2.74|atr=1.904727|vwap_dist_atr=0.846192|tick=0.01,340.19,36,12246.84,-98.64,-0.81,0,34.56,0.28,-98.64,-0.81,3324.64,3.32,7
99,Exit long,2026-01-07 10:28,sl1|exit_reason=time,345.22,42,14363.58,135.66,0.94,0,137.34,0.96,-23.52,-0.16,3460.3,3.46,20
99,Entry long,2026-01-07 10:08,sl1|ver=0.1.0|variant=baseline|cfg=ema9_atr14_buf0.1_chase1_win3_tgt1.5_hold20_t935-1500_ent2_loss2_dd2_dirboth_risk100|setup_id=ir:0.1.0:NASDAQ:MU:1:1767798420000:long|bars_to_confirm=1|signal_close=341.85|trigger=341.6899|stop=339.48|target_r=1.5|risk_ps=2.37|atr=1.626972|vwap_dist_atr=0.366615|tick=0.01,341.99,42,14363.58,135.66,0.94,0,137.34,0.96,-23.52,-0.16,3460.3,3.46,20
100,Exit short,2026-01-12 10:15,sl1|exit_reason=stop,344.82,57,19556.7,-98.04,-0.50,0,79.8,0.41,-98.04,-0.50,3362.26,3.36,8
100,Entry short,2026-01-12 10:07,sl1|ver=0.1.0|variant=baseline|cfg=ema9_atr14_buf0.1_chase1_win3_tgt1.5_hold20_t935-1500_ent2_loss2_dd2_dirboth_risk100|setup_id=ir:0.1.0:NASDAQ:MU:1:1768230300000:short|bars_to_confirm=2|signal_close=343.0755|trigger=343.32|stop=344.81|target_r=1.5|risk_ps=1.7345|atr=1.232088|vwap_dist_atr=0.78925|tick=0.01,343.1,57,19556.7,-98.04,-0.50,0,79.8,0.41,-98.04,-0.50,3362.26,3.36,8
101,Exit long,2026-01-12 10:38,sl1|exit_reason=time,344.89,75,25877.25,-10.5,-0.04,0,101.25,0.39,-71.25,-0.28,3351.76,3.35,20
101,Entry long,2026-01-12 10:18,sl1|ver=0.1.0|variant=baseline|cfg=ema9_atr14_buf0.1_chase1_win3_tgt1.5_hold20_t935-1500_ent2_loss2_dd2_dirboth_risk100|setup_id=ir:0.1.0:NASDAQ:MU:1:1768230960000:long|bars_to_confirm=2|signal_close=344.9524|trigger=344.95|stop=343.62|target_r=1.5|risk_ps=1.3324|atr=1.094994|vwap_dist_atr=0.869181|tick=0.01,345.03,75,25877.25,-10.5,-0.04,0,101.25,0.39,-71.25,-0.28,3351.76,3.35,20
102,Exit long,2026-01-14 10:08,sl1|exit_reason=time,333.69,49,16434.11,-83.3,-0.51,0,120.54,0.73,-92.12,-0.56,3268.46,3.27,20
102,Entry long,2026-01-14 09:48,sl1|ver=0.1.0|variant=baseline|cfg=ema9_atr14_buf0.1_chase1_win3_tgt1.5_hold20_t935-1500_ent2_loss2_dd2_dirboth_risk100|setup_id=ir:0.1.0:NASDAQ:MU:1:1768402020000:long|bars_to_confirm=1|signal_close=335.325|trigger=334.9499|stop=333.29|target_r=1.5|risk_ps=2.035|atr=1.423239|vwap_dist_atr=0.640892|tick=0.01,335.39,49,16434.11,-83.3,-0.51,0,120.54,0.73,-92.12,-0.56,3268.46,3.27,20
103,Exit short,2026-01-14 10:43,sl1|exit_reason=target,332.96,76,25455.44,150.48,0.59,0,150.48,0.59,-23.56,-0.09,3418.94,3.42,13
103,Entry short,2026-01-14 10:30,sl1|ver=0.1.0|variant=baseline|cfg=ema9_atr14_buf0.1_chase1_win3_tgt1.5_hold20_t935-1500_ent2_loss2_dd2_dirboth_risk100|setup_id=ir:0.1.0:NASDAQ:MU:1:1768404540000:short|bars_to_confirm=1|signal_close=334.945|trigger=335|stop=336.26|target_r=1.5|risk_ps=1.315|atr=1.072951|vwap_dist_atr=0.430732|tick=0.01,334.94,76,25455.44,150.48,0.59,0,150.48,0.59,-23.56,-0.09,3418.94,3.42,13
104,Exit short,2026-01-15 09:54,sl1|exit_reason=stop,344.65,49,16788.87,-98.98,-0.59,0,1.47,0.01,-98.98,-0.59,3319.96,3.32,2
104,Entry short,2026-01-15 09:52,sl1|ver=0.1.0|variant=baseline|cfg=ema9_atr14_buf0.1_chase1_win3_tgt1.5_hold20_t935-1500_ent2_loss2_dd2_dirboth_risk100|setup_id=ir:0.1.0:NASDAQ:MU:1:1768488600000:short|bars_to_confirm=2|signal_close=342.6244|trigger=342.76|stop=344.64|target_r=1.5|risk_ps=2.0156|atr=1.462019|vwap_dist_atr=0.772159|tick=0.01,342.63,49,16788.87,-98.98,-0.59,0,1.47,0.01,-98.98,-0.59,3319.96,3.32,2
105,Exit long,2026-01-15 10:13,sl1|exit_reason=stop,343.53,83,28619.23,-106.24,-0.37,0,9.13,0.03,-106.24,-0.37,3213.72,3.21,3
105,Entry long,2026-01-15 10:10,sl1|ver=0.1.0|variant=baseline|cfg=ema9_atr14_buf0.1_chase1_win3_tgt1.5_hold20_t935-1500_ent2_loss2_dd2_dirboth_risk100|setup_id=ir:0.1.0:NASDAQ:MU:1:1768489740000:long|bars_to_confirm=1|signal_close=344.7415|trigger=344.57|stop=343.54|target_r=1.5|risk_ps=1.2015|atr=1.115447|vwap_dist_atr=0.727237|tick=0.01,344.81,83,28619.23,-106.24,-0.37,0,9.13,0.03,-106.24,-0.37,3213.72,3.21,3
106,Exit short,2026-01-21 12:35,sl1|exit_reason=stop,385.21,60,23019.6,-93,-0.40,0,110.4,0.48,-93,-0.40,3120.72,3.12,18
106,Entry short,2026-01-21 12:17,sl1|ver=0.1.0|variant=baseline|cfg=ema9_atr14_buf0.1_chase1_win3_tgt1.5_hold20_t935-1500_ent2_loss2_dd2_dirboth_risk100|setup_id=ir:0.1.0:NASDAQ:MU:1:1769015760000:short|bars_to_confirm=1|signal_close=383.56|trigger=383.7|stop=385.2|target_r=1.5|risk_ps=1.64|atr=0.975319|vwap_dist_atr=0.400084|tick=0.01,383.66,60,23019.6,-93,-0.40,0,110.4,0.48,-93,-0.40,3120.72,3.12,18
107,Exit short,2026-01-21 12:46,sl1|exit_reason=stop,384.19,84,32162.76,-109.2,-0.34,0,6.72,0.02,-109.2,-0.34,3011.52,3.01,0
107,Entry short,2026-01-21 12:46,sl1|ver=0.1.0|variant=baseline|cfg=ema9_atr14_buf0.1_chase1_win3_tgt1.5_hold20_t935-1500_ent2_loss2_dd2_dirboth_risk100|setup_id=ir:0.1.0:NASDAQ:MU:1:1769017500000:short|bars_to_confirm=1|signal_close=382.99|trigger=383.14|stop=384.18|target_r=1.5|risk_ps=1.19|atr=0.97711|vwap_dist_atr=0.984281|tick=0.01,382.89,84,32162.76,-109.2,-0.34,0,6.72,0.02,-109.2,-0.34,3011.52,3.01,0
108,Exit long,2026-01-22 10:15,sl1|exit_reason=time,384.8,25,9611.25,8.75,0.09,0,40.75,0.42,-82.5,-0.86,3020.27,3.02,20
108,Entry long,2026-01-22 09:55,sl1|ver=0.1.0|variant=baseline|cfg=ema9_atr14_buf0.1_chase1_win3_tgt1.5_hold20_t935-1500_ent2_loss2_dd2_dirboth_risk100|setup_id=ir:0.1.0:NASDAQ:MU:1:1769093520000:long|bars_to_confirm=3|signal_close=384.44|trigger=384.3999|stop=380.58|target_r=1.5|risk_ps=3.86|atr=2.155479|vwap_dist_atr=0.514623|tick=0.01,384.45,25,9611.25,8.75,0.09,0,40.75,0.42,-82.5,-0.86,3020.27,3.02,20
109,Exit short,2026-01-22 10:33,sl1|exit_reason=stop,385.74,32,12247.68,-96,-0.78,0,23.04,0.19,-96,-0.78,2924.27,2.92,14
109,Entry short,2026-01-22 10:19,sl1|ver=0.1.0|variant=baseline|cfg=ema9_atr14_buf0.1_chase1_win3_tgt1.5_hold20_t935-1500_ent2_loss2_dd2_dirboth_risk100|setup_id=ir:0.1.0:NASDAQ:MU:1:1769095080000:short|bars_to_confirm=1|signal_close=382.66|trigger=382.81|stop=385.73|target_r=1.5|risk_ps=3.07|atr=1.530447|vwap_dist_atr=0.52519|tick=0.01,382.74,32,12247.68,-96,-0.78,0,23.04,0.19,-96,-0.78,2924.27,2.92,14
110,Exit short,2026-01-23 09:51,sl1|exit_reason=stop,396.64,43,16957.91,-97.61,-0.58,0,49.02,0.29,-97.61,-0.58,2826.66,2.83,2
110,Entry short,2026-01-23 09:49,sl1|ver=0.1.0|variant=baseline|cfg=ema9_atr14_buf0.1_chase1_win3_tgt1.5_hold20_t935-1500_ent2_loss2_dd2_dirboth_risk100|setup_id=ir:0.1.0:NASDAQ:MU:1:1769179620000:short|bars_to_confirm=2|signal_close=394.315|trigger=394.35|stop=396.63|target_r=1.5|risk_ps=2.315|atr=1.841572|vwap_dist_atr=0.643082|tick=0.01,394.37,43,16957.91,-97.61,-0.58,0,49.02,0.29,-97.61,-0.58,2826.66,2.83,2
111,Exit short,2026-01-23 11:48,sl1|exit_reason=time,400.57,44,17721.44,96.36,0.54,0,128.04,0.72,-7.04,-0.04,2923.02,2.92,20
111,Entry short,2026-01-23 11:28,sl1|ver=0.1.0|variant=baseline|cfg=ema9_atr14_buf0.1_chase1_win3_tgt1.5_hold20_t935-1500_ent2_loss2_dd2_dirboth_risk100|setup_id=ir:0.1.0:NASDAQ:MU:1:1769185620000:short|bars_to_confirm=1|signal_close=402.738|trigger=403.1501|stop=404.99|target_r=1.5|risk_ps=2.252|atr=0.980578|vwap_dist_atr=0.586613|tick=0.01,402.76,44,17721.44,96.36,0.54,0,128.04,0.72,-7.04,-0.04,2923.02,2.92,20
112,Exit long,2026-01-26 11:07,sl1|exit_reason=time,390.79,40,15680.4,-48.8,-0.31,0,68,0.43,-65.6,-0.42,2874.22,2.87,20
112,Entry long,2026-01-26 10:47,sl1|ver=0.1.0|variant=baseline|cfg=ema9_atr14_buf0.1_chase1_win3_tgt1.5_hold20_t935-1500_ent2_loss2_dd2_dirboth_risk100|setup_id=ir:0.1.0:NASDAQ:MU:1:1769442360000:long|bars_to_confirm=1|signal_close=391.97|trigger=391.62|stop=389.49|target_r=1.5|risk_ps=2.48|atr=1.160963|vwap_dist_atr=0.997411|tick=0.01,392.01,40,15680.4,-48.8,-0.31,0,68,0.43,-65.6,-0.42,2874.22,2.87,20
113,Exit short,2026-01-26 12:56,sl1|exit_reason=stop,391.32,102,39819.78,-94.86,-0.24,0,14.28,0.04,-94.86,-0.24,2779.36,2.78,6
113,Entry short,2026-01-26 12:50,sl1|ver=0.1.0|variant=baseline|cfg=ema9_atr14_buf0.1_chase1_win3_tgt1.5_hold20_t935-1500_ent2_loss2_dd2_dirboth_risk100|setup_id=ir:0.1.0:NASDAQ:MU:1:1769449740000:short|bars_to_confirm=1|signal_close=390.33|trigger=390.73|stop=391.31|target_r=1.5|risk_ps=0.98|atr=0.55137|vwap_dist_atr=0.883287|tick=0.01,390.39,102,39819.78,-94.86,-0.24,0,14.28,0.04,-94.86,-0.24,2779.36,2.78,6
114,Exit long,2026-01-27 09:58,sl1|exit_reason=target,409.33,46,18693.02,136.16,0.73,0,136.16,0.73,-14.26,-0.08,2915.52,2.92,4
114,Entry long,2026-01-27 09:54,sl1|ver=0.1.0|variant=baseline|cfg=ema9_atr14_buf0.1_chase1_win3_tgt1.5_hold20_t935-1500_ent2_loss2_dd2_dirboth_risk100|setup_id=ir:0.1.0:NASDAQ:MU:1:1769525580000:long|bars_to_confirm=1|signal_close=406.5499|trigger=406.07|stop=404.4|target_r=1.5|risk_ps=2.1499|atr=2.021351|vwap_dist_atr=0.484788|tick=0.01,406.37,46,18693.02,136.16,0.73,0,136.16,0.73,-14.26,-0.08,2915.52,2.92,4
115,Exit short,2026-01-27 11:08,sl1|exit_reason=time,406.39,60,24360.6,-22.8,-0.09,0,33.6,0.14,-83.4,-0.34,2892.72,2.89,20
115,Entry short,2026-01-27 10:48,sl1|ver=0.1.0|variant=baseline|cfg=ema9_atr14_buf0.1_chase1_win3_tgt1.5_hold20_t935-1500_ent2_loss2_dd2_dirboth_risk100|setup_id=ir:0.1.0:NASDAQ:MU:1:1769528820000:short|bars_to_confirm=1|signal_close=406.1399|trigger=406.52|stop=407.79|target_r=1.5|risk_ps=1.6501|atr=0.996595|vwap_dist_atr=0.880746|tick=0.01,406.01,60,24360.6,-22.8,-0.09,0,33.6,0.14,-83.4,-0.34,2892.72,2.89,20
116,Exit long,2026-01-28 10:21,sl1|exit_reason=stop,424.31,25,10710.5,-102.75,-0.96,0,2.5,0.02,-102.75,-0.96,2789.97,2.79,4
116,Entry long,2026-01-28 10:17,sl1|ver=0.1.0|variant=baseline|cfg=ema9_atr14_buf0.1_chase1_win3_tgt1.5_hold20_t935-1500_ent2_loss2_dd2_dirboth_risk100|setup_id=ir:0.1.0:NASDAQ:MU:1:1769613360000:long|bars_to_confirm=1|signal_close=428.3|trigger=427.9799|stop=424.32|target_r=1.5|risk_ps=3.98|atr=1.779203|vwap_dist_atr=0.545664|tick=0.01,428.42,25,10710.5,-102.75,-0.96,0,2.5,0.02,-102.75,-0.96,2789.97,2.79,4
117,Exit long,2026-01-28 10:46,sl1|exit_reason=target,430.4,50,21371.5,148.5,0.69,0,148.5,0.69,-10.5,-0.05,2938.47,2.94,8
117,Entry long,2026-01-28 10:38,sl1|ver=0.1.0|variant=baseline|cfg=ema9_atr14_buf0.1_chase1_win3_tgt1.5_hold20_t935-1500_ent2_loss2_dd2_dirboth_risk100|setup_id=ir:0.1.0:NASDAQ:MU:1:1769614620000:long|bars_to_confirm=1|signal_close=427.42|trigger=427.4|stop=425.45|target_r=1.5|risk_ps=1.97|atr=1.369985|vwap_dist_atr=0.210182|tick=0.01,427.43,50,21371.5,148.5,0.69,0,148.5,0.69,-10.5,-0.05,2938.47,2.94,8
118,Exit long,2026-01-29 11:57,sl1|exit_reason=stop,430.62,54,23350.14,-96.66,-0.41,0,43.74,0.19,-96.66,-0.41,2841.81,2.84,6
118,Entry long,2026-01-29 11:51,sl1|ver=0.1.0|variant=baseline|cfg=ema9_atr14_buf0.1_chase1_win3_tgt1.5_hold20_t935-1500_ent2_loss2_dd2_dirboth_risk100|setup_id=ir:0.1.0:NASDAQ:MU:1:1769705400000:long|bars_to_confirm=1|signal_close=432.4694|trigger=431.9153|stop=430.63|target_r=1.5|risk_ps=1.8394|atr=1.194497|vwap_dist_atr=0.624912|tick=0.01,432.41,54,23350.14,-96.66,-0.41,0,43.74,0.19,-96.66,-0.41,2841.81,2.84,6
119,Exit short,2026-01-29 14:50,sl1|exit_reason=stop,432.88,119,51411.57,-101.15,-0.20,0,27.37,0.05,-101.15,-0.20,2740.66,2.74,3
119,Entry short,2026-01-29 14:47,sl1|ver=0.1.0|variant=baseline|cfg=ema9_atr14_buf0.1_chase1_win3_tgt1.5_hold20_t935-1500_ent2_loss2_dd2_dirboth_risk100|setup_id=ir:0.1.0:NASDAQ:MU:1:1769715960000:short|bars_to_confirm=1|signal_close=432.03|trigger=432.21|stop=432.87|target_r=1.5|risk_ps=0.84|atr=0.630026|vwap_dist_atr=0.366901|tick=0.01,432.03,119,51411.57,-101.15,-0.20,0,27.37,0.05,-101.15,-0.20,2740.66,2.74,3
120,Exit short,2026-01-30 09:59,sl1|exit_reason=target,446.86,43,19359.89,144.91,0.75,0,144.91,0.75,-4.3,-0.02,2885.57,2.89,1
120,Entry short,2026-01-30 09:58,sl1|ver=0.1.0|variant=baseline|cfg=ema9_atr14_buf0.1_chase1_win3_tgt1.5_hold20_t935-1500_ent2_loss2_dd2_dirboth_risk100|setup_id=ir:0.1.0:NASDAQ:MU:1:1769785020000:short|bars_to_confirm=1|signal_close=450.2|trigger=450.41|stop=452.48|target_r=1.5|risk_ps=2.28|atr=2.177494|vwap_dist_atr=0.271501|tick=0.01,450.23,43,19359.89,144.91,0.75,0,144.91,0.75,-4.3,-0.02,2885.57,2.89,1
121,Exit short,2026-02-02 09:51,sl1|exit_reason=stop,425.53,15,6285.75,-97.2,-1.55,0,18,0.29,-97.2,-1.55,2788.37,2.79,6
121,Entry short,2026-02-02 09:45,sl1|ver=0.1.0|variant=baseline|cfg=ema9_atr14_buf0.1_chase1_win3_tgt1.5_hold20_t935-1500_ent2_loss2_dd2_dirboth_risk100|setup_id=ir:0.1.0:NASDAQ:MU:1:1770043440000:short|bars_to_confirm=1|signal_close=419.14|trigger=421.3|stop=425.52|target_r=1.5|risk_ps=6.38|atr=2.802006|vwap_dist_atr=0.822865|tick=0.01,419.05,15,6285.75,-97.2,-1.55,0,18,0.29,-97.2,-1.55,2788.37,2.79,6
122,Exit long,2026-02-03 09:39,sl1|exit_reason=stop,432.47,18,7883.82,-99.36,-1.26,0,5.94,0.08,-99.36,-1.26,2689.01,2.69,1
122,Entry long,2026-02-03 09:38,sl1|ver=0.1.0|variant=baseline|cfg=ema9_atr14_buf0.1_chase1_win3_tgt1.5_hold20_t935-1500_ent2_loss2_dd2_dirboth_risk100|setup_id=ir:0.1.0:NASDAQ:MU:1:1770129420000:long|bars_to_confirm=1|signal_close=437.77|trigger=436.8|stop=432.48|target_r=1.5|risk_ps=5.29|atr=2.073024|vwap_dist_atr=0.518444|tick=0.01,437.99,18,7883.82,-99.36,-1.26,0,5.94,0.08,-99.36,-1.26,2689.01,2.69,1
123,Exit short,2026-02-03 11:28,sl1|exit_reason=time,426.1,41,17431.56,-38.54,-0.22,0,138.58,0.79,-65.19,-0.37,2650.47,2.65,20
123,Entry short,2026-02-03 11:08,sl1|ver=0.1.0|variant=baseline|cfg=ema9_atr14_buf0.1_chase1_win3_tgt1.5_hold20_t935-1500_ent2_loss2_dd2_dirboth_risk100|setup_id=ir:0.1.0:NASDAQ:MU:1:1770134820000:short|bars_to_confirm=1|signal_close=425.245|trigger=425.6|stop=427.65|target_r=1.5|risk_ps=2.405|atr=1.357267|vwap_dist_atr=0.472596|tick=0.01,425.16,41,17431.56,-38.54,-0.22,0,138.58,0.79,-65.19,-0.37,2650.47,2.65,20
124,Exit short,2026-02-04 10:08,sl1|exit_reason=stop,406.64,27,10885.59,-93.69,-0.86,0,53.19,0.49,-93.69,-0.86,2556.78,2.56,6
124,Entry short,2026-02-04 10:02,sl1|ver=0.1.0|variant=baseline|cfg=ema9_atr14_buf0.1_chase1_win3_tgt1.5_hold20_t935-1500_ent2_loss2_dd2_dirboth_risk100|setup_id=ir:0.1.0:NASDAQ:MU:1:1770217260000:short|bars_to_confirm=1|signal_close=403.01|trigger=404.41|stop=406.63|target_r=1.5|risk_ps=3.62|atr=2.668784|vwap_dist_atr=0.982486|tick=0.01,403.17,27,10885.59,-93.69,-0.86,0,53.19,0.49,-93.69,-0.86,2556.78,2.56,6
125,Exit long,2026-02-05 11:29,sl1|exit_reason=target,381.99,38,14359.44,156.18,1.09,0,156.18,1.09,-57.76,-0.40,2712.96,2.71,6
125,Entry long,2026-02-05 11:23,sl1|ver=0.1.0|variant=baseline|cfg=ema9_atr14_buf0.1_chase1_win3_tgt1.5_hold20_t935-1500_ent2_loss2_dd2_dirboth_risk100|setup_id=ir:0.1.0:NASDAQ:MU:1:1770308520000:long|bars_to_confirm=1|signal_close=377.76|trigger=376.9799|stop=375.14|target_r=1.5|risk_ps=2.62|atr=1.566616|vwap_dist_atr=0.834004|tick=0.01,377.88,38,14359.44,156.18,1.09,0,156.18,1.09,-57.76,-0.40,2712.96,2.71,6
126,Exit short,2026-02-05 13:57,sl1|exit_reason=stop,379.2,55,20755.9,-100.1,-0.48,0,20.9,0.10,-100.1,-0.48,2612.86,2.61,8
126,Entry short,2026-02-05 13:49,sl1|ver=0.1.0|variant=baseline|cfg=ema9_atr14_buf0.1_chase1_win3_tgt1.5_hold20_t935-1500_ent2_loss2_dd2_dirboth_risk100|setup_id=ir:0.1.0:NASDAQ:MU:1:1770317220000:short|bars_to_confirm=2|signal_close=377.385|trigger=377.68|stop=379.19|target_r=1.5|risk_ps=1.805|atr=0.874477|vwap_dist_atr=0.801495|tick=0.01,377.38,55,20755.9,-100.1,-0.48,0,20.9,0.10,-100.1,-0.48,2612.86,2.61,8
127,Exit long,2026-02-06 09:52,sl1|exit_reason=target,392.14,17,6523.75,142.63,2.19,0,142.63,2.19,-37.4,-0.57,2755.49,2.76,7
127,Entry long,2026-02-06 09:45,sl1|ver=0.1.0|variant=baseline|cfg=ema9_atr14_buf0.1_chase1_win3_tgt1.5_hold20_t935-1500_ent2_loss2_dd2_dirboth_risk100|setup_id=ir:0.1.0:NASDAQ:MU:1:1770389040000:long|bars_to_confirm=1|signal_close=383.89|trigger=381.87|stop=378.16|target_r=1.5|risk_ps=5.73|atr=3.714024|vwap_dist_atr=0.774513|tick=0.01,383.75,17,6523.75,142.63,2.19,0,142.63,2.19,-37.4,-0.57,2755.49,2.76,7
128,Exit long,2026-02-06 10:12,sl1|exit_reason=stop,381.72,36,13836.96,-95.04,-0.69,0,23.04,0.17,-95.04,-0.69,2660.45,2.66,0
128,Entry long,2026-02-06 10:12,sl1|ver=0.1.0|variant=baseline|cfg=ema9_atr14_buf0.1_chase1_win3_tgt1.5_hold20_t935-1500_ent2_loss2_dd2_dirboth_risk100|setup_id=ir:0.1.0:NASDAQ:MU:1:1770390660000:long|bars_to_confirm=1|signal_close=384.5|trigger=384.48|stop=381.73|target_r=1.5|risk_ps=2.77|atr=2.6432|vwap_dist_atr=0.447729|tick=0.01,384.36,36,13836.96,-95.04,-0.69,0,23.04,0.17,-95.04,-0.69,2660.45,2.66,0
129,Exit long,2026-02-10 09:55,sl1|exit_reason=target,375.13,44,16367.56,138.16,0.84,0,138.16,0.84,-10.56,-0.06,2798.61,2.80,2
129,Entry long,2026-02-10 09:53,sl1|ver=0.1.0|variant=baseline|cfg=ema9_atr14_buf0.1_chase1_win3_tgt1.5_hold20_t935-1500_ent2_loss2_dd2_dirboth_risk100|setup_id=ir:0.1.0:NASDAQ:MU:1:1770735120000:long|bars_to_confirm=1|signal_close=372.1556|trigger=372.0999|stop=369.9|target_r=1.5|risk_ps=2.2556|atr=2.20702|vwap_dist_atr=0.373461|tick=0.01,371.99,44,16367.56,138.16,0.84,0,138.16,0.84,-10.56,-0.06,2798.61,2.80,2
130,Exit long,2026-02-10 11:52,sl1|exit_reason=stop,373.75,84,31500.84,-105.84,-0.34,0,15.12,0.05,-105.84,-0.34,2692.77,2.69,2
130,Entry long,2026-02-10 11:50,sl1|ver=0.1.0|variant=baseline|cfg=ema9_atr14_buf0.1_chase1_win3_tgt1.5_hold20_t935-1500_ent2_loss2_dd2_dirboth_risk100|setup_id=ir:0.1.0:NASDAQ:MU:1:1770742080000:long|bars_to_confirm=2|signal_close=374.945|trigger=374.8|stop=373.76|target_r=1.5|risk_ps=1.185|atr=0.892955|vwap_dist_atr=0.864778|tick=0.01,375.01,84,31500.84,-105.84,-0.34,0,15.12,0.05,-105.84,-0.34,2692.77,2.69,2
131,Exit short,2026-02-12 14:18,sl1|exit_reason=stop,425.52,51,21594.42,-107.1,-0.50,0,88.74,0.41,-107.1,-0.50,2585.67,2.59,19
131,Entry short,2026-02-12 13:59,sl1|ver=0.1.0|variant=baseline|cfg=ema9_atr14_buf0.1_chase1_win3_tgt1.5_hold20_t935-1500_ent2_loss2_dd2_dirboth_risk100|setup_id=ir:0.1.0:NASDAQ:MU:1:1770922620000:short|bars_to_confirm=2|signal_close=423.555|trigger=423.77|stop=425.51|target_r=1.5|risk_ps=1.955|atr=1.055864|vwap_dist_atr=0.747165|tick=0.01,423.42,51,21594.42,-107.1,-0.50,0,88.74,0.41,-107.1,-0.50,2585.67,2.59,19
132,Exit short,2026-02-13 09:58,sl1|exit_reason=time,397.84,21,8369.76,15.12,0.18,0,122.85,1.47,-77.28,-0.92,2600.79,2.60,20
132,Entry short,2026-02-13 09:38,sl1|ver=0.1.0|variant=baseline|cfg=ema9_atr14_buf0.1_chase1_win3_tgt1.5_hold20_t935-1500_ent2_loss2_dd2_dirboth_risk100|setup_id=ir:0.1.0:NASDAQ:MU:1:1770993420000:short|bars_to_confirm=1|signal_close=398.79|trigger=399.37|stop=403.36|target_r=1.5|risk_ps=4.57|atr=2.909442|vwap_dist_atr=0.592793|tick=0.01,398.56,21,8369.76,15.12,0.18,0,122.85,1.47,-77.28,-0.92,2600.79,2.60,20
133,Exit long,2026-02-13 10:10,sl1|exit_reason=target,405.54,28,11212.6,142.52,1.27,0,142.52,1.27,-63.56,-0.57,2743.31,2.74,8
133,Entry long,2026-02-13 10:02,sl1|ver=0.1.0|variant=baseline|cfg=ema9_atr14_buf0.1_chase1_win3_tgt1.5_hold20_t935-1500_ent2_loss2_dd2_dirboth_risk100|setup_id=ir:0.1.0:NASDAQ:MU:1:1770994860000:long|bars_to_confirm=1|signal_close=400.54|trigger=399.46|stop=397.06|target_r=1.5|risk_ps=3.48|atr=2.636788|vwap_dist_atr=0.706119|tick=0.01,400.45,28,11212.6,142.52,1.27,0,142.52,1.27,-63.56,-0.57,2743.31,2.74,8
134,Exit long,2026-02-17 10:22,sl1|exit_reason=stop,399.36,29,11682.65,-101.21,-0.87,0,4.35,0.04,-101.21,-0.87,2642.1,2.64,2
134,Entry long,2026-02-17 10:20,sl1|ver=0.1.0|variant=baseline|cfg=ema9_atr14_buf0.1_chase1_win3_tgt1.5_hold20_t935-1500_ent2_loss2_dd2_dirboth_risk100|setup_id=ir:0.1.0:NASDAQ:MU:1:1771341540000:long|bars_to_confirm=1|signal_close=402.8|trigger=401.989|stop=399.37|target_r=1.5|risk_ps=3.43|atr=1.825602|vwap_dist_atr=0.967299|tick=0.01,402.85,29,11682.65,-101.21,-0.87,0,4.35,0.04,-101.21,-0.87,2642.1,2.64,2
135,Exit short,2026-02-17 12:47,sl1|exit_reason=stop,404.08,90,36285.3,-81.9,-0.23,0,8.1,0.02,-81.9,-0.23,2560.2,2.56,1
135,Entry short,2026-02-17 12:46,sl1|ver=0.1.0|variant=baseline|cfg=ema9_atr14_buf0.1_chase1_win3_tgt1.5_hold20_t935-1500_ent2_loss2_dd2_dirboth_risk100|setup_id=ir:0.1.0:NASDAQ:MU:1:1771350300000:short|bars_to_confirm=1|signal_close=402.97|trigger=403.1429|stop=404.07|target_r=1.5|risk_ps=1.1|atr=0.908449|vwap_dist_atr=0.709129|tick=0.01,403.17,90,36285.3,-81.9,-0.23,0,8.1,0.02,-81.9,-0.23,2560.2,2.56,1
136,Exit long,2026-02-19 10:15,sl1|exit_reason=target,417.83,32,13223.68,146.88,1.11,0,146.88,1.11,-42.88,-0.32,2707.08,2.71,18
136,Entry long,2026-02-19 09:57,sl1|ver=0.1.0|variant=baseline|cfg=ema9_atr14_buf0.1_chase1_win3_tgt1.5_hold20_t935-1500_ent2_loss2_dd2_dirboth_risk100|setup_id=ir:0.1.0:NASDAQ:MU:1:1771512960000:long|bars_to_confirm=1|signal_close=413.24|trigger=413.21|stop=410.18|target_r=1.5|risk_ps=3.06|atr=2.188131|vwap_dist_atr=0.182245|tick=0.01,413.24,32,13223.68,146.88,1.11,0,146.88,1.11,-42.88,-0.32,2707.08,2.71,18
137,Exit short,2026-02-19 14:29,sl1|exit_reason=target,413.63,247,102359.27,192.66,0.19,0,192.66,0.19,-91.39,-0.09,2899.74,2.90,2
137,Entry short,2026-02-19 14:27,sl1|ver=0.1.0|variant=baseline|cfg=ema9_atr14_buf0.1_chase1_win3_tgt1.5_hold20_t935-1500_ent2_loss2_dd2_dirboth_risk100|setup_id=ir:0.1.0:NASDAQ:MU:1:1771529160000:short|bars_to_confirm=1|signal_close=414.56|trigger=414.67|stop=414.93|target_r=1.5|risk_ps=0.37|atr=0.394116|vwap_dist_atr=0.463711|tick=0.01,414.41,247,102359.27,192.66,0.19,0,192.66,0.19,-91.39,-0.09,2899.74,2.90,2
138,Exit long,2026-02-20 11:04,sl1|exit_reason=time,426.08,55,23346.95,87.45,0.37,0,122.65,0.53,-81.95,-0.35,2987.19,2.99,20
138,Entry long,2026-02-20 10:44,sl1|ver=0.1.0|variant=baseline|cfg=ema9_atr14_buf0.1_chase1_win3_tgt1.5_hold20_t935-1500_ent2_loss2_dd2_dirboth_risk100|setup_id=ir:0.1.0:NASDAQ:MU:1:1771602180000:long|bars_to_confirm=1|signal_close=424.44|trigger=423.89|stop=422.65|target_r=1.5|risk_ps=1.79|atr=1.475589|vwap_dist_atr=0.520986|tick=0.01,424.49,55,23346.95,87.45,0.37,0,122.65,0.53,-81.95,-0.35,2987.19,2.99,20
139,Exit short,2026-02-20 11:38,sl1|exit_reason=time,424.51,54,22847.4,-76.14,-0.33,0,127.98,0.56,-93.42,-0.41,2911.05,2.91,20
139,Entry short,2026-02-20 11:18,sl1|ver=0.1.0|variant=baseline|cfg=ema9_atr14_buf0.1_chase1_win3_tgt1.5_hold20_t935-1500_ent2_loss2_dd2_dirboth_risk100|setup_id=ir:0.1.0:NASDAQ:MU:1:1771604220000:short|bars_to_confirm=1|signal_close=423.1099|trigger=423.8|stop=424.94|target_r=1.5|risk_ps=1.8301|atr=0.989219|vwap_dist_atr=0.871889|tick=0.01,423.1,54,22847.4,-76.14,-0.33,0,127.98,0.56,-93.42,-0.41,2911.05,2.91,20
140,Exit short,2026-02-23 10:25,sl1|exit_reason=time,421.75,33,13924.68,6.93,0.05,0,45.54,0.33,-61.05,-0.44,2917.98,2.92,20
140,Entry short,2026-02-23 10:05,sl1|ver=0.1.0|variant=baseline|cfg=ema9_atr14_buf0.1_chase1_win3_tgt1.5_hold20_t935-1500_ent2_loss2_dd2_dirboth_risk100|setup_id=ir:0.1.0:NASDAQ:MU:1:1771858980000:short|bars_to_confirm=2|signal_close=421.955|trigger=422.24|stop=424.9|target_r=1.5|risk_ps=2.945|atr=2.099254|vwap_dist_atr=0.886287|tick=0.01,421.96,33,13924.68,6.93,0.05,0,45.54,0.33,-61.05,-0.44,2917.98,2.92,20
141,Exit short,2026-02-23 10:55,sl1|exit_reason=time,419.4,38,16050.82,113.62,0.71,0,126.92,0.79,-34.58,-0.22,3031.6,3.03,20
141,Entry short,2026-02-23 10:35,sl1|ver=0.1.0|variant=baseline|cfg=ema9_atr14_buf0.1_chase1_win3_tgt1.5_hold20_t935-1500_ent2_loss2_dd2_dirboth_risk100|setup_id=ir:0.1.0:NASDAQ:MU:1:1771860840000:short|bars_to_confirm=1|signal_close=422.493|trigger=422.5|stop=425.12|target_r=1.5|risk_ps=2.627|atr=1.385782|vwap_dist_atr=0.729111|tick=0.01,422.39,38,16050.82,113.62,0.71,0,126.92,0.79,-34.58,-0.22,3031.6,3.03,20
142,Exit long,2026-02-24 11:02,sl1|exit_reason=target,428.65,60,25575,144,0.56,0,144,0.56,-45,-0.18,3175.6,3.18,12
142,Entry long,2026-02-24 10:50,sl1|ver=0.1.0|variant=baseline|cfg=ema9_atr14_buf0.1_chase1_win3_tgt1.5_hold20_t935-1500_ent2_loss2_dd2_dirboth_risk100|setup_id=ir:0.1.0:NASDAQ:MU:1:1771948140000:long|bars_to_confirm=1|signal_close=426.3|trigger=425.85|stop=424.65|target_r=1.5|risk_ps=1.65|atr=1.28829|vwap_dist_atr=0.656366|tick=0.01,426.25,60,25575,144,0.56,0,144,0.56,-45,-0.18,3175.6,3.18,12
143,Exit long,2026-02-25 10:39,sl1|exit_reason=stop,430.87,55,23802.9,-105.05,-0.44,0,67.1,0.28,-105.05,-0.44,3070.55,3.07,12
143,Entry long,2026-02-25 10:27,sl1|ver=0.1.0|variant=baseline|cfg=ema9_atr14_buf0.1_chase1_win3_tgt1.5_hold20_t935-1500_ent2_loss2_dd2_dirboth_risk100|setup_id=ir:0.1.0:NASDAQ:MU:1:1772033100000:long|bars_to_confirm=2|signal_close=432.68|trigger=432.2999|stop=430.88|target_r=1.5|risk_ps=1.8|atr=1.196866|vwap_dist_atr=0.969947|tick=0.01,432.78,55,23802.9,-105.05,-0.44,0,67.1,0.28,-105.05,-0.44,3070.55,3.07,12
144,Exit long,2026-02-25 15:03,sl1|exit_reason=stop,428.79,97,41700.3,-107.67,-0.26,0,82.45,0.20,-107.67,-0.26,2962.88,2.96,9
144,Entry long,2026-02-25 14:54,sl1|ver=0.1.0|variant=baseline|cfg=ema9_atr14_buf0.1_chase1_win3_tgt1.5_hold20_t935-1500_ent2_loss2_dd2_dirboth_risk100|setup_id=ir:0.1.0:NASDAQ:MU:1:1772049120000:long|bars_to_confirm=2|signal_close=429.83|trigger=429.7199|stop=428.8|target_r=1.5|risk_ps=1.03|atr=0.633482|vwap_dist_atr=0.678655|tick=0.01,429.9,97,41700.3,-107.67,-0.26,0,82.45,0.20,-107.67,-0.26,2962.88,2.96,9
145,Exit short,2026-02-26 12:00,sl1|exit_reason=stop,414.74,102,42200.46,-103.02,-0.24,0,29.58,0.07,-103.02,-0.24,2859.86,2.86,4
145,Entry short,2026-02-26 11:56,sl1|ver=0.1.0|variant=baseline|cfg=ema9_atr14_buf0.1_chase1_win3_tgt1.5_hold20_t935-1500_ent2_loss2_dd2_dirboth_risk100|setup_id=ir:0.1.0:NASDAQ:MU:1:1772124900000:short|bars_to_confirm=1|signal_close=413.7558|trigger=413.8|stop=414.73|target_r=1.5|risk_ps=0.9742|atr=0.901163|vwap_dist_atr=0.556116|tick=0.01,413.73,102,42200.46,-103.02,-0.24,0,29.58,0.07,-103.02,-0.24,2859.86,2.86,4
146,Exit long,2026-02-26 13:55,sl1|exit_reason=time,415.55,60,24886.2,46.8,0.19,0,96,0.39,-51,-0.20,2906.66,2.91,20
146,Entry long,2026-02-26 13:35,sl1|ver=0.1.0|variant=baseline|cfg=ema9_atr14_buf0.1_chase1_win3_tgt1.5_hold20_t935-1500_ent2_loss2_dd2_dirboth_risk100|setup_id=ir:0.1.0:NASDAQ:MU:1:1772130840000:long|bars_to_confirm=1|signal_close=414.755|trigger=414.4239|stop=413.11|target_r=1.5|risk_ps=1.645|atr=0.714496|vwap_dist_atr=0.907072|tick=0.01,414.77,60,24886.2,46.8,0.19,0,96,0.39,-51,-0.20,2906.66,2.91,20
147,Exit short,2026-02-27 09:45,sl1|exit_reason=stop,409.06,40,16266.4,-96,-0.59,0,37.6,0.23,-96,-0.59,2810.66,2.81,1
147,Entry short,2026-02-27 09:44,sl1|ver=0.1.0|variant=baseline|cfg=ema9_atr14_buf0.1_chase1_win3_tgt1.5_hold20_t935-1500_ent2_loss2_dd2_dirboth_risk100|setup_id=ir:0.1.0:NASDAQ:MU:1:1772203380000:short|bars_to_confirm=1|signal_close=406.59|trigger=406.8401|stop=409.05|target_r=1.5|risk_ps=2.46|atr=1.75647|vwap_dist_atr=0.420283|tick=0.01,406.66,40,16266.4,-96,-0.59,0,37.6,0.23,-96,-0.59,2810.66,2.81,1
148,Exit short,2026-02-27 11:46,sl1|exit_reason=stop,412.48,80,32899.2,-99.2,-0.30,0,19.2,0.06,-99.2,-0.30,2711.46,2.71,2
148,Entry short,2026-02-27 11:44,sl1|ver=0.1.0|variant=baseline|cfg=ema9_atr14_buf0.1_chase1_win3_tgt1.5_hold20_t935-1500_ent2_loss2_dd2_dirboth_risk100|setup_id=ir:0.1.0:NASDAQ:MU:1:1772210580000:short|bars_to_confirm=1|signal_close=411.225|trigger=411.46|stop=412.47|target_r=1.5|risk_ps=1.245|atr=0.728302|vwap_dist_atr=0.75365|tick=0.01,411.24,80,32899.2,-99.2,-0.30,0,19.2,0.06,-99.2,-0.30,2711.46,2.71,2
149,Exit long,2026-03-02 10:12,sl1|exit_reason=stop,408.28,39,16028.61,-105.69,-0.66,0,34.32,0.21,-105.69,-0.66,2605.77,2.61,7
149,Entry long,2026-03-02 10:05,sl1|ver=0.1.0|variant=baseline|cfg=ema9_atr14_buf0.1_chase1_win3_tgt1.5_hold20_t935-1500_ent2_loss2_dd2_dirboth_risk100|setup_id=ir:0.1.0:NASDAQ:MU:1:1772463840000:long|bars_to_confirm=1|signal_close=410.82|trigger=410.5699|stop=408.29|target_r=1.5|risk_ps=2.53|atr=2.33454|vwap_dist_atr=0.353504|tick=0.01,410.99,39,16028.61,-105.69,-0.66,0,34.32,0.21,-105.69,-0.66,2605.77,2.61,7
150,Exit long,2026-03-02 11:13,sl1|exit_reason=target,411.37,55,22468.6,156.75,0.70,0,156.75,0.70,-102.85,-0.46,2762.52,2.76,7
150,Entry long,2026-03-02 11:06,sl1|ver=0.1.0|variant=baseline|cfg=ema9_atr14_buf0.1_chase1_win3_tgt1.5_hold20_t935-1500_ent2_loss2_dd2_dirboth_risk100|setup_id=ir:0.1.0:NASDAQ:MU:1:1772467500000:long|bars_to_confirm=1|signal_close=408.425|trigger=407.94|stop=406.62|target_r=1.5|risk_ps=1.805|atr=1.470355|vwap_dist_atr=0.935981|tick=0.01,408.52,55,22468.6,156.75,0.70,0,156.75,0.70,-102.85,-0.46,2762.52,2.76,7
151,Exit long,2026-03-03 10:08,sl1|exit_reason=time,386.16,33,12747.9,-4.62,-0.04,0,111.21,0.87,-98.01,-0.77,2757.9,2.76,20
151,Entry long,2026-03-03 09:48,sl1|ver=0.1.0|variant=baseline|cfg=ema9_atr14_buf0.1_chase1_win3_tgt1.5_hold20_t935-1500_ent2_loss2_dd2_dirboth_risk100|setup_id=ir:0.1.0:NASDAQ:MU:1:1772549220000:long|bars_to_confirm=1|signal_close=386.23|trigger=386.19|stop=383.26|target_r=1.5|risk_ps=2.97|atr=2.456938|vwap_dist_atr=0.768056|tick=0.01,386.3,33,12747.9,-4.62,-0.04,0,111.21,0.87,-98.01,-0.77,2757.9,2.76,20
152,Exit long,2026-03-03 11:05,sl1|exit_reason=target,386.25,57,21866.34,149.91,0.69,0,149.91,0.69,-6.27,-0.03,2907.81,2.91,1
152,Entry long,2026-03-03 11:04,sl1|ver=0.1.0|variant=baseline|cfg=ema9_atr14_buf0.1_chase1_win3_tgt1.5_hold20_t935-1500_ent2_loss2_dd2_dirboth_risk100|setup_id=ir:0.1.0:NASDAQ:MU:1:1772553780000:long|bars_to_confirm=1|signal_close=383.605|trigger=383.3|stop=381.87|target_r=1.5|risk_ps=1.735|atr=1.389834|vwap_dist_atr=0.616319|tick=0.01,383.62,57,21866.34,149.91,0.69,0,149.91,0.69,-6.27,-0.03,2907.81,2.91,1
153,Exit long,2026-03-04 09:51,sl1|exit_reason=stop,390.49,40,15718.8,-99.2,-0.63,0,30,0.19,-99.2,-0.63,2808.61,2.81,1
153,Entry long,2026-03-04 09:50,sl1|ver=0.1.0|variant=baseline|cfg=ema9_atr14_buf0.1_chase1_win3_tgt1.5_hold20_t935-1500_ent2_loss2_dd2_dirboth_risk100|setup_id=ir:0.1.0:NASDAQ:MU:1:1772635740000:long|bars_to_confirm=1|signal_close=392.95|trigger=392.86|stop=390.5|target_r=1.5|risk_ps=2.45|atr=2.019038|vwap_dist_atr=0.622789|tick=0.01,392.97,40,15718.8,-99.2,-0.63,0,30,0.19,-99.2,-0.63,2808.61,2.81,1
154,Exit long,2026-03-04 10:15,sl1|exit_reason=target,395.34,51,20006.28,156.06,0.78,0,156.06,0.78,-85.17,-0.43,2964.67,2.96,13
154,Entry long,2026-03-04 10:02,sl1|ver=0.1.0|variant=baseline|cfg=ema9_atr14_buf0.1_chase1_win3_tgt1.5_hold20_t935-1500_ent2_loss2_dd2_dirboth_risk100|setup_id=ir:0.1.0:NASDAQ:MU:1:1772636460000:long|bars_to_confirm=1|signal_close=392.2|trigger=391.99|stop=390.24|target_r=1.5|risk_ps=1.96|atr=1.837847|vwap_dist_atr=0.336518|tick=0.01,392.28,51,20006.28,156.06,0.78,0,156.06,0.78,-85.17,-0.43,2964.67,2.96,13
155,Exit long,2026-03-05 09:59,sl1|exit_reason=stop,400.05,70,28105.7,-102.2,-0.36,0,81.9,0.29,-102.2,-0.36,2862.47,2.86,2
155,Entry long,2026-03-05 09:57,sl1|ver=0.1.0|variant=baseline|cfg=ema9_atr14_buf0.1_chase1_win3_tgt1.5_hold20_t935-1500_ent2_loss2_dd2_dirboth_risk100|setup_id=ir:0.1.0:NASDAQ:MU:1:1772722560000:long|bars_to_confirm=1|signal_close=401.485|trigger=401.2899|stop=400.06|target_r=1.5|risk_ps=1.425|atr=1.563156|vwap_dist_atr=0.442557|tick=0.01,401.51,70,28105.7,-102.2,-0.36,0,81.9,0.29,-102.2,-0.36,2862.47,2.86,2
156,Exit short,2026-03-05 10:10,sl1|exit_reason=stop,401.83,49,19589.71,-99.96,-0.51,0,32.83,0.17,-99.96,-0.51,2762.51,2.76,2
156,Entry short,2026-03-05 10:08,sl1|ver=0.1.0|variant=baseline|cfg=ema9_atr14_buf0.1_chase1_win3_tgt1.5_hold20_t935-1500_ent2_loss2_dd2_dirboth_risk100|setup_id=ir:0.1.0:NASDAQ:MU:1:1772723160000:short|bars_to_confirm=2|signal_close=399.81|trigger=400.3|stop=401.82|target_r=1.5|risk_ps=2.01|atr=1.378111|vwap_dist_atr=0.730761|tick=0.01,399.79,49,19589.71,-99.96,-0.51,0,32.83,0.17,-99.96,-0.51,2762.51,2.76,2
157,Exit short,2026-03-06 09:38,sl1|exit_reason=stop,381.37,35,13254.85,-93.1,-0.70,0,17.85,0.13,-93.1,-0.70,2669.41,2.67,1
157,Entry short,2026-03-06 09:37,sl1|ver=0.1.0|variant=baseline|cfg=ema9_atr14_buf0.1_chase1_win3_tgt1.5_hold20_t935-1500_ent2_loss2_dd2_dirboth_risk100|setup_id=ir:0.1.0:NASDAQ:MU:1:1772807760000:short|bars_to_confirm=1|signal_close=378.505|trigger=378.84|stop=381.36|target_r=1.5|risk_ps=2.855|atr=1.834853|vwap_dist_atr=0.728498|tick=0.01,378.71,35,13254.85,-93.1,-0.70,0,17.85,0.13,-93.1,-0.70,2669.41,2.67,1
158,Exit short,2026-03-06 12:47,sl1|exit_reason=time,385.43,81,31214.97,-4.86,-0.02,0,123.93,0.40,-71.28,-0.23,2664.55,2.66,20
158,Entry short,2026-03-06 12:27,sl1|ver=0.1.0|variant=baseline|cfg=ema9_atr14_buf0.1_chase1_win3_tgt1.5_hold20_t935-1500_ent2_loss2_dd2_dirboth_risk100|setup_id=ir:0.1.0:NASDAQ:MU:1:1772817960000:short|bars_to_confirm=1|signal_close=385.24|trigger=385.5|stop=386.46|target_r=1.5|risk_ps=1.22|atr=0.810473|vwap_dist_atr=0.74095|tick=0.01,385.37,81,31214.97,-4.86,-0.02,0,123.93,0.40,-71.28,-0.23,2664.55,2.66,20
159,Exit short,2026-03-09 09:42,sl1|exit_reason=target,358.58,39,14153.1,168.48,1.19,0,168.48,1.19,-24.96,-0.18,2833.03,2.83,4
159,Entry short,2026-03-09 09:38,sl1|ver=0.1.0|variant=baseline|cfg=ema9_atr14_buf0.1_chase1_win3_tgt1.5_hold20_t935-1500_ent2_loss2_dd2_dirboth_risk100|setup_id=ir:0.1.0:NASDAQ:MU:1:1773063420000:short|bars_to_confirm=1|signal_close=363.24|trigger=363.85|stop=365.78|target_r=1.5|risk_ps=2.54|atr=2.080443|vwap_dist_atr=0.530256|tick=0.01,362.9,39,14153.1,168.48,1.19,0,168.48,1.19,-24.96,-0.18,2833.03,2.83,4
160,Exit long,2026-03-09 10:25,sl1|exit_reason=target,368.79,34,12383.82,155.04,1.25,0,155.04,1.25,-37.06,-0.30,2988.07,2.99,7
160,Entry long,2026-03-09 10:18,sl1|ver=0.1.0|variant=baseline|cfg=ema9_atr14_buf0.1_chase1_win3_tgt1.5_hold20_t935-1500_ent2_loss2_dd2_dirboth_risk100|setup_id=ir:0.1.0:NASDAQ:MU:1:1773065820000:long|bars_to_confirm=1|signal_close=364.0752|trigger=363.1799|stop=361.19|target_r=1.5|risk_ps=2.8852|atr=1.67298|vwap_dist_atr=0.952637|tick=0.01,364.23,34,12383.82,155.04,1.25,0,155.04,1.25,-37.06,-0.30,2988.07,2.99,7
161,Exit short,2026-03-10 14:26,sl1|exit_reason=stop,409.79,65,26542.75,-93.6,-0.35,0,137.15,0.52,-93.6,-0.35,2894.47,2.89,6
161,Entry short,2026-03-10 14:20,sl1|ver=0.1.0|variant=baseline|cfg=ema9_atr14_buf0.1_chase1_win3_tgt1.5_hold20_t935-1500_ent2_loss2_dd2_dirboth_risk100|setup_id=ir:0.1.0:NASDAQ:MU:1:1773166680000:short|bars_to_confirm=2|signal_close=408.26|trigger=408.35|stop=409.78|target_r=1.5|risk_ps=1.52|atr=0.861547|vwap_dist_atr=0.801972|tick=0.01,408.35,65,26542.75,-93.6,-0.35,0,137.15,0.52,-93.6,-0.35,2894.47,2.89,6
162,Exit short,2026-03-10 14:50,sl1|exit_reason=stop,409.61,76,31018.64,-111.72,-0.36,0,26.6,0.09,-111.72,-0.36,2782.75,2.78,5
162,Entry short,2026-03-10 14:45,sl1|ver=0.1.0|variant=baseline|cfg=ema9_atr14_buf0.1_chase1_win3_tgt1.5_hold20_t935-1500_ent2_loss2_dd2_dirboth_risk100|setup_id=ir:0.1.0:NASDAQ:MU:1:1773168240000:short|bars_to_confirm=1|signal_close=408.29|trigger=408.69|stop=409.6|target_r=1.5|risk_ps=1.31|atr=1.087363|vwap_dist_atr=0.608665|tick=0.01,408.14,76,31018.64,-111.72,-0.36,0,26.6,0.09,-111.72,-0.36,2782.75,2.78,5
163,Exit long,2026-03-11 10:00,sl1|exit_reason=target,415.31,39,16041.87,155.22,0.97,0,155.22,0.97,-86.58,-0.54,2937.97,2.94,13
163,Entry long,2026-03-11 09:47,sl1|ver=0.1.0|variant=baseline|cfg=ema9_atr14_buf0.1_chase1_win3_tgt1.5_hold20_t935-1500_ent2_loss2_dd2_dirboth_risk100|setup_id=ir:0.1.0:NASDAQ:MU:1:1773236760000:long|bars_to_confirm=1|signal_close=411.1801|trigger=410.95|stop=408.68|target_r=1.5|risk_ps=2.5001|atr=1.825153|vwap_dist_atr=0.704404|tick=0.01,411.33,39,16041.87,155.22,0.97,0,155.22,0.97,-86.58,-0.54,2937.97,2.94,13
164,Exit short,2026-03-12 09:46,sl1|exit_reason=target,405.69,40,16392,164.4,1.00,0,164.4,1.00,-4.4,-0.03,3102.37,3.10,6
164,Entry short,2026-03-12 09:40,sl1|ver=0.1.0|variant=baseline|cfg=ema9_atr14_buf0.1_chase1_win3_tgt1.5_hold20_t935-1500_ent2_loss2_dd2_dirboth_risk100|setup_id=ir:0.1.0:NASDAQ:MU:1:1773322680000:short|bars_to_confirm=2|signal_close=410.08|trigger=410.7|stop=412.54|target_r=1.5|risk_ps=2.46|atr=1.530304|vwap_dist_atr=0.578609|tick=0.01,409.8,40,16392,164.4,1.00,0,164.4,1.00,-4.4,-0.03,3102.37,3.10,6
165,Exit long,2026-03-12 12:09,sl1|exit_reason=stop,403.16,67,27116.24,-104.52,-0.39,0,124.62,0.46,-104.52,-0.39,2997.85,3.00,9
165,Entry long,2026-03-12 12:00,sl1|ver=0.1.0|variant=baseline|cfg=ema9_atr14_buf0.1_chase1_win3_tgt1.5_hold20_t935-1500_ent2_loss2_dd2_dirboth_risk100|setup_id=ir:0.1.0:NASDAQ:MU:1:1773331140000:long|bars_to_confirm=1|signal_close=404.6603|trigger=404.59|stop=403.17|target_r=1.5|risk_ps=1.4903|atr=1.047462|vwap_dist_atr=0.406666|tick=0.01,404.72,67,27116.24,-104.52,-0.39,0,124.62,0.46,-104.52,-0.39,2997.85,3.00,9
166,Exit long,2026-03-13 12:31,sl1|exit_reason=stop,420.72,48,20290.08,-95.52,-0.47,0,37.92,0.19,-95.52,-0.47,2902.33,2.90,8
166,Entry long,2026-03-13 12:23,sl1|ver=0.1.0|variant=baseline|cfg=ema9_atr14_buf0.1_chase1_win3_tgt1.5_hold20_t935-1500_ent2_loss2_dd2_dirboth_risk100|setup_id=ir:0.1.0:NASDAQ:MU:1:1773418920000:long|bars_to_confirm=1|signal_close=422.795|trigger=422.19|stop=420.73|target_r=1.5|risk_ps=2.065|atr=0.950756|vwap_dist_atr=0.814058|tick=0.01,422.71,48,20290.08,-95.52,-0.47,0,37.92,0.19,-95.52,-0.47,2902.33,2.90,8
167,Exit long,2026-03-13 12:42,sl1|exit_reason=target,424.78,64,27029.12,156.8,0.58,0,156.8,0.58,-14.08,-0.05,3059.13,3.06,4
167,Entry long,2026-03-13 12:38,sl1|ver=0.1.0|variant=baseline|cfg=ema9_atr14_buf0.1_chase1_win3_tgt1.5_hold20_t935-1500_ent2_loss2_dd2_dirboth_risk100|setup_id=ir:0.1.0:NASDAQ:MU:1:1773419820000:long|bars_to_confirm=1|signal_close=422.25|trigger=422.2|stop=420.7|target_r=1.5|risk_ps=1.55|atr=0.99626|vwap_dist_atr=0.235575|tick=0.01,422.33,64,27029.12,156.8,0.58,0,156.8,0.58,-14.08,-0.05,3059.13,3.06,4
168,Exit long,2026-03-16 10:05,sl1|exit_reason=time,449.84,29,13093.79,-48.43,-0.37,0,97.15,0.74,-53.36,-0.41,3010.7,3.01,20
168,Entry long,2026-03-16 09:45,sl1|ver=0.1.0|variant=baseline|cfg=ema9_atr14_buf0.1_chase1_win3_tgt1.5_hold20_t935-1500_ent2_loss2_dd2_dirboth_risk100|setup_id=ir:0.1.0:NASDAQ:MU:1:1773668520000:long|bars_to_confirm=3|signal_close=451.61|trigger=451.19|stop=448.25|target_r=1.5|risk_ps=3.36|atr=1.994315|vwap_dist_atr=0.853818|tick=0.01,451.51,29,13093.79,-48.43,-0.37,0,97.15,0.74,-53.36,-0.41,3010.7,3.01,20
169,Exit short,2026-03-16 12:32,sl1|exit_reason=stop,449.9,77,34540.66,-101.64,-0.29,0,72.38,0.21,-101.64,-0.29,2909.06,2.91,18
169,Entry short,2026-03-16 12:14,sl1|ver=0.1.0|variant=baseline|cfg=ema9_atr14_buf0.1_chase1_win3_tgt1.5_hold20_t935-1500_ent2_loss2_dd2_dirboth_risk100|setup_id=ir:0.1.0:NASDAQ:MU:1:1773677580000:short|bars_to_confirm=1|signal_close=448.6001|trigger=448.75|stop=449.89|target_r=1.5|risk_ps=1.2899|atr=0.696519|vwap_dist_atr=0.833925|tick=0.01,448.58,77,34540.66,-101.64,-0.29,0,72.38,0.21,-101.64,-0.29,2909.06,2.91,18
170,Exit long,2026-03-17 10:15,sl1|exit_reason=stop,448.09,40,18028.4,-104.8,-0.58,0,26.4,0.15,-104.8,-0.58,2804.26,2.80,14
170,Entry long,2026-03-17 10:01,sl1|ver=0.1.0|variant=baseline|cfg=ema9_atr14_buf0.1_chase1_win3_tgt1.5_hold20_t935-1500_ent2_loss2_dd2_dirboth_risk100|setup_id=ir:0.1.0:NASDAQ:MU:1:1773756000000:long|bars_to_confirm=1|signal_close=450.5975|trigger=449.79|stop=448.1|target_r=1.5|risk_ps=2.4975|atr=1.621858|vwap_dist_atr=0.876814|tick=0.01,450.71,40,18028.4,-104.8,-0.58,0,26.4,0.15,-104.8,-0.58,2804.26,2.80,14
171,Exit long,2026-03-18 10:15,sl1|exit_reason=time,464.39,41,19022.77,17.22,0.09,0,141.45,0.74,-56.58,-0.30,2821.48,2.82,20
171,Entry long,2026-03-18 09:55,sl1|ver=0.1.0|variant=baseline|cfg=ema9_atr14_buf0.1_chase1_win3_tgt1.5_hold20_t935-1500_ent2_loss2_dd2_dirboth_risk100|setup_id=ir:0.1.0:NASDAQ:MU:1:1773842040000:long|bars_to_confirm=1|signal_close=464.04|trigger=463.9|stop=461.62|target_r=1.5|risk_ps=2.42|atr=1.854371|vwap_dist_atr=0.402469|tick=0.01,463.97,41,19022.77,17.22,0.09,0,141.45,0.74,-56.58,-0.30,2821.48,2.82,20
172,Exit short,2026-03-18 13:07,sl1|exit_reason=stop,466.07,112,52106.88,-92.96,-0.18,0,3.36,0.01,-92.96,-0.18,2728.52,2.73,5
172,Entry short,2026-03-18 13:02,sl1|ver=0.1.0|variant=baseline|cfg=ema9_atr14_buf0.1_chase1_win3_tgt1.5_hold20_t935-1500_ent2_loss2_dd2_dirboth_risk100|setup_id=ir:0.1.0:NASDAQ:MU:1:1773853260000:short|bars_to_confirm=1|signal_close=465.17|trigger=465.5301|stop=466.06|target_r=1.5|risk_ps=0.89|atr=0.641055|vwap_dist_atr=0.835926|tick=0.01,465.24,112,52106.88,-92.96,-0.18,0,3.36,0.01,-92.96,-0.18,2728.52,2.73,5
173,Exit short,2026-03-23 09:46,sl1|exit_reason=stop,425.47,30,12664.2,-99.9,-0.79,0,58.5,0.46,-99.9,-0.79,2628.62,2.63,5
173,Entry short,2026-03-23 09:41,sl1|ver=0.1.0|variant=baseline|cfg=ema9_atr14_buf0.1_chase1_win3_tgt1.5_hold20_t935-1500_ent2_loss2_dd2_dirboth_risk100|setup_id=ir:0.1.0:NASDAQ:MU:1:1774273200000:short|bars_to_confirm=1|signal_close=422.15|trigger=422.49|stop=425.46|target_r=1.5|risk_ps=3.31|atr=2.552282|vwap_dist_atr=0.931989|tick=0.01,422.14,30,12664.2,-99.9,-0.79,0,58.5,0.46,-99.9,-0.79,2628.62,2.63,5
174,Exit short,2026-03-23 10:04,sl1|exit_reason=target,416.6,26,10982.92,151.32,1.38,0,151.32,1.38,-12.22,-0.11,2779.94,2.78,9
174,Entry short,2026-03-23 09:55,sl1|ver=0.1.0|variant=baseline|cfg=ema9_atr14_buf0.1_chase1_win3_tgt1.5_hold20_t935-1500_ent2_loss2_dd2_dirboth_risk100|setup_id=ir:0.1.0:NASDAQ:MU:1:1774274040000:short|bars_to_confirm=1|signal_close=422.485|trigger=424.07|stop=426.3|target_r=1.5|risk_ps=3.815|atr=2.376106|vwap_dist_atr=0.92945|tick=0.01,422.42,26,10982.92,151.32,1.38,0,151.32,1.38,-12.22,-0.11,2779.94,2.78,9
175,Exit short,2026-03-24 10:22,sl1|exit_reason=target,392.22,44,17400.24,142.56,0.82,0,142.56,0.82,-80.52,-0.46,2922.5,2.92,8
175,Entry short,2026-03-24 10:14,sl1|ver=0.1.0|variant=baseline|cfg=ema9_atr14_buf0.1_chase1_win3_tgt1.5_hold20_t935-1500_ent2_loss2_dd2_dirboth_risk100|setup_id=ir:0.1.0:NASDAQ:MU:1:1774361580000:short|bars_to_confirm=1|signal_close=395.36|trigger=395.38|stop=397.62|target_r=1.5|risk_ps=2.26|atr=1.753368|vwap_dist_atr=0.71853|tick=0.01,395.46,44,17400.24,142.56,0.82,0,142.56,0.82,-80.52,-0.46,2922.5,2.92,8
176,Exit long,2026-03-24 12:48,sl1|exit_reason=stop,394.65,168,66396.96,-95.76,-0.14,0,25.2,0.04,-95.76,-0.14,2826.74,2.83,2
176,Entry long,2026-03-24 12:46,sl1|ver=0.1.0|variant=baseline|cfg=ema9_atr14_buf0.1_chase1_win3_tgt1.5_hold20_t935-1500_ent2_loss2_dd2_dirboth_risk100|setup_id=ir:0.1.0:NASDAQ:MU:1:1774370700000:long|bars_to_confirm=1|signal_close=395.255|trigger=395.2499|stop=394.66|target_r=1.5|risk_ps=0.595|atr=0.572298|vwap_dist_atr=0.150289|tick=0.01,395.22,168,66396.96,-95.76,-0.14,0,25.2,0.04,-95.76,-0.14,2826.74,2.83,2
177,Exit short,2026-03-25 09:51,sl1|exit_reason=target,373.61,40,15105.2,160.8,1.06,0,160.8,1.06,-21.6,-0.14,2987.54,2.99,1
177,Entry short,2026-03-25 09:50,sl1|ver=0.1.0|variant=baseline|cfg=ema9_atr14_buf0.1_chase1_win3_tgt1.5_hold20_t935-1500_ent2_loss2_dd2_dirboth_risk100|setup_id=ir:0.1.0:NASDAQ:MU:1:1774446540000:short|bars_to_confirm=1|signal_close=377.86|trigger=378.42|stop=380.31|target_r=1.5|risk_ps=2.45|atr=2.257977|vwap_dist_atr=0.356745|tick=0.01,377.63,40,15105.2,160.8,1.06,0,160.8,1.06,-21.6,-0.14,2987.54,2.99,1
178,Exit long,2026-03-25 10:18,sl1|exit_reason=time,382.87,33,12537.03,97.68,0.78,0,142.56,1.14,-26.07,-0.21,3085.22,3.09,20
178,Entry long,2026-03-25 09:58,sl1|ver=0.1.0|variant=baseline|cfg=ema9_atr14_buf0.1_chase1_win3_tgt1.5_hold20_t935-1500_ent2_loss2_dd2_dirboth_risk100|setup_id=ir:0.1.0:NASDAQ:MU:1:1774447020000:long|bars_to_confirm=1|signal_close=379.85|trigger=379.81|stop=376.85|target_r=1.5|risk_ps=3|atr=2.275548|vwap_dist_atr=0.732745|tick=0.01,379.91,33,12537.03,97.68,0.78,0,142.56,1.14,-26.07,-0.21,3085.22,3.09,20
179,Exit short,2026-03-26 10:01,sl1|exit_reason=time,365.08,21,7734.51,67.83,0.88,0,111.51,1.44,-31.29,-0.40,3153.05,3.15,20
179,Entry short,2026-03-26 09:41,sl1|ver=0.1.0|variant=baseline|cfg=ema9_atr14_buf0.1_chase1_win3_tgt1.5_hold20_t935-1500_ent2_loss2_dd2_dirboth_risk100|setup_id=ir:0.1.0:NASDAQ:MU:1:1774532340000:short|bars_to_confirm=2|signal_close=368.3756|trigger=368.63|stop=373.09|target_r=1.5|risk_ps=4.7144|atr=1.900345|vwap_dist_atr=0.822328|tick=0.01,368.31,21,7734.51,67.83,0.88,0,111.51,1.44,-31.29,-0.40,3153.05,3.15,20
180,Exit short,2026-03-26 11:58,sl1|exit_reason=stop,366.66,100,36567,-99,-0.27,0,18,0.05,-99,-0.27,3054.05,3.05,1
180,Entry short,2026-03-26 11:57,sl1|ver=0.1.0|variant=baseline|cfg=ema9_atr14_buf0.1_chase1_win3_tgt1.5_hold20_t935-1500_ent2_loss2_dd2_dirboth_risk100|setup_id=ir:0.1.0:NASDAQ:MU:1:1774540500000:short|bars_to_confirm=2|signal_close=365.65|trigger=365.89|stop=366.65|target_r=1.5|risk_ps=1|atr=0.71612|vwap_dist_atr=0.597534|tick=0.01,365.67,100,36567,-99,-0.27,0,18,0.05,-99,-0.27,3054.05,3.05,1
181,Exit long,2026-03-27 09:40,sl1|exit_reason=target,364.07,28,10041.08,152.88,1.52,0,152.88,1.52,-23.52,-0.23,3206.93,3.21,4
181,Entry long,2026-03-27 09:36,sl1|ver=0.1.0|variant=baseline|cfg=ema9_atr14_buf0.1_chase1_win3_tgt1.5_hold20_t935-1500_ent2_loss2_dd2_dirboth_risk100|setup_id=ir:0.1.0:NASDAQ:MU:1:1774618500000:long|bars_to_confirm=1|signal_close=358.53|trigger=358.2299|stop=354.97|target_r=1.5|risk_ps=3.56|atr=1.912052|vwap_dist_atr=0.593784|tick=0.01,358.61,28,10041.08,152.88,1.52,0,152.88,1.52,-23.52,-0.23,3206.93,3.21,4
182,Exit short,2026-03-27 10:12,sl1|exit_reason=stop,362.28,42,15116.22,-99.54,-0.66,0,99.12,0.66,-99.54,-0.66,3107.39,3.11,16
182,Entry short,2026-03-27 09:56,sl1|ver=0.1.0|variant=baseline|cfg=ema9_atr14_buf0.1_chase1_win3_tgt1.5_hold20_t935-1500_ent2_loss2_dd2_dirboth_risk100|setup_id=ir:0.1.0:NASDAQ:MU:1:1774619640000:short|bars_to_confirm=2|signal_close=359.915|trigger=360|stop=362.27|target_r=1.5|risk_ps=2.355|atr=1.926995|vwap_dist_atr=0.616664|tick=0.01,359.91,42,15116.22,-99.54,-0.66,0,99.12,0.66,-99.54,-0.66,3107.39,3.11,16
183,Exit short,2026-03-31 11:41,sl1|exit_reason=target,319.91,63,20307.42,153.09,0.75,0,153.09,0.75,-52.92,-0.26,3260.48,3.26,6
183,Entry short,2026-03-31 11:35,sl1|ver=0.1.0|variant=baseline|cfg=ema9_atr14_buf0.1_chase1_win3_tgt1.5_hold20_t935-1500_ent2_loss2_dd2_dirboth_risk100|setup_id=ir:0.1.0:NASDAQ:MU:1:1774971180000:short|bars_to_confirm=2|signal_close=322.385|trigger=322.5|stop=323.96|target_r=1.5|risk_ps=1.575|atr=0.990349|vwap_dist_atr=0.16164|tick=0.01,322.34,63,20307.42,153.09,0.75,0,153.09,0.75,-52.92,-0.26,3260.48,3.26,6
184,Exit long,2026-03-31 12:30,sl1|exit_reason=time,323.54,71,22942.94,28.4,0.12,0,89.46,0.39,-52.54,-0.23,3288.88,3.29,20
184,Entry long,2026-03-31 12:10,sl1|ver=0.1.0|variant=baseline|cfg=ema9_atr14_buf0.1_chase1_win3_tgt1.5_hold20_t935-1500_ent2_loss2_dd2_dirboth_risk100|setup_id=ir:0.1.0:NASDAQ:MU:1:1774973220000:long|bars_to_confirm=3|signal_close=323.12|trigger=322.9599|stop=321.73|target_r=1.5|risk_ps=1.39|atr=0.973579|vwap_dist_atr=0.997918|tick=0.01,323.14,71,22942.94,28.4,0.12,0,89.46,0.39,-52.54,-0.23,3288.88,3.29,20
185,Exit short,2026-04-01 09:49,sl1|exit_reason=stop,352.23,47,16463.16,-91.65,-0.56,0,7.99,0.05,-91.65,-0.56,3197.23,3.20,1
185,Entry short,2026-04-01 09:48,sl1|ver=0.1.0|variant=baseline|cfg=ema9_atr14_buf0.1_chase1_win3_tgt1.5_hold20_t935-1500_ent2_loss2_dd2_dirboth_risk100|setup_id=ir:0.1.0:NASDAQ:MU:1:1775051160000:short|bars_to_confirm=2|signal_close=350.125|trigger=350.299|stop=352.22|target_r=1.5|risk_ps=2.095|atr=2.050028|vwap_dist_atr=0.496085|tick=0.01,350.28,47,16463.16,-91.65,-0.56,0,7.99,0.05,-91.65,-0.56,3197.23,3.20,1
186,Exit short,2026-04-01 09:54,sl1|exit_reason=stop,352.56,38,13298.1,-99.18,-0.75,0,24.7,0.19,-99.18,-0.75,3098.05,3.10,3
186,Entry short,2026-04-01 09:51,sl1|ver=0.1.0|variant=baseline|cfg=ema9_atr14_buf0.1_chase1_win3_tgt1.5_hold20_t935-1500_ent2_loss2_dd2_dirboth_risk100|setup_id=ir:0.1.0:NASDAQ:MU:1:1775051400000:short|bars_to_confirm=1|signal_close=349.96|trigger=350|stop=352.55|target_r=1.5|risk_ps=2.59|atr=2.039665|vwap_dist_atr=0.561526|tick=0.01,349.95,38,13298.1,-99.18,-0.75,0,24.7,0.19,-99.18,-0.75,3098.05,3.10,3
187,Exit long,2026-04-06 10:29,sl1|exit_reason=stop,377.44,59,22371.62,-102.66,-0.46,0,70.8,0.32,-102.66,-0.46,2995.39,3.00,14
187,Entry long,2026-04-06 10:15,sl1|ver=0.1.0|variant=baseline|cfg=ema9_atr14_buf0.1_chase1_win3_tgt1.5_hold20_t935-1500_ent2_loss2_dd2_dirboth_risk100|setup_id=ir:0.1.0:NASDAQ:MU:1:1775484840000:long|bars_to_confirm=1|signal_close=379.135|trigger=378.99|stop=377.45|target_r=1.5|risk_ps=1.685|atr=1.814696|vwap_dist_atr=0.235936|tick=0.01,379.18,59,22371.62,-102.66,-0.46,0,70.8,0.32,-102.66,-0.46,2995.39,3.00,14
188,Exit short,2026-04-06 10:54,sl1|exit_reason=time,378.52,50,18870.5,-55.5,-0.29,0,91,0.48,-73.5,-0.39,2939.89,2.94,20
188,Entry short,2026-04-06 10:34,sl1|ver=0.1.0|variant=baseline|cfg=ema9_atr14_buf0.1_chase1_win3_tgt1.5_hold20_t935-1500_ent2_loss2_dd2_dirboth_risk100|setup_id=ir:0.1.0:NASDAQ:MU:1:1775485920000:short|bars_to_confirm=2|signal_close=377.42|trigger=378.17|stop=379.39|target_r=1.5|risk_ps=1.97|atr=1.374269|vwap_dist_atr=0.944496|tick=0.01,377.41,50,18870.5,-55.5,-0.29,0,91,0.48,-73.5,-0.39,2939.89,2.94,20
189,Exit short,2026-04-07 09:51,sl1|exit_reason=target,370.5,30,11253,138,1.23,0,138,1.23,-52.5,-0.47,3077.89,3.08,9
189,Entry short,2026-04-07 09:42,sl1|ver=0.1.0|variant=baseline|cfg=ema9_atr14_buf0.1_chase1_win3_tgt1.5_hold20_t935-1500_ent2_loss2_dd2_dirboth_risk100|setup_id=ir:0.1.0:NASDAQ:MU:1:1775569260000:short|bars_to_confirm=1|signal_close=374.93|trigger=375.21|stop=378.17|target_r=1.5|risk_ps=3.24|atr=1.745235|vwap_dist_atr=0.906983|tick=0.01,375.1,30,11253,138,1.23,0,138,1.23,-52.5,-0.47,3077.89,3.08,9
190,Exit long,2026-04-07 10:27,sl1|exit_reason=stop,370.01,51,18968.43,-97.92,-0.52,0,0,0.00,-97.92,-0.52,2979.97,2.98,2
190,Entry long,2026-04-07 10:25,sl1|ver=0.1.0|variant=baseline|cfg=ema9_atr14_buf0.1_chase1_win3_tgt1.5_hold20_t935-1500_ent2_loss2_dd2_dirboth_risk100|setup_id=ir:0.1.0:NASDAQ:MU:1:1775571840000:long|bars_to_confirm=1|signal_close=371.945|trigger=371.508|stop=370.02|target_r=1.5|risk_ps=1.925|atr=1.136025|vwap_dist_atr=0.603591|tick=0.01,371.93,51,18968.43,-97.92,-0.52,0,0,0.00,-97.92,-0.52,2979.97,2.98,2
191,Exit long,2026-04-08 10:29,sl1|exit_reason=stop,408.2,55,22554.4,-103.4,-0.46,0,0,0.00,-103.4,-0.46,2876.57,2.88,1
191,Entry long,2026-04-08 10:28,sl1|ver=0.1.0|variant=baseline|cfg=ema9_atr14_buf0.1_chase1_win3_tgt1.5_hold20_t935-1500_ent2_loss2_dd2_dirboth_risk100|setup_id=ir:0.1.0:NASDAQ:MU:1:1775658420000:long|bars_to_confirm=1|signal_close=410|trigger=409.6|stop=408.21|target_r=1.5|risk_ps=1.79|atr=1.391735|vwap_dist_atr=0.709549|tick=0.01,410.08,55,22554.4,-103.4,-0.46,0,0,0.00,-103.4,-0.46,2876.57,2.88,1
192,Exit long,2026-04-08 14:18,sl1|exit_reason=stop,406.8,163,66422.5,-114.1,-0.17,0,57.05,0.09,-114.1,-0.17,2762.47,2.76,8
192,Entry long,2026-04-08 14:10,sl1|ver=0.1.0|variant=baseline|cfg=ema9_atr14_buf0.1_chase1_win3_tgt1.5_hold20_t935-1500_ent2_loss2_dd2_dirboth_risk100|setup_id=ir:0.1.0:NASDAQ:MU:1:1775671740000:long|bars_to_confirm=1|signal_close=407.4201|trigger=407.33|stop=406.81|target_r=1.5|risk_ps=0.6101|atr=0.521841|vwap_dist_atr=0.757574|tick=0.01,407.5,163,66422.5,-114.1,-0.17,0,57.05,0.09,-114.1,-0.17,2762.47,2.76,8
193,Exit short,2026-04-09 10:06,sl1|exit_reason=target,406.6,37,15192.94,148.74,0.98,0,148.74,0.98,-29.97,-0.20,2911.21,2.91,12
193,Entry short,2026-04-09 09:54,sl1|ver=0.1.0|variant=baseline|cfg=ema9_atr14_buf0.1_chase1_win3_tgt1.5_hold20_t935-1500_ent2_loss2_dd2_dirboth_risk100|setup_id=ir:0.1.0:NASDAQ:MU:1:1775742780000:short|bars_to_confirm=1|signal_close=410.655|trigger=411.51|stop=413.3|target_r=1.5|risk_ps=2.645|atr=1.602517|vwap_dist_atr=0.87434|tick=0.01,410.62,37,15192.94,148.74,0.98,0,148.74,0.98,-29.97,-0.20,2911.21,2.91,12
194,Exit long,2026-04-09 12:02,sl1|exit_reason=target,408.89,116,47260.72,170.52,0.36,0,170.52,0.36,-60.32,-0.13,3081.73,3.08,5
194,Entry long,2026-04-09 11:57,sl1|ver=0.1.0|variant=baseline|cfg=ema9_atr14_buf0.1_chase1_win3_tgt1.5_hold20_t935-1500_ent2_loss2_dd2_dirboth_risk100|setup_id=ir:0.1.0:NASDAQ:MU:1:1775750100000:long|bars_to_confirm=2|signal_close=407.3|trigger=407.1606|stop=406.44|target_r=1.5|risk_ps=0.86|atr=0.849893|vwap_dist_atr=0.702096|tick=0.01,407.42,116,47260.72,170.52,0.36,0,170.52,0.36,-60.32,-0.13,3081.73,3.08,5
195,Exit long,2026-04-10 13:22,sl1|exit_reason=stop,418.1,108,45256.32,-101.52,-0.22,0,38.88,0.09,-101.52,-0.22,2980.21,2.98,3
195,Entry long,2026-04-10 13:19,sl1|ver=0.1.0|variant=baseline|cfg=ema9_atr14_buf0.1_chase1_win3_tgt1.5_hold20_t935-1500_ent2_loss2_dd2_dirboth_risk100|setup_id=ir:0.1.0:NASDAQ:MU:1:1775841480000:long|bars_to_confirm=1|signal_close=419.035|trigger=418.85|stop=418.11|target_r=1.5|risk_ps=0.925|atr=0.545022|vwap_dist_atr=0.960251|tick=0.01,419.04,108,45256.32,-101.52,-0.22,0,38.88,0.09,-101.52,-0.22,2980.21,2.98,3
196,Exit long,2026-04-10 13:32,sl1|exit_reason=target,420,172,72064.56,175.44,0.24,0,175.44,0.24,-48.16,-0.07,3155.65,3.16,6
196,Entry long,2026-04-10 13:26,sl1|ver=0.1.0|variant=baseline|cfg=ema9_atr14_buf0.1_chase1_win3_tgt1.5_hold20_t935-1500_ent2_loss2_dd2_dirboth_risk100|setup_id=ir:0.1.0:NASDAQ:MU:1:1775841900000:long|bars_to_confirm=1|signal_close=418.88|trigger=418.6699|stop=418.3|target_r=1.5|risk_ps=0.58|atr=0.58719|vwap_dist_atr=0.625894|tick=0.01,418.98,172,72064.56,175.44,0.24,0,175.44,0.24,-48.16,-0.07,3155.65,3.16,6
197,Exit short,2026-04-13 10:24,sl1|exit_reason=time,413.3,39,16110.51,-8.19,-0.05,0,84.24,0.52,-44.85,-0.28,3147.46,3.15,20
197,Entry short,2026-04-13 10:04,sl1|ver=0.1.0|variant=baseline|cfg=ema9_atr14_buf0.1_chase1_win3_tgt1.5_hold20_t935-1500_ent2_loss2_dd2_dirboth_risk100|setup_id=ir:0.1.0:NASDAQ:MU:1:1776088980000:short|bars_to_confirm=1|signal_close=413.09|trigger=413.5|stop=415.65|target_r=1.5|risk_ps=2.56|atr=1.598035|vwap_dist_atr=0.985813|tick=0.01,413.09,39,16110.51,-8.19,-0.05,0,84.24,0.52,-44.85,-0.28,3147.46,3.15,20
198,Exit long,2026-04-13 13:10,sl1|exit_reason=time,414.91,108,44842.68,-32.4,-0.07,0,117.72,0.26,-87.48,-0.20,3115.06,3.12,20
198,Entry long,2026-04-13 12:50,sl1|ver=0.1.0|variant=baseline|cfg=ema9_atr14_buf0.1_chase1_win3_tgt1.5_hold20_t935-1500_ent2_loss2_dd2_dirboth_risk100|setup_id=ir:0.1.0:NASDAQ:MU:1:1776098940000:long|bars_to_confirm=1|signal_close=415.165|trigger=414.87|stop=414.24|target_r=1.5|risk_ps=0.925|atr=0.679515|vwap_dist_atr=0.712503|tick=0.01,415.21,108,44842.68,-32.4,-0.07,0,117.72,0.26,-87.48,-0.20,3115.06,3.12,20
199,Exit long,2026-04-14 09:57,sl1|exit_reason=stop,429.92,50,21592,-96,-0.44,0,64.5,0.30,-96,-0.44,3019.06,3.02,4
199,Entry long,2026-04-14 09:53,sl1|ver=0.1.0|variant=baseline|cfg=ema9_atr14_buf0.1_chase1_win3_tgt1.5_hold20_t935-1500_ent2_loss2_dd2_dirboth_risk100|setup_id=ir:0.1.0:NASDAQ:MU:1:1776174720000:long|bars_to_confirm=1|signal_close=431.9111|trigger=431.88|stop=429.93|target_r=1.5|risk_ps=1.9811|atr=2.054221|vwap_dist_atr=0.707656|tick=0.01,431.84,50,21592,-96,-0.44,0,64.5,0.30,-96,-0.44,3019.06,3.02,4
200,Exit long,2026-04-14 10:04,sl1|exit_reason=stop,429.88,50,21591,-97,-0.45,0,18,0.08,-97,-0.45,2922.06,2.92,3
200,Entry long,2026-04-14 10:01,sl1|ver=0.1.0|variant=baseline|cfg=ema9_atr14_buf0.1_chase1_win3_tgt1.5_hold20_t935-1500_ent2_loss2_dd2_dirboth_risk100|setup_id=ir:0.1.0:NASDAQ:MU:1:1776175200000:long|bars_to_confirm=1|signal_close=431.89|trigger=431.41|stop=429.89|target_r=1.5|risk_ps=2|atr=1.817878|vwap_dist_atr=0.704369|tick=0.01,431.82,50,21591,-97,-0.45,0,18,0.08,-97,-0.45,2922.06,2.92,3
201,Exit short,2026-04-16 09:56,sl1|exit_reason=stop,450.33,35,15662.5,-99.05,-0.63,0,31.85,0.20,-99.05,-0.63,2823.01,2.82,2
201,Entry short,2026-04-16 09:54,sl1|ver=0.1.0|variant=baseline|cfg=ema9_atr14_buf0.1_chase1_win3_tgt1.5_hold20_t935-1500_ent2_loss2_dd2_dirboth_risk100|setup_id=ir:0.1.0:NASDAQ:MU:1:1776347580000:short|bars_to_confirm=1|signal_close=447.51|trigger=448.2|stop=450.32|target_r=1.5|risk_ps=2.81|atr=2.248804|vwap_dist_atr=0.948963|tick=0.01,447.5,35,15662.5,-99.05,-0.63,0,31.85,0.20,-99.05,-0.63,2823.01,2.82,2
202,Exit long,2026-04-16 12:49,sl1|exit_reason=target,458.03,100,45651,152,0.33,0,152,0.33,-83,-0.18,2975.01,2.98,9
202,Entry long,2026-04-16 12:40,sl1|ver=0.1.0|variant=baseline|cfg=ema9_atr14_buf0.1_chase1_win3_tgt1.5_hold20_t935-1500_ent2_loss2_dd2_dirboth_risk100|setup_id=ir:0.1.0:NASDAQ:MU:1:1776357540000:long|bars_to_confirm=1|signal_close=456.4953|trigger=456.3454|stop=455.5|target_r=1.5|risk_ps=0.9953|atr=1.027365|vwap_dist_atr=0.56724|tick=0.01,456.51,100,45651,152,0.33,0,152,0.33,-83,-0.18,2975.01,2.98,9
203,Exit short,2026-04-21 12:32,sl1|exit_reason=stop,448.64,103,46105.89,-104.03,-0.23,0,8.24,0.02,-104.03,-0.23,2870.98,2.87,3
203,Entry short,2026-04-21 12:29,sl1|ver=0.1.0|variant=baseline|cfg=ema9_atr14_buf0.1_chase1_win3_tgt1.5_hold20_t935-1500_ent2_loss2_dd2_dirboth_risk100|setup_id=ir:0.1.0:NASDAQ:MU:1:1776788760000:short|bars_to_confirm=3|signal_close=447.6607|trigger=447.9236|stop=448.63|target_r=1.5|risk_ps=0.9693|atr=0.743389|vwap_dist_atr=0.820683|tick=0.01,447.63,103,46105.89,-104.03,-0.23,0,8.24,0.02,-104.03,-0.23,2870.98,2.87,3
204,Exit long,2026-04-22 10:21,sl1|exit_reason=target,468.06,51,23724.18,146.88,0.62,0,146.88,0.62,-42.33,-0.18,3017.86,3.02,4
204,Entry long,2026-04-22 10:17,sl1|ver=0.1.0|variant=baseline|cfg=ema9_atr14_buf0.1_chase1_win3_tgt1.5_hold20_t935-1500_ent2_loss2_dd2_dirboth_risk100|setup_id=ir:0.1.0:NASDAQ:MU:1:1776867360000:long|bars_to_confirm=1|signal_close=465.21|trigger=464.5|stop=463.26|target_r=1.5|risk_ps=1.95|atr=1.495006|vwap_dist_atr=0.852619|tick=0.01,465.18,51,23724.18,146.88,0.62,0,146.88,0.62,-42.33,-0.18,3017.86,3.02,4
205,Exit long,2026-04-23 10:01,sl1|exit_reason=stop,476.83,38,18220.62,-101.08,-0.55,0,2.66,0.01,-101.08,-0.55,2916.78,2.92,1
205,Entry long,2026-04-23 10:00,sl1|ver=0.1.0|variant=baseline|cfg=ema9_atr14_buf0.1_chase1_win3_tgt1.5_hold20_t935-1500_ent2_loss2_dd2_dirboth_risk100|setup_id=ir:0.1.0:NASDAQ:MU:1:1776952680000:long|bars_to_confirm=2|signal_close=479.43|trigger=478.97|stop=476.84|target_r=1.5|risk_ps=2.59|atr=1.633776|vwap_dist_atr=0.73198|tick=0.01,479.49,38,18220.62,-101.08,-0.55,0,2.66,0.01,-101.08,-0.55,2916.78,2.92,1
206,Exit short,2026-04-23 10:06,sl1|exit_reason=target,473.87,49,23372.51,152.88,0.65,0,152.88,0.65,-17.64,-0.08,3069.66,3.07,0
206,Entry short,2026-04-23 10:06,sl1|ver=0.1.0|variant=baseline|cfg=ema9_atr14_buf0.1_chase1_win3_tgt1.5_hold20_t935-1500_ent2_loss2_dd2_dirboth_risk100|setup_id=ir:0.1.0:NASDAQ:MU:1:1776953100000:short|bars_to_confirm=1|signal_close=476.88|trigger=477.2201|stop=478.89|target_r=1.5|risk_ps=2.01|atr=1.605144|vwap_dist_atr=0.831477|tick=0.01,476.99,49,23372.51,152.88,0.65,0,152.88,0.65,-17.64,-0.08,3069.66,3.07,0
207,Exit long,2026-04-24 09:46,sl1|exit_reason=stop,496.96,24,12029.52,-102.48,-0.85,0,88.08,0.73,-102.48,-0.85,2967.18,2.97,5
207,Entry long,2026-04-24 09:41,sl1|ver=0.1.0|variant=baseline|cfg=ema9_atr14_buf0.1_chase1_win3_tgt1.5_hold20_t935-1500_ent2_loss2_dd2_dirboth_risk100|setup_id=ir:0.1.0:NASDAQ:MU:1:1777038000000:long|bars_to_confirm=1|signal_close=501.05|trigger=500.41|stop=496.97|target_r=1.5|risk_ps=4.08|atr=2.223689|vwap_dist_atr=0.571217|tick=0.01,501.23,24,12029.52,-102.48,-0.85,0,88.08,0.73,-102.48,-0.85,2967.18,2.97,5
208,Exit long,2026-04-24 10:21,sl1|exit_reason=stop,496.88,37,18484.09,-99.53,-0.54,0,119.51,0.65,-99.53,-0.54,2867.65,2.87,11
208,Entry long,2026-04-24 10:10,sl1|ver=0.1.0|variant=baseline|cfg=ema9_atr14_buf0.1_chase1_win3_tgt1.5_hold20_t935-1500_ent2_loss2_dd2_dirboth_risk100|setup_id=ir:0.1.0:NASDAQ:MU:1:1777039740000:long|bars_to_confirm=1|signal_close=499.5601|trigger=498.8|stop=496.89|target_r=1.5|risk_ps=2.6701|atr=2.130734|vwap_dist_atr=0.86389|tick=0.01,499.57,37,18484.09,-99.53,-0.54,0,119.51,0.65,-99.53,-0.54,2867.65,2.87,11
209,Exit short,2026-04-27 09:57,sl1|exit_reason=stop,524.31,16,8291.2,-97.76,-1.18,0,55.2,0.67,-97.76,-1.18,2769.89,2.77,9
209,Entry short,2026-04-27 09:48,sl1|ver=0.1.0|variant=baseline|cfg=ema9_atr14_buf0.1_chase1_win3_tgt1.5_hold20_t935-1500_ent2_loss2_dd2_dirboth_risk100|setup_id=ir:0.1.0:NASDAQ:MU:1:1777297560000:short|bars_to_confirm=2|signal_close=518.05|trigger=519.13|stop=524.3|target_r=1.5|risk_ps=6.25|atr=2.988335|vwap_dist_atr=0.541502|tick=0.01,518.2,16,8291.2,-97.76,-1.18,0,55.2,0.67,-97.76,-1.18,2769.89,2.77,9
210,Exit short,2026-04-27 11:30,sl1|exit_reason=stop,521.52,50,25973,-103,-0.40,0,31,0.12,-103,-0.40,2666.89,2.67,6
210,Entry short,2026-04-27 11:24,sl1|ver=0.1.0|variant=baseline|cfg=ema9_atr14_buf0.1_chase1_win3_tgt1.5_hold20_t935-1500_ent2_loss2_dd2_dirboth_risk100|setup_id=ir:0.1.0:NASDAQ:MU:1:1777303320000:short|bars_to_confirm=2|signal_close=519.5363|trigger=519.74|stop=521.51|target_r=1.5|risk_ps=1.9737|atr=1.373933|vwap_dist_atr=0.511976|tick=0.01,519.46,50,25973,-103,-0.40,0,31,0.12,-103,-0.40,2666.89,2.67,6
211,Exit short,2026-04-28 10:16,sl1|exit_reason=target,504.35,38,19318.44,153.14,0.79,0,153.14,0.79,-64.22,-0.33,2820.03,2.82,13
211,Entry short,2026-04-28 10:03,sl1|ver=0.1.0|variant=baseline|cfg=ema9_atr14_buf0.1_chase1_win3_tgt1.5_hold20_t935-1500_ent2_loss2_dd2_dirboth_risk100|setup_id=ir:0.1.0:NASDAQ:MU:1:1777384920000:short|bars_to_confirm=1|signal_close=508.49|trigger=509.38|stop=511.07|target_r=1.5|risk_ps=2.58|atr=2.136936|vwap_dist_atr=0.645172|tick=0.01,508.38,38,19318.44,153.14,0.79,0,153.14,0.79,-64.22,-0.33,2820.03,2.82,13
212,Exit long,2026-04-29 09:46,sl1|exit_reason=stop,523.06,23,12131.58,-101.2,-0.83,0,58.88,0.49,-101.2,-0.83,2718.83,2.72,5
212,Entry long,2026-04-29 09:41,sl1|ver=0.1.0|variant=baseline|cfg=ema9_atr14_buf0.1_chase1_win3_tgt1.5_hold20_t935-1500_ent2_loss2_dd2_dirboth_risk100|setup_id=ir:0.1.0:NASDAQ:MU:1:1777470000000:long|bars_to_confirm=1|signal_close=527.29|trigger=526.08|stop=523.07|target_r=1.5|risk_ps=4.22|atr=2.815844|vwap_dist_atr=0.527667|tick=0.01,527.46,23,12131.58,-101.2,-0.83,0,58.88,0.49,-101.2,-0.83,2718.83,2.72,5
213,Exit long,2026-04-29 10:29,sl1|exit_reason=stop,522.31,49,25700.5,-107.31,-0.42,0,21.07,0.08,-107.31,-0.42,2611.52,2.61,0
213,Entry long,2026-04-29 10:29,sl1|ver=0.1.0|variant=baseline|cfg=ema9_atr14_buf0.1_chase1_win3_tgt1.5_hold20_t935-1500_ent2_loss2_dd2_dirboth_risk100|setup_id=ir:0.1.0:NASDAQ:MU:1:1777472880000:long|bars_to_confirm=1|signal_close=524.335|trigger=523.4999|stop=522.32|target_r=1.5|risk_ps=2.015|atr=1.784126|vwap_dist_atr=0.549338|tick=0.01,524.5,49,25700.5,-107.31,-0.42,0,21.07,0.08,-107.31,-0.42,2611.52,2.61,0
214,Exit short,2026-04-30 14:36,sl1|exit_reason=stop,515.29,128,65832.96,-124.16,-0.19,0,104.96,0.16,-124.16,-0.19,2487.36,2.49,8
214,Entry short,2026-04-30 14:28,sl1|ver=0.1.0|variant=baseline|cfg=ema9_atr14_buf0.1_chase1_win3_tgt1.5_hold20_t935-1500_ent2_loss2_dd2_dirboth_risk100|setup_id=ir:0.1.0:NASDAQ:MU:1:1777573620000:short|bars_to_confirm=1|signal_close=514.4999|trigger=514.57|stop=515.28|target_r=1.5|risk_ps=0.7801|atr=0.757638|vwap_dist_atr=0.676707|tick=0.01,514.32,128,65832.96,-124.16,-0.19,0,104.96,0.16,-124.16,-0.19,2487.36,2.49,8
215,Exit short,2026-05-01 10:58,sl1|exit_reason=target,527.49,27,14387.49,145.26,1.01,0,145.26,1.01,-10.8,-0.08,2632.62,2.63,8
215,Entry short,2026-05-01 10:50,sl1|ver=0.1.0|variant=baseline|cfg=ema9_atr14_buf0.1_chase1_win3_tgt1.5_hold20_t935-1500_ent2_loss2_dd2_dirboth_risk100|setup_id=ir:0.1.0:NASDAQ:MU:1:1777646940000:short|bars_to_confirm=1|signal_close=532.875|trigger=533.6|stop=536.46|target_r=1.5|risk_ps=3.585|atr=2.199399|vwap_dist_atr=0.841373|tick=0.01,532.87,27,14387.49,145.26,1.01,0,145.26,1.01,-10.8,-0.08,2632.62,2.63,8
216,Exit long,2026-05-04 11:40,sl1|exit_reason=stop,578.7,27,15727.23,-102.33,-0.65,0,13.23,0.08,-102.33,-0.65,2530.29,2.53,12
216,Entry long,2026-05-04 11:28,sl1|ver=0.1.0|variant=baseline|cfg=ema9_atr14_buf0.1_chase1_win3_tgt1.5_hold20_t935-1500_ent2_loss2_dd2_dirboth_risk100|setup_id=ir:0.1.0:NASDAQ:MU:1:1777908420000:long|bars_to_confirm=1|signal_close=582.355|trigger=582.34|stop=578.71|target_r=1.5|risk_ps=3.645|atr=1.944398|vwap_dist_atr=0.955005|tick=0.01,582.49,27,15727.23,-102.33,-0.65,0,13.23,0.08,-102.33,-0.65,2530.29,2.53,12
217,Exit short,2026-05-04 13:17,sl1|exit_reason=stop,580.91,71,41139.53,-105.08,-0.26,0,43.31,0.11,-105.08,-0.26,2425.21,2.43,3
217,Entry short,2026-05-04 13:14,sl1|ver=0.1.0|variant=baseline|cfg=ema9_atr14_buf0.1_chase1_win3_tgt1.5_hold20_t935-1500_ent2_loss2_dd2_dirboth_risk100|setup_id=ir:0.1.0:NASDAQ:MU:1:1777914720000:short|bars_to_confirm=2|signal_close=579.495|trigger=579.575|stop=580.9|target_r=1.5|risk_ps=1.405|atr=1.043559|vwap_dist_atr=0.714827|tick=0.01,579.43,71,41139.53,-105.08,-0.26,0,43.31,0.11,-105.08,-0.26,2425.21,2.43,3
218,Exit long,2026-05-06 10:53,sl1|exit_reason=target,654.89,20,12952.2,145.6,1.12,0,145.6,1.12,-40,-0.31,2570.81,2.57,9
218,Entry long,2026-05-06 10:44,sl1|ver=0.1.0|variant=baseline|cfg=ema9_atr14_buf0.1_chase1_win3_tgt1.5_hold20_t935-1500_ent2_loss2_dd2_dirboth_risk100|setup_id=ir:0.1.0:NASDAQ:MU:1:1778078520000:long|bars_to_confirm=2|signal_close=647.525|trigger=647.32|stop=642.76|target_r=1.5|risk_ps=4.765|atr=3.451611|vwap_dist_atr=0.473245|tick=0.01,647.61,20,12952.2,145.6,1.12,0,145.6,1.12,-40,-0.31,2570.81,2.57,9
219,Exit short,2026-05-07 11:27,sl1|exit_reason=time,661.35,24,15869.76,-2.64,-0.02,0,53.52,0.34,-88.08,-0.56,2568.17,2.57,20
219,Entry short,2026-05-07 11:07,sl1|ver=0.1.0|variant=baseline|cfg=ema9_atr14_buf0.1_chase1_win3_tgt1.5_hold20_t935-1500_ent2_loss2_dd2_dirboth_risk100|setup_id=ir:0.1.0:NASDAQ:MU:1:1778166360000:short|bars_to_confirm=1|signal_close=661.46|trigger=662.07|stop=665.59|target_r=1.5|risk_ps=4.13|atr=2.082724|vwap_dist_atr=0.955478|tick=0.01,661.24,24,15869.76,-2.64,-0.02,0,53.52,0.34,-88.08,-0.56,2568.17,2.57,20
220,Exit long,2026-05-11 11:06,sl1|exit_reason=stop,787.05,26,20556.12,-92.82,-0.45,0,9.88,0.05,-92.82,-0.45,2475.35,2.48,2
220,Entry long,2026-05-11 11:04,sl1|ver=0.1.0|variant=baseline|cfg=ema9_atr14_buf0.1_chase1_win3_tgt1.5_hold20_t935-1500_ent2_loss2_dd2_dirboth_risk100|setup_id=ir:0.1.0:NASDAQ:MU:1:1778511780000:long|bars_to_confirm=1|signal_close=790.8899|trigger=790.07|stop=787.06|target_r=1.5|risk_ps=3.8299|atr=3.660239|vwap_dist_atr=0.892654|tick=0.01,790.62,26,20556.12,-92.82,-0.45,0,9.88,0.05,-92.82,-0.45,2475.35,2.48,2
221,Exit long,2026-05-11 12:09,sl1|exit_reason=target,798.44,17,13423.2,150.28,1.12,0,150.28,1.12,-8.33,-0.06,2625.63,2.63,16
221,Entry long,2026-05-11 11:53,sl1|ver=0.1.0|variant=baseline|cfg=ema9_atr14_buf0.1_chase1_win3_tgt1.5_hold20_t935-1500_ent2_loss2_dd2_dirboth_risk100|setup_id=ir:0.1.0:NASDAQ:MU:1:1778514720000:long|bars_to_confirm=1|signal_close=789.52|trigger=787.33|stop=783.71|target_r=1.5|risk_ps=5.81|atr=2.922358|vwap_dist_atr=0.821289|tick=0.01,789.6,17,13423.2,150.28,1.12,0,150.28,1.12,-8.33,-0.06,2625.63,2.63,16
222,Exit short,2026-05-12 10:17,sl1|exit_reason=time,763.46,11,8430.4,32.34,0.38,0,81.4,0.97,-55,-0.65,2657.97,2.66,20
222,Entry short,2026-05-12 09:57,sl1|ver=0.1.0|variant=baseline|cfg=ema9_atr14_buf0.1_chase1_win3_tgt1.5_hold20_t935-1500_ent2_loss2_dd2_dirboth_risk100|setup_id=ir:0.1.0:NASDAQ:MU:1:1778594160000:short|bars_to_confirm=1|signal_close=766.3412|trigger=767.3|stop=774.79|target_r=1.5|risk_ps=8.4488|atr=4.895659|vwap_dist_atr=0.752082|tick=0.01,766.4,11,8430.4,32.34,0.38,0,81.4,0.97,-55,-0.65,2657.97,2.66,20
223,Exit long,2026-05-12 14:28,sl1|exit_reason=target,752.48,24,17907.12,152.4,0.85,0,152.4,0.85,-96.72,-0.54,2810.37,2.81,13
223,Entry long,2026-05-12 14:15,sl1|ver=0.1.0|variant=baseline|cfg=ema9_atr14_buf0.1_chase1_win3_tgt1.5_hold20_t935-1500_ent2_loss2_dd2_dirboth_risk100|setup_id=ir:0.1.0:NASDAQ:MU:1:1778609580000:long|bars_to_confirm=2|signal_close=746.01|trigger=744.5|stop=741.9|target_r=1.5|risk_ps=4.11|atr=2.912058|vwap_dist_atr=0.850048|tick=0.01,746.13,24,17907.12,152.4,0.85,0,152.4,0.85,-96.72,-0.54,2810.37,2.81,13
224,Exit short,2026-05-13 10:18,sl1|exit_reason=time,790.71,7,5568.36,33.39,0.60,0,112.07,2.01,-13.16,-0.24,2843.76,2.84,20
224,Entry short,2026-05-13 09:58,sl1|ver=0.1.0|variant=baseline|cfg=ema9_atr14_buf0.1_chase1_win3_tgt1.5_hold20_t935-1500_ent2_loss2_dd2_dirboth_risk100|setup_id=ir:0.1.0:NASDAQ:MU:1:1778680620000:short|bars_to_confirm=1|signal_close=795.25|trigger=796.0301|stop=808.07|target_r=1.5|risk_ps=12.82|atr=6.071876|vwap_dist_atr=0.363578|tick=0.01,795.48,7,5568.36,33.39,0.60,0,112.07,2.01,-13.16,-0.24,2843.76,2.84,20
225,Exit long,2026-05-13 10:30,sl1|exit_reason=target,805.62,17,13550.87,144.67,1.07,0,144.67,1.07,-17,-0.13,2988.43,2.99,8
225,Entry long,2026-05-13 10:22,sl1|ver=0.1.0|variant=baseline|cfg=ema9_atr14_buf0.1_chase1_win3_tgt1.5_hold20_t935-1500_ent2_loss2_dd2_dirboth_risk100|setup_id=ir:0.1.0:NASDAQ:MU:1:1778682060000:long|bars_to_confirm=1|signal_close=797.095|trigger=797|stop=791.44|target_r=1.5|risk_ps=5.655|atr=4.593657|vwap_dist_atr=0.375654|tick=0.01,797.11,17,13550.87,144.67,1.07,0,144.67,1.07,-17,-0.13,2988.43,2.99,8
226,Exit short,2026-05-14 10:15,sl1|exit_reason=stop,799.25,20,15886.6,-98.4,-0.62,0,126.6,0.80,-98.4,-0.62,2890.03,2.89,8
226,Entry short,2026-05-14 10:07,sl1|ver=0.1.0|variant=baseline|cfg=ema9_atr14_buf0.1_chase1_win3_tgt1.5_hold20_t935-1500_ent2_loss2_dd2_dirboth_risk100|setup_id=ir:0.1.0:NASDAQ:MU:1:1778767440000:short|bars_to_confirm=3|signal_close=794.43|trigger=795.77|stop=799.24|target_r=1.5|risk_ps=4.81|atr=4.174889|vwap_dist_atr=0.663484|tick=0.01,794.33,20,15886.6,-98.4,-0.62,0,126.6,0.80,-98.4,-0.62,2890.03,2.89,8
227,Exit long,2026-05-14 10:39,sl1|exit_reason=time,798.55,14,11207,-27.3,-0.24,0,58.52,0.52,-63,-0.56,2862.73,2.86,20
227,Entry long,2026-05-14 10:19,sl1|ver=0.1.0|variant=baseline|cfg=ema9_atr14_buf0.1_chase1_win3_tgt1.5_hold20_t935-1500_ent2_loss2_dd2_dirboth_risk100|setup_id=ir:0.1.0:NASDAQ:MU:1:1778768160000:long|bars_to_confirm=3|signal_close=800.265|trigger=799.4999|stop=793.23|target_r=1.5|risk_ps=7.035|atr=3.660813|vwap_dist_atr=0.99583|tick=0.01,800.5,14,11207,-27.3,-0.24,0,58.52,0.52,-63,-0.56,2862.73,2.86,20
228,Exit short,2026-05-15 09:57,sl1|exit_reason=time,733.24,10,7381.8,49.4,0.67,0,104.6,1.42,-28.3,-0.38,2912.13,2.91,20
228,Entry short,2026-05-15 09:37,sl1|ver=0.1.0|variant=baseline|cfg=ema9_atr14_buf0.1_chase1_win3_tgt1.5_hold20_t935-1500_ent2_loss2_dd2_dirboth_risk100|setup_id=ir:0.1.0:NASDAQ:MU:1:1778852160000:short|bars_to_confirm=1|signal_close=738.3|trigger=740.18|stop=747.41|target_r=1.5|risk_ps=9.11|atr=4.186687|vwap_dist_atr=0.822566|tick=0.01,738.18,10,7381.8,49.4,0.67,0,104.6,1.42,-28.3,-0.38,2912.13,2.91,20
229,Exit short,2026-05-15 11:07,sl1|exit_reason=time,731.4,18,13213.08,47.88,0.36,0,82.08,0.62,-42.12,-0.32,2960.01,2.96,20
229,Entry short,2026-05-15 10:47,sl1|ver=0.1.0|variant=baseline|cfg=ema9_atr14_buf0.1_chase1_win3_tgt1.5_hold20_t935-1500_ent2_loss2_dd2_dirboth_risk100|setup_id=ir:0.1.0:NASDAQ:MU:1:1778856360000:short|bars_to_confirm=1|signal_close=734.11|trigger=734.66|stop=739.46|target_r=1.5|risk_ps=5.35|atr=3.051606|vwap_dist_atr=0.431476|tick=0.01,734.06,18,13213.08,47.88,0.36,0,82.08,0.62,-42.12,-0.32,2960.01,2.96,20
230,Exit long,2026-05-19 11:15,sl1|exit_reason=target,686.02,19,12882.19,152.19,1.18,0,152.19,1.18,-52.06,-0.40,3112.2,3.11,17
230,Entry long,2026-05-19 10:58,sl1|ver=0.1.0|variant=baseline|cfg=ema9_atr14_buf0.1_chase1_win3_tgt1.5_hold20_t935-1500_ent2_loss2_dd2_dirboth_risk100|setup_id=ir:0.1.0:NASDAQ:MU:1:1779202500000:long|bars_to_confirm=3|signal_close=677.865|trigger=677.29|stop=672.67|target_r=1.5|risk_ps=5.195|atr=3.425972|vwap_dist_atr=0.994953|tick=0.01,678.01,19,12882.19,152.19,1.18,0,152.19,1.18,-52.06,-0.40,3112.2,3.11,17
231,Exit long,2026-05-20 09:45,sl1|exit_reason=stop,720.43,17,12346.76,-99.45,-0.81,0,15.13,0.12,-99.45,-0.81,3012.75,3.01,0
231,Entry long,2026-05-20 09:45,sl1|ver=0.1.0|variant=baseline|cfg=ema9_atr14_buf0.1_chase1_win3_tgt1.5_hold20_t935-1500_ent2_loss2_dd2_dirboth_risk100|setup_id=ir:0.1.0:NASDAQ:MU:1:1779284640000:long|bars_to_confirm=1|signal_close=726.085|trigger=724.1199|stop=720.44|target_r=1.5|risk_ps=5.645|atr=4.201007|vwap_dist_atr=0.633908|tick=0.01,726.28,17,12346.76,-99.45,-0.81,0,15.13,0.12,-99.45,-0.81,3012.75,3.01,0
232,Exit long,2026-05-20 11:15,sl1|exit_reason=target,724.17,26,18673.46,154.96,0.83,0,154.96,0.83,-98.02,-0.52,3167.71,3.17,17
232,Entry long,2026-05-20 10:58,sl1|ver=0.1.0|variant=baseline|cfg=ema9_atr14_buf0.1_chase1_win3_tgt1.5_hold20_t935-1500_ent2_loss2_dd2_dirboth_risk100|setup_id=ir:0.1.0:NASDAQ:MU:1:1779289020000:long|bars_to_confirm=1|signal_close=717.9769|trigger=716.43|stop=714.24|target_r=1.5|risk_ps=3.7369|atr=2.566011|vwap_dist_atr=0.825993|tick=0.01,718.21,26,18673.46,154.96,0.83,0,154.96,0.83,-98.02,-0.52,3167.71,3.17,17
233,Exit long,2026-05-21 10:48,sl1|exit_reason=stop,748.13,19,14313.84,-99.37,-0.69,0,73.53,0.51,-99.37,-0.69,3068.34,3.07,18
233,Entry long,2026-05-21 10:30,sl1|ver=0.1.0|variant=baseline|cfg=ema9_atr14_buf0.1_chase1_win3_tgt1.5_hold20_t935-1500_ent2_loss2_dd2_dirboth_risk100|setup_id=ir:0.1.0:NASDAQ:MU:1:1779373680000:long|bars_to_confirm=2|signal_close=753.35|trigger=752|stop=748.14|target_r=1.5|risk_ps=5.21|atr=3.634454|vwap_dist_atr=0.966065|tick=0.01,753.36,19,14313.84,-99.37,-0.69,0,73.53,0.51,-99.37,-0.69,3068.34,3.07,18
234,Exit long,2026-05-21 11:25,sl1|exit_reason=stop,748.32,30,22548.9,-99.3,-0.44,0,12.3,0.05,-99.3,-0.44,2969.04,2.97,4
234,Entry long,2026-05-21 11:21,sl1|ver=0.1.0|variant=baseline|cfg=ema9_atr14_buf0.1_chase1_win3_tgt1.5_hold20_t935-1500_ent2_loss2_dd2_dirboth_risk100|setup_id=ir:0.1.0:NASDAQ:MU:1:1779376800000:long|bars_to_confirm=1|signal_close=751.615|trigger=750.7099|stop=748.33|target_r=1.5|risk_ps=3.285|atr=2.254585|vwap_dist_atr=0.751058|tick=0.01,751.63,30,22548.9,-99.3,-0.44,0,12.3,0.05,-99.3,-0.44,2969.04,2.97,4
235,Exit short,2026-05-22 10:10,sl1|exit_reason=time,753.61,24,18046.8,-39.84,-0.22,0,102.24,0.57,-95.52,-0.53,2929.2,2.93,20
235,Entry short,2026-05-22 09:50,sl1|ver=0.1.0|variant=baseline|cfg=ema9_atr14_buf0.1_chase1_win3_tgt1.5_hold20_t935-1500_ent2_loss2_dd2_dirboth_risk100|setup_id=ir:0.1.0:NASDAQ:MU:1:1779457740000:short|bars_to_confirm=1|signal_close=752.03|trigger=753.26|stop=756.14|target_r=1.5|risk_ps=4.11|atr=3.334335|vwap_dist_atr=0.743875|tick=0.01,751.95,24,18046.8,-39.84,-0.22,0,102.24,0.57,-95.52,-0.53,2929.2,2.93,20
236,Exit short,2026-05-27 10:16,sl1|exit_reason=time,913.16,7,6448.68,56.56,0.88,0,69.44,1.08,-86.59,-1.34,2985.76,2.99,20
236,Entry short,2026-05-27 09:56,sl1|ver=0.1.0|variant=baseline|cfg=ema9_atr14_buf0.1_chase1_win3_tgt1.5_hold20_t935-1500_ent2_loss2_dd2_dirboth_risk100|setup_id=ir:0.1.0:NASDAQ:MU:1:1779890100000:short|bars_to_confirm=1|signal_close=921.415|trigger=925.47|stop=935.5|target_r=1.5|risk_ps=14.085|atr=8.884884|vwap_dist_atr=0.817285|tick=0.01,921.24,7,6448.68,56.56,0.88,0,69.44,1.08,-86.59,-1.34,2985.76,2.99,20
237,Exit long,2026-05-27 12:33,sl1|exit_reason=time,917.24,16,14695.36,-19.52,-0.13,0,60.16,0.41,-84.16,-0.57,2966.24,2.97,20
237,Entry long,2026-05-27 12:13,sl1|ver=0.1.0|variant=baseline|cfg=ema9_atr14_buf0.1_chase1_win3_tgt1.5_hold20_t935-1500_ent2_loss2_dd2_dirboth_risk100|setup_id=ir:0.1.0:NASDAQ:MU:1:1779898320000:long|bars_to_confirm=1|signal_close=918.57|trigger=918.18|stop=912.48|target_r=1.5|risk_ps=6.09|atr=3.410872|vwap_dist_atr=0.886709|tick=0.01,918.46,16,14695.36,-19.52,-0.13,0,60.16,0.41,-84.16,-0.57,2966.24,2.97,20
238,Exit short,2026-05-28 10:25,sl1|exit_reason=stop,922.46,23,21122.28,-94.3,-0.45,0,62.1,0.29,-94.3,-0.45,2871.94,2.87,2
238,Entry short,2026-05-28 10:23,sl1|ver=0.1.0|variant=baseline|cfg=ema9_atr14_buf0.1_chase1_win3_tgt1.5_hold20_t935-1500_ent2_loss2_dd2_dirboth_risk100|setup_id=ir:0.1.0:NASDAQ:MU:1:1779978120000:short|bars_to_confirm=1|signal_close=918.215|trigger=919.1|stop=922.45|target_r=1.5|risk_ps=4.235|atr=4.529415|vwap_dist_atr=0.62772|tick=0.01,918.36,23,21122.28,-94.3,-0.45,0,62.1,0.29,-94.3,-0.45,2871.94,2.87,2
239,Exit long,2026-05-28 10:30,sl1|exit_reason=target,933.19,15,13857.15,140.7,1.02,0,140.7,1.02,-1.35,-0.01,3012.64,3.01,3
239,Entry long,2026-05-28 10:27,sl1|ver=0.1.0|variant=baseline|cfg=ema9_atr14_buf0.1_chase1_win3_tgt1.5_hold20_t935-1500_ent2_loss2_dd2_dirboth_risk100|setup_id=ir:0.1.0:NASDAQ:MU:1:1779978360000:long|bars_to_confirm=1|signal_close=923.855|trigger=922.929|stop=917.56|target_r=1.5|risk_ps=6.295|atr=4.384896|vwap_dist_atr=0.648493|tick=0.01,923.81,15,13857.15,140.7,1.02,0,140.7,1.02,-1.35,-0.01,3012.64,3.01,3
240,Exit short,2026-05-29 09:50,sl1|exit_reason=stop,967.97,7,6682.62,-93.17,-1.39,0,56,0.84,-93.17,-1.39,2919.47,2.92,12
240,Entry short,2026-05-29 09:38,sl1|ver=0.1.0|variant=baseline|cfg=ema9_atr14_buf0.1_chase1_win3_tgt1.5_hold20_t935-1500_ent2_loss2_dd2_dirboth_risk100|setup_id=ir:0.1.0:NASDAQ:MU:1:1780061820000:short|bars_to_confirm=1|signal_close=954.56|trigger=955|stop=967.96|target_r=1.5|risk_ps=13.4|atr=5.314196|vwap_dist_atr=0.609269|tick=0.01,954.66,7,6682.62,-93.17,-1.39,0,56,0.84,-93.17,-1.39,2919.47,2.92,12
241,Exit short,2026-05-29 10:30,sl1|exit_reason=stop,968.74,17,16367.09,-101.49,-0.62,0,6.29,0.04,-101.49,-0.62,2817.98,2.82,3
241,Entry short,2026-05-29 10:27,sl1|ver=0.1.0|variant=baseline|cfg=ema9_atr14_buf0.1_chase1_win3_tgt1.5_hold20_t935-1500_ent2_loss2_dd2_dirboth_risk100|setup_id=ir:0.1.0:NASDAQ:MU:1:1780064760000:short|bars_to_confirm=1|signal_close=962.94|trigger=964.45|stop=968.73|target_r=1.5|risk_ps=5.79|atr=4.790466|vwap_dist_atr=0.556603|tick=0.01,962.77,17,16367.09,-101.49,-0.62,0,6.29,0.04,-101.49,-0.62,2817.98,2.82,3
242,Exit short,2026-06-01 10:14,sl1|exit_reason=stop,1030.4,11,11237.82,-96.58,-0.86,0,110.99,0.99,-96.58,-0.86,2721.4,2.72,18
242,Entry short,2026-06-01 09:56,sl1|ver=0.1.0|variant=baseline|cfg=ema9_atr14_buf0.1_chase1_win3_tgt1.5_hold20_t935-1500_ent2_loss2_dd2_dirboth_risk100|setup_id=ir:0.1.0:NASDAQ:MU:1:1780322100000:short|bars_to_confirm=1|signal_close=1021.572|trigger=1023.83|stop=1030.39|target_r=1.5|risk_ps=8.818|atr=6.279558|vwap_dist_atr=0.856014|tick=0.01,1021.62,11,11237.82,-96.58,-0.86,0,110.99,0.99,-96.58,-0.86,2721.4,2.72,18
243,Exit short,2026-06-01 10:32,sl1|exit_reason=stop,1030.96,9,9178.11,-100.53,-1.10,0,38.7,0.42,-100.53,-1.10,2620.87,2.62,16
243,Entry short,2026-06-01 10:16,sl1|ver=0.1.0|variant=baseline|cfg=ema9_atr14_buf0.1_chase1_win3_tgt1.5_hold20_t935-1500_ent2_loss2_dd2_dirboth_risk100|setup_id=ir:0.1.0:NASDAQ:MU:1:1780323300000:short|bars_to_confirm=1|signal_close=1020.13|trigger=1024.805|stop=1030.95|target_r=1.5|risk_ps=10.82|atr=5.51451|vwap_dist_atr=0.920233|tick=0.01,1019.79,9,9178.11,-100.53,-1.10,0,38.7,0.42,-100.53,-1.10,2620.87,2.62,16
244,Exit long,2026-06-02 09:50,sl1|exit_reason=target,1045.6,11,11358.38,143.22,1.26,0,143.22,1.26,-15.62,-0.14,2764.09,2.76,7
244,Entry long,2026-06-02 09:43,sl1|ver=0.1.0|variant=baseline|cfg=ema9_atr14_buf0.1_chase1_win3_tgt1.5_hold20_t935-1500_ent2_loss2_dd2_dirboth_risk100|setup_id=ir:0.1.0:NASDAQ:MU:1:1780407600000:long|bars_to_confirm=3|signal_close=1032.84|trigger=1030.3499|stop=1023.9|target_r=1.5|risk_ps=8.94|atr=4.911838|vwap_dist_atr=0.776488|tick=0.01,1032.58,11,11358.38,143.22,1.26,0,143.22,1.26,-15.62,-0.14,2764.09,2.76,7
245,Exit long,2026-06-02 11:43,sl1|exit_reason=stop,1037.32,31,32256.12,-99.2,-0.31,0,70.68,0.22,-99.2,-0.31,2664.89,2.66,10
245,Entry long,2026-06-02 11:33,sl1|ver=0.1.0|variant=baseline|cfg=ema9_atr14_buf0.1_chase1_win3_tgt1.5_hold20_t935-1500_ent2_loss2_dd2_dirboth_risk100|setup_id=ir:0.1.0:NASDAQ:MU:1:1780414320000:long|bars_to_confirm=1|signal_close=1040.505|trigger=1040.43|stop=1037.33|target_r=1.5|risk_ps=3.175|atr=2.744909|vwap_dist_atr=0.119779|tick=0.01,1040.52,31,32256.12,-99.2,-0.31,0,70.68,0.22,-99.2,-0.31,2664.89,2.66,10
246,Exit short,2026-06-03 09:48,sl1|exit_reason=target,1042.33,10,10561,137.7,1.30,0,137.7,1.30,-19.2,-0.18,2802.59,2.80,5
246,Entry short,2026-06-03 09:43,sl1|ver=0.1.0|variant=baseline|cfg=ema9_atr14_buf0.1_chase1_win3_tgt1.5_hold20_t935-1500_ent2_loss2_dd2_dirboth_risk100|setup_id=ir:0.1.0:NASDAQ:MU:1:1780494060000:short|bars_to_confirm=2|signal_close=1056|trigger=1057|stop=1065.28|target_r=1.5|risk_ps=9.28|atr=5.90547|vwap_dist_atr=0.908789|tick=0.01,1056.1,10,10561,137.7,1.30,0,137.7,1.30,-19.2,-0.18,2802.59,2.80,5
247,Exit long,2026-06-03 09:55,sl1|exit_reason=stop,1050.86,10,10602.4,-93.8,-0.88,0,2.4,0.02,-93.8,-0.88,2708.79,2.71,1
247,Entry long,2026-06-03 09:54,sl1|ver=0.1.0|variant=baseline|cfg=ema9_atr14_buf0.1_chase1_win3_tgt1.5_hold20_t935-1500_ent2_loss2_dd2_dirboth_risk100|setup_id=ir:0.1.0:NASDAQ:MU:1:1780494780000:long|bars_to_confirm=1|signal_close=1060.21|trigger=1060|stop=1050.87|target_r=1.5|risk_ps=9.34|atr=5.865624|vwap_dist_atr=0.495465|tick=0.01,1060.24,10,10602.4,-93.8,-0.88,0,2.4,0.02,-93.8,-0.88,2708.79,2.71,1
248,Exit long,2026-06-04 10:38,sl1|exit_reason=time,1003.74,16,15946.72,113.12,0.71,0,141.28,0.89,-94.24,-0.59,2821.91,2.82,20
248,Entry long,2026-06-04 10:18,sl1|ver=0.1.0|variant=baseline|cfg=ema9_atr14_buf0.1_chase1_win3_tgt1.5_hold20_t935-1500_ent2_loss2_dd2_dirboth_risk100|setup_id=ir:0.1.0:NASDAQ:MU:1:1780582620000:long|bars_to_confirm=1|signal_close=996.465|trigger=996.37|stop=990.57|target_r=1.5|risk_ps=5.895|atr=5.433895|vwap_dist_atr=0.354008|tick=0.01,996.67,16,15946.72,113.12,0.71,0,141.28,0.89,-94.24,-0.59,2821.91,2.82,20
249,Exit short,2026-06-04 10:57,sl1|exit_reason=stop,997.09,18,17852.58,-95.04,-0.53,0,26.28,0.15,-95.04,-0.53,2726.87,2.73,12
249,Entry short,2026-06-04 10:45,sl1|ver=0.1.0|variant=baseline|cfg=ema9_atr14_buf0.1_chase1_win3_tgt1.5_hold20_t935-1500_ent2_loss2_dd2_dirboth_risk100|setup_id=ir:0.1.0:NASDAQ:MU:1:1780584180000:short|bars_to_confirm=2|signal_close=991.633|trigger=992.28|stop=997.08|target_r=1.5|risk_ps=5.447|atr=4.125575|vwap_dist_atr=0.906455|tick=0.01,991.81,18,17852.58,-95.04,-0.53,0,26.28,0.15,-95.04,-0.53,2726.87,2.73,12
250,Exit long,2026-06-05 10:36,sl1|exit_reason=time,945.66,11,10331.75,70.51,0.68,0,73.15,0.71,-97.35,-0.94,2797.38,2.80,20
250,Entry long,2026-06-05 10:16,sl1|ver=0.1.0|variant=baseline|cfg=ema9_atr14_buf0.1_chase1_win3_tgt1.5_hold20_t935-1500_ent2_loss2_dd2_dirboth_risk100|setup_id=ir:0.1.0:NASDAQ:MU:1:1780668840000:long|bars_to_confirm=2|signal_close=939.327|trigger=936.63|stop=930.35|target_r=1.5|risk_ps=8.977|atr=4.674135|vwap_dist_atr=0.970007|tick=0.01,939.25,11,10331.75,70.51,0.68,0,73.15,0.71,-97.35,-0.94,2797.38,2.80,20
251,Exit short,2026-06-05 11:20,sl1|exit_reason=target,929.18,25,23382,152.5,0.65,0,152.5,0.65,-18,-0.08,2949.88,2.95,9
251,Entry short,2026-06-05 11:11,sl1|ver=0.1.0|variant=baseline|cfg=ema9_atr14_buf0.1_chase1_win3_tgt1.5_hold20_t935-1500_ent2_loss2_dd2_dirboth_risk100|setup_id=ir:0.1.0:NASDAQ:MU:1:1780672140000:short|bars_to_confirm=2|signal_close=935.38|trigger=935.88|stop=939.35|target_r=1.5|risk_ps=3.97|atr=3.481128|vwap_dist_atr=0.481203|tick=0.01,935.28,25,23382,152.5,0.65,0,152.5,0.65,-18,-0.08,2949.88,2.95,9
252,Exit short,2026-06-08 09:57,sl1|exit_reason=target,927.02,12,11270.16,145.92,1.29,0,145.92,1.29,-39,-0.35,3095.8,3.10,7
252,Entry short,2026-06-08 09:50,sl1|ver=0.1.0|variant=baseline|cfg=ema9_atr14_buf0.1_chase1_win3_tgt1.5_hold20_t935-1500_ent2_loss2_dd2_dirboth_risk100|setup_id=ir:0.1.0:NASDAQ:MU:1:1780926540000:short|bars_to_confirm=1|signal_close=939|trigger=940.6|stop=947.29|target_r=1.5|risk_ps=8.29|atr=6.107794|vwap_dist_atr=0.564611|tick=0.01,939.18,12,11270.16,145.92,1.29,0,145.92,1.29,-39,-0.35,3095.8,3.10,7
253,Exit long,2026-06-08 10:51,sl1|exit_reason=time,945.24,16,15040.16,83.68,0.56,0,83.84,0.56,-58.4,-0.39,3179.48,3.18,20
253,Entry long,2026-06-08 10:31,sl1|ver=0.1.0|variant=baseline|cfg=ema9_atr14_buf0.1_chase1_win3_tgt1.5_hold20_t935-1500_ent2_loss2_dd2_dirboth_risk100|setup_id=ir:0.1.0:NASDAQ:MU:1:1780929000000:long|bars_to_confirm=1|signal_close=940.112|trigger=938|stop=934.1|target_r=1.5|risk_ps=6.012|atr=4.39899|vwap_dist_atr=0.96747|tick=0.01,940.01,16,15040.16,83.68,0.56,0,83.84,0.56,-58.4,-0.39,3179.48,3.18,20
254,Exit short,2026-06-09 10:10,sl1|exit_reason=target,964.93,12,11721.12,141.96,1.21,0,141.96,1.21,-22.2,-0.19,3321.44,3.32,18
254,Entry short,2026-06-09 09:52,sl1|ver=0.1.0|variant=baseline|cfg=ema9_atr14_buf0.1_chase1_win3_tgt1.5_hold20_t935-1500_ent2_loss2_dd2_dirboth_risk100|setup_id=ir:0.1.0:NASDAQ:MU:1:1781013060000:short|bars_to_confirm=1|signal_close=976.77|trigger=978.43|stop=984.65|target_r=1.5|risk_ps=7.88|atr=4.403258|vwap_dist_atr=0.478931|tick=0.01,976.76,12,11721.12,141.96,1.21,0,141.96,1.21,-22.2,-0.19,3321.44,3.32,18
255,Exit long,2026-06-10 09:59,sl1|exit_reason=time,918.05,6,5491.62,16.68,0.30,0,134.34,2.45,-82.92,-1.51,3338.12,3.34,20
255,Entry long,2026-06-10 09:39,sl1|ver=0.1.0|variant=baseline|cfg=ema9_atr14_buf0.1_chase1_win3_tgt1.5_hold20_t935-1500_ent2_loss2_dd2_dirboth_risk100|setup_id=ir:0.1.0:NASDAQ:MU:1:1781098560000:long|bars_to_confirm=3|signal_close=915.17|trigger=912.9|stop=898.91|target_r=1.5|risk_ps=16.26|atr=5.856996|vwap_dist_atr=0.805619|tick=0.01,915.27,6,5491.62,16.68,0.30,0,134.34,2.45,-82.92,-1.51,3338.12,3.34,20
256,Exit long,2026-06-10 10:24,sl1|exit_reason=target,939.01,9,8312.31,138.78,1.67,0,138.78,1.67,-32.31,-0.39,3476.9,3.48,15
256,Entry long,2026-06-10 10:09,sl1|ver=0.1.0|variant=baseline|cfg=ema9_atr14_buf0.1_chase1_win3_tgt1.5_hold20_t935-1500_ent2_loss2_dd2_dirboth_risk100|setup_id=ir:0.1.0:NASDAQ:MU:1:1781100420000:long|bars_to_confirm=2|signal_close=923.56|trigger=922.89|stop=913.31|target_r=1.5|risk_ps=10.25|atr=5.848692|vwap_dist_atr=0.941831|tick=0.01,923.59,9,8312.31,138.78,1.67,0,138.78,1.67,-32.31,-0.39,3476.9,3.48,15
257,Exit long,2026-06-11 09:53,sl1|exit_reason=target,920.62,11,9969.08,157.74,1.58,0,157.74,1.58,-21.56,-0.22,3634.64,3.63,9
257,Entry long,2026-06-11 09:44,sl1|ver=0.1.0|variant=baseline|cfg=ema9_atr14_buf0.1_chase1_win3_tgt1.5_hold20_t935-1500_ent2_loss2_dd2_dirboth_risk100|setup_id=ir:0.1.0:NASDAQ:MU:1:1781185380000:long|bars_to_confirm=1|signal_close=905.8|trigger=905|stop=896.72|target_r=1.5|risk_ps=9.08|atr=4.825226|vwap_dist_atr=0.376933|tick=0.01,906.28,11,9969.08,157.74,1.58,0,157.74,1.58,-21.56,-0.22,3634.64,3.63,9
258,Exit short,2026-06-11 10:22,sl1|exit_reason=stop,915.29,13,11797.37,-101.4,-0.86,0,1.04,0.01,-101.4,-0.86,3533.24,3.53,2
258,Entry short,2026-06-11 10:20,sl1|ver=0.1.0|variant=baseline|cfg=ema9_atr14_buf0.1_chase1_win3_tgt1.5_hold20_t935-1500_ent2_loss2_dd2_dirboth_risk100|setup_id=ir:0.1.0:NASDAQ:MU:1:1781187540000:short|bars_to_confirm=1|signal_close=907.82|trigger=908.2501|stop=915.28|target_r=1.5|risk_ps=7.46|atr=5.056883|vwap_dist_atr=0.969454|tick=0.01,907.49,13,11797.37,-101.4,-0.86,0,1.04,0.01,-101.4,-0.86,3533.24,3.53,2
259,Exit short,2026-06-12 12:10,sl1|exit_reason=time,989.84,9,8879.58,-28.98,-0.33,0,66.06,0.74,-96.93,-1.09,3504.26,3.50,20
259,Entry short,2026-06-12 11:50,sl1|ver=0.1.0|variant=baseline|cfg=ema9_atr14_buf0.1_chase1_win3_tgt1.5_hold20_t935-1500_ent2_loss2_dd2_dirboth_risk100|setup_id=ir:0.1.0:NASDAQ:MU:1:1781279340000:short|bars_to_confirm=1|signal_close=986.515|trigger=988.24|stop=997.6|target_r=1.5|risk_ps=11.085|atr=4.425009|vwap_dist_atr=0.629669|tick=0.01,986.62,9,8879.58,-28.98,-0.33,0,66.06,0.74,-96.93,-1.09,3504.26,3.50,20
260,Exit long,2026-06-12 12:48,sl1|exit_reason=target,996.64,24,23780.4,138.96,0.58,0,138.96,0.58,-32.16,-0.14,3643.22,3.64,17
260,Entry long,2026-06-12 12:31,sl1|ver=0.1.0|variant=baseline|cfg=ema9_atr14_buf0.1_chase1_win3_tgt1.5_hold20_t935-1500_ent2_loss2_dd2_dirboth_risk100|setup_id=ir:0.1.0:NASDAQ:MU:1:1781281740000:long|bars_to_confirm=2|signal_close=991.015|trigger=990.9799|stop=986.99|target_r=1.5|risk_ps=4.025|atr=3.27001|vwap_dist_atr=0.522746|tick=0.01,990.85,24,23780.4,138.96,0.58,0,138.96,0.58,-32.16,-0.14,3643.22,3.64,17
261,Exit long,2026-06-15 09:59,sl1|exit_reason=stop,1056.08,11,11711.81,-94.93,-0.81,0,69.19,0.59,-94.93,-0.81,3548.29,3.55,8
261,Entry long,2026-06-15 09:51,sl1|ver=0.1.0|variant=baseline|cfg=ema9_atr14_buf0.1_chase1_win3_tgt1.5_hold20_t935-1500_ent2_loss2_dd2_dirboth_risk100|setup_id=ir:0.1.0:NASDAQ:MU:1:1781531340000:long|bars_to_confirm=2|signal_close=1064.71|trigger=1063.847|stop=1056.09|target_r=1.5|risk_ps=8.62|atr=5.061719|vwap_dist_atr=0.567222|tick=0.01,1064.71,11,11711.81,-94.93,-0.81,0,69.19,0.59,-94.93,-0.81,3548.29,3.55,8
262,Exit long,2026-06-15 10:09,sl1|exit_reason=stop,1060.98,20,21314.4,-94.8,-0.44,0,50,0.23,-94.8,-0.44,3453.49,3.45,2
262,Entry long,2026-06-15 10:07,sl1|ver=0.1.0|variant=baseline|cfg=ema9_atr14_buf0.1_chase1_win3_tgt1.5_hold20_t935-1500_ent2_loss2_dd2_dirboth_risk100|setup_id=ir:0.1.0:NASDAQ:MU:1:1781532360000:long|bars_to_confirm=1|signal_close=1065.775|trigger=1065|stop=1060.99|target_r=1.5|risk_ps=4.785|atr=4.662064|vwap_dist_atr=0.783502|tick=0.01,1065.72,20,21314.4,-94.8,-0.44,0,50,0.23,-94.8,-0.44,3453.49,3.45,2
263,Exit short,2026-06-16 10:06,sl1|exit_reason=time,1089.63,7,7654.85,27.44,0.36,0,73.85,0.96,-73.15,-0.96,3480.93,3.48,20
263,Entry short,2026-06-16 09:46,sl1|ver=0.1.0|variant=baseline|cfg=ema9_atr14_buf0.1_chase1_win3_tgt1.5_hold20_t935-1500_ent2_loss2_dd2_dirboth_risk100|setup_id=ir:0.1.0:NASDAQ:MU:1:1781617500000:short|bars_to_confirm=1|signal_close=1093.51|trigger=1094.69|stop=1107.23|target_r=1.5|risk_ps=13.72|atr=6.494053|vwap_dist_atr=0.620228|tick=0.01,1093.55,7,7654.85,27.44,0.36,0,73.85,0.96,-73.15,-0.96,3480.93,3.48,20
264,Exit long,2026-06-17 10:38,sl1|exit_reason=time,1035.55,11,11424.93,-33.88,-0.30,0,62.15,0.54,-80.63,-0.71,3447.05,3.45,20
264,Entry long,2026-06-17 10:18,sl1|ver=0.1.0|variant=baseline|cfg=ema9_atr14_buf0.1_chase1_win3_tgt1.5_hold20_t935-1500_ent2_loss2_dd2_dirboth_risk100|setup_id=ir:0.1.0:NASDAQ:MU:1:1781705820000:long|bars_to_confirm=1|signal_close=1038.8899|trigger=1036.9998|stop=1029.99|target_r=1.5|risk_ps=8.8999|atr=5.610318|vwap_dist_atr=0.66092|tick=0.01,1038.63,11,11424.93,-33.88,-0.30,0,62.15,0.54,-80.63,-0.71,3447.05,3.45,20
265,Exit long,2026-06-17 10:47,sl1|exit_reason=stop,1033.29,16,16635.36,-102.72,-0.62,0,11.84,0.07,-102.72,-0.62,3344.33,3.34,0
265,Entry long,2026-06-17 10:47,sl1|ver=0.1.0|variant=baseline|cfg=ema9_atr14_buf0.1_chase1_win3_tgt1.5_hold20_t935-1500_ent2_loss2_dd2_dirboth_risk100|setup_id=ir:0.1.0:NASDAQ:MU:1:1781707560000:long|bars_to_confirm=1|signal_close=1039.46|trigger=1038|stop=1033.3|target_r=1.5|risk_ps=6.16|atr=4.005514|vwap_dist_atr=0.923777|tick=0.01,1039.71,16,16635.36,-102.72,-0.62,0,11.84,0.07,-102.72,-0.62,3344.33,3.34,0
266,Exit long,2026-06-18 10:07,sl1|exit_reason=time,1112.3,13,14361.36,98.54,0.69,0,125.06,0.87,-83.98,-0.58,3442.87,3.44,20
266,Entry long,2026-06-18 09:47,sl1|ver=0.1.0|variant=baseline|cfg=ema9_atr14_buf0.1_chase1_win3_tgt1.5_hold20_t935-1500_ent2_loss2_dd2_dirboth_risk100|setup_id=ir:0.1.0:NASDAQ:MU:1:1781790360000:long|bars_to_confirm=1|signal_close=1104.913|trigger=1104.64|stop=1097.5|target_r=1.5|risk_ps=7.413|atr=5.601576|vwap_dist_atr=0.159224|tick=0.01,1104.72,13,14361.36,98.54,0.69,0,125.06,0.87,-83.98,-0.58,3442.87,3.44,20
267,Exit long,2026-06-22 10:11,sl1|exit_reason=stop,1185.15,15,17869.5,-92.25,-0.52,0,68.55,0.38,-92.25,-0.52,3350.62,3.35,7
267,Entry long,2026-06-22 10:04,sl1|ver=0.1.0|variant=baseline|cfg=ema9_atr14_buf0.1_chase1_win3_tgt1.5_hold20_t935-1500_ent2_loss2_dd2_dirboth_risk100|setup_id=ir:0.1.0:NASDAQ:MU:1:1782136980000:long|bars_to_confirm=1|signal_close=1191.4699|trigger=1190.07|stop=1185.16|target_r=1.5|risk_ps=6.3099|atr=5.306487|vwap_dist_atr=0.917572|tick=0.01,1191.3,15,17869.5,-92.25,-0.52,0,68.55,0.38,-92.25,-0.52,3350.62,3.35,7
268,Exit long,2026-06-22 10:44,sl1|exit_reason=stop,1178.94,8,9528.08,-96.56,-1.01,0,17.28,0.18,-96.56,-1.01,3254.06,3.25,14
268,Entry long,2026-06-22 10:30,sl1|ver=0.1.0|variant=baseline|cfg=ema9_atr14_buf0.1_chase1_win3_tgt1.5_hold20_t935-1500_ent2_loss2_dd2_dirboth_risk100|setup_id=ir:0.1.0:NASDAQ:MU:1:1782138540000:long|bars_to_confirm=1|signal_close=1190.6301|trigger=1189.87|stop=1178.95|target_r=1.5|risk_ps=11.6801|atr=4.799003|vwap_dist_atr=0.701097|tick=0.01,1191.01,8,9528.08,-96.56,-1.01,0,17.28,0.18,-96.56,-1.01,3254.06,3.25,14
269,Exit short,2026-06-23 09:50,sl1|exit_reason=stop,1078.69,6,6379.14,-93,-1.46,0,6.9,0.11,-93,-1.46,3161.06,3.16,13
269,Entry short,2026-06-23 09:37,sl1|ver=0.1.0|variant=baseline|cfg=ema9_atr14_buf0.1_chase1_win3_tgt1.5_hold20_t935-1500_ent2_loss2_dd2_dirboth_risk100|setup_id=ir:0.1.0:NASDAQ:MU:1:1782221760000:short|bars_to_confirm=1|signal_close=1063.205|trigger=1068.56|stop=1078.68|target_r=1.5|risk_ps=15.475|atr=7.427251|vwap_dist_atr=0.801327|tick=0.01,1063.19,6,6379.14,-93,-1.46,0,6.9,0.11,-93,-1.46,3161.06,3.16,13
270,Exit short,2026-06-23 10:50,sl1|exit_reason=stop,1090.52,17,18444.83,-94.01,-0.51,0,57.8,0.31,-94.01,-0.51,3067.05,3.07,5
270,Entry short,2026-06-23 10:45,sl1|ver=0.1.0|variant=baseline|cfg=ema9_atr14_buf0.1_chase1_win3_tgt1.5_hold20_t935-1500_ent2_loss2_dd2_dirboth_risk100|setup_id=ir:0.1.0:NASDAQ:MU:1:1782225840000:short|bars_to_confirm=1|signal_close=1084.645|trigger=1086.299|stop=1090.51|target_r=1.5|risk_ps=5.865|atr=5.057153|vwap_dist_atr=0.631263|tick=0.01,1084.99,17,18444.83,-94.01,-0.51,0,57.8,0.31,-94.01,-0.51,3067.05,3.07,5
271,Exit long,2026-06-24 09:58,sl1|exit_reason=stop,1044.85,6,6366.12,-97.02,-1.52,0,5.88,0.09,-97.02,-1.52,2970.03,2.97,6
271,Entry long,2026-06-24 09:52,sl1|ver=0.1.0|variant=baseline|cfg=ema9_atr14_buf0.1_chase1_win3_tgt1.5_hold20_t935-1500_ent2_loss2_dd2_dirboth_risk100|setup_id=ir:0.1.0:NASDAQ:MU:1:1782309060000:long|bars_to_confirm=1|signal_close=1060.945|trigger=1058.98|stop=1044.86|target_r=1.5|risk_ps=16.085|atr=7.791901|vwap_dist_atr=0.780626|tick=0.01,1061.02,6,6366.12,-97.02,-1.52,0,5.88,0.09,-97.02,-1.52,2970.03,2.97,6
272,Exit short,2026-06-24 10:46,sl1|exit_reason=stop,1054.26,16,16774.24,-93.92,-0.56,0,18.24,0.11,-93.92,-0.56,2876.11,2.88,3
272,Entry short,2026-06-24 10:43,sl1|ver=0.1.0|variant=baseline|cfg=ema9_atr14_buf0.1_chase1_win3_tgt1.5_hold20_t935-1500_ent2_loss2_dd2_dirboth_risk100|setup_id=ir:0.1.0:NASDAQ:MU:1:1782312120000:short|bars_to_confirm=1|signal_close=1048.185|trigger=1049.5002|stop=1054.25|target_r=1.5|risk_ps=6.065|atr=4.62543|vwap_dist_atr=0.692345|tick=0.01,1048.39,16,16774.24,-93.92,-0.56,0,18.24,0.11,-93.92,-0.56,2876.11,2.88,3
273,Exit short,2026-06-25 09:46,sl1|exit_reason=target,1204.64,5,6163,139.8,2.27,0,139.8,2.27,-7,-0.11,3015.91,3.02,4
273,Entry short,2026-06-25 09:42,sl1|ver=0.1.0|variant=baseline|cfg=ema9_atr14_buf0.1_chase1_win3_tgt1.5_hold20_t935-1500_ent2_loss2_dd2_dirboth_risk100|setup_id=ir:0.1.0:NASDAQ:MU:1:1782394860000:short|bars_to_confirm=1|signal_close=1232.605|trigger=1235|stop=1251.24|target_r=1.5|risk_ps=18.635|atr=8.287187|vwap_dist_atr=0.731923|tick=0.01,1232.6,5,6163,139.8,2.27,0,139.8,2.27,-7,-0.11,3015.91,3.02,4
274,Exit long,2026-06-25 11:09,sl1|exit_reason=stop,1183.5,13,15479.75,-94.25,-0.61,0,14.69,0.09,-94.25,-0.61,2921.66,2.92,2
274,Entry long,2026-06-25 11:07,sl1|ver=0.1.0|variant=baseline|cfg=ema9_atr14_buf0.1_chase1_win3_tgt1.5_hold20_t935-1500_ent2_loss2_dd2_dirboth_risk100|setup_id=ir:0.1.0:NASDAQ:MU:1:1782399900000:long|bars_to_confirm=2|signal_close=1190.78|trigger=1189.5|stop=1183.51|target_r=1.5|risk_ps=7.27|atr=6.343264|vwap_dist_atr=0.684077|tick=0.01,1190.75,13,15479.75,-94.25,-0.61,0,14.69,0.09,-94.25,-0.61,2921.66,2.92,2
275,Exit long,2026-06-26 09:48,sl1|exit_reason=stop,1136.59,7,8045.87,-89.74,-1.12,0,4.13,0.05,-89.74,-1.12,2831.92,2.83,0
275,Entry long,2026-06-26 09:48,sl1|ver=0.1.0|variant=baseline|cfg=ema9_atr14_buf0.1_chase1_win3_tgt1.5_hold20_t935-1500_ent2_loss2_dd2_dirboth_risk100|setup_id=ir:0.1.0:NASDAQ:MU:1:1782481620000:long|bars_to_confirm=1|signal_close=1149.2101|trigger=1148.83|stop=1136.6|target_r=1.5|risk_ps=12.6101|atr=7.970631|vwap_dist_atr=0.852984|tick=0.01,1149.41,7,8045.87,-89.74,-1.12,0,4.13,0.05,-89.74,-1.12,2831.92,2.83,0
276,Exit long,2026-06-26 09:58,sl1|exit_reason=target,1170.11,6,6890.76,129.9,1.89,0,129.9,1.89,-22.38,-0.32,2961.82,2.96,3
276,Entry long,2026-06-26 09:55,sl1|ver=0.1.0|variant=baseline|cfg=ema9_atr14_buf0.1_chase1_win3_tgt1.5_hold20_t935-1500_ent2_loss2_dd2_dirboth_risk100|setup_id=ir:0.1.0:NASDAQ:MU:1:1782482040000:long|bars_to_confirm=1|signal_close=1148.87|trigger=1145.55|stop=1134.03|target_r=1.5|risk_ps=14.84|atr=8.89162|vwap_dist_atr=0.804639|tick=0.01,1148.46,6,6890.76,129.9,1.89,0,129.9,1.89,-22.38,-0.32,2961.82,2.96,3
277,Exit long,2026-06-30 10:07,sl1|exit_reason=stop,1138.42,12,13757.52,-96.48,-0.70,0,108.48,0.79,-96.48,-0.70,2865.34,2.87,12
277,Entry long,2026-06-30 09:55,sl1|ver=0.1.0|variant=baseline|cfg=ema9_atr14_buf0.1_chase1_win3_tgt1.5_hold20_t935-1500_ent2_loss2_dd2_dirboth_risk100|setup_id=ir:0.1.0:NASDAQ:MU:1:1782827580000:long|bars_to_confirm=2|signal_close=1146.35|trigger=1144.84|stop=1138.43|target_r=1.5|risk_ps=7.92|atr=6.692202|vwap_dist_atr=0.626581|tick=0.01,1146.46,12,13757.52,-96.48,-0.70,0,108.48,0.79,-96.48,-0.70,2865.34,2.87,12
278,Exit long,2026-06-30 10:41,sl1|exit_reason=time,1148.92,13,14939.34,-3.38,-0.02,0,92.82,0.62,-49.4,-0.33,2861.96,2.86,20
278,Entry long,2026-06-30 10:21,sl1|ver=0.1.0|variant=baseline|cfg=ema9_atr14_buf0.1_chase1_win3_tgt1.5_hold20_t935-1500_ent2_loss2_dd2_dirboth_risk100|setup_id=ir:0.1.0:NASDAQ:MU:1:1782829080000:long|bars_to_confirm=3|signal_close=1149.12|trigger=1148.49|stop=1141.55|target_r=1.5|risk_ps=7.57|atr=5.607848|vwap_dist_atr=0.909696|tick=0.01,1149.18,13,14939.34,-3.38,-0.02,0,92.82,0.62,-49.4,-0.33,2861.96,2.86,20
279,Exit short,2026-07-01 10:19,sl1|exit_reason=time,1084.32,7,7525.42,-64.82,-0.86,0,21.42,0.28,-88.83,-1.18,2797.14,2.80,20
279,Entry short,2026-07-01 09:59,sl1|ver=0.1.0|variant=baseline|cfg=ema9_atr14_buf0.1_chase1_win3_tgt1.5_hold20_t935-1500_ent2_loss2_dd2_dirboth_risk100|setup_id=ir:0.1.0:NASDAQ:MU:1:1782914220000:short|bars_to_confirm=2|signal_close=1075.27|trigger=1079.18|stop=1088.14|target_r=1.5|risk_ps=12.87|atr=6.428335|vwap_dist_atr=0.806347|tick=0.01,1075.06,7,7525.42,-64.82,-0.86,0,21.42,0.28,-88.83,-1.18,2797.14,2.80,20
280,Exit short,2026-07-01 10:28,sl1|exit_reason=target,1074.24,31,33448.38,146.94,0.44,0,146.94,0.44,-79.05,-0.24,2944.08,2.94,4
280,Entry short,2026-07-01 10:24,sl1|ver=0.1.0|variant=baseline|cfg=ema9_atr14_buf0.1_chase1_win3_tgt1.5_hold20_t935-1500_ent2_loss2_dd2_dirboth_risk100|setup_id=ir:0.1.0:NASDAQ:MU:1:1782915780000:short|bars_to_confirm=1|signal_close=1078.995|trigger=1079.1|stop=1082.14|target_r=1.5|risk_ps=3.145|atr=4.52607|vwap_dist_atr=0.295485|tick=0.01,1078.98,31,33448.38,146.94,0.44,0,146.94,0.44,-79.05,-0.24,2944.08,2.94,4
281,Exit long,2026-07-06 10:13,sl1|exit_reason=target,1013.01,12,12021.48,134.64,1.12,0,134.64,1.12,-15.24,-0.13,3078.72,3.08,5
281,Entry long,2026-07-06 10:08,sl1|ver=0.1.0|variant=baseline|cfg=ema9_atr14_buf0.1_chase1_win3_tgt1.5_hold20_t935-1500_ent2_loss2_dd2_dirboth_risk100|setup_id=ir:0.1.0:NASDAQ:MU:1:1783346820000:long|bars_to_confirm=1|signal_close=1002.035|trigger=1001.569|stop=994.31|target_r=1.5|risk_ps=7.725|atr=4.838738|vwap_dist_atr=0.432025|tick=0.01,1001.79,12,12021.48,134.64,1.12,0,134.64,1.12,-15.24,-0.13,3078.72,3.08,5
282,Exit short,2026-07-06 11:41,sl1|exit_reason=stop,1007.18,22,22060.06,-97.9,-0.44,0,0,0.00,-97.9,-0.44,2980.82,2.98,5
282,Entry short,2026-07-06 11:36,sl1|ver=0.1.0|variant=baseline|cfg=ema9_atr14_buf0.1_chase1_win3_tgt1.5_hold20_t935-1500_ent2_loss2_dd2_dirboth_risk100|setup_id=ir:0.1.0:NASDAQ:MU:1:1783352100000:short|bars_to_confirm=1|signal_close=1002.735|trigger=1003.61|stop=1007.17|target_r=1.5|risk_ps=4.435|atr=2.546593|vwap_dist_atr=0.696988|tick=0.01,1002.73,22,22060.06,-97.9,-0.44,0,0,0.00,-97.9,-0.44,2980.82,2.98,5
283,Exit long,2026-07-07 09:53,sl1|exit_reason=stop,916.46,10,9256.2,-91.6,-0.99,0,98.9,1.07,-91.6,-0.99,2889.22,2.89,13
283,Entry long,2026-07-07 09:40,sl1|ver=0.1.0|variant=baseline|cfg=ema9_atr14_buf0.1_chase1_win3_tgt1.5_hold20_t935-1500_ent2_loss2_dd2_dirboth_risk100|setup_id=ir:0.1.0:NASDAQ:MU:1:1783431420000:long|bars_to_confirm=3|signal_close=925.615|trigger=924.75|stop=916.47|target_r=1.5|risk_ps=9.145|atr=5.293152|vwap_dist_atr=0.791412|tick=0.01,925.62,10,9256.2,-91.6,-0.99,0,98.9,1.07,-91.6,-0.99,2889.22,2.89,13
284,Exit long,2026-07-07 10:10,sl1|exit_reason=stop,915.75,14,12914.16,-93.66,-0.73,0,49.84,0.39,-93.66,-0.73,2795.56,2.80,8
284,Entry long,2026-07-07 10:02,sl1|ver=0.1.0|variant=baseline|cfg=ema9_atr14_buf0.1_chase1_win3_tgt1.5_hold20_t935-1500_ent2_loss2_dd2_dirboth_risk100|setup_id=ir:0.1.0:NASDAQ:MU:1:1783432860000:long|bars_to_confirm=1|signal_close=922.79|trigger=922.34|stop=915.76|target_r=1.5|risk_ps=7.03|atr=5.210998|vwap_dist_atr=0.250633|tick=0.01,922.44,14,12914.16,-93.66,-0.73,0,49.84,0.39,-93.66,-0.73,2795.56,2.80,8
285,Exit short,2026-07-08 10:13,sl1|exit_reason=stop,944.28,16,15004.8,-103.68,-0.69,0,2.08,0.01,-103.68,-0.69,2691.88,2.69,0
285,Entry short,2026-07-08 10:13,sl1|ver=0.1.0|variant=baseline|cfg=ema9_atr14_buf0.1_chase1_win3_tgt1.5_hold20_t935-1500_ent2_loss2_dd2_dirboth_risk100|setup_id=ir:0.1.0:NASDAQ:MU:1:1783519920000:short|bars_to_confirm=1|signal_close=938.125|trigger=940.25|stop=944.27|target_r=1.5|risk_ps=6.145|atr=4.67816|vwap_dist_atr=0.882983|tick=0.01,937.8,16,15004.8,-103.68,-0.69,0,2.08,0.01,-103.68,-0.69,2691.88,2.69,0
286,Exit short,2026-07-08 10:43,sl1|exit_reason=target,934.19,20,18821.2,137.4,0.73,0,137.4,0.73,-25.4,-0.13,2829.28,2.83,2
286,Entry short,2026-07-08 10:41,sl1|ver=0.1.0|variant=baseline|cfg=ema9_atr14_buf0.1_chase1_win3_tgt1.5_hold20_t935-1500_ent2_loss2_dd2_dirboth_risk100|setup_id=ir:0.1.0:NASDAQ:MU:1:1783521600000:short|bars_to_confirm=1|signal_close=940.87|trigger=942.01|stop=945.64|target_r=1.5|risk_ps=4.77|atr=4.531923|vwap_dist_atr=0.506908|tick=0.01,941.06,20,18821.2,137.4,0.73,0,137.4,0.73,-25.4,-0.13,2829.28,2.83,2
287,Exit short,2026-07-09 11:06,sl1|exit_reason=stop,1020.06,20,20298.2,-103,-0.51,0,94.2,0.46,-103,-0.51,2726.28,2.73,14
287,Entry short,2026-07-09 10:52,sl1|ver=0.1.0|variant=baseline|cfg=ema9_atr14_buf0.1_chase1_win3_tgt1.5_hold20_t935-1500_ent2_loss2_dd2_dirboth_risk100|setup_id=ir:0.1.0:NASDAQ:MU:1:1783608660000:short|bars_to_confirm=1|signal_close=1015.07|trigger=1015.28|stop=1020.05|target_r=1.5|risk_ps=4.98|atr=3.850378|vwap_dist_atr=0.94775|tick=0.01,1014.91,20,20298.2,-103,-0.51,0,94.2,0.46,-103,-0.51,2726.28,2.73,14
288,Exit long,2026-07-09 12:22,sl1|exit_reason=stop,1017.1,31,31638.6,-108.5,-0.34,0,38.75,0.12,-108.5,-0.34,2617.78,2.62,15
288,Entry long,2026-07-09 12:07,sl1|ver=0.1.0|variant=baseline|cfg=ema9_atr14_buf0.1_chase1_win3_tgt1.5_hold20_t935-1500_ent2_loss2_dd2_dirboth_risk100|setup_id=ir:0.1.0:NASDAQ:MU:1:1783613160000:long|bars_to_confirm=1|signal_close=1020.27|trigger=1020|stop=1017.11|target_r=1.5|risk_ps=3.16|atr=2.016264|vwap_dist_atr=0.836948|tick=0.01,1020.6,31,31638.6,-108.5,-0.34,0,38.75,0.12,-108.5,-0.34,2617.78,2.62,15
289,Exit long,2026-07-10 11:06,sl1|exit_reason=stop,969.75,26,25312.82,-99.32,-0.39,0,15.86,0.06,-99.32,-0.39,2518.46,2.52,1
289,Entry long,2026-07-10 11:05,sl1|ver=0.1.0|variant=baseline|cfg=ema9_atr14_buf0.1_chase1_win3_tgt1.5_hold20_t935-1500_ent2_loss2_dd2_dirboth_risk100|setup_id=ir:0.1.0:NASDAQ:MU:1:1783695840000:long|bars_to_confirm=1|signal_close=973.56|trigger=972.7218|stop=969.76|target_r=1.5|risk_ps=3.8|atr=3.085937|vwap_dist_atr=0.503895|tick=0.01,973.57,26,25312.82,-99.32,-0.39,0,15.86,0.06,-99.32,-0.39,2518.46,2.52,1
290,Exit short,2026-07-13 12:51,sl1|exit_reason=stop,928.2,28,25895.52,-94.08,-0.36,0,1.4,0.01,-94.08,-0.36,2424.38,2.42,0
290,Entry short,2026-07-13 12:51,sl1|ver=0.1.0|variant=baseline|cfg=ema9_atr14_buf0.1_chase1_win3_tgt1.5_hold20_t935-1500_ent2_loss2_dd2_dirboth_risk100|setup_id=ir:0.1.0:NASDAQ:MU:1:1783961400000:short|bars_to_confirm=1|signal_close=924.72|trigger=925.22|stop=928.19|target_r=1.5|risk_ps=3.47|atr=2.501762|vwap_dist_atr=0.925879|tick=0.01,924.84,28,25895.52,-94.08,-0.36,0,1.4,0.01,-94.08,-0.36,2424.38,2.42,0
291,Exit short,2026-07-13 14:15,sl1|exit_reason=stop,928.67,41,37979.94,-95.53,-0.25,0,68.06,0.18,-95.53,-0.25,2328.85,2.33,3
291,Entry short,2026-07-13 14:12,sl1|ver=0.1.0|variant=baseline|cfg=ema9_atr14_buf0.1_chase1_win3_tgt1.5_hold20_t935-1500_ent2_loss2_dd2_dirboth_risk100|setup_id=ir:0.1.0:NASDAQ:MU:1:1783966260000:short|bars_to_confirm=1|signal_close=926.2352|trigger=927.02|stop=928.66|target_r=1.5|risk_ps=2.4248|atr=1.755868|vwap_dist_atr=0.735056|tick=0.01,926.34,41,37979.94,-95.53,-0.25,0,68.06,0.18,-95.53,-0.25,2328.85,2.33,3
292,Exit long,2026-07-14 11:20,sl1|exit_reason=target,978.62,24,23346,140.88,0.60,0,140.88,0.60,-27.84,-0.12,2469.73,2.47,10
292,Entry long,2026-07-14 11:10,sl1|ver=0.1.0|variant=baseline|cfg=ema9_atr14_buf0.1_chase1_win3_tgt1.5_hold20_t935-1500_ent2_loss2_dd2_dirboth_risk100|setup_id=ir:0.1.0:NASDAQ:MU:1:1784041740000:long|bars_to_confirm=1|signal_close=972.86|trigger=970.9998|stop=968.84|target_r=1.5|risk_ps=4.02|atr=2.828515|vwap_dist_atr=0.901886|tick=0.01,972.75,24,23346,140.88,0.60,0,140.88,0.60,-27.84,-0.12,2469.73,2.47,10
293,Exit short,2026-07-15 14:15,sl1|exit_reason=target,905.95,35,31872.4,164.15,0.52,0,164.15,0.52,-19.95,-0.06,2633.88,2.63,1
293,Entry short,2026-07-15 14:14,sl1|ver=0.1.0|variant=baseline|cfg=ema9_atr14_buf0.1_chase1_win3_tgt1.5_hold20_t935-1500_ent2_loss2_dd2_dirboth_risk100|setup_id=ir:0.1.0:NASDAQ:MU:1:1784139180000:short|bars_to_confirm=1|signal_close=910.968|trigger=911.19005|stop=913.77|target_r=1.5|risk_ps=2.802|atr=2.436556|vwap_dist_atr=0.485005|tick=0.01,910.64,35,31872.4,164.15,0.52,0,164.15,0.52,-19.95,-0.06,2633.88,2.63,1
294,Exit long,2026-07-15 14:35,sl1|exit_reason=stop,910.56,28,25592,-96.32,-0.38,0,42,0.16,-96.32,-0.38,2537.56,2.54,11
294,Entry long,2026-07-15 14:24,sl1|ver=0.1.0|variant=baseline|cfg=ema9_atr14_buf0.1_chase1_win3_tgt1.5_hold20_t935-1500_ent2_loss2_dd2_dirboth_risk100|setup_id=ir:0.1.0:NASDAQ:MU:1:1784139720000:long|bars_to_confirm=2|signal_close=914.02|trigger=912.73|stop=910.57|target_r=1.5|risk_ps=3.45|atr=2.395327|vwap_dist_atr=0.812955|tick=0.01,914,28,25592,-96.32,-0.38,0,42,0.16,-96.32,-0.38,2537.56,2.54,11
295,Exit short,2026-07-16 09:48,sl1|exit_reason=target,854.1,8,6971.6,138.8,1.99,0,138.8,1.99,-54.64,-0.78,2676.36,2.68,8
295,Entry short,2026-07-16 09:40,sl1|ver=0.1.0|variant=baseline|cfg=ema9_atr14_buf0.1_chase1_win3_tgt1.5_hold20_t935-1500_ent2_loss2_dd2_dirboth_risk100|setup_id=ir:0.1.0:NASDAQ:MU:1:1784209140000:short|bars_to_confirm=1|signal_close=871.5892|trigger=872|stop=883.02|target_r=1.5|risk_ps=11.4308|atr=5.649223|vwap_dist_atr=0.938904|tick=0.01,871.45,8,6971.6,138.8,1.99,0,138.8,1.99,-54.64,-0.78,2676.36,2.68,8
296,Exit long,2026-07-16 10:24,sl1|exit_reason=time,868.69,12,10470.36,-46.08,-0.44,0,88.44,0.84,-76.8,-0.73,2630.28,2.63,20
296,Entry long,2026-07-16 10:04,sl1|ver=0.1.0|variant=baseline|cfg=ema9_atr14_buf0.1_chase1_win3_tgt1.5_hold20_t935-1500_ent2_loss2_dd2_dirboth_risk100|setup_id=ir:0.1.0:NASDAQ:MU:1:1784210460000:long|bars_to_confirm=3|signal_close=872.69|trigger=872.45|stop=864.45|target_r=1.5|risk_ps=8.24|atr=5.217531|vwap_dist_atr=0.741125|tick=0.01,872.53,12,10470.36,-46.08,-0.44,0,88.44,0.84,-76.8,-0.73,2630.28,2.63,20
297,Exit long,2026-07-17 09:53,sl1|exit_reason=target,834.16,12,9870.36,139.56,1.41,0,139.56,1.41,-32.28,-0.33,2769.84,2.77,3
297,Entry long,2026-07-17 09:50,sl1|ver=0.1.0|variant=baseline|cfg=ema9_atr14_buf0.1_chase1_win3_tgt1.5_hold20_t935-1500_ent2_loss2_dd2_dirboth_risk100|setup_id=ir:0.1.0:NASDAQ:MU:1:1784296140000:long|bars_to_confirm=1|signal_close=822.52|trigger=822.5|stop=814.78|target_r=1.5|risk_ps=7.74|atr=5.647515|vwap_dist_atr=0.749807|tick=0.01,822.53,12,9870.36,139.56,1.41,0,139.56,1.41,-32.28,-0.33,2769.84,2.77,3
298,Exit long,2026-07-20 11:43,sl1|exit_reason=time,883.1,19,16803.79,-24.89,-0.15,0,64.98,0.39,-92.72,-0.55,2744.95,2.74,20
298,Entry long,2026-07-20 11:23,sl1|ver=0.1.0|variant=baseline|cfg=ema9_atr14_buf0.1_chase1_win3_tgt1.5_hold20_t935-1500_ent2_loss2_dd2_dirboth_risk100|setup_id=ir:0.1.0:NASDAQ:MU:1:1784560860000:long|bars_to_confirm=2|signal_close=884.39|trigger=883.5|stop=879.27|target_r=1.5|risk_ps=5.12|atr=2.775296|vwap_dist_atr=0.804663|tick=0.01,884.41,19,16803.79,-24.89,-0.15,0,64.98,0.39,-92.72,-0.55,2744.95,2.74,20
299,Exit long,2026-07-20 11:57,sl1|exit_reason=target,892.68,20,17698.4,155.2,0.88,0,155.2,0.88,-74.4,-0.42,2900.15,2.90,10
299,Entry long,2026-07-20 11:47,sl1|ver=0.1.0|variant=baseline|cfg=ema9_atr14_buf0.1_chase1_win3_tgt1.5_hold20_t935-1500_ent2_loss2_dd2_dirboth_risk100|setup_id=ir:0.1.0:NASDAQ:MU:1:1784562300000:long|bars_to_confirm=2|signal_close=884.72|trigger=883.75|stop=879.75|target_r=1.5|risk_ps=4.97|atr=2.506315|vwap_dist_atr=0.932214|tick=0.01,884.92,20,17698.4,155.2,0.88,0,155.2,0.88,-74.4,-0.42,2900.15,2.90,10
300,Exit long,2026-07-21 09:55,sl1|exit_reason=stop,931.91,14,13145.86,-99.12,-0.75,0,18.48,0.14,-99.12,-0.75,2801.03,2.80,4
300,Entry long,2026-07-21 09:51,sl1|ver=0.1.0|variant=baseline|cfg=ema9_atr14_buf0.1_chase1_win3_tgt1.5_hold20_t935-1500_ent2_loss2_dd2_dirboth_risk100|setup_id=ir:0.1.0:NASDAQ:MU:1:1784641800000:long|bars_to_confirm=1|signal_close=938.71|trigger=936.6|stop=931.92|target_r=1.5|risk_ps=6.79|atr=4.114273|vwap_dist_atr=0.993768|tick=0.01,938.99,14,13145.86,-99.12,-0.75,0,18.48,0.14,-99.12,-0.75,2801.03,2.80,4
301,Exit long,2026-07-23 11:01,sl1|exit_reason=stop,985.59,13,12909.91,-97.24,-0.75,0,12.87,0.10,-97.24,-0.75,2703.79,2.70,3
301,Entry long,2026-07-23 10:58,sl1|ver=0.1.0|variant=baseline|cfg=ema9_atr14_buf0.1_chase1_win3_tgt1.5_hold20_t935-1500_ent2_loss2_dd2_dirboth_risk100|setup_id=ir:0.1.0:NASDAQ:MU:1:1784818620000:long|bars_to_confirm=1|signal_close=993.03|trigger=990.74|stop=985.6|target_r=1.5|risk_ps=7.43|atr=4.100695|vwap_dist_atr=0.968681|tick=0.01,993.07,13,12909.91,-97.24,-0.75,0,12.87,0.10,-97.24,-0.75,2703.79,2.70,3
302,Exit short,2026-07-23 11:08,sl1|exit_reason=stop,989.91,33,32567.04,-99.99,-0.31,0,36.63,0.11,-99.99,-0.31,2603.8,2.60,1
302,Entry short,2026-07-23 11:07,sl1|ver=0.1.0|variant=baseline|cfg=ema9_atr14_buf0.1_chase1_win3_tgt1.5_hold20_t935-1500_ent2_loss2_dd2_dirboth_risk100|setup_id=ir:0.1.0:NASDAQ:MU:1:1784819100000:short|bars_to_confirm=2|signal_close=986.885|trigger=987.53|stop=989.9|target_r=1.5|risk_ps=3.015|atr=3.528078|vwap_dist_atr=0.607108|tick=0.01,986.88,33,32567.04,-99.99,-0.31,0,36.63,0.11,-99.99,-0.31,2603.8,2.60,1
303,Exit short,2026-07-24 11:50,sl1|exit_reason=time,939.85,15,14009.85,-87.9,-0.63,0,21.45,0.15,-103.65,-0.74,2515.9,2.52,20
303,Entry short,2026-07-24 11:30,sl1|ver=0.1.0|variant=baseline|cfg=ema9_atr14_buf0.1_chase1_win3_tgt1.5_hold20_t935-1500_ent2_loss2_dd2_dirboth_risk100|setup_id=ir:0.1.0:NASDAQ:MU:1:1784906940000:short|bars_to_confirm=1|signal_close=934.5|trigger=937|stop=941.09|target_r=1.5|risk_ps=6.59|atr=3.467099|vwap_dist_atr=0.877913|tick=0.01,933.99,15,14009.85,-87.9,-0.63,0,21.45,0.15,-103.65,-0.74,2515.9,2.52,20
304,Exit short,2026-07-24 12:55,sl1|exit_reason=target,932.98,39,36538.71,152.49,0.42,0,152.49,0.42,-4.29,-0.01,2668.39,2.67,7
304,Entry short,2026-07-24 12:48,sl1|ver=0.1.0|variant=baseline|cfg=ema9_atr14_buf0.1_chase1_win3_tgt1.5_hold20_t935-1500_ent2_loss2_dd2_dirboth_risk100|setup_id=ir:0.1.0:NASDAQ:MU:1:1784911620000:short|bars_to_confirm=1|signal_close=936.9847|trigger=937.27|stop=939.5|target_r=1.5|risk_ps=2.5153|atr=2.0866|vwap_dist_atr=0.765913|tick=0.01,936.89,39,36538.71,152.49,0.42,0,152.49,0.42,-4.29,-0.01,2668.39,2.67,7
305,Exit short,2026-07-27 09:50,sl1|exit_reason=stop,926.02,14,12864.74,-99.54,-0.77,0,14.42,0.11,-99.54,-0.77,2568.85,2.57,1
305,Entry short,2026-07-27 09:49,sl1|ver=0.1.0|variant=baseline|cfg=ema9_atr14_buf0.1_chase1_win3_tgt1.5_hold20_t935-1500_ent2_loss2_dd2_dirboth_risk100|setup_id=ir:0.1.0:NASDAQ:MU:1:1785160080000:short|bars_to_confirm=1|signal_close=919.165|trigger=920.53|stop=926.01|target_r=1.5|risk_ps=6.845|atr=5.062991|vwap_dist_atr=0.748106|tick=0.01,918.91,14,12864.74,-99.54,-0.77,0,14.42,0.11,-99.54,-0.77,2568.85,2.57,1
306,Exit long,2026-07-27 14:47,sl1|exit_reason=stop,880.58,30,26517.3,-99.9,-0.38,0,45.6,0.17,-99.9,-0.38,2468.95,2.47,2
306,Entry long,2026-07-27 14:45,sl1|ver=0.1.0|variant=baseline|cfg=ema9_atr14_buf0.1_chase1_win3_tgt1.5_hold20_t935-1500_ent2_loss2_dd2_dirboth_risk100|setup_id=ir:0.1.0:NASDAQ:MU:1:1785177840000:long|bars_to_confirm=1|signal_close=883.9|trigger=883.85|stop=880.59|target_r=1.5|risk_ps=3.31|atr=2.151631|vwap_dist_atr=0.403911|tick=0.01,883.91,30,26517.3,-99.9,-0.38,0,45.6,0.17,-99.9,-0.38,2468.95,2.47,2
307,Exit short,2026-07-28 11:10,sl1|exit_reason=stop,816.51,18,14601.42,-95.76,-0.66,0,14.58,0.10,-95.76,-0.66,2373.19,2.37,2
307,Entry short,2026-07-28 11:08,sl1|ver=0.1.0|variant=baseline|cfg=ema9_atr14_buf0.1_chase1_win3_tgt1.5_hold20_t935-1500_ent2_loss2_dd2_dirboth_risk100|setup_id=ir:0.1.0:NASDAQ:MU:1:1785251100000:short|bars_to_confirm=3|signal_close=811.2|trigger=812.1|stop=816.5|target_r=1.5|risk_ps=5.3|atr=3.700471|vwap_dist_atr=0.530465|tick=0.01,811.19,18,14601.42,-95.76,-0.66,0,14.58,0.10,-95.76,-0.66,2373.19,2.37,2
308,Exit short,2026-07-28 11:20,sl1|exit_reason=stop,815.75,18,14589,-94.5,-0.65,0,9,0.06,-94.5,-0.65,2278.69,2.28,3
308,Entry short,2026-07-28 11:17,sl1|ver=0.1.0|variant=baseline|cfg=ema9_atr14_buf0.1_chase1_win3_tgt1.5_hold20_t935-1500_ent2_loss2_dd2_dirboth_risk100|setup_id=ir:0.1.0:NASDAQ:MU:1:1785251700000:short|bars_to_confirm=2|signal_close=810.41|trigger=811.47|stop=815.74|target_r=1.5|risk_ps=5.33|atr=3.500552|vwap_dist_atr=0.778068|tick=0.01,810.5,18,14589,-94.5,-0.65,0,9,0.06,-94.5,-0.65,2278.69,2.28,3
309,Exit short,2026-08-03 09:57,sl1|exit_reason=stop,791.41,6,4665.72,-82.74,-1.77,0,14.34,0.31,-82.74,-1.77,2195.95,2.20,14
309,Entry short,2026-08-03 09:43,sl1|ver=0.1.0|variant=baseline|cfg=ema9_atr14_buf0.1_chase1_win3_tgt1.5_hold20_t935-1500_ent2_loss2_dd2_dirboth_risk100|setup_id=ir:0.1.0:NASDAQ:MU:1:1785764460000:short|bars_to_confirm=2|signal_close=777.065|trigger=777.88|stop=791.4|target_r=1.5|risk_ps=14.335|atr=6.04835|vwap_dist_atr=0.604013|tick=0.01,777.62,6,4665.72,-82.74,-1.77,0,14.34,0.31,-82.74,-1.77,2195.95,2.20,14
310,Exit short,2026-08-04 09:41,sl1|exit_reason=stop,873.87,15,13011.6,-96.45,-0.74,0,55.95,0.43,-96.45,-0.74,2099.5,2.10,3
310,Entry short,2026-08-04 09:38,sl1|ver=0.1.0|variant=baseline|cfg=ema9_atr14_buf0.1_chase1_win3_tgt1.5_hold20_t935-1500_ent2_loss2_dd2_dirboth_risk100|setup_id=ir:0.1.0:NASDAQ:MU:1:1785850620000:short|bars_to_confirm=1|signal_close=867.5|trigger=868.31|stop=873.86|target_r=1.5|risk_ps=6.36|atr=4.338155|vwap_dist_atr=0.300162|tick=0.01,867.44,15,13011.6,-96.45,-0.74,0,55.95,0.43,-96.45,-0.74,2099.5,2.10,3
311,Exit long,2026-08-05 10:52,sl1|exit_reason=stop,907.08,18,16421.22,-93.78,-0.57,0,45.9,0.28,-93.78,-0.57,2005.72,2.01,3
311,Entry long,2026-08-05 10:49,sl1|ver=0.1.0|variant=baseline|cfg=ema9_atr14_buf0.1_chase1_win3_tgt1.5_hold20_t935-1500_ent2_loss2_dd2_dirboth_risk100|setup_id=ir:0.1.0:NASDAQ:MU:1:1785941280000:long|bars_to_confirm=1|signal_close=912.5899|trigger=911.52|stop=907.09|target_r=1.5|risk_ps=5.4999|atr=4.214137|vwap_dist_atr=0.650396|tick=0.01,912.29,18,16421.22,-93.78,-0.57,0,45.9,0.28,-93.78,-0.57,2005.72,2.01,3
312,Exit short,2026-08-07 12:30,sl1|exit_reason=target,862.49,25,21712.5,150.25,0.69,0,150.25,0.69,-31.5,-0.15,2155.97,2.16,5
312,Entry short,2026-08-07 12:25,sl1|ver=0.1.0|variant=baseline|cfg=ema9_atr14_buf0.1_chase1_win3_tgt1.5_hold20_t935-1500_ent2_loss2_dd2_dirboth_risk100|setup_id=ir:0.1.0:NASDAQ:MU:1:1786119840000:short|bars_to_confirm=1|signal_close=868.55|trigger=869.09|stop=872.51|target_r=1.5|risk_ps=3.96|atr=1.93449|vwap_dist_atr=0.656118|tick=0.01,868.5,25,21712.5,150.25,0.69,0,150.25,0.69,-31.5,-0.15,2155.97,2.16,5
313,Exit long,2026-08-07 14:58,sl1|exit_reason=target,872.8,64,55715.84,143.36,0.26,0,143.36,0.26,-19.2,-0.03,2299.33,2.30,8
313,Entry long,2026-08-07 14:50,sl1|ver=0.1.0|variant=baseline|cfg=ema9_atr14_buf0.1_chase1_win3_tgt1.5_hold20_t935-1500_ent2_loss2_dd2_dirboth_risk100|setup_id=ir:0.1.0:NASDAQ:MU:1:1786128540000:long|bars_to_confirm=1|signal_close=870.6275|trigger=870.5999|stop=869.07|target_r=1.5|risk_ps=1.5575|atr=1.048582|vwap_dist_atr=0.79148|tick=0.01,870.56,64,55715.84,143.36,0.26,0,143.36,0.26,-19.2,-0.03,2299.33,2.30,8
314,Exit short,2026-08-10 10:35,sl1|exit_reason=stop,877.81,16,13957.76,-87.2,-0.62,0,75.68,0.54,-87.2,-0.62,2212.13,2.21,10
314,Entry short,2026-08-10 10:25,sl1|ver=0.1.0|variant=baseline|cfg=ema9_atr14_buf0.1_chase1_win3_tgt1.5_hold20_t935-1500_ent2_loss2_dd2_dirboth_risk100|setup_id=ir:0.1.0:NASDAQ:MU:1:1786371840000:short|bars_to_confirm=1|signal_close=871.83|trigger=872|stop=877.8|target_r=1.5|risk_ps=5.97|atr=4.379443|vwap_dist_atr=0.936086|tick=0.01,872.36,16,13957.76,-87.2,-0.62,0,75.68,0.54,-87.2,-0.62,2212.13,2.21,10
315,Exit short,2026-08-11 09:46,sl1|exit_reason=target,855.39,12,10417.68,153,1.47,0,153,1.47,-4.32,-0.04,2365.13,2.37,7
315,Entry short,2026-08-11 09:39,sl1|ver=0.1.0|variant=baseline|cfg=ema9_atr14_buf0.1_chase1_win3_tgt1.5_hold20_t935-1500_ent2_loss2_dd2_dirboth_risk100|setup_id=ir:0.1.0:NASDAQ:MU:1:1786455480000:short|bars_to_confirm=1|signal_close=868.73|trigger=870.13|stop=876.64|target_r=1.5|risk_ps=7.91|atr=3.892697|vwap_dist_atr=0.650507|tick=0.01,868.14,12,10417.68,153,1.47,0,153,1.47,-4.32,-0.04,2365.13,2.37,7
316,Exit long,2026-08-11 10:10,sl1|exit_reason=stop,860.15,14,12140.66,-98.56,-0.81,0,16.24,0.13,-98.56,-0.81,2266.57,2.27,3
316,Entry long,2026-08-11 10:07,sl1|ver=0.1.0|variant=baseline|cfg=ema9_atr14_buf0.1_chase1_win3_tgt1.5_hold20_t935-1500_ent2_loss2_dd2_dirboth_risk100|setup_id=ir:0.1.0:NASDAQ:MU:1:1786457160000:long|bars_to_confirm=1|signal_close=866.956|trigger=866|stop=860.16|target_r=1.5|risk_ps=6.796|atr=3.943614|vwap_dist_atr=0.79689|tick=0.01,867.19,14,12140.66,-98.56,-0.81,0,16.24,0.13,-98.56,-0.81,2266.57,2.27,3
317,Exit short,2026-08-14 10:42,sl1|exit_reason=stop,971.37,27,26119.53,-107.46,-0.41,0,34.29,0.13,-107.46,-0.41,2159.11,2.16,3
317,Entry short,2026-08-14 10:39,sl1|ver=0.1.0|variant=baseline|cfg=ema9_atr14_buf0.1_chase1_win3_tgt1.5_hold20_t935-1500_ent2_loss2_dd2_dirboth_risk100|setup_id=ir:0.1.0:NASDAQ:MU:1:1786718280000:short|bars_to_confirm=1|signal_close=967.69|trigger=968.5201|stop=971.36|target_r=1.5|risk_ps=3.67|atr=2.866951|vwap_dist_atr=0.982036|tick=0.01,967.39,27,26119.53,-107.46,-0.41,0,34.29,0.13,-107.46,-0.41,2159.11,2.16,3
318,Exit long,2026-08-14 11:14,sl1|exit_reason=stop,968.06,32,31082.88,-104.96,-0.34,0,31.68,0.10,-104.96,-0.34,2054.15,2.05,12
318,Entry long,2026-08-14 11:02,sl1|ver=0.1.0|variant=baseline|cfg=ema9_atr14_buf0.1_chase1_win3_tgt1.5_hold20_t935-1500_ent2_loss2_dd2_dirboth_risk100|setup_id=ir:0.1.0:NASDAQ:MU:1:1786719660000:long|bars_to_confirm=1|signal_close=971.11|trigger=970.6699|stop=968.07|target_r=1.5|risk_ps=3.04|atr=2.192116|vwap_dist_atr=0.304768|tick=0.01,971.34,32,31082.88,-104.96,-0.34,0,31.68,0.10,-104.96,-0.34,2054.15,2.05,12
319,Exit long,2026-08-17 09:57,sl1|exit_reason=time,1017.36,8,8119.84,19.04,0.23,0,23.76,0.29,-75.36,-0.93,2073.19,2.07,20
319,Entry long,2026-08-17 09:37,sl1|ver=0.1.0|variant=baseline|cfg=ema9_atr14_buf0.1_chase1_win3_tgt1.5_hold20_t935-1500_ent2_loss2_dd2_dirboth_risk100|setup_id=ir:0.1.0:NASDAQ:MU:1:1786973760000:long|bars_to_confirm=1|signal_close=1014.835|trigger=1012.31|stop=1003.4|target_r=1.5|risk_ps=11.435|atr=5.222427|vwap_dist_atr=0.954644|tick=0.01,1014.98,8,8119.84,19.04,0.23,0,23.76,0.29,-75.36,-0.93,2073.19,2.07,20
320,Exit short,2026-08-17 10:12,sl1|exit_reason=stop,1015.38,30,30361.2,-100.2,-0.33,0,1.2,0.00,-100.2,-0.33,1972.99,1.97,2
320,Entry short,2026-08-17 10:10,sl1|ver=0.1.0|variant=baseline|cfg=ema9_atr14_buf0.1_chase1_win3_tgt1.5_hold20_t935-1500_ent2_loss2_dd2_dirboth_risk100|setup_id=ir:0.1.0:NASDAQ:MU:1:1786975680000:short|bars_to_confirm=2|signal_close=1012.038|trigger=1012.5|stop=1015.37|target_r=1.5|risk_ps=3.332|atr=3.741668|vwap_dist_atr=0.3049|tick=0.01,1012.04,30,30361.2,-100.2,-0.33,0,1.2,0.00,-100.2,-0.33,1972.99,1.97,2
321,Exit short,2026-08-18 09:46,sl1|exit_reason=target,961.33,25,24187,153.75,0.64,0,153.75,0.64,-19.25,-0.08,2126.74,2.13,0
321,Entry short,2026-08-18 09:46,sl1|ver=0.1.0|variant=baseline|cfg=ema9_atr14_buf0.1_chase1_win3_tgt1.5_hold20_t935-1500_ent2_loss2_dd2_dirboth_risk100|setup_id=ir:0.1.0:NASDAQ:MU:1:1787060700000:short|bars_to_confirm=1|signal_close=967.175|trigger=968.02|stop=971.07|target_r=1.5|risk_ps=3.895|atr=4.028163|vwap_dist_atr=0.482256|tick=0.01,967.48,25,24187,153.75,0.64,0,153.75,0.64,-19.25,-0.08,2126.74,2.13,0
322,Exit long,2026-08-19 10:42,sl1|exit_reason=stop,930.97,18,16857.18,-99.72,-0.59,0,13.32,0.08,-99.72,-0.59,2027.02,2.03,2
322,Entry long,2026-08-19 10:40,sl1|ver=0.1.0|variant=baseline|cfg=ema9_atr14_buf0.1_chase1_win3_tgt1.5_hold20_t935-1500_ent2_loss2_dd2_dirboth_risk100|setup_id=ir:0.1.0:NASDAQ:MU:1:1787150280000:long|bars_to_confirm=2|signal_close=936.37|trigger=935.44|stop=930.98|target_r=1.5|risk_ps=5.39|atr=3.973663|vwap_dist_atr=0.826809|tick=0.01,936.51,18,16857.18,-99.72,-0.59,0,13.32,0.08,-99.72,-0.59,2027.02,2.03,2
323,Exit short,2026-08-19 11:06,sl1|exit_reason=time,927.41,18,16734.6,41.22,0.25,0,111.96,0.67,-59.4,-0.35,2068.24,2.07,20
323,Entry short,2026-08-19 10:46,sl1|ver=0.1.0|variant=baseline|cfg=ema9_atr14_buf0.1_chase1_win3_tgt1.5_hold20_t935-1500_ent2_loss2_dd2_dirboth_risk100|setup_id=ir:0.1.0:NASDAQ:MU:1:1787150640000:short|bars_to_confirm=2|signal_close=929.66|trigger=930.4701|stop=935.12|target_r=1.5|risk_ps=5.46|atr=3.735265|vwap_dist_atr=0.910538|tick=0.01,929.7,18,16734.6,41.22,0.25,0,111.96,0.67,-59.4,-0.35,2068.24,2.07,20
324,Exit long,2026-08-20 10:13,sl1|exit_reason=target,953.95,14,13217.96,137.34,1.04,0,137.34,1.04,-29.96,-0.23,2205.58,2.21,7
324,Entry long,2026-08-20 10:06,sl1|ver=0.1.0|variant=baseline|cfg=ema9_atr14_buf0.1_chase1_win3_tgt1.5_hold20_t935-1500_ent2_loss2_dd2_dirboth_risk100|setup_id=ir:0.1.0:NASDAQ:MU:1:1787234640000:long|bars_to_confirm=2|signal_close=944.7001|trigger=943.65|stop=937.6|target_r=1.5|risk_ps=7.1001|atr=5.260469|vwap_dist_atr=0.38043|tick=0.01,944.14,14,13217.96,137.34,1.04,0,137.34,1.04,-29.96,-0.23,2205.58,2.21,7
325,Exit short,2026-08-20 14:05,sl1|exit_reason=target,949.34,66,62803.62,147.18,0.23,0,147.18,0.23,-7.92,-0.01,2352.76,2.35,0
325,Entry short,2026-08-20 14:05,sl1|ver=0.1.0|variant=baseline|cfg=ema9_atr14_buf0.1_chase1_win3_tgt1.5_hold20_t935-1500_ent2_loss2_dd2_dirboth_risk100|setup_id=ir:0.1.0:NASDAQ:MU:1:1787249040000:short|bars_to_confirm=1|signal_close=951.595|trigger=951.8|stop=953.1|target_r=1.5|risk_ps=1.505|atr=1.103244|vwap_dist_atr=0.290723|tick=0.01,951.57,66,62803.62,147.18,0.23,0,147.18,0.23,-7.92,-0.01,2352.76,2.35,0
326,Exit long,2026-08-24 11:00,sl1|exit_reason=stop,901.28,44,39756.64,-100.32,-0.25,0,76.56,0.19,-100.32,-0.25,2252.44,2.25,9
326,Entry long,2026-08-24 10:51,sl1|ver=0.1.0|variant=baseline|cfg=ema9_atr14_buf0.1_chase1_win3_tgt1.5_hold20_t935-1500_ent2_loss2_dd2_dirboth_risk100|setup_id=ir:0.1.0:NASDAQ:MU:1:1787582940000:long|bars_to_confirm=2|signal_close=903.53|trigger=903.35|stop=901.29|target_r=1.5|risk_ps=2.24|atr=2.14127|vwap_dist_atr=0.39845|tick=0.01,903.56,44,39756.64,-100.32,-0.25,0,76.56,0.19,-100.32,-0.25,2252.44,2.25,9
327,Exit long,2026-08-25 11:02,sl1|exit_reason=stop,927.44,27,25138.08,-97.2,-0.39,0,79.38,0.32,-97.2,-0.39,2155.24,2.16,9
327,Entry long,2026-08-25 10:53,sl1|ver=0.1.0|variant=baseline|cfg=ema9_atr14_buf0.1_chase1_win3_tgt1.5_hold20_t935-1500_ent2_loss2_dd2_dirboth_risk100|setup_id=ir:0.1.0:NASDAQ:MU:1:1787669520000:long|bars_to_confirm=1|signal_close=931.105|trigger=931|stop=927.45|target_r=1.5|risk_ps=3.655|atr=2.494613|vwap_dist_atr=0.468578|tick=0.01,931.04,27,25138.08,-97.2,-0.39,0,79.38,0.32,-97.2,-0.39,2155.24,2.16,9
328,Exit long,2026-08-25 12:24,sl1|exit_reason=stop,929.51,78,72601.62,-99.84,-0.14,0,88.92,0.12,-99.84,-0.14,2055.4,2.06,5
328,Entry long,2026-08-25 12:19,sl1|ver=0.1.0|variant=baseline|cfg=ema9_atr14_buf0.1_chase1_win3_tgt1.5_hold20_t935-1500_ent2_loss2_dd2_dirboth_risk100|setup_id=ir:0.1.0:NASDAQ:MU:1:1787674620000:long|bars_to_confirm=2|signal_close=930.8|trigger=930.23|stop=929.52|target_r=1.5|risk_ps=1.28|atr=1.201386|vwap_dist_atr=0.760981|tick=0.01,930.79,78,72601.62,-99.84,-0.14,0,88.92,0.12,-99.84,-0.14,2055.4,2.06,5
329,Exit short,2026-08-26 09:52,sl1|exit_reason=stop,936.94,25,23319.75,-103.75,-0.44,0,61.5,0.26,-103.75,-0.44,1951.65,1.95,3
329,Entry short,2026-08-26 09:49,sl1|ver=0.1.0|variant=baseline|cfg=ema9_atr14_buf0.1_chase1_win3_tgt1.5_hold20_t935-1500_ent2_loss2_dd2_dirboth_risk100|setup_id=ir:0.1.0:NASDAQ:MU:1:1787752080000:short|bars_to_confirm=1|signal_close=933|trigger=934.1|stop=936.93|target_r=1.5|risk_ps=3.93|atr=4.054248|vwap_dist_atr=0.563501|tick=0.01,932.79,25,23319.75,-103.75,-0.44,0,61.5,0.26,-103.75,-0.44,1951.65,1.95,3
330,Exit long,2026-08-26 12:58,sl1|exit_reason=target,939.16,79,74042.75,150.89,0.20,0,150.89,0.20,-89.27,-0.12,2102.54,2.10,6
330,Entry long,2026-08-26 12:52,sl1|ver=0.1.0|variant=baseline|cfg=ema9_atr14_buf0.1_chase1_win3_tgt1.5_hold20_t935-1500_ent2_loss2_dd2_dirboth_risk100|setup_id=ir:0.1.0:NASDAQ:MU:1:1787763060000:long|bars_to_confirm=1|signal_close=937.24|trigger=936.8897|stop=935.98|target_r=1.5|risk_ps=1.26|atr=0.943981|vwap_dist_atr=0.734202|tick=0.01,937.25,79,74042.75,150.89,0.20,0,150.89,0.20,-89.27,-0.12,2102.54,2.10,6
331,Exit long,2026-08-31 09:45,sl1|exit_reason=stop,936.36,16,15072.32,-90.56,-0.60,0,28.48,0.19,-90.56,-0.60,2011.98,2.01,2
331,Entry long,2026-08-31 09:43,sl1|ver=0.1.0|variant=baseline|cfg=ema9_atr14_buf0.1_chase1_win3_tgt1.5_hold20_t935-1500_ent2_loss2_dd2_dirboth_risk100|setup_id=ir:0.1.0:NASDAQ:MU:1:1788183720000:long|bars_to_confirm=1|signal_close=942.325|trigger=939.79|stop=936.37|target_r=1.5|risk_ps=5.955|atr=3.897797|vwap_dist_atr=0.74913|tick=0.01,942.02,16,15072.32,-90.56,-0.60,0,28.48,0.19,-90.56,-0.60,2011.98,2.01,2
332,Exit short,2026-08-31 10:28,sl1|exit_reason=time,938.59,18,16941.06,46.44,0.27,0,84.06,0.50,-85.5,-0.50,2058.42,2.06,20
332,Entry short,2026-08-31 10:08,sl1|ver=0.1.0|variant=baseline|cfg=ema9_atr14_buf0.1_chase1_win3_tgt1.5_hold20_t935-1500_ent2_loss2_dd2_dirboth_risk100|setup_id=ir:0.1.0:NASDAQ:MU:1:1788185220000:short|bars_to_confirm=1|signal_close=941.06|trigger=941.4105|stop=946.43|target_r=1.5|risk_ps=5.37|atr=3.457611|vwap_dist_atr=0.385703|tick=0.01,941.17,18,16941.06,46.44,0.27,0,84.06,0.50,-85.5,-0.50,2058.42,2.06,20
333,Exit long,2026-09-01 10:11,sl1|exit_reason=time,940.33,14,13169.24,-4.62,-0.04,0,52.64,0.40,-41.3,-0.31,2053.8,2.05,20
333,Entry long,2026-09-01 09:51,sl1|ver=0.1.0|variant=baseline|cfg=ema9_atr14_buf0.1_chase1_win3_tgt1.5_hold20_t935-1500_ent2_loss2_dd2_dirboth_risk100|setup_id=ir:0.1.0:NASDAQ:MU:1:1788270600000:long|bars_to_confirm=1|signal_close=940.755|trigger=939.92|stop=933.93|target_r=1.5|risk_ps=6.825|atr=3.492854|vwap_dist_atr=0.61514|tick=0.01,940.66,14,13169.24,-4.62,-0.04,0,52.64,0.40,-41.3,-0.31,2053.8,2.05,20
334,Exit long,2026-09-01 10:37,sl1|exit_reason=target,943.02,56,52648.4,160.72,0.31,0,160.72,0.31,-29.68,-0.06,2214.52,2.21,3
334,Entry long,2026-09-01 10:34,sl1|ver=0.1.0|variant=baseline|cfg=ema9_atr14_buf0.1_chase1_win3_tgt1.5_hold20_t935-1500_ent2_loss2_dd2_dirboth_risk100|setup_id=ir:0.1.0:NASDAQ:MU:1:1788273180000:long|bars_to_confirm=1|signal_close=940|trigger=939.5|stop=938.24|target_r=1.5|risk_ps=1.76|atr=1.952569|vwap_dist_atr=0.582047|tick=0.01,940.15,56,52648.4,160.72,0.31,0,160.72,0.31,-29.68,-0.06,2214.52,2.21,3
335,Exit long,2026-09-02 10:35,sl1|exit_reason=target,949.62,38,35920.64,164.92,0.46,0,164.92,0.46,-101.46,-0.28,2379.44,2.38,17
335,Entry long,2026-09-02 10:18,sl1|ver=0.1.0|variant=baseline|cfg=ema9_atr14_buf0.1_chase1_win3_tgt1.5_hold20_t935-1500_ent2_loss2_dd2_dirboth_risk100|setup_id=ir:0.1.0:NASDAQ:MU:1:1788358620000:long|bars_to_confirm=1|signal_close=945.02|trigger=944.7299|stop=942.39|target_r=1.5|risk_ps=2.63|atr=3.142781|vwap_dist_atr=0.548047|tick=0.01,945.28,38,35920.64,164.92,0.46,0,164.92,0.46,-101.46,-0.28,2379.44,2.38,17
336,Exit short,2026-09-02 10:50,sl1|exit_reason=target,938.8,36,33944.76,147.96,0.44,0,147.96,0.44,-2.16,-0.01,2527.4,2.53,2
336,Entry short,2026-09-02 10:48,sl1|ver=0.1.0|variant=baseline|cfg=ema9_atr14_buf0.1_chase1_win3_tgt1.5_hold20_t935-1500_ent2_loss2_dd2_dirboth_risk100|setup_id=ir:0.1.0:NASDAQ:MU:1:1788360420000:short|bars_to_confirm=1|signal_close=942.92|trigger=943.31|stop=945.65|target_r=1.5|risk_ps=2.73|atr=2.207904|vwap_dist_atr=0.461165|tick=0.01,942.91,36,33944.76,147.96,0.44,0,147.96,0.44,-2.16,-0.01,2527.4,2.53,2
337,Exit short,2026-09-03 10:29,sl1|exit_reason=time,936.26,20,18694.2,-31,-0.17,0,31.4,0.17,-95.6,-0.51,2496.4,2.50,20
337,Entry short,2026-09-03 10:09,sl1|ver=0.1.0|variant=baseline|cfg=ema9_atr14_buf0.1_chase1_win3_tgt1.5_hold20_t935-1500_ent2_loss2_dd2_dirboth_risk100|setup_id=ir:0.1.0:NASDAQ:MU:1:1788444480000:short|bars_to_confirm=1|signal_close=934.71|trigger=936.0101|stop=939.55|target_r=1.5|risk_ps=4.84|atr=3.831775|vwap_dist_atr=0.490819|tick=0.01,934.71,20,18694.2,-31,-0.17,0,31.4,0.17,-95.6,-0.51,2496.4,2.50,20
338,Exit long,2026-09-04 10:00,sl1|exit_reason=target,1001.31,13,12871.95,145.08,1.13,0,145.08,1.13,-25.48,-0.20,2641.48,2.64,11
338,Entry long,2026-09-04 09:49,sl1|ver=0.1.0|variant=baseline|cfg=ema9_atr14_buf0.1_chase1_win3_tgt1.5_hold20_t935-1500_ent2_loss2_dd2_dirboth_risk100|setup_id=ir:0.1.0:NASDAQ:MU:1:1788529680000:long|bars_to_confirm=1|signal_close=990.1092|trigger=988.62|stop=982.71|target_r=1.5|risk_ps=7.3992|atr=5.194292|vwap_dist_atr=0.476482|tick=0.01,990.15,13,12871.95,145.08,1.13,0,145.08,1.13,-25.48,-0.20,2641.48,2.64,11
339,Exit long,2026-09-08 11:25,sl1|exit_reason=stop,1020.08,34,34784.04,-101.32,-0.29,0,139.74,0.40,-101.32,-0.29,2540.16,2.54,8
339,Entry long,2026-09-08 11:17,sl1|ver=0.1.0|variant=baseline|cfg=ema9_atr14_buf0.1_chase1_win3_tgt1.5_hold20_t935-1500_ent2_loss2_dd2_dirboth_risk100|setup_id=ir:0.1.0:NASDAQ:MU:1:1788880500000:long|bars_to_confirm=2|signal_close=1023.005|trigger=1023|stop=1020.09|target_r=1.5|risk_ps=2.915|atr=1.892381|vwap_dist_atr=0.887263|tick=0.01,1023.06,34,34784.04,-101.32,-0.29,0,139.74,0.40,-101.32,-0.29,2540.16,2.54,8
340,Exit short,2026-09-08 12:54,sl1|exit_reason=target,1016.98,46,46948.06,166.98,0.36,0,166.98,0.36,-27.14,-0.06,2707.14,2.71,17
340,Entry short,2026-09-08 12:37,sl1|ver=0.1.0|variant=baseline|cfg=ema9_atr14_buf0.1_chase1_win3_tgt1.5_hold20_t935-1500_ent2_loss2_dd2_dirboth_risk100|setup_id=ir:0.1.0:NASDAQ:MU:1:1788885300000:short|bars_to_confirm=2|signal_close=1020.88|trigger=1021|stop=1023.03|target_r=1.5|risk_ps=2.15|atr=1.357589|vwap_dist_atr=0.633778|tick=0.01,1020.61,46,46948.06,166.98,0.36,0,166.98,0.36,-27.14,-0.06,2707.14,2.71,17
341,Exit long,2026-09-09 11:22,sl1|exit_reason=stop,1023.65,21,21591.57,-94.92,-0.44,0,14.91,0.07,-94.92,-0.44,2612.22,2.61,2
341,Entry long,2026-09-09 11:20,sl1|ver=0.1.0|variant=baseline|cfg=ema9_atr14_buf0.1_chase1_win3_tgt1.5_hold20_t935-1500_ent2_loss2_dd2_dirboth_risk100|setup_id=ir:0.1.0:NASDAQ:MU:1:1788967140000:long|bars_to_confirm=1|signal_close=1028.2315|trigger=1027.33|stop=1023.66|target_r=1.5|risk_ps=4.5715|atr=2.363741|vwap_dist_atr=0.984469|tick=0.01,1028.17,21,21591.57,-94.92,-0.44,0,14.91,0.07,-94.92,-0.44,2612.22,2.61,2
342,Exit short,2026-09-09 15:02,sl1|exit_reason=target,1021.87,53,54293.2,134.09,0.25,0,134.09,0.25,-24.38,-0.04,2746.31,2.75,3
342,Entry short,2026-09-09 14:59,sl1|ver=0.1.0|variant=baseline|cfg=ema9_atr14_buf0.1_chase1_win3_tgt1.5_hold20_t935-1500_ent2_loss2_dd2_dirboth_risk100|setup_id=ir:0.1.0:NASDAQ:MU:1:1788980280000:short|bars_to_confirm=1|signal_close=1024.23|trigger=1024.571|stop=1026.09|target_r=1.5|risk_ps=1.86|atr=0.892856|vwap_dist_atr=0.830916|tick=0.01,1024.4,53,54293.2,134.09,0.25,0,134.09,0.25,-24.38,-0.04,2746.31,2.75,3
343,Exit long,2026-09-10 10:07,sl1|exit_reason=stop,987.64,19,18858.64,-93.48,-0.50,0,23.18,0.12,-93.48,-0.50,2652.83,2.65,4
343,Entry long,2026-09-10 10:03,sl1|ver=0.1.0|variant=baseline|cfg=ema9_atr14_buf0.1_chase1_win3_tgt1.5_hold20_t935-1500_ent2_loss2_dd2_dirboth_risk100|setup_id=ir:0.1.0:NASDAQ:MU:1:1789048920000:long|bars_to_confirm=1|signal_close=992.78|trigger=991|stop=987.65|target_r=1.5|risk_ps=5.13|atr=3.5199|vwap_dist_atr=0.617491|tick=0.01,992.56,19,18858.64,-93.48,-0.50,0,23.18,0.12,-93.48,-0.50,2652.83,2.65,4
344,Exit short,2026-09-10 10:15,sl1|exit_reason=target,985.39,36,35612.64,138.6,0.39,0,138.6,0.39,-11.88,-0.03,2791.43,2.79,3
344,Entry short,2026-09-10 10:12,sl1|ver=0.1.0|variant=baseline|cfg=ema9_atr14_buf0.1_chase1_win3_tgt1.5_hold20_t935-1500_ent2_loss2_dd2_dirboth_risk100|setup_id=ir:0.1.0:NASDAQ:MU:1:1789049460000:short|bars_to_confirm=1|signal_close=989.0601|trigger=989.13|stop=991.81|target_r=1.5|risk_ps=2.7499|atr=3.143341|vwap_dist_atr=0.477299|tick=0.01,989.24,36,35612.64,138.6,0.39,0,138.6,0.39,-11.88,-0.03,2791.43,2.79,3
345,Exit long,2026-09-11 10:38,sl1|exit_reason=stop,975.51,20,19616,-105.8,-0.54,0,52.8,0.27,-105.8,-0.54,2685.63,2.69,18
345,Entry long,2026-09-11 10:20,sl1|ver=0.1.0|variant=baseline|cfg=ema9_atr14_buf0.1_chase1_win3_tgt1.5_hold20_t935-1500_ent2_loss2_dd2_dirboth_risk100|setup_id=ir:0.1.0:NASDAQ:MU:1:1789136340000:long|bars_to_confirm=1|signal_close=980.495|trigger=979.89|stop=975.52|target_r=1.5|risk_ps=4.975|atr=2.950405|vwap_dist_atr=0.650618|tick=0.01,980.8,20,19616,-105.8,-0.54,0,52.8,0.27,-105.8,-0.54,2685.63,2.69,18
346,Exit long,2026-09-11 13:17,sl1|exit_reason=target,980.3,87,85116.45,169.65,0.20,0,169.65,0.20,-97.44,-0.11,2855.28,2.86,10
346,Entry long,2026-09-11 13:07,sl1|ver=0.1.0|variant=baseline|cfg=ema9_atr14_buf0.1_chase1_win3_tgt1.5_hold20_t935-1500_ent2_loss2_dd2_dirboth_risk100|setup_id=ir:0.1.0:NASDAQ:MU:1:1789146360000:long|bars_to_confirm=1|signal_close=978.19|trigger=977.94|stop=977.05|target_r=1.5|risk_ps=1.14|atr=0.966764|vwap_dist_atr=0.723145|tick=0.01,978.35,87,85116.45,169.65,0.20,0,169.65,0.20,-97.44,-0.11,2855.28,2.86,10
347,Exit short,2026-09-14 09:45,sl1|exit_reason=stop,914.88,11,9969.52,-94.16,-0.94,0,40.92,0.41,-94.16,-0.94,2761.12,2.76,10
347,Entry short,2026-09-14 09:35,sl1|ver=0.1.0|variant=baseline|cfg=ema9_atr14_buf0.1_chase1_win3_tgt1.5_hold20_t935-1500_ent2_loss2_dd2_dirboth_risk100|setup_id=ir:0.1.0:NASDAQ:MU:1:1789392840000:short|bars_to_confirm=1|signal_close=905.93|trigger=907.95|stop=914.87|target_r=1.5|risk_ps=8.94|atr=3.23966|vwap_dist_atr=0.854809|tick=0.01,906.32,11,9969.52,-94.16,-0.94,0,40.92,0.41,-94.16,-0.94,2761.12,2.76,10
348,Exit short,2026-09-14 10:01,sl1|exit_reason=stop,910.38,25,22663.5,-96,-0.42,0,78.75,0.35,-96,-0.42,2665.12,2.67,7
348,Entry short,2026-09-14 09:54,sl1|ver=0.1.0|variant=baseline|cfg=ema9_atr14_buf0.1_chase1_win3_tgt1.5_hold20_t935-1500_ent2_loss2_dd2_dirboth_risk100|setup_id=ir:0.1.0:NASDAQ:MU:1:1789393980000:short|bars_to_confirm=1|signal_close=906.37|trigger=907.9|stop=910.37|target_r=1.5|risk_ps=4|atr=3.580467|vwap_dist_atr=0.744036|tick=0.01,906.54,25,22663.5,-96,-0.42,0,78.75,0.35,-96,-0.42,2665.12,2.67,7
349,Exit short,2026-09-15 11:00,sl1|exit_reason=time,930.72,20,18694.2,79.8,0.43,0,121.2,0.65,-26.8,-0.14,2744.92,2.74,20
349,Entry short,2026-09-15 10:40,sl1|ver=0.1.0|variant=baseline|cfg=ema9_atr14_buf0.1_chase1_win3_tgt1.5_hold20_t935-1500_ent2_loss2_dd2_dirboth_risk100|setup_id=ir:0.1.0:NASDAQ:MU:1:1789483140000:short|bars_to_confirm=1|signal_close=934.59|trigger=936|stop=939.58|target_r=1.5|risk_ps=4.99|atr=2.494809|vwap_dist_atr=0.945514|tick=0.01,934.71,20,18694.2,79.8,0.43,0,121.2,0.65,-26.8,-0.14,2744.92,2.74,20
350,Exit long,2026-09-16 10:09,sl1|exit_reason=time,928.1,20,18620.2,-58.2,-0.31,0,120.4,0.65,-94.2,-0.51,2686.72,2.69,20
350,Entry long,2026-09-16 09:49,sl1|ver=0.1.0|variant=baseline|cfg=ema9_atr14_buf0.1_chase1_win3_tgt1.5_hold20_t935-1500_ent2_loss2_dd2_dirboth_risk100|setup_id=ir:0.1.0:NASDAQ:MU:1:1789566480000:long|bars_to_confirm=1|signal_close=931.105|trigger=929.39|stop=926.22|target_r=1.5|risk_ps=4.885|atr=2.799123|vwap_dist_atr=0.810366|tick=0.01,931.01,20,18620.2,-58.2,-0.31,0,120.4,0.65,-94.2,-0.51,2686.72,2.69,20
351,Exit long,2026-09-16 10:32,sl1|exit_reason=time,932.87,43,40048.48,64.93,0.16,0,138.03,0.34,-76.11,-0.19,2751.65,2.75,20
351,Entry long,2026-09-16 10:12,sl1|ver=0.1.0|variant=baseline|cfg=ema9_atr14_buf0.1_chase1_win3_tgt1.5_hold20_t935-1500_ent2_loss2_dd2_dirboth_risk100|setup_id=ir:0.1.0:NASDAQ:MU:1:1789567860000:long|bars_to_confirm=1|signal_close=931.35|trigger=930.98|stop=929.04|target_r=1.5|risk_ps=2.31|atr=2.147419|vwap_dist_atr=0.634081|tick=0.01,931.36,43,40048.48,64.93,0.16,0,138.03,0.34,-76.11,-0.19,2751.65,2.75,20
352,Exit short,2026-09-17 12:22,sl1|exit_reason=time,975.76,49,47834.29,22.05,0.05,0,45.08,0.09,-48.51,-0.10,2773.7,2.77,20
352,Entry short,2026-09-17 12:02,sl1|ver=0.1.0|variant=baseline|cfg=ema9_atr14_buf0.1_chase1_win3_tgt1.5_hold20_t935-1500_ent2_loss2_dd2_dirboth_risk100|setup_id=ir:0.1.0:NASDAQ:MU:1:1789660800000:short|bars_to_confirm=2|signal_close=976.06|trigger=976.2001|stop=978.09|target_r=1.5|risk_ps=2.03|atr=0.922201|vwap_dist_atr=0.648363|tick=0.01,976.21,49,47834.29,22.05,0.05,0,45.08,0.09,-48.51,-0.10,2773.7,2.77,20
353,Exit long,2026-09-17 13:28,sl1|exit_reason=stop,976.4,105,102608.1,-86.1,-0.08,0,54.6,0.05,-86.1,-0.08,2687.6,2.69,1
353,Entry long,2026-09-17 13:27,sl1|ver=0.1.0|variant=baseline|cfg=ema9_atr14_buf0.1_chase1_win3_tgt1.5_hold20_t935-1500_ent2_loss2_dd2_dirboth_risk100|setup_id=ir:0.1.0:NASDAQ:MU:1:1789665900000:long|bars_to_confirm=2|signal_close=977.2|trigger=977.13|stop=976.41|target_r=1.5|risk_ps=0.79|atr=0.790503|vwap_dist_atr=0.823851|tick=0.01,977.22,105,102608.1,-86.1,-0.08,0,54.6,0.05,-86.1,-0.08,2687.6,2.69,1
354,Exit long,2026-09-18 11:41,sl1|exit_reason=stop,990.11,66,65450.22,-102.96,-0.16,0,7.92,0.01,-102.96,-0.16,2584.64,2.58,3
354,Entry long,2026-09-18 11:38,sl1|ver=0.1.0|variant=baseline|cfg=ema9_atr14_buf0.1_chase1_win3_tgt1.5_hold20_t935-1500_ent2_loss2_dd2_dirboth_risk100|setup_id=ir:0.1.0:NASDAQ:MU:1:1789745820000:long|bars_to_confirm=1|signal_close=991.635|trigger=991.07|stop=990.12|target_r=1.5|risk_ps=1.515|atr=1.151195|vwap_dist_atr=0.961275|tick=0.01,991.67,66,65450.22,-102.96,-0.16,0,7.92,0.01,-102.96,-0.16,2584.64,2.58,3
355,Exit long,2026-09-18 12:14,sl1|exit_reason=stop,989.99,89,88210.57,-101.46,-0.12,0,32.04,0.04,-101.46,-0.12,2483.18,2.48,6
355,Entry long,2026-09-18 12:08,sl1|ver=0.1.0|variant=baseline|cfg=ema9_atr14_buf0.1_chase1_win3_tgt1.5_hold20_t935-1500_ent2_loss2_dd2_dirboth_risk100|setup_id=ir:0.1.0:NASDAQ:MU:1:1789747620000:long|bars_to_confirm=1|signal_close=991.115|trigger=991.11|stop=990|target_r=1.5|risk_ps=1.115|atr=0.905423|vwap_dist_atr=0.720349|tick=0.01,991.13,89,88210.57,-101.46,-0.12,0,32.04,0.04,-101.46,-0.12,2483.18,2.48,6
356,Exit short,2026-09-21 10:01,sl1|exit_reason=target,1044.86,27,28360.26,149.04,0.53,0,149.04,0.53,-7.29,-0.03,2632.22,2.63,4
356,Entry short,2026-09-21 09:57,sl1|ver=0.1.0|variant=baseline|cfg=ema9_atr14_buf0.1_chase1_win3_tgt1.5_hold20_t935-1500_ent2_loss2_dd2_dirboth_risk100|setup_id=ir:0.1.0:NASDAQ:MU:1:1789998960000:short|bars_to_confirm=1|signal_close=1050.36|trigger=1051.01|stop=1054.06|target_r=1.5|risk_ps=3.7|atr=3.210281|vwap_dist_atr=0.413239|tick=0.01,1050.38,27,28360.26,149.04,0.53,0,149.04,0.53,-7.29,-0.03,2632.22,2.63,4
357,Exit long,2026-09-21 12:36,sl1|exit_reason=stop,1043.06,75,78317.25,-87.75,-0.11,0,19.5,0.02,-87.75,-0.11,2544.47,2.54,2
357,Entry long,2026-09-21 12:34,sl1|ver=0.1.0|variant=baseline|cfg=ema9_atr14_buf0.1_chase1_win3_tgt1.5_hold20_t935-1500_ent2_loss2_dd2_dirboth_risk100|setup_id=ir:0.1.0:NASDAQ:MU:1:1790008380000:long|bars_to_confirm=1|signal_close=1044.4|trigger=1044.24|stop=1043.07|target_r=1.5|risk_ps=1.33|atr=1.02699|vwap_dist_atr=0.555807|tick=0.01,1044.23,75,78317.25,-87.75,-0.11,0,19.5,0.02,-87.75,-0.11,2544.47,2.54,2
358,Exit long,2026-09-24 09:46,sl1|exit_reason=target,1056.57,30,31525.2,171.9,0.55,0,171.9,0.55,-15.3,-0.05,2716.37,2.72,1
358,Entry long,2026-09-24 09:45,sl1|ver=0.1.0|variant=baseline|cfg=ema9_atr14_buf0.1_chase1_win3_tgt1.5_hold20_t935-1500_ent2_loss2_dd2_dirboth_risk100|setup_id=ir:0.1.0:NASDAQ:MU:1:1790257440000:long|bars_to_confirm=1|signal_close=1050.335|trigger=1049.58|stop=1047.02|target_r=1.5|risk_ps=3.315|atr=3.029353|vwap_dist_atr=0.358222|tick=0.01,1050.84,30,31525.2,171.9,0.55,0,171.9,0.55,-15.3,-0.05,2716.37,2.72,1
359,Exit short,2026-09-24 10:20,sl1|exit_reason=stop,1052.77,33,34641.75,-99.66,-0.29,0,31.02,0.09,-99.66,-0.29,2616.71,2.62,7
359,Entry short,2026-09-24 10:13,sl1|ver=0.1.0|variant=baseline|cfg=ema9_atr14_buf0.1_chase1_win3_tgt1.5_hold20_t935-1500_ent2_loss2_dd2_dirboth_risk100|setup_id=ir:0.1.0:NASDAQ:MU:1:1790259120000:short|bars_to_confirm=1|signal_close=1049.755|trigger=1050.321|stop=1052.76|target_r=1.5|risk_ps=3.005|atr=2.60298|vwap_dist_atr=0.437544|tick=0.01,1049.75,33,34641.75,-99.66,-0.29,0,31.02,0.09,-99.66,-0.29,2616.71,2.62,7