Trade number,Type,Date and time,Signal,Price USD,Size (qty),Size (value),Net PnL USD,Return %,Commission USD,Favorable excursion USD,Favorable excursion %,Adverse excursion USD,Adverse excursion %,Cumulative PnL USD,Cumulative PnL %,Duration (bars)
1,Exit short,2025-09-24 09:56,sl1|exit_reason=target,754.44,48,36366.24,153.12,0.42,0,153.12,0.42,-51.84,-0.14,153.12,0.15,13
1,Entry short,2025-09-24 09:43,sl1|ver=0.1.0|variant=baseline|cfg=ema9_atr14_buf0.1_chase1_win3_tgt1.5_hold20_t935-1500_ent2_loss2_dd2_dirboth_risk100|setup_id=ir:0.1.0:BATS:META:1:1758721320000:short|bars_to_confirm=1|signal_close=757.68|trigger=757.89|stop=759.76|target_r=1.5|risk_ps=2.08|atr=1.256923|vwap_dist_atr=0.408208|tick=0.01,757.63,48,36366.24,153.12,0.42,0,153.12,0.42,-51.84,-0.14,153.12,0.15,13
2,Exit long,2025-09-24 10:38,sl1|exit_reason=time,757.75,41,31042.74,25.01,0.08,0,62.73,0.20,-45.92,-0.15,178.13,0.18,20
2,Entry long,2025-09-24 10:18,sl1|ver=0.1.0|variant=baseline|cfg=ema9_atr14_buf0.1_chase1_win3_tgt1.5_hold20_t935-1500_ent2_loss2_dd2_dirboth_risk100|setup_id=ir:0.1.0:BATS:META:1:1758723420000:long|bars_to_confirm=1|signal_close=757.38|trigger=756.98|stop=754.97|target_r=1.5|risk_ps=2.41|atr=1.077522|vwap_dist_atr=0.528649|tick=0.01,757.14,41,31042.74,25.01,0.08,0,62.73,0.20,-45.92,-0.15,178.13,0.18,20
3,Exit long,2025-09-25 09:58,sl1|exit_reason=stop,748.29,49,36757.84,-91.63,-0.25,0,0,0.00,-91.63,-0.25,86.5,0.09,1
3,Entry long,2025-09-25 09:57,sl1|ver=0.1.0|variant=baseline|cfg=ema9_atr14_buf0.1_chase1_win3_tgt1.5_hold20_t935-1500_ent2_loss2_dd2_dirboth_risk100|setup_id=ir:0.1.0:BATS:META:1:1758808560000:long|bars_to_confirm=1|signal_close=750.32|trigger=749.93|stop=748.3|target_r=1.5|risk_ps=2.02|atr=1.39696|vwap_dist_atr=0.625431|tick=0.01,750.16,49,36757.84,-91.63,-0.25,0,0,0.00,-91.63,-0.25,86.5,0.09,1
4,Exit long,2025-09-25 11:08,sl1|exit_reason=stop,748.13,109,81642.09,-95.92,-0.12,0,16.35,0.02,-95.92,-0.12,-9.42,-0.01,3
4,Entry long,2025-09-25 11:05,sl1|ver=0.1.0|variant=baseline|cfg=ema9_atr14_buf0.1_chase1_win3_tgt1.5_hold20_t935-1500_ent2_loss2_dd2_dirboth_risk100|setup_id=ir:0.1.0:BATS:META:1:1758812640000:long|bars_to_confirm=1|signal_close=749.05|trigger=748.84|stop=748.14|target_r=1.5|risk_ps=0.91|atr=0.725112|vwap_dist_atr=0.534455|tick=0.01,749.01,109,81642.09,-95.92,-0.12,0,16.35,0.02,-95.92,-0.12,-9.42,-0.01,3
5,Exit long,2025-09-26 13:12,sl1|exit_reason=target,744.35,134,99618.28,124.62,0.13,0,124.62,0.13,-30.82,-0.03,115.2,0.12,3
5,Entry long,2025-09-26 13:09,sl1|ver=0.1.0|variant=baseline|cfg=ema9_atr14_buf0.1_chase1_win3_tgt1.5_hold20_t935-1500_ent2_loss2_dd2_dirboth_risk100|setup_id=ir:0.1.0:BATS:META:1:1758906420000:long|bars_to_confirm=2|signal_close=743.44|trigger=743.4|stop=742.8|target_r=1.5|risk_ps=0.64|atr=0.472946|vwap_dist_atr=0.321292|tick=0.01,743.42,134,99618.28,124.62,0.13,0,124.62,0.13,-30.82,-0.03,115.2,0.12,3
6,Exit short,2025-09-26 13:57,sl1|exit_reason=stop,743.63,134,99606.22,-40.2,-0.04,0,13.4,0.01,-40.2,-0.04,75,0.08,1
6,Entry short,2025-09-26 13:56,sl1|ver=0.1.0|variant=baseline|cfg=ema9_atr14_buf0.1_chase1_win3_tgt1.5_hold20_t935-1500_ent2_loss2_dd2_dirboth_risk100|setup_id=ir:0.1.0:BATS:META:1:1758909300000:short|bars_to_confirm=1|signal_close=743.31|trigger=743.34|stop=743.62|target_r=1.5|risk_ps=0.31|atr=0.320511|vwap_dist_atr=0.302603|tick=0.01,743.33,134,99606.22,-40.2,-0.04,0,13.4,0.01,-40.2,-0.04,75,0.08,1
7,Exit long,2025-09-29 09:57,sl1|exit_reason=stop,747.59,77,57676.85,-112.42,-0.19,0,3.08,0.01,-112.42,-0.19,-37.42,-0.04,6
7,Entry long,2025-09-29 09:51,sl1|ver=0.1.0|variant=baseline|cfg=ema9_atr14_buf0.1_chase1_win3_tgt1.5_hold20_t935-1500_ent2_loss2_dd2_dirboth_risk100|setup_id=ir:0.1.0:BATS:META:1:1759153740000:long|bars_to_confirm=2|signal_close=748.89|trigger=748.78|stop=747.6|target_r=1.5|risk_ps=1.29|atr=1.060332|vwap_dist_atr=0.601502|tick=0.01,749.05,77,57676.85,-112.42,-0.19,0,3.08,0.01,-112.42,-0.19,-37.42,-0.04,6
8,Exit long,2025-09-29 10:07,sl1|exit_reason=stop,747.57,59,44212.24,-105.61,-0.24,0,51.92,0.12,-105.61,-0.24,-143.03,-0.14,7
8,Entry long,2025-09-29 10:00,sl1|ver=0.1.0|variant=baseline|cfg=ema9_atr14_buf0.1_chase1_win3_tgt1.5_hold20_t935-1500_ent2_loss2_dd2_dirboth_risk100|setup_id=ir:0.1.0:BATS:META:1:1759154340000:long|bars_to_confirm=1|signal_close=749.26|trigger=748.55|stop=747.58|target_r=1.5|risk_ps=1.68|atr=0.995966|vwap_dist_atr=0.988978|tick=0.01,749.36,59,44212.24,-105.61,-0.24,0,51.92,0.12,-105.61,-0.24,-143.03,-0.14,7
9,Exit long,2025-09-30 10:57,sl1|exit_reason=target,733.62,78,57082.74,139.62,0.24,0,139.62,0.24,-65.52,-0.11,-3.41,0.00,16
9,Entry long,2025-09-30 10:41,sl1|ver=0.1.0|variant=baseline|cfg=ema9_atr14_buf0.1_chase1_win3_tgt1.5_hold20_t935-1500_ent2_loss2_dd2_dirboth_risk100|setup_id=ir:0.1.0:BATS:META:1:1759243140000:long|bars_to_confirm=2|signal_close=731.92|trigger=731.42|stop=730.64|target_r=1.5|risk_ps=1.28|atr=0.766571|vwap_dist_atr=0.9937|tick=0.01,731.83,78,57082.74,139.62,0.24,0,139.62,0.24,-65.52,-0.11,-3.41,0.00,16
10,Exit short,2025-09-30 12:45,sl1|exit_reason=stop,732.59,133,97333.39,-101.08,-0.10,0,9.31,0.01,-101.08,-0.10,-104.49,-0.10,2
10,Entry short,2025-09-30 12:43,sl1|ver=0.1.0|variant=baseline|cfg=ema9_atr14_buf0.1_chase1_win3_tgt1.5_hold20_t935-1500_ent2_loss2_dd2_dirboth_risk100|setup_id=ir:0.1.0:BATS:META:1:1759250520000:short|bars_to_confirm=1|signal_close=731.83|trigger=732|stop=732.58|target_r=1.5|risk_ps=0.75|atr=0.533034|vwap_dist_atr=0.542434|tick=0.01,731.83,133,97333.39,-101.08,-0.10,0,9.31,0.01,-101.08,-0.10,-104.49,-0.10,2
11,Exit short,2025-10-01 09:49,sl1|exit_reason=target,716.16,79,56733.06,156.42,0.28,0,156.42,0.28,-22.12,-0.04,51.93,0.05,2
11,Entry short,2025-10-01 09:47,sl1|ver=0.1.0|variant=baseline|cfg=ema9_atr14_buf0.1_chase1_win3_tgt1.5_hold20_t935-1500_ent2_loss2_dd2_dirboth_risk100|setup_id=ir:0.1.0:BATS:META:1:1759326360000:short|bars_to_confirm=1|signal_close=718.2|trigger=718.33|stop=719.46|target_r=1.5|risk_ps=1.26|atr=1.449112|vwap_dist_atr=0.574514|tick=0.01,718.14,79,56733.06,156.42,0.28,0,156.42,0.28,-22.12,-0.04,51.93,0.05,2
12,Exit long,2025-10-01 11:02,sl1|exit_reason=stop,715.28,81,58050.27,-112.59,-0.19,0,46.17,0.08,-112.59,-0.19,-60.66,-0.06,6
12,Entry long,2025-10-01 10:56,sl1|ver=0.1.0|variant=baseline|cfg=ema9_atr14_buf0.1_chase1_win3_tgt1.5_hold20_t935-1500_ent2_loss2_dd2_dirboth_risk100|setup_id=ir:0.1.0:BATS:META:1:1759330500000:long|bars_to_confirm=1|signal_close=716.52|trigger=716.11|stop=715.29|target_r=1.5|risk_ps=1.23|atr=0.73245|vwap_dist_atr=0.925914|tick=0.01,716.67,81,58050.27,-112.59,-0.19,0,46.17,0.08,-112.59,-0.19,-60.66,-0.06,6
13,Exit short,2025-10-02 10:12,sl1|exit_reason=time,722.27,48,34681.92,12.96,0.04,0,54.72,0.16,-79.68,-0.23,-47.7,-0.05,20
13,Entry short,2025-10-02 09:52,sl1|ver=0.1.0|variant=baseline|cfg=ema9_atr14_buf0.1_chase1_win3_tgt1.5_hold20_t935-1500_ent2_loss2_dd2_dirboth_risk100|setup_id=ir:0.1.0:BATS:META:1:1759413000000:short|bars_to_confirm=2|signal_close=722.45|trigger=722.78|stop=724.53|target_r=1.5|risk_ps=2.08|atr=1.358994|vwap_dist_atr=0.922948|tick=0.01,722.54,48,34681.92,12.96,0.04,0,54.72,0.16,-79.68,-0.23,-47.7,-0.05,20
14,Exit long,2025-10-03 10:57,sl1|exit_reason=stop,718.91,88,63360.88,-96.8,-0.15,0,7.04,0.01,-96.8,-0.15,-144.5,-0.14,4
14,Entry long,2025-10-03 10:53,sl1|ver=0.1.0|variant=baseline|cfg=ema9_atr14_buf0.1_chase1_win3_tgt1.5_hold20_t935-1500_ent2_loss2_dd2_dirboth_risk100|setup_id=ir:0.1.0:BATS:META:1:1759503120000:long|bars_to_confirm=1|signal_close=720.05|trigger=719.53|stop=718.92|target_r=1.5|risk_ps=1.13|atr=0.738272|vwap_dist_atr=0.878546|tick=0.01,720.01,88,63360.88,-96.8,-0.15,0,7.04,0.01,-96.8,-0.15,-144.5,-0.14,4
15,Exit short,2025-10-03 11:13,sl1|exit_reason=stop,719.83,131,94194.24,-103.49,-0.11,0,52.4,0.06,-103.49,-0.11,-247.99,-0.25,4
15,Entry short,2025-10-03 11:09,sl1|ver=0.1.0|variant=baseline|cfg=ema9_atr14_buf0.1_chase1_win3_tgt1.5_hold20_t935-1500_ent2_loss2_dd2_dirboth_risk100|setup_id=ir:0.1.0:BATS:META:1:1759504080000:short|bars_to_confirm=1|signal_close=719.06|trigger=719.25|stop=719.82|target_r=1.5|risk_ps=0.76|atr=0.662804|vwap_dist_atr=0.506231|tick=0.01,719.04,131,94194.24,-103.49,-0.11,0,52.4,0.06,-103.49,-0.11,-247.99,-0.25,4
16,Exit long,2025-10-06 09:59,sl1|exit_reason=target,700.32,42,29272.32,141.12,0.48,0,141.12,0.48,-4.62,-0.02,-106.87,-0.11,3
16,Entry long,2025-10-06 09:56,sl1|ver=0.1.0|variant=baseline|cfg=ema9_atr14_buf0.1_chase1_win3_tgt1.5_hold20_t935-1500_ent2_loss2_dd2_dirboth_risk100|setup_id=ir:0.1.0:BATS:META:1:1759758840000:long|bars_to_confirm=2|signal_close=697.05|trigger=696.96|stop=694.72|target_r=1.5|risk_ps=2.33|atr=1.641069|vwap_dist_atr=0.987933|tick=0.01,696.96,42,29272.32,141.12,0.48,0,141.12,0.48,-4.62,-0.02,-106.87,-0.11,3
17,Exit long,2025-10-07 10:17,sl1|exit_reason=stop,711.12,57,40637.58,-103.74,-0.26,0,0.57,0.00,-103.74,-0.26,-210.61,-0.21,5
17,Entry long,2025-10-07 10:12,sl1|ver=0.1.0|variant=baseline|cfg=ema9_atr14_buf0.1_chase1_win3_tgt1.5_hold20_t935-1500_ent2_loss2_dd2_dirboth_risk100|setup_id=ir:0.1.0:BATS:META:1:1759846260000:long|bars_to_confirm=1|signal_close=712.875|trigger=712.61|stop=711.13|target_r=1.5|risk_ps=1.745|atr=1.02565|vwap_dist_atr=0.407456|tick=0.01,712.94,57,40637.58,-103.74,-0.26,0,0.57,0.00,-103.74,-0.26,-210.61,-0.21,5
18,Exit long,2025-10-07 10:46,sl1|exit_reason=target,714.16,105,74833.5,153.3,0.20,0,153.3,0.20,-21,-0.03,-57.31,-0.06,4
18,Entry long,2025-10-07 10:42,sl1|ver=0.1.0|variant=baseline|cfg=ema9_atr14_buf0.1_chase1_win3_tgt1.5_hold20_t935-1500_ent2_loss2_dd2_dirboth_risk100|setup_id=ir:0.1.0:BATS:META:1:1759848060000:long|bars_to_confirm=1|signal_close=712.68|trigger=712.51|stop=711.73|target_r=1.5|risk_ps=0.95|atr=0.707817|vwap_dist_atr=0.57107|tick=0.01,712.7,105,74833.5,153.3,0.20,0,153.3,0.20,-21,-0.03,-57.31,-0.06,4
19,Exit short,2025-10-09 09:42,sl1|exit_reason=target,716.78,78,56067.96,159.12,0.28,0,159.12,0.28,-0.78,0.00,101.81,0.10,1
19,Entry short,2025-10-09 09:41,sl1|ver=0.1.0|variant=baseline|cfg=ema9_atr14_buf0.1_chase1_win3_tgt1.5_hold20_t935-1500_ent2_loss2_dd2_dirboth_risk100|setup_id=ir:0.1.0:BATS:META:1:1760017200000:short|bars_to_confirm=1|signal_close=718.91|trigger=719.41|stop=720.18|target_r=1.5|risk_ps=1.27|atr=1.095975|vwap_dist_atr=0.75994|tick=0.01,718.82,78,56067.96,159.12,0.28,0,159.12,0.28,-0.78,0.00,101.81,0.10,1
20,Exit long,2025-10-09 10:21,sl1|exit_reason=stop,716.62,50,35925.5,-94.5,-0.26,0,100,0.28,-94.5,-0.26,7.31,0.01,17
20,Entry long,2025-10-09 10:04,sl1|ver=0.1.0|variant=baseline|cfg=ema9_atr14_buf0.1_chase1_win3_tgt1.5_hold20_t935-1500_ent2_loss2_dd2_dirboth_risk100|setup_id=ir:0.1.0:BATS:META:1:1760018580000:long|bars_to_confirm=1|signal_close=718.6|trigger=717.9|stop=716.63|target_r=1.5|risk_ps=1.97|atr=0.996709|vwap_dist_atr=0.859272|tick=0.01,718.51,50,35925.5,-94.5,-0.26,0,100,0.28,-94.5,-0.26,7.31,0.01,17
21,Exit long,2025-10-10 09:48,sl1|exit_reason=stop,730.67,52,38084.28,-89.44,-0.23,0,29.12,0.08,-89.44,-0.23,-82.13,-0.08,1
21,Entry long,2025-10-10 09:47,sl1|ver=0.1.0|variant=baseline|cfg=ema9_atr14_buf0.1_chase1_win3_tgt1.5_hold20_t935-1500_ent2_loss2_dd2_dirboth_risk100|setup_id=ir:0.1.0:BATS:META:1:1760103960000:long|bars_to_confirm=1|signal_close=732.58|trigger=731.92|stop=730.68|target_r=1.5|risk_ps=1.9|atr=1.401433|vwap_dist_atr=0.631488|tick=0.01,732.39,52,38084.28,-89.44,-0.23,0,29.12,0.08,-89.44,-0.23,-82.13,-0.08,1
22,Exit short,2025-10-10 10:00,sl1|exit_reason=stop,732.21,58,42369.58,-98.6,-0.23,0,74.82,0.18,-98.6,-0.23,-180.73,-0.18,9
22,Entry short,2025-10-10 09:51,sl1|ver=0.1.0|variant=baseline|cfg=ema9_atr14_buf0.1_chase1_win3_tgt1.5_hold20_t935-1500_ent2_loss2_dd2_dirboth_risk100|setup_id=ir:0.1.0:BATS:META:1:1760104140000:short|bars_to_confirm=2|signal_close=730.5|trigger=730.55|stop=732.2|target_r=1.5|risk_ps=1.7|atr=1.374662|vwap_dist_atr=0.858067|tick=0.01,730.51,58,42369.58,-98.6,-0.23,0,74.82,0.18,-98.6,-0.23,-180.73,-0.18,9
23,Exit long,2025-10-15 10:06,sl1|exit_reason=target,720.99,51,36615.96,154.53,0.42,0,154.53,0.42,-54.06,-0.15,-26.2,-0.03,13
23,Entry long,2025-10-15 09:53,sl1|ver=0.1.0|variant=baseline|cfg=ema9_atr14_buf0.1_chase1_win3_tgt1.5_hold20_t935-1500_ent2_loss2_dd2_dirboth_risk100|setup_id=ir:0.1.0:BATS:META:1:1760536320000:long|bars_to_confirm=1|signal_close=717.9|trigger=717.63|stop=715.94|target_r=1.5|risk_ps=1.96|atr=1.211262|vwap_dist_atr=0.818799|tick=0.01,717.96,51,36615.96,154.53,0.42,0,154.53,0.42,-54.06,-0.15,-26.2,-0.03,13
24,Exit short,2025-10-16 09:38,sl1|exit_reason=stop,720.98,58,41728.1,-88.74,-0.21,0,0,0.00,-88.74,-0.21,-114.94,-0.11,0
24,Entry short,2025-10-16 09:38,sl1|ver=0.1.0|variant=baseline|cfg=ema9_atr14_buf0.1_chase1_win3_tgt1.5_hold20_t935-1500_ent2_loss2_dd2_dirboth_risk100|setup_id=ir:0.1.0:BATS:META:1:1760621820000:short|bars_to_confirm=1|signal_close=719.26|trigger=719.27|stop=720.97|target_r=1.5|risk_ps=1.71|atr=1.063202|vwap_dist_atr=0.780884|tick=0.01,719.45,58,41728.1,-88.74,-0.21,0,0,0.00,-88.74,-0.21,-114.94,-0.11,0
25,Exit short,2025-10-16 10:28,sl1|exit_reason=time,720.33,35,25242.7,31.15,0.12,0,53.9,0.21,-51.8,-0.21,-83.79,-0.08,20
25,Entry short,2025-10-16 10:08,sl1|ver=0.1.0|variant=baseline|cfg=ema9_atr14_buf0.1_chase1_win3_tgt1.5_hold20_t935-1500_ent2_loss2_dd2_dirboth_risk100|setup_id=ir:0.1.0:BATS:META:1:1760623620000:short|bars_to_confirm=1|signal_close=721.24|trigger=722.46|stop=724.07|target_r=1.5|risk_ps=2.83|atr=1.293192|vwap_dist_atr=0.982232|tick=0.01,721.22,35,25242.7,31.15,0.12,0,53.9,0.21,-51.8,-0.21,-83.79,-0.08,20
26,Exit long,2025-10-17 09:53,sl1|exit_reason=target,712.29,83,58996.4,123.67,0.21,0,123.67,0.21,-19.92,-0.03,39.88,0.04,1
26,Entry long,2025-10-17 09:52,sl1|ver=0.1.0|variant=baseline|cfg=ema9_atr14_buf0.1_chase1_win3_tgt1.5_hold20_t935-1500_ent2_loss2_dd2_dirboth_risk100|setup_id=ir:0.1.0:BATS:META:1:1760709060000:long|bars_to_confirm=1|signal_close=711.01|trigger=710.83|stop=709.81|target_r=1.5|risk_ps=1.2|atr=1.234747|vwap_dist_atr=0.730251|tick=0.01,710.8,83,58996.4,123.67,0.21,0,123.67,0.21,-19.92,-0.03,39.88,0.04,1
27,Exit short,2025-10-17 13:20,sl1|exit_reason=stop,711.2,140,99485.4,-82.6,-0.08,0,26.6,0.03,-82.6,-0.08,-42.72,-0.04,0
27,Entry short,2025-10-17 13:20,sl1|ver=0.1.0|variant=baseline|cfg=ema9_atr14_buf0.1_chase1_win3_tgt1.5_hold20_t935-1500_ent2_loss2_dd2_dirboth_risk100|setup_id=ir:0.1.0:BATS:META:1:1760721540000:short|bars_to_confirm=1|signal_close=710.66|trigger=710.79|stop=711.19|target_r=1.5|risk_ps=0.53|atr=0.510758|vwap_dist_atr=0.89812|tick=0.01,710.61,140,99485.4,-82.6,-0.08,0,26.6,0.03,-82.6,-0.08,-42.72,-0.04,0
28,Exit long,2025-10-20 09:47,sl1|exit_reason=target,725.86,91,65884.91,168.35,0.26,0,168.35,0.26,-54.6,-0.08,125.63,0.13,6
28,Entry long,2025-10-20 09:41,sl1|ver=0.1.0|variant=baseline|cfg=ema9_atr14_buf0.1_chase1_win3_tgt1.5_hold20_t935-1500_ent2_loss2_dd2_dirboth_risk100|setup_id=ir:0.1.0:BATS:META:1:1760967600000:long|bars_to_confirm=1|signal_close=723.87|trigger=723.62|stop=722.78|target_r=1.5|risk_ps=1.09|atr=0.997494|vwap_dist_atr=0.64224|tick=0.01,724.01,91,65884.91,168.35,0.26,0,168.35,0.26,-54.6,-0.08,125.63,0.13,6
29,Exit long,2025-10-21 09:38,sl1|exit_reason=stop,734.42,44,32415.24,-100.76,-0.31,0,23.32,0.07,-100.76,-0.31,24.87,0.02,2
29,Entry long,2025-10-21 09:36,sl1|ver=0.1.0|variant=baseline|cfg=ema9_atr14_buf0.1_chase1_win3_tgt1.5_hold20_t935-1500_ent2_loss2_dd2_dirboth_risk100|setup_id=ir:0.1.0:BATS:META:1:1761053640000:long|bars_to_confirm=2|signal_close=736.66|trigger=736.5|stop=734.43|target_r=1.5|risk_ps=2.23|atr=1.140573|vwap_dist_atr=0.762626|tick=0.01,736.71,44,32415.24,-100.76,-0.31,0,23.32,0.07,-100.76,-0.31,24.87,0.02,2
30,Exit long,2025-10-21 13:37,sl1|exit_reason=stop,732.08,102,74785.38,-113.22,-0.15,0,7.14,0.01,-113.22,-0.15,-88.35,-0.09,6
30,Entry long,2025-10-21 13:31,sl1|ver=0.1.0|variant=baseline|cfg=ema9_atr14_buf0.1_chase1_win3_tgt1.5_hold20_t935-1500_ent2_loss2_dd2_dirboth_risk100|setup_id=ir:0.1.0:BATS:META:1:1761067800000:long|bars_to_confirm=1|signal_close=733.07|trigger=732.8|stop=732.09|target_r=1.5|risk_ps=0.98|atr=0.559865|vwap_dist_atr=0.511874|tick=0.01,733.19,102,74785.38,-113.22,-0.15,0,7.14,0.01,-113.22,-0.15,-88.35,-0.09,6
31,Exit long,2025-10-22 11:02,sl1|exit_reason=stop,734.87,86,63308.04,-109.22,-0.17,0,44.72,0.07,-109.22,-0.17,-197.57,-0.20,3
31,Entry long,2025-10-22 10:59,sl1|ver=0.1.0|variant=baseline|cfg=ema9_atr14_buf0.1_chase1_win3_tgt1.5_hold20_t935-1500_ent2_loss2_dd2_dirboth_risk100|setup_id=ir:0.1.0:BATS:META:1:1761145080000:long|bars_to_confirm=1|signal_close=736.03|trigger=735.72|stop=734.88|target_r=1.5|risk_ps=1.15|atr=1.012088|vwap_dist_atr=0.93805|tick=0.01,736.14,86,63308.04,-109.22,-0.17,0,44.72,0.07,-109.22,-0.17,-197.57,-0.20,3
32,Exit short,2025-10-23 11:13,sl1|exit_reason=time,739.69,85,62803.1,-70.55,-0.11,0,92.65,0.15,-95.2,-0.15,-268.12,-0.27,20
32,Entry short,2025-10-23 10:53,sl1|ver=0.1.0|variant=baseline|cfg=ema9_atr14_buf0.1_chase1_win3_tgt1.5_hold20_t935-1500_ent2_loss2_dd2_dirboth_risk100|setup_id=ir:0.1.0:BATS:META:1:1761231120000:short|bars_to_confirm=1|signal_close=738.99|trigger=739.1|stop=740.16|target_r=1.5|risk_ps=1.17|atr=0.674965|vwap_dist_atr=0.485906|tick=0.01,738.86,85,62803.1,-70.55,-0.11,0,92.65,0.15,-95.2,-0.15,-268.12,-0.27,20
33,Exit long,2025-10-24 10:28,sl1|exit_reason=time,736.79,73,53734.57,51.1,0.10,0,108.04,0.20,-75.19,-0.14,-217.02,-0.22,20
33,Entry long,2025-10-24 10:08,sl1|ver=0.1.0|variant=baseline|cfg=ema9_atr14_buf0.1_chase1_win3_tgt1.5_hold20_t935-1500_ent2_loss2_dd2_dirboth_risk100|setup_id=ir:0.1.0:BATS:META:1:1761314820000:long|bars_to_confirm=1|signal_close=736.125|trigger=735.5|stop=734.76|target_r=1.5|risk_ps=1.365|atr=0.945484|vwap_dist_atr=0.952512|tick=0.01,736.09,73,53734.57,51.1,0.10,0,108.04,0.20,-75.19,-0.14,-217.02,-0.22,20
34,Exit short,2025-10-24 10:53,sl1|exit_reason=target,733.85,101,74250.15,131.3,0.18,0,131.3,0.18,-40.4,-0.05,-85.72,-0.09,5
34,Entry short,2025-10-24 10:48,sl1|ver=0.1.0|variant=baseline|cfg=ema9_atr14_buf0.1_chase1_win3_tgt1.5_hold20_t935-1500_ent2_loss2_dd2_dirboth_risk100|setup_id=ir:0.1.0:BATS:META:1:1761317220000:short|bars_to_confirm=1|signal_close=735.03|trigger=735.37|stop=736.02|target_r=1.5|risk_ps=0.99|atr=0.647644|vwap_dist_atr=0.661151|tick=0.01,735.15,101,74250.15,131.3,0.18,0,131.3,0.18,-40.4,-0.05,-85.72,-0.09,5
35,Exit long,2025-10-27 09:46,sl1|exit_reason=target,754.17,53,39842.22,128.79,0.32,0,128.79,0.32,-42.4,-0.11,43.07,0.04,1
35,Entry long,2025-10-27 09:45,sl1|ver=0.1.0|variant=baseline|cfg=ema9_atr14_buf0.1_chase1_win3_tgt1.5_hold20_t935-1500_ent2_loss2_dd2_dirboth_risk100|setup_id=ir:0.1.0:BATS:META:1:1761572640000:long|bars_to_confirm=1|signal_close=752|trigger=751.68|stop=750.12|target_r=1.5|risk_ps=1.88|atr=1.287731|vwap_dist_atr=0.466842|tick=0.01,751.74,53,39842.22,128.79,0.32,0,128.79,0.32,-42.4,-0.11,43.07,0.04,1
36,Exit short,2025-10-27 10:52,sl1|exit_reason=stop,753.84,84,63223.44,-99.12,-0.16,0,21,0.03,-99.12,-0.16,-56.05,-0.06,2
36,Entry short,2025-10-27 10:50,sl1|ver=0.1.0|variant=baseline|cfg=ema9_atr14_buf0.1_chase1_win3_tgt1.5_hold20_t935-1500_ent2_loss2_dd2_dirboth_risk100|setup_id=ir:0.1.0:BATS:META:1:1761576480000:short|bars_to_confirm=2|signal_close=752.65|trigger=752.76|stop=753.83|target_r=1.5|risk_ps=1.18|atr=0.740873|vwap_dist_atr=0.459368|tick=0.01,752.66,84,63223.44,-99.12,-0.16,0,21,0.03,-99.12,-0.16,-56.05,-0.06,2
37,Exit long,2025-10-28 09:41,sl1|exit_reason=target,756.81,59,44527.89,123.9,0.28,0,123.9,0.28,-12.39,-0.03,67.85,0.07,3
37,Entry long,2025-10-28 09:38,sl1|ver=0.1.0|variant=baseline|cfg=ema9_atr14_buf0.1_chase1_win3_tgt1.5_hold20_t935-1500_ent2_loss2_dd2_dirboth_risk100|setup_id=ir:0.1.0:BATS:META:1:1761658620000:long|bars_to_confirm=1|signal_close=754.98|trigger=754.88|stop=753.31|target_r=1.5|risk_ps=1.67|atr=1.12372|vwap_dist_atr=0.601206|tick=0.01,754.71,59,44527.89,123.9,0.28,0,123.9,0.28,-12.39,-0.03,67.85,0.07,3
38,Exit long,2025-10-28 10:02,sl1|exit_reason=stop,754.9,71,53698.01,-100.11,-0.19,0,63.9,0.12,-100.11,-0.19,-32.26,-0.03,6
38,Entry long,2025-10-28 09:56,sl1|ver=0.1.0|variant=baseline|cfg=ema9_atr14_buf0.1_chase1_win3_tgt1.5_hold20_t935-1500_ent2_loss2_dd2_dirboth_risk100|setup_id=ir:0.1.0:BATS:META:1:1761659640000:long|bars_to_confirm=2|signal_close=756.305|trigger=756.19|stop=754.91|target_r=1.5|risk_ps=1.395|atr=1.074563|vwap_dist_atr=0.791694|tick=0.01,756.31,71,53698.01,-100.11,-0.19,0,63.9,0.12,-100.11,-0.19,-32.26,-0.03,6
39,Exit long,2025-10-29 11:29,sl1|exit_reason=stop,748.63,106,79441.7,-86.92,-0.11,0,57.24,0.07,-86.92,-0.11,-119.18,-0.12,5
39,Entry long,2025-10-29 11:24,sl1|ver=0.1.0|variant=baseline|cfg=ema9_atr14_buf0.1_chase1_win3_tgt1.5_hold20_t935-1500_ent2_loss2_dd2_dirboth_risk100|setup_id=ir:0.1.0:BATS:META:1:1761751380000:long|bars_to_confirm=1|signal_close=749.58|trigger=749.13|stop=748.64|target_r=1.5|risk_ps=0.94|atr=0.675182|vwap_dist_atr=0.902856|tick=0.01,749.45,106,79441.7,-86.92,-0.11,0,57.24,0.07,-86.92,-0.11,-119.18,-0.12,5
40,Exit short,2025-10-29 12:58,sl1|exit_reason=target,748.22,133,99610.35,97.09,0.10,0,97.09,0.10,-1.33,0.00,-22.09,-0.02,1
40,Entry short,2025-10-29 12:57,sl1|ver=0.1.0|variant=baseline|cfg=ema9_atr14_buf0.1_chase1_win3_tgt1.5_hold20_t935-1500_ent2_loss2_dd2_dirboth_risk100|setup_id=ir:0.1.0:BATS:META:1:1761756960000:short|bars_to_confirm=1|signal_close=748.82|trigger=749.08|stop=749.44|target_r=1.5|risk_ps=0.62|atr=0.415189|vwap_dist_atr=0.998791|tick=0.01,748.95,133,99610.35,97.09,0.10,0,97.09,0.10,-1.33,0.00,-22.09,-0.02,1
41,Exit long,2025-10-30 10:45,sl1|exit_reason=stop,661.99,45,29891.25,-101.7,-0.34,0,4.05,0.01,-101.7,-0.34,-123.79,-0.12,1
41,Entry long,2025-10-30 10:44,sl1|ver=0.1.0|variant=baseline|cfg=ema9_atr14_buf0.1_chase1_win3_tgt1.5_hold20_t935-1500_ent2_loss2_dd2_dirboth_risk100|setup_id=ir:0.1.0:BATS:META:1:1761835380000:long|bars_to_confirm=1|signal_close=664.2|trigger=663.45|stop=662|target_r=1.5|risk_ps=2.2|atr=1.659672|vwap_dist_atr=0.64747|tick=0.01,664.25,45,29891.25,-101.7,-0.34,0,4.05,0.01,-101.7,-0.34,-123.79,-0.12,1
42,Exit long,2025-10-30 15:04,sl1|exit_reason=stop,664.27,44,29322.48,-94.6,-0.32,0,18.92,0.06,-94.6,-0.32,-218.39,-0.22,15
42,Entry long,2025-10-30 14:49,sl1|ver=0.1.0|variant=baseline|cfg=ema9_atr14_buf0.1_chase1_win3_tgt1.5_hold20_t935-1500_ent2_loss2_dd2_dirboth_risk100|setup_id=ir:0.1.0:BATS:META:1:1761850080000:long|bars_to_confirm=1|signal_close=666.52|trigger=666.14|stop=664.28|target_r=1.5|risk_ps=2.24|atr=1.183797|vwap_dist_atr=0.627479|tick=0.01,666.42,44,29322.48,-94.6,-0.32,0,18.92,0.06,-94.6,-0.32,-218.39,-0.22,15
43,Exit short,2025-11-03 10:25,sl1|exit_reason=target,651.1,40,26192,148,0.57,0,148,0.57,-8,-0.03,-70.39,-0.07,8
43,Entry short,2025-11-03 10:17,sl1|ver=0.1.0|variant=baseline|cfg=ema9_atr14_buf0.1_chase1_win3_tgt1.5_hold20_t935-1500_ent2_loss2_dd2_dirboth_risk100|setup_id=ir:0.1.0:BATS:META:1:1762182960000:short|bars_to_confirm=1|signal_close=654.82|trigger=655.02|stop=657.27|target_r=1.5|risk_ps=2.45|atr=1.279739|vwap_dist_atr=0.51797|tick=0.01,654.8,40,26192,148,0.57,0,148,0.57,-8,-0.03,-70.39,-0.07,8
44,Exit short,2025-11-04 09:41,sl1|exit_reason=stop,633.73,54,34118.28,-103.14,-0.30,0,38.34,0.11,-103.14,-0.30,-173.53,-0.17,0
44,Entry short,2025-11-04 09:41,sl1|ver=0.1.0|variant=baseline|cfg=ema9_atr14_buf0.1_chase1_win3_tgt1.5_hold20_t935-1500_ent2_loss2_dd2_dirboth_risk100|setup_id=ir:0.1.0:BATS:META:1:1762267200000:short|bars_to_confirm=1|signal_close=631.87|trigger=632.11|stop=633.72|target_r=1.5|risk_ps=1.85|atr=1.560161|vwap_dist_atr=0.425051|tick=0.01,631.82,54,34118.28,-103.14,-0.30,0,38.34,0.11,-103.14,-0.30,-173.53,-0.17,0
45,Exit long,2025-11-04 09:53,sl1|exit_reason=target,638.55,35,22195.95,153.3,0.69,0,153.3,0.69,-32.2,-0.15,-20.23,-0.02,3
45,Entry long,2025-11-04 09:50,sl1|ver=0.1.0|variant=baseline|cfg=ema9_atr14_buf0.1_chase1_win3_tgt1.5_hold20_t935-1500_ent2_loss2_dd2_dirboth_risk100|setup_id=ir:0.1.0:BATS:META:1:1762267740000:long|bars_to_confirm=1|signal_close=634.08|trigger=633.18|stop=631.25|target_r=1.5|risk_ps=2.83|atr=1.613284|vwap_dist_atr=0.915879|tick=0.01,634.17,35,22195.95,153.3,0.69,0,153.3,0.69,-32.2,-0.15,-20.23,-0.02,3
46,Exit long,2025-11-05 09:56,sl1|exit_reason=stop,629.01,58,36580.6,-98.02,-0.27,0,41.76,0.11,-98.02,-0.27,-118.25,-0.12,7
46,Entry long,2025-11-05 09:49,sl1|ver=0.1.0|variant=baseline|cfg=ema9_atr14_buf0.1_chase1_win3_tgt1.5_hold20_t935-1500_ent2_loss2_dd2_dirboth_risk100|setup_id=ir:0.1.0:BATS:META:1:1762354080000:long|bars_to_confirm=1|signal_close=630.74|trigger=630.37|stop=629.02|target_r=1.5|risk_ps=1.72|atr=1.28282|vwap_dist_atr=0.680353|tick=0.01,630.7,58,36580.6,-98.02,-0.27,0,41.76,0.11,-98.02,-0.27,-118.25,-0.12,7
47,Exit long,2025-11-06 12:58,sl1|exit_reason=time,624.47,109,68119.55,-52.32,-0.08,0,114.45,0.17,-106.82,-0.16,-170.57,-0.17,20
47,Entry long,2025-11-06 12:38,sl1|ver=0.1.0|variant=baseline|cfg=ema9_atr14_buf0.1_chase1_win3_tgt1.5_hold20_t935-1500_ent2_loss2_dd2_dirboth_risk100|setup_id=ir:0.1.0:BATS:META:1:1762450560000:long|bars_to_confirm=2|signal_close=624.84|trigger=624.73|stop=623.93|target_r=1.5|risk_ps=0.91|atr=0.674585|vwap_dist_atr=0.762588|tick=0.01,624.95,109,68119.55,-52.32,-0.08,0,114.45,0.17,-106.82,-0.16,-170.57,-0.17,20
48,Exit long,2025-11-06 14:25,sl1|exit_reason=time,624.32,65,40596.4,-15.6,-0.04,0,79.95,0.20,-68.9,-0.17,-186.17,-0.19,20
48,Entry long,2025-11-06 14:05,sl1|ver=0.1.0|variant=baseline|cfg=ema9_atr14_buf0.1_chase1_win3_tgt1.5_hold20_t935-1500_ent2_loss2_dd2_dirboth_risk100|setup_id=ir:0.1.0:BATS:META:1:1762455840000:long|bars_to_confirm=1|signal_close=624.48|trigger=624.3|stop=622.96|target_r=1.5|risk_ps=1.52|atr=0.566373|vwap_dist_atr=0.44283|tick=0.01,624.56,65,40596.4,-15.6,-0.04,0,79.95,0.20,-68.9,-0.17,-186.17,-0.19,20
49,Exit long,2025-11-10 10:00,sl1|exit_reason=time,630.76,33,20737.2,77.88,0.38,0,111.87,0.54,-38.28,-0.18,-108.29,-0.11,20
49,Entry long,2025-11-10 09:40,sl1|ver=0.1.0|variant=baseline|cfg=ema9_atr14_buf0.1_chase1_win3_tgt1.5_hold20_t935-1500_ent2_loss2_dd2_dirboth_risk100|setup_id=ir:0.1.0:BATS:META:1:1762785540000:long|bars_to_confirm=1|signal_close=628.29|trigger=627.76|stop=625.33|target_r=1.5|risk_ps=2.96|atr=1.326205|vwap_dist_atr=0.714586|tick=0.01,628.4,33,20737.2,77.88,0.38,0,111.87,0.54,-38.28,-0.18,-108.29,-0.11,20
50,Exit long,2025-11-10 11:49,sl1|exit_reason=time,630.78,131,82617.77,14.41,0.02,0,150.65,0.18,-48.47,-0.06,-93.88,-0.09,20
50,Entry long,2025-11-10 11:29,sl1|ver=0.1.0|variant=baseline|cfg=ema9_atr14_buf0.1_chase1_win3_tgt1.5_hold20_t935-1500_ent2_loss2_dd2_dirboth_risk100|setup_id=ir:0.1.0:BATS:META:1:1762792080000:long|bars_to_confirm=1|signal_close=630.61|trigger=630.6|stop=629.85|target_r=1.5|risk_ps=0.76|atr=0.599021|vwap_dist_atr=0.670501|tick=0.01,630.67,131,82617.77,14.41,0.02,0,150.65,0.18,-48.47,-0.06,-93.88,-0.09,20
51,Exit long,2025-11-11 10:06,sl1|exit_reason=stop,623.84,50,31294.5,-102.5,-0.33,0,14.5,0.05,-102.5,-0.33,-196.38,-0.20,7
51,Entry long,2025-11-11 09:59,sl1|ver=0.1.0|variant=baseline|cfg=ema9_atr14_buf0.1_chase1_win3_tgt1.5_hold20_t935-1500_ent2_loss2_dd2_dirboth_risk100|setup_id=ir:0.1.0:BATS:META:1:1762873020000:long|bars_to_confirm=2|signal_close=625.85|trigger=625.59|stop=623.85|target_r=1.5|risk_ps=2|atr=0.919944|vwap_dist_atr=0.450178|tick=0.01,625.89,50,31294.5,-102.5,-0.33,0,14.5,0.05,-102.5,-0.33,-196.38,-0.20,7
52,Exit short,2025-11-11 11:29,sl1|exit_reason=target,622.47,160,99712,116.8,0.12,0,116.8,0.12,-8,-0.01,-79.58,-0.08,1
52,Entry short,2025-11-11 11:28,sl1|ver=0.1.0|variant=baseline|cfg=ema9_atr14_buf0.1_chase1_win3_tgt1.5_hold20_t935-1500_ent2_loss2_dd2_dirboth_risk100|setup_id=ir:0.1.0:BATS:META:1:1762878420000:short|bars_to_confirm=1|signal_close=623.25|trigger=623.3|stop=623.69|target_r=1.5|risk_ps=0.44|atr=0.414305|vwap_dist_atr=0.483423|tick=0.01,623.2,160,99712,116.8,0.12,0,116.8,0.12,-8,-0.01,-79.58,-0.08,1
53,Exit long,2025-11-12 12:41,sl1|exit_reason=target,615.75,131,80511.29,151.96,0.19,0,151.96,0.19,-15.72,-0.02,72.38,0.07,6
53,Entry long,2025-11-12 12:35,sl1|ver=0.1.0|variant=baseline|cfg=ema9_atr14_buf0.1_chase1_win3_tgt1.5_hold20_t935-1500_ent2_loss2_dd2_dirboth_risk100|setup_id=ir:0.1.0:BATS:META:1:1762968840000:long|bars_to_confirm=1|signal_close=614.58|trigger=614.35|stop=613.82|target_r=1.5|risk_ps=0.76|atr=0.516737|vwap_dist_atr=0.503725|tick=0.01,614.59,131,80511.29,151.96,0.19,0,151.96,0.19,-15.72,-0.02,72.38,0.07,6
54,Exit long,2025-11-12 13:22,sl1|exit_reason=stop,613.95,162,99563.58,-103.68,-0.10,0,77.76,0.08,-103.68,-0.10,-31.3,-0.03,5
54,Entry long,2025-11-12 13:17,sl1|ver=0.1.0|variant=baseline|cfg=ema9_atr14_buf0.1_chase1_win3_tgt1.5_hold20_t935-1500_ent2_loss2_dd2_dirboth_risk100|setup_id=ir:0.1.0:BATS:META:1:1762971360000:long|bars_to_confirm=1|signal_close=614.48|trigger=614.37|stop=613.96|target_r=1.5|risk_ps=0.52|atr=0.434782|vwap_dist_atr=0.282771|tick=0.01,614.59,162,99563.58,-103.68,-0.10,0,77.76,0.08,-103.68,-0.10,-31.3,-0.03,5
55,Exit long,2025-11-13 09:43,sl1|exit_reason=stop,611.41,48,29445.12,-97.44,-0.33,0,39.84,0.14,-97.44,-0.33,-128.74,-0.13,1
55,Entry long,2025-11-13 09:42,sl1|ver=0.1.0|variant=baseline|cfg=ema9_atr14_buf0.1_chase1_win3_tgt1.5_hold20_t935-1500_ent2_loss2_dd2_dirboth_risk100|setup_id=ir:0.1.0:BATS:META:1:1763044860000:long|bars_to_confirm=1|signal_close=613.5|trigger=613.3|stop=611.42|target_r=1.5|risk_ps=2.08|atr=1.414646|vwap_dist_atr=0.887785|tick=0.01,613.44,48,29445.12,-97.44,-0.33,0,39.84,0.14,-97.44,-0.33,-128.74,-0.13,1
56,Exit short,2025-11-13 09:52,sl1|exit_reason=stop,613.83,40,24450,-103.2,-0.42,0,57.6,0.24,-103.2,-0.42,-231.94,-0.23,7
56,Entry short,2025-11-13 09:45,sl1|ver=0.1.0|variant=baseline|cfg=ema9_atr14_buf0.1_chase1_win3_tgt1.5_hold20_t935-1500_ent2_loss2_dd2_dirboth_risk100|setup_id=ir:0.1.0:BATS:META:1:1763045040000:short|bars_to_confirm=1|signal_close=611.34|trigger=611.36|stop=613.82|target_r=1.5|risk_ps=2.48|atr=1.402422|vwap_dist_atr=0.694478|tick=0.01,611.25,40,24450,-103.2,-0.42,0,57.6,0.24,-103.2,-0.42,-231.94,-0.23,7
57,Exit short,2025-11-18 09:56,sl1|exit_reason=time,587.25,23,13630.72,123.97,0.91,0,135.47,0.99,-34.5,-0.25,-107.97,-0.11,20
57,Entry short,2025-11-18 09:36,sl1|ver=0.1.0|variant=baseline|cfg=ema9_atr14_buf0.1_chase1_win3_tgt1.5_hold20_t935-1500_ent2_loss2_dd2_dirboth_risk100|setup_id=ir:0.1.0:BATS:META:1:1763476500000:short|bars_to_confirm=1|signal_close=592.65|trigger=593.37|stop=596.91|target_r=1.5|risk_ps=4.26|atr=1.888658|vwap_dist_atr=0.920744|tick=0.01,592.64,23,13630.72,123.97,0.91,0,135.47,0.99,-34.5,-0.25,-107.97,-0.11,20
58,Exit long,2025-11-20 10:44,sl1|exit_reason=time,601.97,68,40978.16,-44.2,-0.11,0,51,0.12,-82.96,-0.20,-152.17,-0.15,20
58,Entry long,2025-11-20 10:24,sl1|ver=0.1.0|variant=baseline|cfg=ema9_atr14_buf0.1_chase1_win3_tgt1.5_hold20_t935-1500_ent2_loss2_dd2_dirboth_risk100|setup_id=ir:0.1.0:BATS:META:1:1763652180000:long|bars_to_confirm=1|signal_close=602.82|trigger=602.72|stop=601.35|target_r=1.5|risk_ps=1.47|atr=1.164375|vwap_dist_atr=0.41789|tick=0.01,602.62,68,40978.16,-44.2,-0.11,0,51,0.12,-82.96,-0.20,-152.17,-0.15,20
59,Exit long,2025-11-21 11:48,sl1|exit_reason=target,590.02,87,51183.84,147.9,0.29,0,147.9,0.29,-13.05,-0.03,-4.27,0.00,7
59,Entry long,2025-11-21 11:41,sl1|ver=0.1.0|variant=baseline|cfg=ema9_atr14_buf0.1_chase1_win3_tgt1.5_hold20_t935-1500_ent2_loss2_dd2_dirboth_risk100|setup_id=ir:0.1.0:BATS:META:1:1763743080000:long|bars_to_confirm=3|signal_close=588.33|trigger=588.25|stop=587.19|target_r=1.5|risk_ps=1.14|atr=0.904355|vwap_dist_atr=0.649512|tick=0.01,588.32,87,51183.84,147.9,0.29,0,147.9,0.29,-13.05,-0.03,-4.27,0.00,7
60,Exit long,2025-11-24 09:46,sl1|exit_reason=target,605.02,39,23447.19,148.59,0.63,0,148.59,0.63,-35.49,-0.15,144.32,0.14,3
60,Entry long,2025-11-24 09:43,sl1|ver=0.1.0|variant=baseline|cfg=ema9_atr14_buf0.1_chase1_win3_tgt1.5_hold20_t935-1500_ent2_loss2_dd2_dirboth_risk100|setup_id=ir:0.1.0:BATS:META:1:1763995320000:long|bars_to_confirm=1|signal_close=601.19|trigger=600.52|stop=598.67|target_r=1.5|risk_ps=2.52|atr=1.25314|vwap_dist_atr=0.890646|tick=0.01,601.21,39,23447.19,148.59,0.63,0,148.59,0.63,-35.49,-0.15,144.32,0.14,3
61,Exit short,2025-11-26 10:50,sl1|exit_reason=stop,635.21,157,99641.62,-86.35,-0.09,0,12.56,0.01,-86.35,-0.09,57.97,0.06,1
61,Entry short,2025-11-26 10:49,sl1|ver=0.1.0|variant=baseline|cfg=ema9_atr14_buf0.1_chase1_win3_tgt1.5_hold20_t935-1500_ent2_loss2_dd2_dirboth_risk100|setup_id=ir:0.1.0:BATS:META:1:1764172020000:short|bars_to_confirm=2|signal_close=634.72|trigger=634.74|stop=635.2|target_r=1.5|risk_ps=0.48|atr=0.636398|vwap_dist_atr=0.644441|tick=0.01,634.66,157,99641.62,-86.35,-0.09,0,12.56,0.01,-86.35,-0.09,57.97,0.06,1
62,Exit long,2025-11-26 10:57,sl1|exit_reason=target,636.22,157,99759.37,127.17,0.13,0,127.17,0.13,-65.94,-0.07,185.14,0.19,2
62,Entry long,2025-11-26 10:55,sl1|ver=0.1.0|variant=baseline|cfg=ema9_atr14_buf0.1_chase1_win3_tgt1.5_hold20_t935-1500_ent2_loss2_dd2_dirboth_risk100|setup_id=ir:0.1.0:BATS:META:1:1764172320000:long|bars_to_confirm=3|signal_close=635.37|trigger=635.31|stop=634.87|target_r=1.5|risk_ps=0.5|atr=0.545794|vwap_dist_atr=0.44026|tick=0.01,635.41,157,99759.37,127.17,0.13,0,127.17,0.13,-65.94,-0.07,185.14,0.19,2
63,Exit long,2025-12-01 09:56,sl1|exit_reason=target,644.09,65,41696.85,169,0.41,0,169,0.41,-19.5,-0.05,354.14,0.35,3
63,Entry long,2025-12-01 09:53,sl1|ver=0.1.0|variant=baseline|cfg=ema9_atr14_buf0.1_chase1_win3_tgt1.5_hold20_t935-1500_ent2_loss2_dd2_dirboth_risk100|setup_id=ir:0.1.0:BATS:META:1:1764600720000:long|bars_to_confirm=1|signal_close=641.28|trigger=640.61|stop=639.76|target_r=1.5|risk_ps=1.52|atr=1.062815|vwap_dist_atr=0.809505|tick=0.01,641.49,65,41696.85,169,0.41,0,169,0.41,-19.5,-0.05,354.14,0.35,3
64,Exit short,2025-12-01 11:15,sl1|exit_reason=target,640.23,156,100013.16,137.28,0.14,0,137.28,0.14,-43.68,-0.04,491.42,0.49,2
64,Entry short,2025-12-01 11:13,sl1|ver=0.1.0|variant=baseline|cfg=ema9_atr14_buf0.1_chase1_win3_tgt1.5_hold20_t935-1500_ent2_loss2_dd2_dirboth_risk100|setup_id=ir:0.1.0:BATS:META:1:1764605520000:short|bars_to_confirm=1|signal_close=641.08|trigger=641.1|stop=641.7|target_r=1.5|risk_ps=0.62|atr=0.544248|vwap_dist_atr=0.627406|tick=0.01,641.11,156,100013.16,137.28,0.14,0,137.28,0.14,-43.68,-0.04,491.42,0.49,2
65,Exit short,2025-12-02 10:02,sl1|exit_reason=stop,643.66,46,29500.72,-107.64,-0.36,0,149.5,0.51,-107.64,-0.36,383.78,0.38,19
65,Entry short,2025-12-02 09:43,sl1|ver=0.1.0|variant=baseline|cfg=ema9_atr14_buf0.1_chase1_win3_tgt1.5_hold20_t935-1500_ent2_loss2_dd2_dirboth_risk100|setup_id=ir:0.1.0:BATS:META:1:1764686460000:short|bars_to_confirm=2|signal_close=641.44|trigger=641.48|stop=643.59|target_r=1.5|risk_ps=2.15|atr=0.934819|vwap_dist_atr=0.785458|tick=0.01,641.32,46,29500.72,-107.64,-0.36,0,149.5,0.51,-107.64,-0.36,383.78,0.38,19
66,Exit short,2025-12-02 11:23,sl1|exit_reason=target,640.03,87,55844.43,161.82,0.29,0,161.82,0.29,-40.02,-0.07,545.6,0.55,8
66,Entry short,2025-12-02 11:15,sl1|ver=0.1.0|variant=baseline|cfg=ema9_atr14_buf0.1_chase1_win3_tgt1.5_hold20_t935-1500_ent2_loss2_dd2_dirboth_risk100|setup_id=ir:0.1.0:BATS:META:1:1764692040000:short|bars_to_confirm=1|signal_close=641.99|trigger=642.37|stop=643.13|target_r=1.5|risk_ps=1.14|atr=0.641763|vwap_dist_atr=0.865769|tick=0.01,641.89,87,55844.43,161.82,0.29,0,161.82,0.29,-40.02,-0.07,545.6,0.55,8
67,Exit short,2025-12-03 09:40,sl1|exit_reason=stop,644.16,56,35970.48,-102.48,-0.28,0,24.08,0.07,-102.48,-0.28,443.12,0.44,4
67,Entry short,2025-12-03 09:36,sl1|ver=0.1.0|variant=baseline|cfg=ema9_atr14_buf0.1_chase1_win3_tgt1.5_hold20_t935-1500_ent2_loss2_dd2_dirboth_risk100|setup_id=ir:0.1.0:BATS:META:1:1764772500000:short|bars_to_confirm=1|signal_close=642.375|trigger=642.96|stop=644.15|target_r=1.5|risk_ps=1.775|atr=0.950138|vwap_dist_atr=0.653745|tick=0.01,642.33,56,35970.48,-102.48,-0.28,0,24.08,0.07,-102.48,-0.28,443.12,0.44,4
68,Exit short,2025-12-03 10:29,sl1|exit_reason=time,643.75,59,38050.28,69.03,0.18,0,128.03,0.34,-59.59,-0.16,512.15,0.51,20
68,Entry short,2025-12-03 10:09,sl1|ver=0.1.0|variant=baseline|cfg=ema9_atr14_buf0.1_chase1_win3_tgt1.5_hold20_t935-1500_ent2_loss2_dd2_dirboth_risk100|setup_id=ir:0.1.0:BATS:META:1:1764774420000:short|bars_to_confirm=2|signal_close=644.92|trigger=645.32|stop=646.59|target_r=1.5|risk_ps=1.67|atr=0.937319|vwap_dist_atr=0.69984|tick=0.01,644.92,59,38050.28,69.03,0.18,0,128.03,0.34,-59.59,-0.16,512.15,0.51,20
69,Exit short,2025-12-04 09:46,sl1|exit_reason=target,660.66,34,22605.58,143.14,0.63,0,143.14,0.63,-4.76,-0.02,655.29,0.66,3
69,Entry short,2025-12-04 09:43,sl1|ver=0.1.0|variant=baseline|cfg=ema9_atr14_buf0.1_chase1_win3_tgt1.5_hold20_t935-1500_ent2_loss2_dd2_dirboth_risk100|setup_id=ir:0.1.0:BATS:META:1:1764859320000:short|bars_to_confirm=1|signal_close=664.77|trigger=665|stop=667.68|target_r=1.5|risk_ps=2.91|atr=2.941808|vwap_dist_atr=0.394769|tick=0.01,664.87,34,22605.58,143.14,0.63,0,143.14,0.63,-4.76,-0.02,655.29,0.66,3
70,Exit long,2025-12-04 10:24,sl1|exit_reason=stop,664.17,39,26005.98,-103.35,-0.40,0,93.6,0.36,-103.35,-0.40,551.94,0.55,19
70,Entry long,2025-12-04 10:05,sl1|ver=0.1.0|variant=baseline|cfg=ema9_atr14_buf0.1_chase1_win3_tgt1.5_hold20_t935-1500_ent2_loss2_dd2_dirboth_risk100|setup_id=ir:0.1.0:BATS:META:1:1764860640000:long|bars_to_confirm=1|signal_close=666.72|trigger=665.87|stop=664.18|target_r=1.5|risk_ps=2.54|atr=2.037049|vwap_dist_atr=0.843788|tick=0.01,666.82,39,26005.98,-103.35,-0.40,0,93.6,0.36,-103.35,-0.40,551.94,0.55,19
71,Exit long,2025-12-05 10:07,sl1|exit_reason=target,666.99,108,71890.2,144.72,0.20,0,144.72,0.20,-11.88,-0.02,696.66,0.70,3
71,Entry long,2025-12-05 10:04,sl1|ver=0.1.0|variant=baseline|cfg=ema9_atr14_buf0.1_chase1_win3_tgt1.5_hold20_t935-1500_ent2_loss2_dd2_dirboth_risk100|setup_id=ir:0.1.0:BATS:META:1:1764946980000:long|bars_to_confirm=1|signal_close=665.68|trigger=665.62|stop=664.76|target_r=1.5|risk_ps=0.92|atr=0.963279|vwap_dist_atr=0.16455|tick=0.01,665.65,108,71890.2,144.72,0.20,0,144.72,0.20,-11.88,-0.02,696.66,0.70,3
72,Exit short,2025-12-05 11:24,sl1|exit_reason=stop,668.88,147,98210.7,-114.66,-0.12,0,63.21,0.06,-114.66,-0.12,582,0.58,7
72,Entry short,2025-12-05 11:17,sl1|ver=0.1.0|variant=baseline|cfg=ema9_atr14_buf0.1_chase1_win3_tgt1.5_hold20_t935-1500_ent2_loss2_dd2_dirboth_risk100|setup_id=ir:0.1.0:BATS:META:1:1764951360000:short|bars_to_confirm=1|signal_close=668.19|trigger=668.2|stop=668.87|target_r=1.5|risk_ps=0.68|atr=0.60825|vwap_dist_atr=0.383334|tick=0.01,668.1,147,98210.7,-114.66,-0.12,0,63.21,0.06,-114.66,-0.12,582,0.58,7
73,Exit long,2025-12-08 11:40,sl1|exit_reason=time,670.09,117,78374.79,25.74,0.03,0,111.15,0.14,-93.6,-0.12,607.74,0.61,20
73,Entry long,2025-12-08 11:20,sl1|ver=0.1.0|variant=baseline|cfg=ema9_atr14_buf0.1_chase1_win3_tgt1.5_hold20_t935-1500_ent2_loss2_dd2_dirboth_risk100|setup_id=ir:0.1.0:BATS:META:1:1765210740000:long|bars_to_confirm=1|signal_close=669.88|trigger=669.69|stop=669.03|target_r=1.5|risk_ps=0.85|atr=0.574752|vwap_dist_atr=0.846631|tick=0.01,669.87,117,78374.79,25.74,0.03,0,111.15,0.14,-93.6,-0.12,607.74,0.61,20
74,Exit short,2025-12-08 12:06,sl1|exit_reason=stop,669.81,142,95006.52,-106.5,-0.11,0,139.16,0.15,-106.5,-0.11,501.24,0.50,16
74,Entry short,2025-12-08 11:50,sl1|ver=0.1.0|variant=baseline|cfg=ema9_atr14_buf0.1_chase1_win3_tgt1.5_hold20_t935-1500_ent2_loss2_dd2_dirboth_risk100|setup_id=ir:0.1.0:BATS:META:1:1765212540000:short|bars_to_confirm=1|signal_close=669.1|trigger=669.38|stop=669.8|target_r=1.5|risk_ps=0.7|atr=0.404302|vwap_dist_atr=0.919429|tick=0.01,669.06,142,95006.52,-106.5,-0.11,0,139.16,0.15,-106.5,-0.11,501.24,0.50,16
75,Exit long,2025-12-09 10:08,sl1|exit_reason=stop,656.22,70,46034.1,-98.7,-0.21,0,88.9,0.19,-98.7,-0.21,402.54,0.40,7
75,Entry long,2025-12-09 10:01,sl1|ver=0.1.0|variant=baseline|cfg=ema9_atr14_buf0.1_chase1_win3_tgt1.5_hold20_t935-1500_ent2_loss2_dd2_dirboth_risk100|setup_id=ir:0.1.0:BATS:META:1:1765292400000:long|bars_to_confirm=1|signal_close=657.65|trigger=657.02|stop=656.23|target_r=1.5|risk_ps=1.42|atr=1.103613|vwap_dist_atr=0.94404|tick=0.01,657.63,70,46034.1,-98.7,-0.21,0,88.9,0.19,-98.7,-0.21,402.54,0.40,7
76,Exit long,2025-12-09 10:27,sl1|exit_reason=stop,656.17,74,48665.36,-108.78,-0.22,0,38.48,0.08,-108.78,-0.22,293.76,0.29,14
76,Entry long,2025-12-09 10:13,sl1|ver=0.1.0|variant=baseline|cfg=ema9_atr14_buf0.1_chase1_win3_tgt1.5_hold20_t935-1500_ent2_loss2_dd2_dirboth_risk100|setup_id=ir:0.1.0:BATS:META:1:1765293000000:long|bars_to_confirm=3|signal_close=657.52|trigger=657.4|stop=656.18|target_r=1.5|risk_ps=1.34|atr=0.927218|vwap_dist_atr=0.835378|tick=0.01,657.64,74,48665.36,-108.78,-0.22,0,38.48,0.08,-108.78,-0.22,293.76,0.29,14
77,Exit long,2025-12-10 10:07,sl1|exit_reason=time,650.99,48,31243.68,3.84,0.01,0,57.12,0.18,-73.92,-0.24,297.6,0.30,20
77,Entry long,2025-12-10 09:47,sl1|ver=0.1.0|variant=baseline|cfg=ema9_atr14_buf0.1_chase1_win3_tgt1.5_hold20_t935-1500_ent2_loss2_dd2_dirboth_risk100|setup_id=ir:0.1.0:BATS:META:1:1765377960000:long|bars_to_confirm=1|signal_close=650.86|trigger=650.46|stop=648.81|target_r=1.5|risk_ps=2.05|atr=1.406204|vwap_dist_atr=0.645762|tick=0.01,650.91,48,31243.68,3.84,0.01,0,57.12,0.18,-73.92,-0.24,297.6,0.30,20
78,Exit short,2025-12-10 10:54,sl1|exit_reason=target,648.66,108,70210.8,155.52,0.22,0,155.52,0.22,-101.52,-0.14,453.12,0.45,15
78,Entry short,2025-12-10 10:39,sl1|ver=0.1.0|variant=baseline|cfg=ema9_atr14_buf0.1_chase1_win3_tgt1.5_hold20_t935-1500_ent2_loss2_dd2_dirboth_risk100|setup_id=ir:0.1.0:BATS:META:1:1765381020000:short|bars_to_confirm=2|signal_close=650.14|trigger=650.19|stop=651.06|target_r=1.5|risk_ps=0.92|atr=0.620026|vwap_dist_atr=0.620084|tick=0.01,650.1,108,70210.8,155.52,0.22,0,155.52,0.22,-101.52,-0.14,453.12,0.45,15
79,Exit long,2025-12-11 13:26,sl1|exit_reason=stop,649.06,154,100032.24,-77,-0.08,0,16.94,0.02,-77,-0.08,376.12,0.38,4
79,Entry long,2025-12-11 13:22,sl1|ver=0.1.0|variant=baseline|cfg=ema9_atr14_buf0.1_chase1_win3_tgt1.5_hold20_t935-1500_ent2_loss2_dd2_dirboth_risk100|setup_id=ir:0.1.0:BATS:META:1:1765477260000:long|bars_to_confirm=1|signal_close=649.55|trigger=649.43|stop=649.07|target_r=1.5|risk_ps=0.48|atr=0.348258|vwap_dist_atr=0.582381|tick=0.01,649.56,154,100032.24,-77,-0.08,0,16.94,0.02,-77,-0.08,376.12,0.38,4
80,Exit short,2025-12-12 09:49,sl1|exit_reason=target,646.81,62,40238,135.78,0.34,0,135.78,0.34,-13.02,-0.03,511.9,0.51,6
80,Entry short,2025-12-12 09:43,sl1|ver=0.1.0|variant=baseline|cfg=ema9_atr14_buf0.1_chase1_win3_tgt1.5_hold20_t935-1500_ent2_loss2_dd2_dirboth_risk100|setup_id=ir:0.1.0:BATS:META:1:1765550520000:short|bars_to_confirm=1|signal_close=648.87|trigger=649|stop=650.46|target_r=1.5|risk_ps=1.59|atr=1.120253|vwap_dist_atr=0.715103|tick=0.01,649,62,40238,135.78,0.34,0,135.78,0.34,-13.02,-0.03,511.9,0.51,6
81,Exit long,2025-12-12 12:51,sl1|exit_reason=stop,644.77,155,100026.15,-86.8,-0.09,0,41.85,0.04,-86.8,-0.09,425.1,0.43,4
81,Entry long,2025-12-12 12:47,sl1|ver=0.1.0|variant=baseline|cfg=ema9_atr14_buf0.1_chase1_win3_tgt1.5_hold20_t935-1500_ent2_loss2_dd2_dirboth_risk100|setup_id=ir:0.1.0:BATS:META:1:1765561500000:long|bars_to_confirm=2|signal_close=645.395|trigger=645.06|stop=644.78|target_r=1.5|risk_ps=0.615|atr=0.528332|vwap_dist_atr=0.783981|tick=0.01,645.33,155,100026.15,-86.8,-0.09,0,41.85,0.04,-86.8,-0.09,425.1,0.43,4
82,Exit short,2025-12-16 10:43,sl1|exit_reason=time,650.22,70,45469.2,-46.2,-0.10,0,85.4,0.19,-82.6,-0.18,378.9,0.38,20
82,Entry short,2025-12-16 10:23,sl1|ver=0.1.0|variant=baseline|cfg=ema9_atr14_buf0.1_chase1_win3_tgt1.5_hold20_t935-1500_ent2_loss2_dd2_dirboth_risk100|setup_id=ir:0.1.0:BATS:META:1:1765898520000:short|bars_to_confirm=1|signal_close=649.67|trigger=650.35|stop=651.09|target_r=1.5|risk_ps=1.42|atr=0.907735|vwap_dist_atr=0.900488|tick=0.01,649.56,70,45469.2,-46.2,-0.10,0,85.4,0.19,-82.6,-0.18,378.9,0.38,20
83,Exit short,2025-12-16 11:37,sl1|exit_reason=target,648.47,101,65662.12,166.65,0.25,0,166.65,0.25,-48.48,-0.07,545.55,0.55,13
83,Entry short,2025-12-16 11:24,sl1|ver=0.1.0|variant=baseline|cfg=ema9_atr14_buf0.1_chase1_win3_tgt1.5_hold20_t935-1500_ent2_loss2_dd2_dirboth_risk100|setup_id=ir:0.1.0:BATS:META:1:1765902180000:short|bars_to_confirm=1|signal_close=650.235|trigger=650.6|stop=651.22|target_r=1.5|risk_ps=0.985|atr=0.605356|vwap_dist_atr=0.94707|tick=0.01,650.12,101,65662.12,166.65,0.25,0,166.65,0.25,-48.48,-0.07,545.55,0.55,13
84,Exit short,2025-12-17 09:59,sl1|exit_reason=stop,657.4,44,28820.88,-104.72,-0.36,0,44.88,0.16,-104.72,-0.36,440.83,0.44,7
84,Entry short,2025-12-17 09:52,sl1|ver=0.1.0|variant=baseline|cfg=ema9_atr14_buf0.1_chase1_win3_tgt1.5_hold20_t935-1500_ent2_loss2_dd2_dirboth_risk100|setup_id=ir:0.1.0:BATS:META:1:1765983060000:short|bars_to_confirm=1|signal_close=655.1|trigger=655.23|stop=657.37|target_r=1.5|risk_ps=2.27|atr=1.240563|vwap_dist_atr=0.930217|tick=0.01,655.02,44,28820.88,-104.72,-0.36,0,44.88,0.16,-104.72,-0.36,440.83,0.44,7
85,Exit short,2025-12-17 11:14,sl1|exit_reason=time,655.8,54,35433.18,19.98,0.06,0,35.64,0.10,-88.56,-0.25,460.81,0.46,20
85,Entry short,2025-12-17 10:54,sl1|ver=0.1.0|variant=baseline|cfg=ema9_atr14_buf0.1_chase1_win3_tgt1.5_hold20_t935-1500_ent2_loss2_dd2_dirboth_risk100|setup_id=ir:0.1.0:BATS:META:1:1765986780000:short|bars_to_confirm=1|signal_close=656.42|trigger=657|stop=658.25|target_r=1.5|risk_ps=1.83|atr=0.926345|vwap_dist_atr=0.994034|tick=0.01,656.17,54,35433.18,19.98,0.06,0,35.64,0.10,-88.56,-0.25,460.81,0.46,20
86,Exit long,2025-12-18 10:07,sl1|exit_reason=time,663.13,45,29737.35,103.5,0.35,0,139.05,0.47,-72.9,-0.25,564.31,0.56,20
86,Entry long,2025-12-18 09:47,sl1|ver=0.1.0|variant=baseline|cfg=ema9_atr14_buf0.1_chase1_win3_tgt1.5_hold20_t935-1500_ent2_loss2_dd2_dirboth_risk100|setup_id=ir:0.1.0:BATS:META:1:1766069160000:long|bars_to_confirm=1|signal_close=660.68|trigger=660.5|stop=658.49|target_r=1.5|risk_ps=2.19|atr=1.327768|vwap_dist_atr=0.392821|tick=0.01,660.83,45,29737.35,103.5,0.35,0,139.05,0.47,-72.9,-0.25,564.31,0.56,20
87,Exit short,2025-12-18 12:16,sl1|exit_reason=target,662.61,107,71069.4,170.13,0.24,0,170.13,0.24,-35.31,-0.05,734.44,0.73,6
87,Entry short,2025-12-18 12:10,sl1|ver=0.1.0|variant=baseline|cfg=ema9_atr14_buf0.1_chase1_win3_tgt1.5_hold20_t935-1500_ent2_loss2_dd2_dirboth_risk100|setup_id=ir:0.1.0:BATS:META:1:1766077740000:short|bars_to_confirm=1|signal_close=664.33|trigger=664.5|stop=665.26|target_r=1.5|risk_ps=0.93|atr=0.534988|vwap_dist_atr=0.727952|tick=0.01,664.2,107,71069.4,170.13,0.24,0,170.13,0.24,-35.31,-0.05,734.44,0.73,6
88,Exit long,2025-12-19 09:45,sl1|exit_reason=stop,663.06,81,53813.97,-106.11,-0.20,0,0,0.00,-106.11,-0.20,628.33,0.63,0
88,Entry long,2025-12-19 09:45,sl1|ver=0.1.0|variant=baseline|cfg=ema9_atr14_buf0.1_chase1_win3_tgt1.5_hold20_t935-1500_ent2_loss2_dd2_dirboth_risk100|setup_id=ir:0.1.0:BATS:META:1:1766155440000:long|bars_to_confirm=1|signal_close=664.29|trigger=664.26|stop=663.07|target_r=1.5|risk_ps=1.22|atr=1.179152|vwap_dist_atr=0.545271|tick=0.01,664.37,81,53813.97,-106.11,-0.20,0,0,0.00,-106.11,-0.20,628.33,0.63,0
89,Exit long,2025-12-19 09:49,sl1|exit_reason=stop,663.13,76,50502,-104.12,-0.21,0,0,0.00,-104.12,-0.21,524.21,0.52,0
89,Entry long,2025-12-19 09:49,sl1|ver=0.1.0|variant=baseline|cfg=ema9_atr14_buf0.1_chase1_win3_tgt1.5_hold20_t935-1500_ent2_loss2_dd2_dirboth_risk100|setup_id=ir:0.1.0:BATS:META:1:1766155680000:long|bars_to_confirm=1|signal_close=664.44|trigger=664.28|stop=663.14|target_r=1.5|risk_ps=1.3|atr=1.176676|vwap_dist_atr=0.69652|tick=0.01,664.5,76,50502,-104.12,-0.21,0,0,0.00,-104.12,-0.21,524.21,0.52,0
90,Exit short,2025-12-22 10:18,sl1|exit_reason=target,665.31,58,38728.92,140.94,0.36,0,140.94,0.36,-11.02,-0.03,665.15,0.67,12
90,Entry short,2025-12-22 10:06,sl1|ver=0.1.0|variant=baseline|cfg=ema9_atr14_buf0.1_chase1_win3_tgt1.5_hold20_t935-1500_ent2_loss2_dd2_dirboth_risk100|setup_id=ir:0.1.0:BATS:META:1:1766415900000:short|bars_to_confirm=1|signal_close=667.65|trigger=667.81|stop=669.36|target_r=1.5|risk_ps=1.71|atr=1.217349|vwap_dist_atr=0.99319|tick=0.01,667.74,58,38728.92,140.94,0.36,0,140.94,0.36,-11.02,-0.03,665.15,0.67,12
91,Exit long,2025-12-23 10:51,sl1|exit_reason=time,663.35,151,100090.35,75.5,0.08,0,92.11,0.09,-61.91,-0.06,740.65,0.74,20
91,Entry long,2025-12-23 10:31,sl1|ver=0.1.0|variant=baseline|cfg=ema9_atr14_buf0.1_chase1_win3_tgt1.5_hold20_t935-1500_ent2_loss2_dd2_dirboth_risk100|setup_id=ir:0.1.0:BATS:META:1:1766503800000:long|bars_to_confirm=1|signal_close=662.89|trigger=662.67|stop=662.25|target_r=1.5|risk_ps=0.64|atr=0.595354|vwap_dist_atr=0.578356|tick=0.01,662.85,151,100090.35,75.5,0.08,0,92.11,0.09,-61.91,-0.06,740.65,0.74,20
92,Exit long,2025-12-24 09:54,sl1|exit_reason=target,666.57,109,72525.33,130.8,0.18,0,130.8,0.18,-29.43,-0.04,871.45,0.87,4
92,Entry long,2025-12-24 09:50,sl1|ver=0.1.0|variant=baseline|cfg=ema9_atr14_buf0.1_chase1_win3_tgt1.5_hold20_t935-1500_ent2_loss2_dd2_dirboth_risk100|setup_id=ir:0.1.0:BATS:META:1:1766587680000:long|bars_to_confirm=2|signal_close=665.48|trigger=665.01|stop=664.57|target_r=1.5|risk_ps=0.91|atr=0.676023|vwap_dist_atr=0.744366|tick=0.01,665.37,109,72525.33,130.8,0.18,0,130.8,0.18,-29.43,-0.04,871.45,0.87,4
93,Exit long,2025-12-24 10:28,sl1|exit_reason=stop,665.38,151,100546.37,-73.99,-0.07,0,9.06,0.01,-73.99,-0.07,797.46,0.80,1
93,Entry long,2025-12-24 10:27,sl1|ver=0.1.0|variant=baseline|cfg=ema9_atr14_buf0.1_chase1_win3_tgt1.5_hold20_t935-1500_ent2_loss2_dd2_dirboth_risk100|setup_id=ir:0.1.0:BATS:META:1:1766589900000:long|bars_to_confirm=2|signal_close=665.89|trigger=665.74|stop=665.39|target_r=1.5|risk_ps=0.5|atr=0.447886|vwap_dist_atr=0.668172|tick=0.01,665.87,151,100546.37,-73.99,-0.07,0,9.06,0.01,-73.99,-0.07,797.46,0.80,1
94,Exit short,2025-12-29 10:06,sl1|exit_reason=time,657.16,38,24994.5,22.42,0.09,0,60.04,0.24,-56.24,-0.23,819.88,0.82,20
94,Entry short,2025-12-29 09:46,sl1|ver=0.1.0|variant=baseline|cfg=ema9_atr14_buf0.1_chase1_win3_tgt1.5_hold20_t935-1500_ent2_loss2_dd2_dirboth_risk100|setup_id=ir:0.1.0:BATS:META:1:1767019500000:short|bars_to_confirm=1|signal_close=657.75|trigger=658.19|stop=660.36|target_r=1.5|risk_ps=2.61|atr=1.075726|vwap_dist_atr=0.430438|tick=0.01,657.75,38,24994.5,22.42,0.09,0,60.04,0.24,-56.24,-0.23,819.88,0.82,20
95,Exit short,2025-12-29 10:53,sl1|exit_reason=stop,658.34,153,100638.81,-87.21,-0.09,0,19.89,0.02,-87.21,-0.09,732.67,0.73,2
95,Entry short,2025-12-29 10:51,sl1|ver=0.1.0|variant=baseline|cfg=ema9_atr14_buf0.1_chase1_win3_tgt1.5_hold20_t935-1500_ent2_loss2_dd2_dirboth_risk100|setup_id=ir:0.1.0:BATS:META:1:1767023400000:short|bars_to_confirm=1|signal_close=657.8|trigger=657.81|stop=658.33|target_r=1.5|risk_ps=0.53|atr=0.461464|vwap_dist_atr=0.322697|tick=0.01,657.77,153,100638.81,-87.21,-0.09,0,19.89,0.02,-87.21,-0.09,732.67,0.73,2
96,Exit short,2025-12-30 10:33,sl1|exit_reason=target,665.81,109,72707.36,134.07,0.18,0,134.07,0.18,-58.86,-0.08,866.74,0.87,17
96,Entry short,2025-12-30 10:16,sl1|ver=0.1.0|variant=baseline|cfg=ema9_atr14_buf0.1_chase1_win3_tgt1.5_hold20_t935-1500_ent2_loss2_dd2_dirboth_risk100|setup_id=ir:0.1.0:BATS:META:1:1767107700000:short|bars_to_confirm=1|signal_close=666.95|trigger=667.13|stop=667.86|target_r=1.5|risk_ps=0.91|atr=0.852093|vwap_dist_atr=0.496511|tick=0.01,667.04,109,72707.36,134.07,0.18,0,134.07,0.18,-58.86,-0.08,866.74,0.87,17
97,Exit short,2025-12-30 11:21,sl1|exit_reason=stop,667.17,151,100679.25,-63.42,-0.06,0,86.07,0.09,-63.42,-0.06,803.32,0.80,10
97,Entry short,2025-12-30 11:11,sl1|ver=0.1.0|variant=baseline|cfg=ema9_atr14_buf0.1_chase1_win3_tgt1.5_hold20_t935-1500_ent2_loss2_dd2_dirboth_risk100|setup_id=ir:0.1.0:BATS:META:1:1767111000000:short|bars_to_confirm=1|signal_close=666.73|trigger=666.88|stop=667.16|target_r=1.5|risk_ps=0.43|atr=0.384893|vwap_dist_atr=0.994127|tick=0.01,666.75,151,100679.25,-63.42,-0.06,0,86.07,0.09,-63.42,-0.06,803.32,0.80,10
98,Exit long,2025-12-31 11:29,sl1|exit_reason=target,663.67,152,100742.56,135.28,0.13,0,135.28,0.13,-7.6,-0.01,938.6,0.94,5
98,Entry long,2025-12-31 11:24,sl1|ver=0.1.0|variant=baseline|cfg=ema9_atr14_buf0.1_chase1_win3_tgt1.5_hold20_t935-1500_ent2_loss2_dd2_dirboth_risk100|setup_id=ir:0.1.0:BATS:META:1:1767198060000:long|bars_to_confirm=3|signal_close=662.76|trigger=662.75|stop=662.19|target_r=1.5|risk_ps=0.57|atr=0.330181|vwap_dist_atr=0.912782|tick=0.01,662.78,152,100742.56,135.28,0.13,0,135.28,0.13,-7.6,-0.01,938.6,0.94,5
99,Exit short,2025-12-31 13:06,sl1|exit_reason=target,662.13,152,100718.24,74.48,0.07,0,74.48,0.07,-30.4,-0.03,1013.08,1.01,13
99,Entry short,2025-12-31 12:53,sl1|ver=0.1.0|variant=baseline|cfg=ema9_atr14_buf0.1_chase1_win3_tgt1.5_hold20_t935-1500_ent2_loss2_dd2_dirboth_risk100|setup_id=ir:0.1.0:BATS:META:1:1767203520000:short|bars_to_confirm=1|signal_close=662.54|trigger=662.59|stop=662.95|target_r=1.5|risk_ps=0.41|atr=0.182527|vwap_dist_atr=0.70061|tick=0.01,662.62,152,100718.24,74.48,0.07,0,74.48,0.07,-30.4,-0.03,1013.08,1.01,13
100,Exit short,2026-01-02 10:12,sl1|exit_reason=target,656.57,72,47416.32,143.28,0.30,0,143.28,0.30,-2.88,-0.01,1156.36,1.16,1
100,Entry short,2026-01-02 10:11,sl1|ver=0.1.0|variant=baseline|cfg=ema9_atr14_buf0.1_chase1_win3_tgt1.5_hold20_t935-1500_ent2_loss2_dd2_dirboth_risk100|setup_id=ir:0.1.0:BATS:META:1:1767366600000:short|bars_to_confirm=1|signal_close=658.51|trigger=658.9|stop=659.89|target_r=1.5|risk_ps=1.38|atr=0.888542|vwap_dist_atr=0.488698|tick=0.01,658.56,72,47416.32,143.28,0.30,0,143.28,0.30,-2.88,-0.01,1156.36,1.16,1
101,Exit long,2026-01-02 14:30,sl1|exit_reason=target,652.75,155,101055.35,120.9,0.12,0,120.9,0.12,-9.3,-0.01,1277.26,1.28,6
101,Entry long,2026-01-02 14:24,sl1|ver=0.1.0|variant=baseline|cfg=ema9_atr14_buf0.1_chase1_win3_tgt1.5_hold20_t935-1500_ent2_loss2_dd2_dirboth_risk100|setup_id=ir:0.1.0:BATS:META:1:1767381780000:long|bars_to_confirm=1|signal_close=651.88|trigger=651.75|stop=651.45|target_r=1.5|risk_ps=0.43|atr=0.415399|vwap_dist_atr=0.590798|tick=0.01,651.97,155,101055.35,120.9,0.12,0,120.9,0.12,-9.3,-0.01,1277.26,1.28,6
102,Exit long,2026-01-05 13:30,sl1|exit_reason=target,661,153,101022.84,110.16,0.11,0,110.16,0.11,-4.59,0.00,1387.42,1.39,5
102,Entry long,2026-01-05 13:25,sl1|ver=0.1.0|variant=baseline|cfg=ema9_atr14_buf0.1_chase1_win3_tgt1.5_hold20_t935-1500_ent2_loss2_dd2_dirboth_risk100|setup_id=ir:0.1.0:BATS:META:1:1767637440000:long|bars_to_confirm=1|signal_close=660.3|trigger=660.25|stop=659.8|target_r=1.5|risk_ps=0.5|atr=0.324905|vwap_dist_atr=0.433641|tick=0.01,660.28,153,101022.84,110.16,0.11,0,110.16,0.11,-4.59,0.00,1387.42,1.39,5
103,Exit long,2026-01-06 10:11,sl1|exit_reason=stop,655.06,62,40716.64,-102.92,-0.25,0,107.88,0.26,-102.92,-0.25,1284.5,1.28,13
103,Entry long,2026-01-06 09:58,sl1|ver=0.1.0|variant=baseline|cfg=ema9_atr14_buf0.1_chase1_win3_tgt1.5_hold20_t935-1500_ent2_loss2_dd2_dirboth_risk100|setup_id=ir:0.1.0:BATS:META:1:1767711420000:long|bars_to_confirm=1|signal_close=656.68|trigger=656.49|stop=655.07|target_r=1.5|risk_ps=1.61|atr=1.148293|vwap_dist_atr=0.226691|tick=0.01,656.72,62,40716.64,-102.92,-0.25,0,107.88,0.26,-102.92,-0.25,1284.5,1.28,13
104,Exit short,2026-01-06 11:01,sl1|exit_reason=stop,656.91,154,101101,-63.14,-0.06,0,4.62,0.00,-63.14,-0.06,1221.36,1.22,1
104,Entry short,2026-01-06 11:00,sl1|ver=0.1.0|variant=baseline|cfg=ema9_atr14_buf0.1_chase1_win3_tgt1.5_hold20_t935-1500_ent2_loss2_dd2_dirboth_risk100|setup_id=ir:0.1.0:BATS:META:1:1767715140000:short|bars_to_confirm=1|signal_close=656.57|trigger=656.65|stop=656.9|target_r=1.5|risk_ps=0.33|atr=0.519089|vwap_dist_atr=0.277838|tick=0.01,656.5,154,101101,-63.14,-0.06,0,4.62,0.00,-63.14,-0.06,1221.36,1.22,1
105,Exit short,2026-01-07 14:16,sl1|exit_reason=target,649.51,155,100818.2,144.15,0.14,0,144.15,0.14,-3.1,0.00,1365.51,1.37,4
105,Entry short,2026-01-07 14:12,sl1|ver=0.1.0|variant=baseline|cfg=ema9_atr14_buf0.1_chase1_win3_tgt1.5_hold20_t935-1500_ent2_loss2_dd2_dirboth_risk100|setup_id=ir:0.1.0:BATS:META:1:1767813060000:short|bars_to_confirm=1|signal_close=650.48|trigger=650.51|stop=651.06|target_r=1.5|risk_ps=0.58|atr=0.39533|vwap_dist_atr=0.801063|tick=0.01,650.44,155,100818.2,144.15,0.14,0,144.15,0.14,-3.1,0.00,1365.51,1.37,4
106,Exit short,2026-01-08 09:52,sl1|exit_reason=stop,640.43,60,38309.4,-116.4,-0.30,0,166.2,0.43,-116.4,-0.30,1249.11,1.25,12
106,Entry short,2026-01-08 09:40,sl1|ver=0.1.0|variant=baseline|cfg=ema9_atr14_buf0.1_chase1_win3_tgt1.5_hold20_t935-1500_ent2_loss2_dd2_dirboth_risk100|setup_id=ir:0.1.0:BATS:META:1:1767883020000:short|bars_to_confirm=3|signal_close=638.77|trigger=638.94|stop=640.42|target_r=1.5|risk_ps=1.65|atr=1.145386|vwap_dist_atr=0.6502|tick=0.01,638.49,60,38309.4,-116.4,-0.30,0,166.2,0.43,-116.4,-0.30,1249.11,1.25,12
107,Exit short,2026-01-09 10:04,sl1|exit_reason=time,646.95,52,33659.6,18.2,0.05,0,98.8,0.29,-58.76,-0.17,1267.31,1.27,20
107,Entry short,2026-01-09 09:44,sl1|ver=0.1.0|variant=baseline|cfg=ema9_atr14_buf0.1_chase1_win3_tgt1.5_hold20_t935-1500_ent2_loss2_dd2_dirboth_risk100|setup_id=ir:0.1.0:BATS:META:1:1767969780000:short|bars_to_confirm=1|signal_close=647.315|trigger=647.4|stop=649.22|target_r=1.5|risk_ps=1.905|atr=1.145301|vwap_dist_atr=0.85969|tick=0.01,647.3,52,33659.6,18.2,0.05,0,98.8,0.29,-58.76,-0.17,1267.31,1.27,20
108,Exit long,2026-01-12 09:37,sl1|exit_reason=stop,650.86,44,28744.32,-106.48,-0.37,0,30.8,0.11,-106.48,-0.37,1160.83,1.16,2
108,Entry long,2026-01-12 09:35,sl1|ver=0.1.0|variant=baseline|cfg=ema9_atr14_buf0.1_chase1_win3_tgt1.5_hold20_t935-1500_ent2_loss2_dd2_dirboth_risk100|setup_id=ir:0.1.0:BATS:META:1:1768228440000:long|bars_to_confirm=1|signal_close=653.1|trigger=652.64|stop=650.87|target_r=1.5|risk_ps=2.23|atr=1.284043|vwap_dist_atr=0.867025|tick=0.01,653.28,44,28744.32,-106.48,-0.37,0,30.8,0.11,-106.48,-0.37,1160.83,1.16,2
109,Exit long,2026-01-12 11:20,sl1|exit_reason=stop,647.81,98,63586.32,-100.94,-0.16,0,39.2,0.06,-100.94,-0.16,1059.89,1.06,11
109,Entry long,2026-01-12 11:09,sl1|ver=0.1.0|variant=baseline|cfg=ema9_atr14_buf0.1_chase1_win3_tgt1.5_hold20_t935-1500_ent2_loss2_dd2_dirboth_risk100|setup_id=ir:0.1.0:BATS:META:1:1768234020000:long|bars_to_confirm=2|signal_close=648.84|trigger=648.76|stop=647.82|target_r=1.5|risk_ps=1.02|atr=0.526807|vwap_dist_atr=0.633556|tick=0.01,648.84,98,63586.32,-100.94,-0.16,0,39.2,0.06,-100.94,-0.16,1059.89,1.06,11
110,Exit long,2026-01-13 12:03,sl1|exit_reason=stop,629.25,112,70585.76,-109.76,-0.16,0,26.88,0.04,-109.76,-0.16,950.13,0.95,8
110,Entry long,2026-01-13 11:55,sl1|ver=0.1.0|variant=baseline|cfg=ema9_atr14_buf0.1_chase1_win3_tgt1.5_hold20_t935-1500_ent2_loss2_dd2_dirboth_risk100|setup_id=ir:0.1.0:BATS:META:1:1768323120000:long|bars_to_confirm=3|signal_close=630.15|trigger=630.01|stop=629.26|target_r=1.5|risk_ps=0.89|atr=0.462695|vwap_dist_atr=0.916321|tick=0.01,630.23,112,70585.76,-109.76,-0.16,0,26.88,0.04,-109.76,-0.16,950.13,0.95,8
111,Exit long,2026-01-13 13:20,sl1|exit_reason=stop,629.18,160,100752,-83.2,-0.08,0,48,0.05,-83.2,-0.08,866.93,0.87,5
111,Entry long,2026-01-13 13:15,sl1|ver=0.1.0|variant=baseline|cfg=ema9_atr14_buf0.1_chase1_win3_tgt1.5_hold20_t935-1500_ent2_loss2_dd2_dirboth_risk100|setup_id=ir:0.1.0:BATS:META:1:1768328040000:long|bars_to_confirm=1|signal_close=629.76|trigger=629.54|stop=629.19|target_r=1.5|risk_ps=0.57|atr=0.41402|vwap_dist_atr=0.583381|tick=0.01,629.7,160,100752,-83.2,-0.08,0,48,0.05,-83.2,-0.08,866.93,0.87,5
112,Exit long,2026-01-14 11:28,sl1|exit_reason=target,621.97,162,100686.24,72.9,0.07,0,72.9,0.07,-35.64,-0.04,939.83,0.94,2
112,Entry long,2026-01-14 11:26,sl1|ver=0.1.0|variant=baseline|cfg=ema9_atr14_buf0.1_chase1_win3_tgt1.5_hold20_t935-1500_ent2_loss2_dd2_dirboth_risk100|setup_id=ir:0.1.0:BATS:META:1:1768407900000:long|bars_to_confirm=1|signal_close=621.59|trigger=621.57|stop=621.22|target_r=1.5|risk_ps=0.37|atr=0.403609|vwap_dist_atr=0.224218|tick=0.01,621.52,162,100686.24,72.9,0.07,0,72.9,0.07,-35.64,-0.04,939.83,0.94,2
113,Exit short,2026-01-15 14:52,sl1|exit_reason=time,620.14,108,66916.8,-58.32,-0.09,0,0,0.00,-105.84,-0.16,881.51,0.88,20
113,Entry short,2026-01-15 14:32,sl1|ver=0.1.0|variant=baseline|cfg=ema9_atr14_buf0.1_chase1_win3_tgt1.5_hold20_t935-1500_ent2_loss2_dd2_dirboth_risk100|setup_id=ir:0.1.0:BATS:META:1:1768505460000:short|bars_to_confirm=1|signal_close=619.73|trigger=619.75|stop=620.65|target_r=1.5|risk_ps=0.92|atr=0.394944|vwap_dist_atr=0.616443|tick=0.01,619.6,108,66916.8,-58.32,-0.09,0,0,0.00,-105.84,-0.16,881.51,0.88,20
114,Exit short,2026-01-15 14:56,sl1|exit_reason=target,619.24,162,100405.98,89.1,0.09,0,89.1,0.09,-3.24,0.00,970.61,0.97,2
114,Entry short,2026-01-15 14:54,sl1|ver=0.1.0|variant=baseline|cfg=ema9_atr14_buf0.1_chase1_win3_tgt1.5_hold20_t935-1500_ent2_loss2_dd2_dirboth_risk100|setup_id=ir:0.1.0:BATS:META:1:1768506780000:short|bars_to_confirm=1|signal_close=619.69|trigger=619.9|stop=620.16|target_r=1.5|risk_ps=0.47|atr=0.312056|vwap_dist_atr=0.91846|tick=0.01,619.79,162,100405.98,89.1,0.09,0,89.1,0.09,-3.24,0.00,970.61,0.97,2
115,Exit long,2026-01-16 10:27,sl1|exit_reason=stop,625.24,76,47618.56,-100.32,-0.21,0,0,0.00,-100.32,-0.21,870.29,0.87,2
115,Entry long,2026-01-16 10:25,sl1|ver=0.1.0|variant=baseline|cfg=ema9_atr14_buf0.1_chase1_win3_tgt1.5_hold20_t935-1500_ent2_loss2_dd2_dirboth_risk100|setup_id=ir:0.1.0:BATS:META:1:1768577040000:long|bars_to_confirm=1|signal_close=626.56|trigger=626.35|stop=625.25|target_r=1.5|risk_ps=1.31|atr=0.733037|vwap_dist_atr=0.910018|tick=0.01,626.56,76,47618.56,-100.32,-0.21,0,0,0.00,-100.32,-0.21,870.29,0.87,2
116,Exit long,2026-01-16 11:33,sl1|exit_reason=stop,624.68,129,80689.5,-105.78,-0.13,0,32.25,0.04,-105.78,-0.13,764.51,0.76,4
116,Entry long,2026-01-16 11:29,sl1|ver=0.1.0|variant=baseline|cfg=ema9_atr14_buf0.1_chase1_win3_tgt1.5_hold20_t935-1500_ent2_loss2_dd2_dirboth_risk100|setup_id=ir:0.1.0:BATS:META:1:1768580880000:long|bars_to_confirm=1|signal_close=625.46|trigger=625.39|stop=624.69|target_r=1.5|risk_ps=0.77|atr=0.437122|vwap_dist_atr=0.645599|tick=0.01,625.5,129,80689.5,-105.78,-0.13,0,32.25,0.04,-105.78,-0.13,764.51,0.76,4
117,Exit short,2026-01-20 12:05,sl1|exit_reason=stop,608.91,59,35824.8,-100.89,-0.28,0,31.27,0.09,-100.89,-0.28,663.62,0.66,12
117,Entry short,2026-01-20 11:53,sl1|ver=0.1.0|variant=baseline|cfg=ema9_atr14_buf0.1_chase1_win3_tgt1.5_hold20_t935-1500_ent2_loss2_dd2_dirboth_risk100|setup_id=ir:0.1.0:BATS:META:1:1768927920000:short|bars_to_confirm=1|signal_close=607.22|trigger=607.57|stop=608.9|target_r=1.5|risk_ps=1.68|atr=0.562141|vwap_dist_atr=0.944963|tick=0.01,607.2,59,35824.8,-100.89,-0.28,0,31.27,0.09,-100.89,-0.28,663.62,0.66,12
118,Exit long,2026-01-21 14:00,sl1|exit_reason=time,609.2,129,78496.5,90.3,0.12,0,159.96,0.20,-87.72,-0.11,753.92,0.75,20
118,Entry long,2026-01-21 13:40,sl1|ver=0.1.0|variant=baseline|cfg=ema9_atr14_buf0.1_chase1_win3_tgt1.5_hold20_t935-1500_ent2_loss2_dd2_dirboth_risk100|setup_id=ir:0.1.0:BATS:META:1:1769020740000:long|bars_to_confirm=1|signal_close=608.37|trigger=608.27|stop=607.6|target_r=1.5|risk_ps=0.77|atr=0.472125|vwap_dist_atr=0.508253|tick=0.01,608.5,129,78496.5,90.3,0.12,0,159.96,0.20,-87.72,-0.11,753.92,0.75,20
119,Exit short,2026-01-21 14:19,sl1|exit_reason=stop,608.41,165,100295.25,-92.4,-0.09,0,31.35,0.03,-92.4,-0.09,661.52,0.66,4
119,Entry short,2026-01-21 14:15,sl1|ver=0.1.0|variant=baseline|cfg=ema9_atr14_buf0.1_chase1_win3_tgt1.5_hold20_t935-1500_ent2_loss2_dd2_dirboth_risk100|setup_id=ir:0.1.0:BATS:META:1:1769022840000:short|bars_to_confirm=1|signal_close=607.86|trigger=608|stop=608.4|target_r=1.5|risk_ps=0.54|atr=0.415793|vwap_dist_atr=0.711138|tick=0.01,607.85,165,100295.25,-92.4,-0.09,0,31.35,0.03,-92.4,-0.09,661.52,0.66,4
120,Exit short,2026-01-22 10:10,sl1|exit_reason=time,632.29,20,12629.8,-16,-0.13,0,41,0.32,-35.2,-0.28,645.52,0.65,20
120,Entry short,2026-01-22 09:50,sl1|ver=0.1.0|variant=baseline|cfg=ema9_atr14_buf0.1_chase1_win3_tgt1.5_hold20_t935-1500_ent2_loss2_dd2_dirboth_risk100|setup_id=ir:0.1.0:BATS:META:1:1769093340000:short|bars_to_confirm=1|signal_close=631.61|trigger=632.63|stop=636.59|target_r=1.5|risk_ps=4.98|atr=1.707409|vwap_dist_atr=0.891782|tick=0.01,631.49,20,12629.8,-16,-0.13,0,41,0.32,-35.2,-0.28,645.52,0.65,20
121,Exit long,2026-01-22 10:28,sl1|exit_reason=target,635.75,66,41814.96,144.54,0.35,0,144.54,0.35,-10.56,-0.03,790.06,0.79,13
121,Entry long,2026-01-22 10:15,sl1|ver=0.1.0|variant=baseline|cfg=ema9_atr14_buf0.1_chase1_win3_tgt1.5_hold20_t935-1500_ent2_loss2_dd2_dirboth_risk100|setup_id=ir:0.1.0:BATS:META:1:1769094840000:long|bars_to_confirm=1|signal_close=633.6|trigger=633.33|stop=632.1|target_r=1.5|risk_ps=1.5|atr=1.250858|vwap_dist_atr=0.746771|tick=0.01,633.56,66,41814.96,144.54,0.35,0,144.54,0.35,-10.56,-0.03,790.06,0.79,13
122,Exit long,2026-01-26 10:05,sl1|exit_reason=time,666.81,49,32645.76,27.93,0.09,0,81.83,0.25,-75.46,-0.23,817.99,0.82,20
122,Entry long,2026-01-26 09:45,sl1|ver=0.1.0|variant=baseline|cfg=ema9_atr14_buf0.1_chase1_win3_tgt1.5_hold20_t935-1500_ent2_loss2_dd2_dirboth_risk100|setup_id=ir:0.1.0:BATS:META:1:1769438640000:long|bars_to_confirm=1|signal_close=666.43|trigger=666|stop=664.42|target_r=1.5|risk_ps=2.01|atr=1.665678|vwap_dist_atr=0.494573|tick=0.01,666.24,49,32645.76,27.93,0.09,0,81.83,0.25,-75.46,-0.23,817.99,0.82,20
123,Exit long,2026-01-27 10:00,sl1|exit_reason=stop,670.67,59,39665.7,-96.17,-0.24,0,38.35,0.10,-96.17,-0.24,721.82,0.72,4
123,Entry long,2026-01-27 09:56,sl1|ver=0.1.0|variant=baseline|cfg=ema9_atr14_buf0.1_chase1_win3_tgt1.5_hold20_t935-1500_ent2_loss2_dd2_dirboth_risk100|setup_id=ir:0.1.0:BATS:META:1:1769525700000:long|bars_to_confirm=1|signal_close=672.35|trigger=672.21|stop=670.68|target_r=1.5|risk_ps=1.67|atr=1.205079|vwap_dist_atr=0.882534|tick=0.01,672.3,59,39665.7,-96.17,-0.24,0,38.35,0.10,-96.17,-0.24,721.82,0.72,4
124,Exit long,2026-01-28 10:03,sl1|exit_reason=target,676.77,61,41121.93,161.04,0.39,0,161.04,0.39,-75.03,-0.18,882.86,0.88,17
124,Entry long,2026-01-28 09:46,sl1|ver=0.1.0|variant=baseline|cfg=ema9_atr14_buf0.1_chase1_win3_tgt1.5_hold20_t935-1500_ent2_loss2_dd2_dirboth_risk100|setup_id=ir:0.1.0:BATS:META:1:1769611500000:long|bars_to_confirm=1|signal_close=674|trigger=673.02|stop=672.37|target_r=1.5|risk_ps=1.63|atr=1.148643|vwap_dist_atr=0.848715|tick=0.01,674.13,61,41121.93,161.04,0.39,0,161.04,0.39,-75.03,-0.18,882.86,0.88,17
125,Exit short,2026-01-28 10:20,sl1|exit_reason=stop,674.86,123,82936.44,-71.34,-0.09,0,2.46,0.00,-71.34,-0.09,811.52,0.81,1
125,Entry short,2026-01-28 10:19,sl1|ver=0.1.0|variant=baseline|cfg=ema9_atr14_buf0.1_chase1_win3_tgt1.5_hold20_t935-1500_ent2_loss2_dd2_dirboth_risk100|setup_id=ir:0.1.0:BATS:META:1:1769613480000:short|bars_to_confirm=1|signal_close=674.04|trigger=674.18|stop=674.85|target_r=1.5|risk_ps=0.81|atr=0.85101|vwap_dist_atr=0.898243|tick=0.01,674.28,123,82936.44,-71.34,-0.09,0,2.46,0.00,-71.34,-0.09,811.52,0.81,1
126,Exit long,2026-01-29 11:46,sl1|exit_reason=target,728.47,40,28991.2,147.6,0.51,0,147.6,0.51,-45.2,-0.16,959.12,0.96,4
126,Entry long,2026-01-29 11:42,sl1|ver=0.1.0|variant=baseline|cfg=ema9_atr14_buf0.1_chase1_win3_tgt1.5_hold20_t935-1500_ent2_loss2_dd2_dirboth_risk100|setup_id=ir:0.1.0:BATS:META:1:1769704800000:long|bars_to_confirm=2|signal_close=724.77|trigger=723.87|stop=722.32|target_r=1.5|risk_ps=2.45|atr=1.260804|vwap_dist_atr=0.988816|tick=0.01,724.78,40,28991.2,147.6,0.51,0,147.6,0.51,-45.2,-0.16,959.12,0.96,4
127,Exit short,2026-01-30 10:07,sl1|exit_reason=stop,725.48,47,34002.15,-95.41,-0.28,0,99.64,0.29,-95.41,-0.28,863.71,0.86,13
127,Entry short,2026-01-30 09:54,sl1|ver=0.1.0|variant=baseline|cfg=ema9_atr14_buf0.1_chase1_win3_tgt1.5_hold20_t935-1500_ent2_loss2_dd2_dirboth_risk100|setup_id=ir:0.1.0:BATS:META:1:1769784780000:short|bars_to_confirm=1|signal_close=723.37|trigger=723.39|stop=725.47|target_r=1.5|risk_ps=2.1|atr=1.751918|vwap_dist_atr=0.716432|tick=0.01,723.45,47,34002.15,-95.41,-0.28,0,99.64,0.29,-95.41,-0.28,863.71,0.86,13
128,Exit short,2026-01-30 10:30,sl1|exit_reason=target,719.83,43,31110.07,157.38,0.51,0,157.38,0.51,-29.24,-0.09,1021.09,1.02,12
128,Entry short,2026-01-30 10:18,sl1|ver=0.1.0|variant=baseline|cfg=ema9_atr14_buf0.1_chase1_win3_tgt1.5_hold20_t935-1500_ent2_loss2_dd2_dirboth_risk100|setup_id=ir:0.1.0:BATS:META:1:1769786220000:short|bars_to_confirm=1|signal_close=723.63|trigger=723.75|stop=725.93|target_r=1.5|risk_ps=2.3|atr=1.407275|vwap_dist_atr=0.709594|tick=0.01,723.49,43,31110.07,157.38,0.51,0,157.38,0.51,-29.24,-0.09,1021.09,1.02,12
129,Exit short,2026-02-02 10:49,sl1|exit_reason=time,708.87,47,33314.54,-2.35,-0.01,0,38.54,0.12,-83.19,-0.25,1018.74,1.02,20
129,Entry short,2026-02-02 10:29,sl1|ver=0.1.0|variant=baseline|cfg=ema9_atr14_buf0.1_chase1_win3_tgt1.5_hold20_t935-1500_ent2_loss2_dd2_dirboth_risk100|setup_id=ir:0.1.0:BATS:META:1:1770046080000:short|bars_to_confirm=1|signal_close=708.99|trigger=709.23|stop=711.08|target_r=1.5|risk_ps=2.09|atr=1.132606|vwap_dist_atr=0.402827|tick=0.01,708.82,47,33314.54,-2.35,-0.01,0,38.54,0.12,-83.19,-0.25,1018.74,1.02,20
130,Exit long,2026-02-02 11:22,sl1|exit_reason=target,710.48,135,95774.4,140.4,0.15,0,140.4,0.15,-10.8,-0.01,1159.14,1.16,1
130,Entry long,2026-02-02 11:21,sl1|ver=0.1.0|variant=baseline|cfg=ema9_atr14_buf0.1_chase1_win3_tgt1.5_hold20_t935-1500_ent2_loss2_dd2_dirboth_risk100|setup_id=ir:0.1.0:BATS:META:1:1770049200000:long|bars_to_confirm=1|signal_close=709.49|trigger=709.31|stop=708.75|target_r=1.5|risk_ps=0.74|atr=0.615222|vwap_dist_atr=0.391827|tick=0.01,709.44,135,95774.4,140.4,0.15,0,140.4,0.15,-10.8,-0.01,1159.14,1.16,1
131,Exit short,2026-02-04 09:55,sl1|exit_reason=target,676.58,34,23142.78,139.06,0.60,0,139.06,0.60,-15.64,-0.07,1298.2,1.30,10
131,Entry short,2026-02-04 09:45,sl1|ver=0.1.0|variant=baseline|cfg=ema9_atr14_buf0.1_chase1_win3_tgt1.5_hold20_t935-1500_ent2_loss2_dd2_dirboth_risk100|setup_id=ir:0.1.0:BATS:META:1:1770216240000:short|bars_to_confirm=1|signal_close=680.51|trigger=680.87|stop=683.4|target_r=1.5|risk_ps=2.89|atr=2.128346|vwap_dist_atr=0.90432|tick=0.01,680.67,34,23142.78,139.06,0.60,0,139.06,0.60,-15.64,-0.07,1298.2,1.30,10
132,Exit long,2026-02-04 10:25,sl1|exit_reason=target,680.3,50,33871,144,0.43,0,144,0.43,-2,-0.01,1442.2,1.44,2
132,Entry long,2026-02-04 10:23,sl1|ver=0.1.0|variant=baseline|cfg=ema9_atr14_buf0.1_chase1_win3_tgt1.5_hold20_t935-1500_ent2_loss2_dd2_dirboth_risk100|setup_id=ir:0.1.0:BATS:META:1:1770218520000:long|bars_to_confirm=1|signal_close=677.47|trigger=677.15|stop=675.5|target_r=1.5|risk_ps=1.97|atr=1.746239|vwap_dist_atr=0.938313|tick=0.01,677.42,50,33871,144,0.43,0,144,0.43,-2,-0.01,1442.2,1.44,2
133,Exit long,2026-02-06 11:07,sl1|exit_reason=target,658.17,100,65662,155,0.24,0,155,0.24,-18,-0.03,1597.2,1.60,2
133,Entry long,2026-02-06 11:05,sl1|ver=0.1.0|variant=baseline|cfg=ema9_atr14_buf0.1_chase1_win3_tgt1.5_hold20_t935-1500_ent2_loss2_dd2_dirboth_risk100|setup_id=ir:0.1.0:BATS:META:1:1770393840000:long|bars_to_confirm=1|signal_close=656.59|trigger=656.32|stop=655.59|target_r=1.5|risk_ps=1|atr=1.05199|vwap_dist_atr=0.446272|tick=0.01,656.62,100,65662,155,0.24,0,155,0.24,-18,-0.03,1597.2,1.60,2
134,Exit long,2026-02-10 10:05,sl1|exit_reason=stop,674.02,36,24367.32,-102.6,-0.42,0,6.84,0.03,-102.6,-0.42,1494.6,1.49,9
134,Entry long,2026-02-10 09:56,sl1|ver=0.1.0|variant=baseline|cfg=ema9_atr14_buf0.1_chase1_win3_tgt1.5_hold20_t935-1500_ent2_loss2_dd2_dirboth_risk100|setup_id=ir:0.1.0:BATS:META:1:1770735300000:long|bars_to_confirm=1|signal_close=676.77|trigger=676.15|stop=674.03|target_r=1.5|risk_ps=2.74|atr=1.626354|vwap_dist_atr=0.935678|tick=0.01,676.87,36,24367.32,-102.6,-0.42,0,6.84,0.03,-102.6,-0.42,1494.6,1.49,9
135,Exit long,2026-02-10 10:11,sl1|exit_reason=stop,674.6,71,47998.84,-102.24,-0.21,0,4.97,0.01,-102.24,-0.21,1392.36,1.39,2
135,Entry long,2026-02-10 10:09,sl1|ver=0.1.0|variant=baseline|cfg=ema9_atr14_buf0.1_chase1_win3_tgt1.5_hold20_t935-1500_ent2_loss2_dd2_dirboth_risk100|setup_id=ir:0.1.0:BATS:META:1:1770736080000:long|bars_to_confirm=1|signal_close=676.01|trigger=675.68|stop=674.61|target_r=1.5|risk_ps=1.4|atr=1.210946|vwap_dist_atr=0.617812|tick=0.01,676.04,71,47998.84,-102.24,-0.21,0,4.97,0.01,-102.24,-0.21,1392.36,1.39,2
136,Exit long,2026-02-11 11:30,sl1|exit_reason=stop,668.64,105,70310.1,-102.9,-0.15,0,88.2,0.13,-102.9,-0.15,1289.46,1.29,6
136,Entry long,2026-02-11 11:24,sl1|ver=0.1.0|variant=baseline|cfg=ema9_atr14_buf0.1_chase1_win3_tgt1.5_hold20_t935-1500_ent2_loss2_dd2_dirboth_risk100|setup_id=ir:0.1.0:BATS:META:1:1770826980000:long|bars_to_confirm=1|signal_close=669.6|trigger=669.579|stop=668.65|target_r=1.5|risk_ps=0.95|atr=1.229768|vwap_dist_atr=0.620167|tick=0.01,669.62,105,70310.1,-102.9,-0.15,0,88.2,0.13,-102.9,-0.15,1289.46,1.29,6
137,Exit short,2026-02-11 14:09,sl1|exit_reason=stop,667.25,117,77965.29,-102.96,-0.13,0,58.5,0.08,-102.96,-0.13,1186.5,1.19,4
137,Entry short,2026-02-11 14:05,sl1|ver=0.1.0|variant=baseline|cfg=ema9_atr14_buf0.1_chase1_win3_tgt1.5_hold20_t935-1500_ent2_loss2_dd2_dirboth_risk100|setup_id=ir:0.1.0:BATS:META:1:1770836640000:short|bars_to_confirm=1|signal_close=666.39|trigger=666.49|stop=667.24|target_r=1.5|risk_ps=0.85|atr=0.761199|vwap_dist_atr=0.580897|tick=0.01,666.37,117,77965.29,-102.96,-0.13,0,58.5,0.08,-102.96,-0.13,1186.5,1.19,4
138,Exit long,2026-02-12 12:50,sl1|exit_reason=target,657.59,113,74193.54,114.13,0.15,0,114.13,0.15,-59.89,-0.08,1300.63,1.30,6
138,Entry long,2026-02-12 12:44,sl1|ver=0.1.0|variant=baseline|cfg=ema9_atr14_buf0.1_chase1_win3_tgt1.5_hold20_t935-1500_ent2_loss2_dd2_dirboth_risk100|setup_id=ir:0.1.0:BATS:META:1:1770918180000:long|bars_to_confirm=1|signal_close=656.79|trigger=656.67|stop=655.91|target_r=1.5|risk_ps=0.88|atr=0.855969|vwap_dist_atr=0.222996|tick=0.01,656.58,113,74193.54,114.13,0.15,0,114.13,0.15,-59.89,-0.08,1300.63,1.30,6
139,Exit long,2026-02-12 13:11,sl1|exit_reason=stop,656.2,135,88676.1,-89.1,-0.10,0,12.15,0.01,-89.1,-0.10,1211.53,1.21,0
139,Entry long,2026-02-12 13:11,sl1|ver=0.1.0|variant=baseline|cfg=ema9_atr14_buf0.1_chase1_win3_tgt1.5_hold20_t935-1500_ent2_loss2_dd2_dirboth_risk100|setup_id=ir:0.1.0:BATS:META:1:1770919800000:long|bars_to_confirm=1|signal_close=656.95|trigger=656.75|stop=656.21|target_r=1.5|risk_ps=0.74|atr=0.779396|vwap_dist_atr=0.518249|tick=0.01,656.86,135,88676.1,-89.1,-0.10,0,12.15,0.01,-89.1,-0.10,1211.53,1.21,0
140,Exit short,2026-02-13 14:51,sl1|exit_reason=target,645.04,156,100733.88,107.64,0.11,0,107.64,0.11,-10.92,-0.01,1319.17,1.32,1
140,Entry short,2026-02-13 14:50,sl1|ver=0.1.0|variant=baseline|cfg=ema9_atr14_buf0.1_chase1_win3_tgt1.5_hold20_t935-1500_ent2_loss2_dd2_dirboth_risk100|setup_id=ir:0.1.0:BATS:META:1:1771012140000:short|bars_to_confirm=1|signal_close=645.67|trigger=645.7|stop=646.19|target_r=1.5|risk_ps=0.52|atr=0.543826|vwap_dist_atr=0.471543|tick=0.01,645.73,156,100733.88,107.64,0.11,0,107.64,0.11,-10.92,-0.01,1319.17,1.32,1
141,Exit long,2026-02-17 11:05,sl1|exit_reason=target,636.51,86,54585.92,153.94,0.28,0,153.94,0.28,-27.52,-0.05,1473.11,1.47,5
141,Entry long,2026-02-17 11:00,sl1|ver=0.1.0|variant=baseline|cfg=ema9_atr14_buf0.1_chase1_win3_tgt1.5_hold20_t935-1500_ent2_loss2_dd2_dirboth_risk100|setup_id=ir:0.1.0:BATS:META:1:1771343940000:long|bars_to_confirm=1|signal_close=634.69|trigger=634.43|stop=633.53|target_r=1.5|risk_ps=1.16|atr=1.008149|vwap_dist_atr=0.39759|tick=0.01,634.72,86,54585.92,153.94,0.28,0,153.94,0.28,-27.52,-0.05,1473.11,1.47,5
142,Exit short,2026-02-18 09:52,sl1|exit_reason=stop,633.22,60,37903.2,-90,-0.24,0,16.2,0.04,-90,-0.24,1383.11,1.38,1
142,Entry short,2026-02-18 09:51,sl1|ver=0.1.0|variant=baseline|cfg=ema9_atr14_buf0.1_chase1_win3_tgt1.5_hold20_t935-1500_ent2_loss2_dd2_dirboth_risk100|setup_id=ir:0.1.0:BATS:META:1:1771426200000:short|bars_to_confirm=1|signal_close=631.56|trigger=631.59|stop=633.21|target_r=1.5|risk_ps=1.65|atr=1.564466|vwap_dist_atr=0.309687|tick=0.01,631.72,60,37903.2,-90,-0.24,0,16.2,0.04,-90,-0.24,1383.11,1.38,1
143,Exit short,2026-02-18 14:57,sl1|exit_reason=target,636.53,159,101341.83,133.56,0.13,0,133.56,0.13,-65.19,-0.06,1516.67,1.52,4
143,Entry short,2026-02-18 14:53,sl1|ver=0.1.0|variant=baseline|cfg=ema9_atr14_buf0.1_chase1_win3_tgt1.5_hold20_t935-1500_ent2_loss2_dd2_dirboth_risk100|setup_id=ir:0.1.0:BATS:META:1:1771444260000:short|bars_to_confirm=2|signal_close=637.41|trigger=637.64|stop=637.93|target_r=1.5|risk_ps=0.52|atr=0.438804|vwap_dist_atr=0.965606|tick=0.01,637.37,159,101341.83,133.56,0.13,0,133.56,0.13,-65.19,-0.06,1516.67,1.52,4
144,Exit short,2026-02-19 09:41,sl1|exit_reason=stop,641.78,38,24282,-105.64,-0.44,0,40.28,0.17,-105.64,-0.44,1411.03,1.41,5
144,Entry short,2026-02-19 09:36,sl1|ver=0.1.0|variant=baseline|cfg=ema9_atr14_buf0.1_chase1_win3_tgt1.5_hold20_t935-1500_ent2_loss2_dd2_dirboth_risk100|setup_id=ir:0.1.0:BATS:META:1:1771511700000:short|bars_to_confirm=1|signal_close=639.15|trigger=639.67|stop=641.77|target_r=1.5|risk_ps=2.62|atr=1.124192|vwap_dist_atr=0.639653|tick=0.01,639,38,24282,-105.64,-0.44,0,40.28,0.17,-105.64,-0.44,1411.03,1.41,5
145,Exit short,2026-02-19 10:13,sl1|exit_reason=stop,642.14,64,40999.68,-97.28,-0.24,0,5.76,0.01,-97.28,-0.24,1313.75,1.31,0
145,Entry short,2026-02-19 10:13,sl1|ver=0.1.0|variant=baseline|cfg=ema9_atr14_buf0.1_chase1_win3_tgt1.5_hold20_t935-1500_ent2_loss2_dd2_dirboth_risk100|setup_id=ir:0.1.0:BATS:META:1:1771513920000:short|bars_to_confirm=1|signal_close=640.58|trigger=641|stop=642.13|target_r=1.5|risk_ps=1.55|atr=1.07994|vwap_dist_atr=0.711561|tick=0.01,640.62,64,40999.68,-97.28,-0.24,0,5.76,0.01,-97.28,-0.24,1313.75,1.31,0
146,Exit short,2026-02-25 11:14,sl1|exit_reason=time,647.53,58,37575.88,19.14,0.05,0,41.18,0.11,-56.84,-0.15,1332.89,1.33,20
146,Entry short,2026-02-25 10:54,sl1|ver=0.1.0|variant=baseline|cfg=ema9_atr14_buf0.1_chase1_win3_tgt1.5_hold20_t935-1500_ent2_loss2_dd2_dirboth_risk100|setup_id=ir:0.1.0:BATS:META:1:1772034780000:short|bars_to_confirm=1|signal_close=647.78|trigger=648.1|stop=649.49|target_r=1.5|risk_ps=1.71|atr=0.604072|vwap_dist_atr=0.845998|tick=0.01,647.86,58,37575.88,19.14,0.05,0,41.18,0.11,-56.84,-0.15,1332.89,1.33,20
147,Exit short,2026-02-25 13:11,sl1|exit_reason=stop,649.45,147,95353.02,-116.13,-0.12,0,0,0.00,-116.13,-0.12,1216.76,1.22,6
147,Entry short,2026-02-25 13:05,sl1|ver=0.1.0|variant=baseline|cfg=ema9_atr14_buf0.1_chase1_win3_tgt1.5_hold20_t935-1500_ent2_loss2_dd2_dirboth_risk100|setup_id=ir:0.1.0:BATS:META:1:1772042640000:short|bars_to_confirm=1|signal_close=648.76|trigger=648.93|stop=649.44|target_r=1.5|risk_ps=0.68|atr=0.362927|vwap_dist_atr=0.937924|tick=0.01,648.66,147,95353.02,-116.13,-0.12,0,0,0.00,-116.13,-0.12,1216.76,1.22,6
148,Exit short,2026-02-26 10:17,sl1|exit_reason=target,652.68,56,36722,171.92,0.47,0,171.92,0.47,-50.4,-0.14,1388.68,1.39,13
148,Entry short,2026-02-26 10:04,sl1|ver=0.1.0|variant=baseline|cfg=ema9_atr14_buf0.1_chase1_win3_tgt1.5_hold20_t935-1500_ent2_loss2_dd2_dirboth_risk100|setup_id=ir:0.1.0:BATS:META:1:1772118120000:short|bars_to_confirm=2|signal_close=656.02|trigger=656.14|stop=657.8|target_r=1.5|risk_ps=1.78|atr=1.28518|vwap_dist_atr=0.700317|tick=0.01,655.75,56,36722,171.92,0.47,0,171.92,0.47,-50.4,-0.14,1388.68,1.39,13
149,Exit long,2026-02-26 11:16,sl1|exit_reason=target,656.68,114,74701.92,159.6,0.21,0,159.6,0.21,-53.58,-0.07,1548.28,1.55,3
149,Entry long,2026-02-26 11:13,sl1|ver=0.1.0|variant=baseline|cfg=ema9_atr14_buf0.1_chase1_win3_tgt1.5_hold20_t935-1500_ent2_loss2_dd2_dirboth_risk100|setup_id=ir:0.1.0:BATS:META:1:1772122320000:long|bars_to_confirm=1|signal_close=655.22|trigger=655.115|stop=654.35|target_r=1.5|risk_ps=0.87|atr=0.818017|vwap_dist_atr=0.474182|tick=0.01,655.28,114,74701.92,159.6,0.21,0,159.6,0.21,-53.58,-0.07,1548.28,1.55,3
150,Exit long,2026-02-27 10:09,sl1|exit_reason=time,646.52,41,26476.57,30.75,0.12,0,100.04,0.38,-52.07,-0.20,1579.03,1.58,20
150,Entry long,2026-02-27 09:49,sl1|ver=0.1.0|variant=baseline|cfg=ema9_atr14_buf0.1_chase1_win3_tgt1.5_hold20_t935-1500_ent2_loss2_dd2_dirboth_risk100|setup_id=ir:0.1.0:BATS:META:1:1772203620000:long|bars_to_confirm=2|signal_close=645.92|trigger=645.84|stop=643.5|target_r=1.5|risk_ps=2.42|atr=1.654055|vwap_dist_atr=0.783183|tick=0.01,645.77,41,26476.57,30.75,0.12,0,100.04,0.38,-52.07,-0.20,1579.03,1.58,20
151,Exit short,2026-02-27 10:57,sl1|exit_reason=stop,646.11,92,59347.36,-94.76,-0.16,0,128.8,0.22,-94.76,-0.16,1484.27,1.48,4
151,Entry short,2026-02-27 10:53,sl1|ver=0.1.0|variant=baseline|cfg=ema9_atr14_buf0.1_chase1_win3_tgt1.5_hold20_t935-1500_ent2_loss2_dd2_dirboth_risk100|setup_id=ir:0.1.0:BATS:META:1:1772207520000:short|bars_to_confirm=1|signal_close=645.02|trigger=645.19|stop=646.1|target_r=1.5|risk_ps=1.08|atr=0.774017|vwap_dist_atr=0.550354|tick=0.01,645.08,92,59347.36,-94.76,-0.16,0,128.8,0.22,-94.76,-0.16,1484.27,1.48,4
152,Exit long,2026-03-03 09:47,sl1|exit_reason=stop,649.76,40,26085.6,-95.2,-0.36,0,74.4,0.29,-95.2,-0.36,1389.07,1.39,1
152,Entry long,2026-03-03 09:46,sl1|ver=0.1.0|variant=baseline|cfg=ema9_atr14_buf0.1_chase1_win3_tgt1.5_hold20_t935-1500_ent2_loss2_dd2_dirboth_risk100|setup_id=ir:0.1.0:BATS:META:1:1772549100000:long|bars_to_confirm=1|signal_close=652.21|trigger=651.44|stop=649.77|target_r=1.5|risk_ps=2.44|atr=2.130446|vwap_dist_atr=0.669358|tick=0.01,652.14,40,26085.6,-95.2,-0.36,0,74.4,0.29,-95.2,-0.36,1389.07,1.39,1
153,Exit long,2026-03-04 10:00,sl1|exit_reason=target,668.32,32,21232,154.24,0.73,0,154.24,0.73,-4.8,-0.02,1543.31,1.54,7
153,Entry long,2026-03-04 09:53,sl1|ver=0.1.0|variant=baseline|cfg=ema9_atr14_buf0.1_chase1_win3_tgt1.5_hold20_t935-1500_ent2_loss2_dd2_dirboth_risk100|setup_id=ir:0.1.0:BATS:META:1:1772635920000:long|bars_to_confirm=1|signal_close=663.37|trigger=662.6|stop=660.29|target_r=1.5|risk_ps=3.08|atr=1.75278|vwap_dist_atr=0.96555|tick=0.01,663.5,32,21232,154.24,0.73,0,154.24,0.73,-4.8,-0.02,1543.31,1.54,7
154,Exit long,2026-03-04 13:05,sl1|exit_reason=stop,666.74,149,99429.19,-84.93,-0.09,0,61.09,0.06,-84.93,-0.09,1458.38,1.46,5
154,Entry long,2026-03-04 13:00,sl1|ver=0.1.0|variant=baseline|cfg=ema9_atr14_buf0.1_chase1_win3_tgt1.5_hold20_t935-1500_ent2_loss2_dd2_dirboth_risk100|setup_id=ir:0.1.0:BATS:META:1:1772647140000:long|bars_to_confirm=1|signal_close=667.42|trigger=667.31|stop=666.75|target_r=1.5|risk_ps=0.67|atr=0.490633|vwap_dist_atr=0.369275|tick=0.01,667.31,149,99429.19,-84.93,-0.09,0,61.09,0.06,-84.93,-0.09,1458.38,1.46,5
155,Exit short,2026-03-05 09:47,sl1|exit_reason=stop,665.66,43,28524.91,-98.47,-0.35,0,0,0.00,-98.47,-0.35,1359.91,1.36,0
155,Entry short,2026-03-05 09:47,sl1|ver=0.1.0|variant=baseline|cfg=ema9_atr14_buf0.1_chase1_win3_tgt1.5_hold20_t935-1500_ent2_loss2_dd2_dirboth_risk100|setup_id=ir:0.1.0:BATS:META:1:1772721840000:short|bars_to_confirm=3|signal_close=663.36|trigger=663.37|stop=665.65|target_r=1.5|risk_ps=2.29|atr=1.503196|vwap_dist_atr=0.597244|tick=0.01,663.37,43,28524.91,-98.47,-0.35,0,0,0.00,-98.47,-0.35,1359.91,1.36,0
156,Exit short,2026-03-06 09:51,sl1|exit_reason=stop,641.08,70,44750.3,-125.3,-0.28,0,72.8,0.16,-125.3,-0.28,1234.61,1.23,4
156,Entry short,2026-03-06 09:47,sl1|ver=0.1.0|variant=baseline|cfg=ema9_atr14_buf0.1_chase1_win3_tgt1.5_hold20_t935-1500_ent2_loss2_dd2_dirboth_risk100|setup_id=ir:0.1.0:BATS:META:1:1772808360000:short|bars_to_confirm=1|signal_close=639.65|trigger=639.69|stop=641.07|target_r=1.5|risk_ps=1.42|atr=1.663362|vwap_dist_atr=0.211343|tick=0.01,639.29,70,44750.3,-125.3,-0.28,0,72.8,0.16,-125.3,-0.28,1234.61,1.23,4
157,Exit long,2026-03-09 10:06,sl1|exit_reason=stop,628.92,33,20856.33,-101.97,-0.49,0,16.17,0.08,-101.97,-0.49,1132.64,1.13,1
157,Entry long,2026-03-09 10:05,sl1|ver=0.1.0|variant=baseline|cfg=ema9_atr14_buf0.1_chase1_win3_tgt1.5_hold20_t935-1500_ent2_loss2_dd2_dirboth_risk100|setup_id=ir:0.1.0:BATS:META:1:1773065040000:long|bars_to_confirm=1|signal_close=631.89|trigger=631.07|stop=628.93|target_r=1.5|risk_ps=2.96|atr=1.320638|vwap_dist_atr=0.714249|tick=0.01,632.01,33,20856.33,-101.97,-0.49,0,16.17,0.08,-101.97,-0.49,1132.64,1.13,1
158,Exit short,2026-03-10 09:50,sl1|exit_reason=stop,656.86,43,28143.93,-101.05,-0.36,0,3.87,0.01,-101.05,-0.36,1031.59,1.03,2
158,Entry short,2026-03-10 09:48,sl1|ver=0.1.0|variant=baseline|cfg=ema9_atr14_buf0.1_chase1_win3_tgt1.5_hold20_t935-1500_ent2_loss2_dd2_dirboth_risk100|setup_id=ir:0.1.0:BATS:META:1:1773150360000:short|bars_to_confirm=2|signal_close=654.54|trigger=654.78|stop=656.85|target_r=1.5|risk_ps=2.31|atr=1.788629|vwap_dist_atr=0.719882|tick=0.01,654.51,43,28143.93,-101.05,-0.36,0,3.87,0.01,-101.05,-0.36,1031.59,1.03,2
159,Exit short,2026-03-10 10:08,sl1|exit_reason=target,650.39,42,27476.82,160.44,0.58,0,160.44,0.58,-47.46,-0.17,1192.03,1.19,15
159,Entry short,2026-03-10 09:53,sl1|ver=0.1.0|variant=baseline|cfg=ema9_atr14_buf0.1_chase1_win3_tgt1.5_hold20_t935-1500_ent2_loss2_dd2_dirboth_risk100|setup_id=ir:0.1.0:BATS:META:1:1773150720000:short|bars_to_confirm=1|signal_close=654.4|trigger=654.72|stop=656.76|target_r=1.5|risk_ps=2.36|atr=1.688821|vwap_dist_atr=0.840295|tick=0.01,654.21,42,27476.82,160.44,0.58,0,160.44,0.58,-47.46,-0.17,1192.03,1.19,15
160,Exit short,2026-03-11 10:00,sl1|exit_reason=stop,658.53,54,35455.86,-104.76,-0.30,0,84.24,0.24,-104.76,-0.30,1087.27,1.09,10
160,Entry short,2026-03-11 09:50,sl1|ver=0.1.0|variant=baseline|cfg=ema9_atr14_buf0.1_chase1_win3_tgt1.5_hold20_t935-1500_ent2_loss2_dd2_dirboth_risk100|setup_id=ir:0.1.0:BATS:META:1:1773236940000:short|bars_to_confirm=1|signal_close=656.68|trigger=656.86|stop=658.52|target_r=1.5|risk_ps=1.84|atr=1.091371|vwap_dist_atr=0.318732|tick=0.01,656.59,54,35455.86,-104.76,-0.30,0,84.24,0.24,-104.76,-0.30,1087.27,1.09,10
161,Exit long,2026-03-11 10:11,sl1|exit_reason=stop,656.24,75,49294.5,-76.5,-0.16,0,0,0.00,-76.5,-0.16,1010.77,1.01,0
161,Entry long,2026-03-11 10:11,sl1|ver=0.1.0|variant=baseline|cfg=ema9_atr14_buf0.1_chase1_win3_tgt1.5_hold20_t935-1500_ent2_loss2_dd2_dirboth_risk100|setup_id=ir:0.1.0:BATS:META:1:1773238200000:long|bars_to_confirm=1|signal_close=657.58|trigger=657.5|stop=656.25|target_r=1.5|risk_ps=1.33|atr=1.09849|vwap_dist_atr=0.663361|tick=0.01,657.26,75,49294.5,-76.5,-0.16,0,0,0.00,-76.5,-0.16,1010.77,1.01,0
162,Exit long,2026-03-12 09:45,sl1|exit_reason=stop,647.73,69,44788.59,-95.22,-0.21,0,75.21,0.17,-95.22,-0.21,915.55,0.92,6
162,Entry long,2026-03-12 09:39,sl1|ver=0.1.0|variant=baseline|cfg=ema9_atr14_buf0.1_chase1_win3_tgt1.5_hold20_t935-1500_ent2_loss2_dd2_dirboth_risk100|setup_id=ir:0.1.0:BATS:META:1:1773322680000:long|bars_to_confirm=1|signal_close=649.18|trigger=649.105|stop=647.74|target_r=1.5|risk_ps=1.44|atr=1.113064|vwap_dist_atr=0.56906|tick=0.01,649.11,69,44788.59,-95.22,-0.21,0,75.21,0.17,-95.22,-0.21,915.55,0.92,6
163,Exit short,2026-03-13 10:56,sl1|exit_reason=target,620.14,60,37356,147.6,0.40,0,147.6,0.40,-19.2,-0.05,1063.15,1.06,7
163,Entry short,2026-03-13 10:49,sl1|ver=0.1.0|variant=baseline|cfg=ema9_atr14_buf0.1_chase1_win3_tgt1.5_hold20_t935-1500_ent2_loss2_dd2_dirboth_risk100|setup_id=ir:0.1.0:BATS:META:1:1773413220000:short|bars_to_confirm=2|signal_close=622.58|trigger=622.64|stop=624.24|target_r=1.5|risk_ps=1.66|atr=0.924259|vwap_dist_atr=0.640927|tick=0.01,622.6,60,37356,147.6,0.40,0,147.6,0.40,-19.2,-0.05,1063.15,1.06,7
164,Exit short,2026-03-16 10:01,sl1|exit_reason=time,629.56,35,22028.3,-6.3,-0.03,0,100.8,0.46,-91.7,-0.42,1056.85,1.06,20
164,Entry short,2026-03-16 09:41,sl1|ver=0.1.0|variant=baseline|cfg=ema9_atr14_buf0.1_chase1_win3_tgt1.5_hold20_t935-1500_ent2_loss2_dd2_dirboth_risk100|setup_id=ir:0.1.0:BATS:META:1:1773668400000:short|bars_to_confirm=1|signal_close=629.4|trigger=629.61|stop=632.22|target_r=1.5|risk_ps=2.82|atr=1.537779|vwap_dist_atr=0.780494|tick=0.01,629.38,35,22028.3,-6.3,-0.03,0,100.8,0.46,-91.7,-0.42,1056.85,1.06,20
165,Exit short,2026-03-17 10:06,sl1|exit_reason=target,630.1,43,27235.34,141.04,0.52,0,141.04,0.52,-11.61,-0.04,1197.89,1.20,12
165,Entry short,2026-03-17 09:54,sl1|ver=0.1.0|variant=baseline|cfg=ema9_atr14_buf0.1_chase1_win3_tgt1.5_hold20_t935-1500_ent2_loss2_dd2_dirboth_risk100|setup_id=ir:0.1.0:BATS:META:1:1773755580000:short|bars_to_confirm=1|signal_close=633.26|trigger=633.9|stop=635.57|target_r=1.5|risk_ps=2.31|atr=1.149215|vwap_dist_atr=0.989772|tick=0.01,633.38,43,27235.34,141.04,0.52,0,141.04,0.52,-11.61,-0.04,1197.89,1.20,12
166,Exit short,2026-03-18 10:08,sl1|exit_reason=stop,620.98,57,35296.11,-99.75,-0.28,0,6.27,0.02,-99.75,-0.28,1098.14,1.10,13
166,Entry short,2026-03-18 09:55,sl1|ver=0.1.0|variant=baseline|cfg=ema9_atr14_buf0.1_chase1_win3_tgt1.5_hold20_t935-1500_ent2_loss2_dd2_dirboth_risk100|setup_id=ir:0.1.0:BATS:META:1:1773842040000:short|bars_to_confirm=1|signal_close=619.24|trigger=619.55|stop=620.97|target_r=1.5|risk_ps=1.73|atr=0.94302|vwap_dist_atr=0.494891|tick=0.01,619.23,57,35296.11,-99.75,-0.28,0,6.27,0.02,-99.75,-0.28,1098.14,1.10,13
167,Exit short,2026-03-18 10:26,sl1|exit_reason=target,616.94,72,44578.08,158.4,0.36,0,158.4,0.36,-13.68,-0.03,1256.54,1.26,5
167,Entry short,2026-03-18 10:21,sl1|ver=0.1.0|variant=baseline|cfg=ema9_atr14_buf0.1_chase1_win3_tgt1.5_hold20_t935-1500_ent2_loss2_dd2_dirboth_risk100|setup_id=ir:0.1.0:BATS:META:1:1773843600000:short|bars_to_confirm=1|signal_close=619.23|trigger=619.5|stop=620.61|target_r=1.5|risk_ps=1.38|atr=0.855561|vwap_dist_atr=0.813362|tick=0.01,619.14,72,44578.08,158.4,0.36,0,158.4,0.36,-13.68,-0.03,1256.54,1.26,5
168,Exit short,2026-03-20 09:45,sl1|exit_reason=stop,601.09,78,46781.28,-103.74,-0.22,0,55.38,0.12,-103.74,-0.22,1152.8,1.15,5
168,Entry short,2026-03-20 09:40,sl1|ver=0.1.0|variant=baseline|cfg=ema9_atr14_buf0.1_chase1_win3_tgt1.5_hold20_t935-1500_ent2_loss2_dd2_dirboth_risk100|setup_id=ir:0.1.0:BATS:META:1:1774013940000:short|bars_to_confirm=1|signal_close=599.8|trigger=599.99|stop=601.08|target_r=1.5|risk_ps=1.28|atr=1.051975|vwap_dist_atr=0.696101|tick=0.01,599.76,78,46781.28,-103.74,-0.22,0,55.38,0.12,-103.74,-0.22,1152.8,1.15,5
169,Exit long,2026-03-20 12:27,sl1|exit_reason=stop,595.32,117,69742.53,-90.09,-0.13,0,54.99,0.08,-90.09,-0.13,1062.71,1.06,8
169,Entry long,2026-03-20 12:19,sl1|ver=0.1.0|variant=baseline|cfg=ema9_atr14_buf0.1_chase1_win3_tgt1.5_hold20_t935-1500_ent2_loss2_dd2_dirboth_risk100|setup_id=ir:0.1.0:BATS:META:1:1774023480000:long|bars_to_confirm=1|signal_close=596.18|trigger=596.16|stop=595.33|target_r=1.5|risk_ps=0.85|atr=0.48241|vwap_dist_atr=0.888826|tick=0.01,596.09,117,69742.53,-90.09,-0.13,0,54.99,0.08,-90.09,-0.13,1062.71,1.06,8
170,Exit long,2026-03-23 09:41,sl1|exit_reason=stop,600.18,43,25911.37,-103.63,-0.40,0,0.43,0.00,-103.63,-0.40,959.08,0.96,1
170,Entry long,2026-03-23 09:40,sl1|ver=0.1.0|variant=baseline|cfg=ema9_atr14_buf0.1_chase1_win3_tgt1.5_hold20_t935-1500_ent2_loss2_dd2_dirboth_risk100|setup_id=ir:0.1.0:BATS:META:1:1774273020000:long|bars_to_confirm=3|signal_close=602.5|trigger=601.66|stop=600.19|target_r=1.5|risk_ps=2.31|atr=1.310399|vwap_dist_atr=0.903326|tick=0.01,602.59,43,25911.37,-103.63,-0.40,0,0.43,0.00,-103.63,-0.40,959.08,0.96,1
171,Exit short,2026-03-24 09:48,sl1|exit_reason=target,595.62,63,37675.26,151.2,0.40,0,151.2,0.40,-45.99,-0.12,1110.28,1.11,11
171,Entry short,2026-03-24 09:37,sl1|ver=0.1.0|variant=baseline|cfg=ema9_atr14_buf0.1_chase1_win3_tgt1.5_hold20_t935-1500_ent2_loss2_dd2_dirboth_risk100|setup_id=ir:0.1.0:BATS:META:1:1774359360000:short|bars_to_confirm=1|signal_close=598.045|trigger=598.24|stop=599.62|target_r=1.5|risk_ps=1.575|atr=0.972761|vwap_dist_atr=0.788274|tick=0.01,598.02,63,37675.26,151.2,0.40,0,151.2,0.40,-45.99,-0.12,1110.28,1.11,11
172,Exit long,2026-03-24 11:27,sl1|exit_reason=stop,595.74,153,91249.2,-100.98,-0.11,0,0,0.00,-100.98,-0.11,1009.3,1.01,1
172,Entry long,2026-03-24 11:26,sl1|ver=0.1.0|variant=baseline|cfg=ema9_atr14_buf0.1_chase1_win3_tgt1.5_hold20_t935-1500_ent2_loss2_dd2_dirboth_risk100|setup_id=ir:0.1.0:BATS:META:1:1774365900000:long|bars_to_confirm=1|signal_close=596.4|trigger=596.22|stop=595.75|target_r=1.5|risk_ps=0.65|atr=0.702698|vwap_dist_atr=0.878804|tick=0.01,596.4,153,91249.2,-100.98,-0.11,0,0,0.00,-100.98,-0.11,1009.3,1.01,1
173,Exit short,2026-03-25 09:47,sl1|exit_reason=target,599.21,124,74422.32,120.28,0.16,0,120.28,0.16,-47.12,-0.06,1129.58,1.13,2
173,Entry short,2026-03-25 09:45,sl1|ver=0.1.0|variant=baseline|cfg=ema9_atr14_buf0.1_chase1_win3_tgt1.5_hold20_t935-1500_ent2_loss2_dd2_dirboth_risk100|setup_id=ir:0.1.0:BATS:META:1:1774446240000:short|bars_to_confirm=1|signal_close=600.03|trigger=600.2|stop=600.83|target_r=1.5|risk_ps=0.8|atr=0.996343|vwap_dist_atr=0.508642|tick=0.01,600.18,124,74422.32,120.28,0.16,0,120.28,0.16,-47.12,-0.06,1129.58,1.13,2
174,Exit long,2026-03-25 10:22,sl1|exit_reason=stop,598.68,119,71341.69,-98.77,-0.14,0,101.15,0.14,-98.77,-0.14,1030.81,1.03,8
174,Entry long,2026-03-25 10:14,sl1|ver=0.1.0|variant=baseline|cfg=ema9_atr14_buf0.1_chase1_win3_tgt1.5_hold20_t935-1500_ent2_loss2_dd2_dirboth_risk100|setup_id=ir:0.1.0:BATS:META:1:1774447980000:long|bars_to_confirm=1|signal_close=599.53|trigger=599.44|stop=598.69|target_r=1.5|risk_ps=0.84|atr=0.973981|vwap_dist_atr=0.708416|tick=0.01,599.51,119,71341.69,-98.77,-0.14,0,101.15,0.14,-98.77,-0.14,1030.81,1.03,8
175,Exit short,2026-03-26 09:37,sl1|exit_reason=stop,579.46,64,36989.44,-96,-0.26,0,7.04,0.02,-96,-0.26,934.81,0.93,1
175,Entry short,2026-03-26 09:36,sl1|ver=0.1.0|variant=baseline|cfg=ema9_atr14_buf0.1_chase1_win3_tgt1.5_hold20_t935-1500_ent2_loss2_dd2_dirboth_risk100|setup_id=ir:0.1.0:BATS:META:1:1774532100000:short|bars_to_confirm=1|signal_close=577.91|trigger=578.15|stop=579.45|target_r=1.5|risk_ps=1.54|atr=1.110416|vwap_dist_atr=0.902733|tick=0.01,577.96,64,36989.44,-96,-0.26,0,7.04,0.02,-96,-0.26,934.81,0.93,1
176,Exit long,2026-03-26 09:57,sl1|exit_reason=stop,577.09,68,39331.88,-89.76,-0.23,0,108.8,0.28,-89.76,-0.23,845.05,0.85,5
176,Entry long,2026-03-26 09:52,sl1|ver=0.1.0|variant=baseline|cfg=ema9_atr14_buf0.1_chase1_win3_tgt1.5_hold20_t935-1500_ent2_loss2_dd2_dirboth_risk100|setup_id=ir:0.1.0:BATS:META:1:1774533060000:long|bars_to_confirm=1|signal_close=578.55|trigger=577.9|stop=577.1|target_r=1.5|risk_ps=1.45|atr=1.184406|vwap_dist_atr=0.592316|tick=0.01,578.41,68,39331.88,-89.76,-0.23,0,108.8,0.28,-89.76,-0.23,845.05,0.85,5
177,Exit short,2026-03-27 09:57,sl1|exit_reason=target,535,55,29583.95,158.95,0.54,0,158.95,0.54,-24.75,-0.08,1004,1.00,5
177,Entry short,2026-03-27 09:52,sl1|ver=0.1.0|variant=baseline|cfg=ema9_atr14_buf0.1_chase1_win3_tgt1.5_hold20_t935-1500_ent2_loss2_dd2_dirboth_risk100|setup_id=ir:0.1.0:BATS:META:1:1774619460000:short|bars_to_confirm=1|signal_close=538.005|trigger=538.11|stop=539.82|target_r=1.5|risk_ps=1.815|atr=1.409425|vwap_dist_atr=0.346527|tick=0.01,537.89,55,29583.95,158.95,0.54,0,158.95,0.54,-24.75,-0.08,1004,1.00,5
178,Exit long,2026-03-30 09:55,sl1|exit_reason=stop,531.97,35,18716.6,-97.65,-0.52,0,12.6,0.07,-97.65,-0.52,906.35,0.91,10
178,Entry long,2026-03-30 09:45,sl1|ver=0.1.0|variant=baseline|cfg=ema9_atr14_buf0.1_chase1_win3_tgt1.5_hold20_t935-1500_ent2_loss2_dd2_dirboth_risk100|setup_id=ir:0.1.0:BATS:META:1:1774878240000:long|bars_to_confirm=1|signal_close=534.83|trigger=534.49|stop=531.98|target_r=1.5|risk_ps=2.85|atr=1.385017|vwap_dist_atr=0.570104|tick=0.01,534.76,35,18716.6,-97.65,-0.52,0,12.6,0.07,-97.65,-0.52,906.35,0.91,10
179,Exit long,2026-03-30 10:39,sl1|exit_reason=stop,532.19,74,39490.84,-108.78,-0.28,0,60.68,0.15,-108.78,-0.28,797.57,0.80,16
179,Entry long,2026-03-30 10:23,sl1|ver=0.1.0|variant=baseline|cfg=ema9_atr14_buf0.1_chase1_win3_tgt1.5_hold20_t935-1500_ent2_loss2_dd2_dirboth_risk100|setup_id=ir:0.1.0:BATS:META:1:1774880460000:long|bars_to_confirm=2|signal_close=533.55|trigger=533.33|stop=532.2|target_r=1.5|risk_ps=1.35|atr=1.029566|vwap_dist_atr=0.857231|tick=0.01,533.66,74,39490.84,-108.78,-0.28,0,60.68,0.15,-108.78,-0.28,797.57,0.80,16
180,Exit short,2026-03-31 10:48,sl1|exit_reason=target,554.22,106,58881.94,134.62,0.23,0,134.62,0.23,-75.26,-0.13,932.19,0.93,4
180,Entry short,2026-03-31 10:44,sl1|ver=0.1.0|variant=baseline|cfg=ema9_atr14_buf0.1_chase1_win3_tgt1.5_hold20_t935-1500_ent2_loss2_dd2_dirboth_risk100|setup_id=ir:0.1.0:BATS:META:1:1774968060000:short|bars_to_confirm=3|signal_close=555.4|trigger=555.5|stop=556.34|target_r=1.5|risk_ps=0.94|atr=0.84583|vwap_dist_atr=0.458058|tick=0.01,555.49,106,58881.94,134.62,0.23,0,134.62,0.23,-75.26,-0.13,932.19,0.93,4
181,Exit long,2026-03-31 11:23,sl1|exit_reason=target,557.05,120,66685.2,160.8,0.24,0,160.8,0.24,-13.2,-0.02,1092.99,1.09,6
181,Entry long,2026-03-31 11:17,sl1|ver=0.1.0|variant=baseline|cfg=ema9_atr14_buf0.1_chase1_win3_tgt1.5_hold20_t935-1500_ent2_loss2_dd2_dirboth_risk100|setup_id=ir:0.1.0:BATS:META:1:1774970160000:long|bars_to_confirm=1|signal_close=555.65|trigger=555.53|stop=554.82|target_r=1.5|risk_ps=0.83|atr=0.759587|vwap_dist_atr=0.390879|tick=0.01,555.71,120,66685.2,160.8,0.24,0,160.8,0.24,-13.2,-0.02,1092.99,1.09,6
182,Exit long,2026-04-01 10:34,sl1|exit_reason=stop,578.82,85,49300,-100.3,-0.20,0,13.6,0.03,-100.3,-0.20,992.69,0.99,8
182,Entry long,2026-04-01 10:26,sl1|ver=0.1.0|variant=baseline|cfg=ema9_atr14_buf0.1_chase1_win3_tgt1.5_hold20_t935-1500_ent2_loss2_dd2_dirboth_risk100|setup_id=ir:0.1.0:BATS:META:1:1775053440000:long|bars_to_confirm=2|signal_close=580|trigger=579.56|stop=578.83|target_r=1.5|risk_ps=1.17|atr=1.020485|vwap_dist_atr=0.681107|tick=0.01,580,85,49300,-100.3,-0.20,0,13.6,0.03,-100.3,-0.20,992.69,0.99,8
183,Exit short,2026-04-02 09:40,sl1|exit_reason=target,560.9,52,29282.24,115.44,0.39,0,115.44,0.39,-50.96,-0.17,1108.13,1.11,3
183,Entry short,2026-04-02 09:37,sl1|ver=0.1.0|variant=baseline|cfg=ema9_atr14_buf0.1_chase1_win3_tgt1.5_hold20_t935-1500_ent2_loss2_dd2_dirboth_risk100|setup_id=ir:0.1.0:BATS:META:1:1775136960000:short|bars_to_confirm=1|signal_close=562.7|trigger=562.93|stop=564.6|target_r=1.5|risk_ps=1.9|atr=1.130893|vwap_dist_atr=0.941427|tick=0.01,563.12,52,29282.24,115.44,0.39,0,115.44,0.39,-50.96,-0.17,1108.13,1.11,3
184,Exit long,2026-04-06 10:03,sl1|exit_reason=stop,578.69,54,31347,-97.74,-0.31,0,94.5,0.30,-97.74,-0.31,1010.39,1.01,19
184,Entry long,2026-04-06 09:44,sl1|ver=0.1.0|variant=baseline|cfg=ema9_atr14_buf0.1_chase1_win3_tgt1.5_hold20_t935-1500_ent2_loss2_dd2_dirboth_risk100|setup_id=ir:0.1.0:BATS:META:1:1775482980000:long|bars_to_confirm=1|signal_close=580.55|trigger=580.22|stop=578.7|target_r=1.5|risk_ps=1.85|atr=1.181752|vwap_dist_atr=0.768596|tick=0.01,580.5,54,31347,-97.74,-0.31,0,94.5,0.30,-97.74,-0.31,1010.39,1.01,19
185,Exit short,2026-04-06 13:03,sl1|exit_reason=target,576.59,155,89545.05,173.6,0.19,0,173.6,0.19,-23.25,-0.03,1183.99,1.18,5
185,Entry short,2026-04-06 12:58,sl1|ver=0.1.0|variant=baseline|cfg=ema9_atr14_buf0.1_chase1_win3_tgt1.5_hold20_t935-1500_ent2_loss2_dd2_dirboth_risk100|setup_id=ir:0.1.0:BATS:META:1:1775494620000:short|bars_to_confirm=1|signal_close=577.815|trigger=577.83|stop=578.46|target_r=1.5|risk_ps=0.645|atr=0.328077|vwap_dist_atr=0.499332|tick=0.01,577.71,155,89545.05,173.6,0.19,0,173.6,0.19,-23.25,-0.03,1183.99,1.18,5
186,Exit short,2026-04-07 10:00,sl1|exit_reason=target,568.74,112,63834.4,135.52,0.21,0,135.52,0.21,-84,-0.13,1319.51,1.32,6
186,Entry short,2026-04-07 09:54,sl1|ver=0.1.0|variant=baseline|cfg=ema9_atr14_buf0.1_chase1_win3_tgt1.5_hold20_t935-1500_ent2_loss2_dd2_dirboth_risk100|setup_id=ir:0.1.0:BATS:META:1:1775569860000:short|bars_to_confirm=3|signal_close=569.87|trigger=569.88|stop=570.76|target_r=1.5|risk_ps=0.89|atr=0.958308|vwap_dist_atr=0.43753|tick=0.01,569.95,112,63834.4,135.52,0.21,0,135.52,0.21,-84,-0.13,1319.51,1.32,6
187,Exit long,2026-04-07 10:39,sl1|exit_reason=stop,568.53,84,47836.32,-79.8,-0.17,0,80.64,0.17,-79.8,-0.17,1239.71,1.24,13
187,Entry long,2026-04-07 10:26,sl1|ver=0.1.0|variant=baseline|cfg=ema9_atr14_buf0.1_chase1_win3_tgt1.5_hold20_t935-1500_ent2_loss2_dd2_dirboth_risk100|setup_id=ir:0.1.0:BATS:META:1:1775571840000:long|bars_to_confirm=2|signal_close=569.73|trigger=569.61|stop=568.54|target_r=1.5|risk_ps=1.19|atr=0.707968|vwap_dist_atr=0.953338|tick=0.01,569.48,84,47836.32,-79.8,-0.17,0,80.64,0.17,-79.8,-0.17,1239.71,1.24,13
188,Exit short,2026-04-08 09:45,sl1|exit_reason=target,600.1,56,33737.2,131.6,0.39,0,131.6,0.39,-3.36,-0.01,1371.31,1.37,2
188,Entry short,2026-04-08 09:43,sl1|ver=0.1.0|variant=baseline|cfg=ema9_atr14_buf0.1_chase1_win3_tgt1.5_hold20_t935-1500_ent2_loss2_dd2_dirboth_risk100|setup_id=ir:0.1.0:BATS:META:1:1775655720000:short|bars_to_confirm=1|signal_close=602.24|trigger=602.31|stop=604.02|target_r=1.5|risk_ps=1.78|atr=1.49465|vwap_dist_atr=0.628685|tick=0.01,602.45,56,33737.2,131.6,0.39,0,131.6,0.39,-3.36,-0.01,1371.31,1.37,2
189,Exit short,2026-04-09 10:01,sl1|exit_reason=target,623.81,57,35704.8,147.63,0.41,0,147.63,0.41,-6.84,-0.02,1518.94,1.52,2
189,Entry short,2026-04-09 09:59,sl1|ver=0.1.0|variant=baseline|cfg=ema9_atr14_buf0.1_chase1_win3_tgt1.5_hold20_t935-1500_ent2_loss2_dd2_dirboth_risk100|setup_id=ir:0.1.0:BATS:META:1:1775742960000:short|bars_to_confirm=3|signal_close=626.4|trigger=626.46|stop=628.13|target_r=1.5|risk_ps=1.73|atr=1.762711|vwap_dist_atr=0.736286|tick=0.01,626.4,57,35704.8,147.63,0.41,0,147.63,0.41,-6.84,-0.02,1518.94,1.52,2
190,Exit long,2026-04-10 10:20,sl1|exit_reason=target,635,101,63999.66,135.34,0.21,0,135.34,0.21,-1.01,0.00,1654.28,1.65,1
190,Entry long,2026-04-10 10:19,sl1|ver=0.1.0|variant=baseline|cfg=ema9_atr14_buf0.1_chase1_win3_tgt1.5_hold20_t935-1500_ent2_loss2_dd2_dirboth_risk100|setup_id=ir:0.1.0:BATS:META:1:1775830680000:long|bars_to_confirm=1|signal_close=633.76|trigger=633.52|stop=632.77|target_r=1.5|risk_ps=0.99|atr=0.838802|vwap_dist_atr=0.460578|tick=0.01,633.66,101,63999.66,135.34,0.21,0,135.34,0.21,-1.01,0.00,1654.28,1.65,1
191,Exit short,2026-04-10 10:43,sl1|exit_reason=target,632.73,153,96954.57,146.88,0.15,0,146.88,0.15,-62.73,-0.06,1801.16,1.80,2
191,Entry short,2026-04-10 10:41,sl1|ver=0.1.0|variant=baseline|cfg=ema9_atr14_buf0.1_chase1_win3_tgt1.5_hold20_t935-1500_ent2_loss2_dd2_dirboth_risk100|setup_id=ir:0.1.0:BATS:META:1:1775832000000:short|bars_to_confirm=1|signal_close=633.68|trigger=633.79|stop=634.33|target_r=1.5|risk_ps=0.65|atr=0.671949|vwap_dist_atr=0.233672|tick=0.01,633.69,153,96954.57,146.88,0.15,0,146.88,0.15,-62.73,-0.06,1801.16,1.80,2
192,Exit long,2026-04-13 10:01,sl1|exit_reason=target,631.29,66,41514.66,150.48,0.36,0,150.48,0.36,-30.36,-0.07,1951.64,1.95,5
192,Entry long,2026-04-13 09:56,sl1|ver=0.1.0|variant=baseline|cfg=ema9_atr14_buf0.1_chase1_win3_tgt1.5_hold20_t935-1500_ent2_loss2_dd2_dirboth_risk100|setup_id=ir:0.1.0:BATS:META:1:1776088500000:long|bars_to_confirm=1|signal_close=629|trigger=628.6|stop=627.49|target_r=1.5|risk_ps=1.51|atr=1.260966|vwap_dist_atr=0.98409|tick=0.01,629.01,66,41514.66,150.48,0.36,0,150.48,0.36,-30.36,-0.07,1951.64,1.95,5
193,Exit long,2026-04-15 10:11,sl1|exit_reason=time,672.14,33,22064.46,116.16,0.53,0,151.14,0.68,-10.89,-0.05,2067.8,2.07,20
193,Entry long,2026-04-15 09:51,sl1|ver=0.1.0|variant=baseline|cfg=ema9_atr14_buf0.1_chase1_win3_tgt1.5_hold20_t935-1500_ent2_loss2_dd2_dirboth_risk100|setup_id=ir:0.1.0:BATS:META:1:1776261000000:long|bars_to_confirm=1|signal_close=668.52|trigger=667.5|stop=665.52|target_r=1.5|risk_ps=3|atr=1.399475|vwap_dist_atr=0.82495|tick=0.01,668.62,33,22064.46,116.16,0.53,0,151.14,0.68,-10.89,-0.05,2067.8,2.07,20
194,Exit short,2026-04-16 10:18,sl1|exit_reason=target,670.7,112,75216.96,98.56,0.13,0,98.56,0.13,-17.92,-0.02,2166.36,2.17,2
194,Entry short,2026-04-16 10:16,sl1|ver=0.1.0|variant=baseline|cfg=ema9_atr14_buf0.1_chase1_win3_tgt1.5_hold20_t935-1500_ent2_loss2_dd2_dirboth_risk100|setup_id=ir:0.1.0:BATS:META:1:1776348900000:short|bars_to_confirm=1|signal_close=671.281|trigger=671.51|stop=672.17|target_r=1.5|risk_ps=0.889|atr=1.019967|vwap_dist_atr=0.868387|tick=0.01,671.58,112,75216.96,98.56,0.13,0,98.56,0.13,-17.92,-0.02,2166.36,2.17,2
195,Exit long,2026-04-16 10:43,sl1|exit_reason=target,673.09,152,102165.28,144.4,0.14,0,144.4,0.14,-12.16,-0.01,2310.76,2.31,1
195,Entry long,2026-04-16 10:42,sl1|ver=0.1.0|variant=baseline|cfg=ema9_atr14_buf0.1_chase1_win3_tgt1.5_hold20_t935-1500_ent2_loss2_dd2_dirboth_risk100|setup_id=ir:0.1.0:BATS:META:1:1776350460000:long|bars_to_confirm=1|signal_close=672.05|trigger=672.04|stop=671.51|target_r=1.5|risk_ps=0.54|atr=0.64779|vwap_dist_atr=0.149274|tick=0.01,672.14,152,102165.28,144.4,0.14,0,144.4,0.14,-12.16,-0.01,2310.76,2.31,1
196,Exit short,2026-04-17 10:33,sl1|exit_reason=stop,684.56,61,41653.85,-104.31,-0.25,0,32.33,0.08,-104.31,-0.25,2206.45,2.21,9
196,Entry short,2026-04-17 10:24,sl1|ver=0.1.0|variant=baseline|cfg=ema9_atr14_buf0.1_chase1_win3_tgt1.5_hold20_t935-1500_ent2_loss2_dd2_dirboth_risk100|setup_id=ir:0.1.0:BATS:META:1:1776435780000:short|bars_to_confirm=1|signal_close=682.93|trigger=683.47|stop=684.55|target_r=1.5|risk_ps=1.62|atr=0.959265|vwap_dist_atr=0.635593|tick=0.01,682.85,61,41653.85,-104.31,-0.25,0,32.33,0.08,-104.31,-0.25,2206.45,2.21,9
197,Exit short,2026-04-17 11:19,sl1|exit_reason=target,682.51,108,73854.72,143.64,0.19,0,143.64,0.19,-29.16,-0.04,2350.09,2.35,9
197,Entry short,2026-04-17 11:10,sl1|ver=0.1.0|variant=baseline|cfg=ema9_atr14_buf0.1_chase1_win3_tgt1.5_hold20_t935-1500_ent2_loss2_dd2_dirboth_risk100|setup_id=ir:0.1.0:BATS:META:1:1776438540000:short|bars_to_confirm=1|signal_close=683.81|trigger=683.9|stop=684.73|target_r=1.5|risk_ps=0.92|atr=0.750882|vwap_dist_atr=0.560603|tick=0.01,683.84,108,73854.72,143.64,0.19,0,143.64,0.19,-29.16,-0.04,2350.09,2.35,9
198,Exit long,2026-04-20 10:02,sl1|exit_reason=stop,675.69,62,41993.22,-100.44,-0.24,0,52.7,0.13,-100.44,-0.24,2249.65,2.25,5
198,Entry long,2026-04-20 09:57,sl1|ver=0.1.0|variant=baseline|cfg=ema9_atr14_buf0.1_chase1_win3_tgt1.5_hold20_t935-1500_ent2_loss2_dd2_dirboth_risk100|setup_id=ir:0.1.0:BATS:META:1:1776693360000:long|bars_to_confirm=1|signal_close=677.29|trigger=677.08|stop=675.7|target_r=1.5|risk_ps=1.59|atr=1.325377|vwap_dist_atr=0.286977|tick=0.01,677.31,62,41993.22,-100.44,-0.24,0,52.7,0.13,-100.44,-0.24,2249.65,2.25,5
199,Exit long,2026-04-20 10:15,sl1|exit_reason=stop,676.07,77,52151.33,-93.94,-0.18,0,27.72,0.05,-93.94,-0.18,2155.71,2.16,8
199,Entry long,2026-04-20 10:07,sl1|ver=0.1.0|variant=baseline|cfg=ema9_atr14_buf0.1_chase1_win3_tgt1.5_hold20_t935-1500_ent2_loss2_dd2_dirboth_risk100|setup_id=ir:0.1.0:BATS:META:1:1776693960000:long|bars_to_confirm=1|signal_close=677.37|trigger=677.07|stop=676.08|target_r=1.5|risk_ps=1.29|atr=1.106577|vwap_dist_atr=0.370426|tick=0.01,677.29,77,52151.33,-93.94,-0.18,0,27.72,0.05,-93.94,-0.18,2155.71,2.16,8
200,Exit short,2026-04-21 11:01,sl1|exit_reason=target,671.25,114,76701.48,178.98,0.23,0,178.98,0.23,-10.26,-0.01,2334.69,2.33,4
200,Entry short,2026-04-21 10:57,sl1|ver=0.1.0|variant=baseline|cfg=ema9_atr14_buf0.1_chase1_win3_tgt1.5_hold20_t935-1500_ent2_loss2_dd2_dirboth_risk100|setup_id=ir:0.1.0:BATS:META:1:1776783360000:short|bars_to_confirm=1|signal_close=673|trigger=673.07|stop=673.87|target_r=1.5|risk_ps=0.87|atr=0.621573|vwap_dist_atr=0.743446|tick=0.01,672.82,114,76701.48,178.98,0.23,0,178.98,0.23,-10.26,-0.01,2334.69,2.33,4
201,Exit long,2026-04-22 09:58,sl1|exit_reason=time,673.62,43,28945.02,20.64,0.07,0,45.58,0.16,-70.09,-0.24,2355.33,2.36,20
201,Entry long,2026-04-22 09:38,sl1|ver=0.1.0|variant=baseline|cfg=ema9_atr14_buf0.1_chase1_win3_tgt1.5_hold20_t935-1500_ent2_loss2_dd2_dirboth_risk100|setup_id=ir:0.1.0:BATS:META:1:1776865020000:long|bars_to_confirm=1|signal_close=673.25|trigger=673.12|stop=670.96|target_r=1.5|risk_ps=2.29|atr=1.125487|vwap_dist_atr=0.900117|tick=0.01,673.14,43,28945.02,20.64,0.07,0,45.58,0.16,-70.09,-0.24,2355.33,2.36,20
202,Exit short,2026-04-22 10:57,sl1|exit_reason=stop,674.06,125,84166.25,-91.25,-0.11,0,18.75,0.02,-91.25,-0.11,2264.08,2.26,3
202,Entry short,2026-04-22 10:54,sl1|ver=0.1.0|variant=baseline|cfg=ema9_atr14_buf0.1_chase1_win3_tgt1.5_hold20_t935-1500_ent2_loss2_dd2_dirboth_risk100|setup_id=ir:0.1.0:BATS:META:1:1776869580000:short|bars_to_confirm=1|signal_close=673.25|trigger=673.26|stop=674.05|target_r=1.5|risk_ps=0.8|atr=0.566321|vwap_dist_atr=0.965118|tick=0.01,673.33,125,84166.25,-91.25,-0.11,0,18.75,0.02,-91.25,-0.11,2264.08,2.26,3
203,Exit long,2026-04-23 10:30,sl1|exit_reason=time,663.9,55,36458.95,55.55,0.15,0,92.4,0.25,-41.25,-0.11,2319.63,2.32,20
203,Entry long,2026-04-23 10:10,sl1|ver=0.1.0|variant=baseline|cfg=ema9_atr14_buf0.1_chase1_win3_tgt1.5_hold20_t935-1500_ent2_loss2_dd2_dirboth_risk100|setup_id=ir:0.1.0:BATS:META:1:1776953340000:long|bars_to_confirm=1|signal_close=662.91|trigger=662.35|stop=661.1|target_r=1.5|risk_ps=1.81|atr=1.042484|vwap_dist_atr=0.666148|tick=0.01,662.89,55,36458.95,55.55,0.15,0,92.4,0.25,-41.25,-0.11,2319.63,2.32,20
204,Exit long,2026-04-27 09:56,sl1|exit_reason=stop,674.47,50,33831,-107.5,-0.32,0,107,0.32,-107.5,-0.32,2212.13,2.21,13
204,Entry long,2026-04-27 09:43,sl1|ver=0.1.0|variant=baseline|cfg=ema9_atr14_buf0.1_chase1_win3_tgt1.5_hold20_t935-1500_ent2_loss2_dd2_dirboth_risk100|setup_id=ir:0.1.0:BATS:META:1:1777297320000:long|bars_to_confirm=1|signal_close=676.47|trigger=676.22|stop=674.48|target_r=1.5|risk_ps=1.99|atr=1.370815|vwap_dist_atr=0.962312|tick=0.01,676.62,50,33831,-107.5,-0.32,0,107,0.32,-107.5,-0.32,2212.13,2.21,13
205,Exit long,2026-04-27 10:34,sl1|exit_reason=target,677.23,91,61484.15,143.78,0.23,0,143.78,0.23,-62.79,-0.10,2355.91,2.36,12
205,Entry long,2026-04-27 10:22,sl1|ver=0.1.0|variant=baseline|cfg=ema9_atr14_buf0.1_chase1_win3_tgt1.5_hold20_t935-1500_ent2_loss2_dd2_dirboth_risk100|setup_id=ir:0.1.0:BATS:META:1:1777299660000:long|bars_to_confirm=1|signal_close=675.69|trigger=675.5|stop=674.6|target_r=1.5|risk_ps=1.09|atr=0.922074|vwap_dist_atr=0.790966|tick=0.01,675.65,91,61484.15,143.78,0.23,0,143.78,0.23,-62.79,-0.10,2355.91,2.36,12
206,Exit long,2026-04-28 10:11,sl1|exit_reason=stop,672.98,59,39817.33,-111.51,-0.28,0,17.11,0.04,-111.51,-0.28,2244.4,2.24,4
206,Entry long,2026-04-28 10:07,sl1|ver=0.1.0|variant=baseline|cfg=ema9_atr14_buf0.1_chase1_win3_tgt1.5_hold20_t935-1500_ent2_loss2_dd2_dirboth_risk100|setup_id=ir:0.1.0:BATS:META:1:1777385160000:long|bars_to_confirm=1|signal_close=674.66|trigger=674.38|stop=672.99|target_r=1.5|risk_ps=1.67|atr=1.064715|vwap_dist_atr=0.76672|tick=0.01,674.87,59,39817.33,-111.51,-0.28,0,17.11,0.04,-111.51,-0.28,2244.4,2.24,4
207,Exit short,2026-04-28 14:09,sl1|exit_reason=stop,670.82,152,101878,-86.64,-0.09,0,12.16,0.01,-86.64,-0.09,2157.76,2.16,5
207,Entry short,2026-04-28 14:04,sl1|ver=0.1.0|variant=baseline|cfg=ema9_atr14_buf0.1_chase1_win3_tgt1.5_hold20_t935-1500_ent2_loss2_dd2_dirboth_risk100|setup_id=ir:0.1.0:BATS:META:1:1777399380000:short|bars_to_confirm=1|signal_close=670.36|trigger=670.49|stop=670.81|target_r=1.5|risk_ps=0.45|atr=0.301748|vwap_dist_atr=0.650126|tick=0.01,670.25,152,101878,-86.64,-0.09,0,12.16,0.01,-86.64,-0.09,2157.76,2.16,5
208,Exit long,2026-04-29 10:04,sl1|exit_reason=target,670.42,46,30682,157.32,0.51,0,157.32,0.51,-46,-0.15,2315.08,2.32,16
208,Entry long,2026-04-29 09:48,sl1|ver=0.1.0|variant=baseline|cfg=ema9_atr14_buf0.1_chase1_win3_tgt1.5_hold20_t935-1500_ent2_loss2_dd2_dirboth_risk100|setup_id=ir:0.1.0:BATS:META:1:1777470420000:long|bars_to_confirm=1|signal_close=666.86|trigger=666.76|stop=664.72|target_r=1.5|risk_ps=2.14|atr=1.168119|vwap_dist_atr=0.631178|tick=0.01,667,46,30682,157.32,0.51,0,157.32,0.51,-46,-0.15,2315.08,2.32,16
209,Exit long,2026-04-29 11:25,sl1|exit_reason=target,671.42,119,79746.66,152.32,0.19,0,152.32,0.19,-27.37,-0.03,2467.4,2.47,5
209,Entry long,2026-04-29 11:20,sl1|ver=0.1.0|variant=baseline|cfg=ema9_atr14_buf0.1_chase1_win3_tgt1.5_hold20_t935-1500_ent2_loss2_dd2_dirboth_risk100|setup_id=ir:0.1.0:BATS:META:1:1777475880000:long|bars_to_confirm=2|signal_close=670.13|trigger=669.9|stop=669.29|target_r=1.5|risk_ps=0.84|atr=0.580747|vwap_dist_atr=0.633424|tick=0.01,670.14,119,79746.66,152.32,0.19,0,152.32,0.19,-27.37,-0.03,2467.4,2.47,5
210,Exit short,2026-04-30 09:49,sl1|exit_reason=stop,607.6,27,16306.65,-98.55,-0.60,0,3.51,0.02,-98.55,-0.60,2368.85,2.37,1
210,Entry short,2026-04-30 09:48,sl1|ver=0.1.0|variant=baseline|cfg=ema9_atr14_buf0.1_chase1_win3_tgt1.5_hold20_t935-1500_ent2_loss2_dd2_dirboth_risk100|setup_id=ir:0.1.0:BATS:META:1:1777556820000:short|bars_to_confirm=1|signal_close=603.92|trigger=604.21|stop=607.59|target_r=1.5|risk_ps=3.67|atr=2.828729|vwap_dist_atr=0.610145|tick=0.01,603.95,27,16306.65,-98.55,-0.60,0,3.51,0.02,-98.55,-0.60,2368.85,2.37,1
211,Exit short,2026-04-30 10:16,sl1|exit_reason=time,602.16,30,18100.2,35.4,0.20,0,37.2,0.21,-89.1,-0.49,2404.25,2.40,20
211,Entry short,2026-04-30 09:56,sl1|ver=0.1.0|variant=baseline|cfg=ema9_atr14_buf0.1_chase1_win3_tgt1.5_hold20_t935-1500_ent2_loss2_dd2_dirboth_risk100|setup_id=ir:0.1.0:BATS:META:1:1777557300000:short|bars_to_confirm=1|signal_close=603.275|trigger=604.04|stop=606.6|target_r=1.5|risk_ps=3.325|atr=2.38631|vwap_dist_atr=0.998097|tick=0.01,603.34,30,18100.2,35.4,0.20,0,37.2,0.21,-89.1,-0.49,2404.25,2.40,20
212,Exit short,2026-05-01 10:19,sl1|exit_reason=stop,613.79,59,36119.8,-93.81,-0.26,0,64.31,0.18,-93.81,-0.26,2310.44,2.31,5
212,Entry short,2026-05-01 10:14,sl1|ver=0.1.0|variant=baseline|cfg=ema9_atr14_buf0.1_chase1_win3_tgt1.5_hold20_t935-1500_ent2_loss2_dd2_dirboth_risk100|setup_id=ir:0.1.0:BATS:META:1:1777644780000:short|bars_to_confirm=1|signal_close=612.1|trigger=612.22|stop=613.78|target_r=1.5|risk_ps=1.68|atr=1.145933|vwap_dist_atr=0.648972|tick=0.01,612.2,59,36119.8,-93.81,-0.26,0,64.31,0.18,-93.81,-0.26,2310.44,2.31,5
213,Exit long,2026-05-01 11:12,sl1|exit_reason=target,613.33,123,75300.6,138.99,0.18,0,138.99,0.18,-73.8,-0.10,2449.43,2.45,5
213,Entry long,2026-05-01 11:07,sl1|ver=0.1.0|variant=baseline|cfg=ema9_atr14_buf0.1_chase1_win3_tgt1.5_hold20_t935-1500_ent2_loss2_dd2_dirboth_risk100|setup_id=ir:0.1.0:BATS:META:1:1777647960000:long|bars_to_confirm=1|signal_close=612.26|trigger=612.125|stop=611.45|target_r=1.5|risk_ps=0.81|atr=0.775123|vwap_dist_atr=0.777636|tick=0.01,612.2,123,75300.6,138.99,0.18,0,138.99,0.18,-73.8,-0.10,2449.43,2.45,5
214,Exit short,2026-05-04 10:01,sl1|exit_reason=target,603.63,76,46061.32,185.44,0.40,0,185.44,0.40,-41.8,-0.09,2634.87,2.63,19
214,Entry short,2026-05-04 09:42,sl1|ver=0.1.0|variant=baseline|cfg=ema9_atr14_buf0.1_chase1_win3_tgt1.5_hold20_t935-1500_ent2_loss2_dd2_dirboth_risk100|setup_id=ir:0.1.0:BATS:META:1:1777902060000:short|bars_to_confirm=1|signal_close=606.4|trigger=606.5|stop=607.7|target_r=1.5|risk_ps=1.3|atr=0.982786|vwap_dist_atr=0.178193|tick=0.01,606.07,76,46061.32,185.44,0.40,0,185.44,0.40,-41.8,-0.09,2634.87,2.63,19
215,Exit long,2026-05-04 10:19,sl1|exit_reason=target,606.59,121,73257.03,140.36,0.19,0,140.36,0.19,-36.3,-0.05,2775.23,2.78,3
215,Entry long,2026-05-04 10:16,sl1|ver=0.1.0|variant=baseline|cfg=ema9_atr14_buf0.1_chase1_win3_tgt1.5_hold20_t935-1500_ent2_loss2_dd2_dirboth_risk100|setup_id=ir:0.1.0:BATS:META:1:1777904100000:long|bars_to_confirm=1|signal_close=605.48|trigger=605.38|stop=604.66|target_r=1.5|risk_ps=0.82|atr=0.79166|vwap_dist_atr=0.250517|tick=0.01,605.43,121,73257.03,140.36,0.19,0,140.36,0.19,-36.3,-0.05,2775.23,2.78,3
216,Exit long,2026-05-06 10:01,sl1|exit_reason=target,604.94,58,34935.72,150.8,0.43,0,150.8,0.43,-25.52,-0.07,2926.03,2.93,5
216,Entry long,2026-05-06 09:56,sl1|ver=0.1.0|variant=baseline|cfg=ema9_atr14_buf0.1_chase1_win3_tgt1.5_hold20_t935-1500_ent2_loss2_dd2_dirboth_risk100|setup_id=ir:0.1.0:BATS:META:1:1778075640000:long|bars_to_confirm=2|signal_close=602.31|trigger=602.28|stop=600.61|target_r=1.5|risk_ps=1.7|atr=1.358667|vwap_dist_atr=0.785674|tick=0.01,602.34,58,34935.72,150.8,0.43,0,150.8,0.43,-25.52,-0.07,2926.03,2.93,5
217,Exit long,2026-05-07 10:00,sl1|exit_reason=target,623.46,55,34155.55,134.75,0.39,0,134.75,0.39,-2.2,-0.01,3060.78,3.06,8
217,Entry long,2026-05-07 09:52,sl1|ver=0.1.0|variant=baseline|cfg=ema9_atr14_buf0.1_chase1_win3_tgt1.5_hold20_t935-1500_ent2_loss2_dd2_dirboth_risk100|setup_id=ir:0.1.0:BATS:META:1:1778161860000:long|bars_to_confirm=1|signal_close=621.17|trigger=621.03|stop=619.38|target_r=1.5|risk_ps=1.79|atr=1.156861|vwap_dist_atr=0.856476|tick=0.01,621.01,55,34155.55,134.75,0.39,0,134.75,0.39,-2.2,-0.01,3060.78,3.06,8
218,Exit short,2026-05-07 11:37,sl1|exit_reason=stop,622.09,136,84507.68,-96.56,-0.11,0,0,0.00,-96.56,-0.11,2964.22,2.96,1
218,Entry short,2026-05-07 11:36,sl1|ver=0.1.0|variant=baseline|cfg=ema9_atr14_buf0.1_chase1_win3_tgt1.5_hold20_t935-1500_ent2_loss2_dd2_dirboth_risk100|setup_id=ir:0.1.0:BATS:META:1:1778168100000:short|bars_to_confirm=1|signal_close=621.35|trigger=621.6|stop=622.08|target_r=1.5|risk_ps=0.73|atr=0.570272|vwap_dist_atr=0.466377|tick=0.01,621.38,136,84507.68,-96.56,-0.11,0,0,0.00,-96.56,-0.11,2964.22,2.96,1
219,Exit long,2026-05-08 10:20,sl1|exit_reason=stop,613.93,80,49207.2,-92.8,-0.19,0,114.4,0.23,-92.8,-0.19,2871.42,2.87,8
219,Entry long,2026-05-08 10:12,sl1|ver=0.1.0|variant=baseline|cfg=ema9_atr14_buf0.1_chase1_win3_tgt1.5_hold20_t935-1500_ent2_loss2_dd2_dirboth_risk100|setup_id=ir:0.1.0:BATS:META:1:1778249400000:long|bars_to_confirm=2|signal_close=615.18|trigger=615.01|stop=613.94|target_r=1.5|risk_ps=1.24|atr=0.826294|vwap_dist_atr=0.841249|tick=0.01,615.09,80,49207.2,-92.8,-0.19,0,114.4,0.23,-92.8,-0.19,2871.42,2.87,8
220,Exit long,2026-05-08 14:09,sl1|exit_reason=stop,610.38,129,78838.35,-99.33,-0.13,0,33.54,0.04,-99.33,-0.13,2772.09,2.77,5
220,Entry long,2026-05-08 14:04,sl1|ver=0.1.0|variant=baseline|cfg=ema9_atr14_buf0.1_chase1_win3_tgt1.5_hold20_t935-1500_ent2_loss2_dd2_dirboth_risk100|setup_id=ir:0.1.0:BATS:META:1:1778263320000:long|bars_to_confirm=2|signal_close=611.16|trigger=611.11|stop=610.39|target_r=1.5|risk_ps=0.77|atr=0.37309|vwap_dist_atr=0.695697|tick=0.01,611.15,129,78838.35,-99.33,-0.13,0,33.54,0.04,-99.33,-0.13,2772.09,2.77,5
221,Exit short,2026-05-11 10:49,sl1|exit_reason=target,600.95,170,102285.6,124.1,0.12,0,124.1,0.12,-1.7,0.00,2896.19,2.90,1
221,Entry short,2026-05-11 10:48,sl1|ver=0.1.0|variant=baseline|cfg=ema9_atr14_buf0.1_chase1_win3_tgt1.5_hold20_t935-1500_ent2_loss2_dd2_dirboth_risk100|setup_id=ir:0.1.0:BATS:META:1:1778510820000:short|bars_to_confirm=1|signal_close=601.625|trigger=601.69|stop=602.17|target_r=1.5|risk_ps=0.545|atr=0.572728|vwap_dist_atr=0.526232|tick=0.01,601.68,170,102285.6,124.1,0.12,0,124.1,0.12,-1.7,0.00,2896.19,2.90,1
222,Exit short,2026-05-12 09:39,sl1|exit_reason=stop,596.09,41,24339.65,-100.04,-0.41,0,43.05,0.18,-100.04,-0.41,2796.15,2.80,4
222,Entry short,2026-05-12 09:35,sl1|ver=0.1.0|variant=baseline|cfg=ema9_atr14_buf0.1_chase1_win3_tgt1.5_hold20_t935-1500_ent2_loss2_dd2_dirboth_risk100|setup_id=ir:0.1.0:BATS:META:1:1778592840000:short|bars_to_confirm=1|signal_close=593.68|trigger=594.04|stop=596.08|target_r=1.5|risk_ps=2.4|atr=0.827225|vwap_dist_atr=0.872298|tick=0.01,593.65,41,24339.65,-100.04,-0.41,0,43.05,0.18,-100.04,-0.41,2796.15,2.80,4
223,Exit long,2026-05-12 14:02,sl1|exit_reason=time,600.09,171,102576.06,39.33,0.04,0,116.28,0.11,-78.66,-0.08,2835.48,2.84,20
223,Entry long,2026-05-12 13:42,sl1|ver=0.1.0|variant=baseline|cfg=ema9_atr14_buf0.1_chase1_win3_tgt1.5_hold20_t935-1500_ent2_loss2_dd2_dirboth_risk100|setup_id=ir:0.1.0:BATS:META:1:1778607660000:long|bars_to_confirm=1|signal_close=599.84|trigger=599.75|stop=599.34|target_r=1.5|risk_ps=0.5|atr=0.40103|vwap_dist_atr=0.960401|tick=0.01,599.86,171,102576.06,39.33,0.04,0,116.28,0.11,-78.66,-0.08,2835.48,2.84,20
224,Exit long,2026-05-14 09:42,sl1|exit_reason=stop,615.99,57,35212.89,-101.46,-0.29,0,0,0.00,-101.46,-0.29,2734.02,2.73,1
224,Entry long,2026-05-14 09:41,sl1|ver=0.1.0|variant=baseline|cfg=ema9_atr14_buf0.1_chase1_win3_tgt1.5_hold20_t935-1500_ent2_loss2_dd2_dirboth_risk100|setup_id=ir:0.1.0:BATS:META:1:1778765940000:long|bars_to_confirm=2|signal_close=617.74|trigger=617.68|stop=616|target_r=1.5|risk_ps=1.74|atr=0.938105|vwap_dist_atr=0.621061|tick=0.01,617.77,57,35212.89,-101.46,-0.29,0,0,0.00,-101.46,-0.29,2734.02,2.73,1
225,Exit short,2026-05-14 09:52,sl1|exit_reason=stop,618.03,48,29568.96,-96.48,-0.33,0,23.04,0.08,-96.48,-0.33,2637.54,2.64,4
225,Entry short,2026-05-14 09:48,sl1|ver=0.1.0|variant=baseline|cfg=ema9_atr14_buf0.1_chase1_win3_tgt1.5_hold20_t935-1500_ent2_loss2_dd2_dirboth_risk100|setup_id=ir:0.1.0:BATS:META:1:1778766360000:short|bars_to_confirm=2|signal_close=615.95|trigger=616.11|stop=618.02|target_r=1.5|risk_ps=2.07|atr=1.044206|vwap_dist_atr=0.934699|tick=0.01,616.02,48,29568.96,-96.48,-0.33,0,23.04,0.08,-96.48,-0.33,2637.54,2.64,4
226,Exit long,2026-05-15 09:45,sl1|exit_reason=stop,610.34,48,29399.52,-103.2,-0.35,0,27.84,0.09,-103.2,-0.35,2534.34,2.53,3
226,Entry long,2026-05-15 09:42,sl1|ver=0.1.0|variant=baseline|cfg=ema9_atr14_buf0.1_chase1_win3_tgt1.5_hold20_t935-1500_ent2_loss2_dd2_dirboth_risk100|setup_id=ir:0.1.0:BATS:META:1:1778852460000:long|bars_to_confirm=1|signal_close=612.43|trigger=612.29|stop=610.35|target_r=1.5|risk_ps=2.08|atr=1.242161|vwap_dist_atr=0.815384|tick=0.01,612.49,48,29399.52,-103.2,-0.35,0,27.84,0.09,-103.2,-0.35,2534.34,2.53,3
227,Exit long,2026-05-15 09:59,sl1|exit_reason=stop,610.37,64,39173.76,-110.08,-0.28,0,39.68,0.10,-110.08,-0.28,2424.26,2.42,9
227,Entry long,2026-05-15 09:50,sl1|ver=0.1.0|variant=baseline|cfg=ema9_atr14_buf0.1_chase1_win3_tgt1.5_hold20_t935-1500_ent2_loss2_dd2_dirboth_risk100|setup_id=ir:0.1.0:BATS:META:1:1778852940000:long|bars_to_confirm=1|signal_close=611.93|trigger=611.49|stop=610.38|target_r=1.5|risk_ps=1.55|atr=1.158927|vwap_dist_atr=0.540259|tick=0.01,612.09,64,39173.76,-110.08,-0.28,0,39.68,0.10,-110.08,-0.28,2424.26,2.42,9
228,Exit short,2026-05-18 09:41,sl1|exit_reason=stop,607.52,56,33922,-99.12,-0.29,0,17.92,0.05,-99.12,-0.29,2325.14,2.33,1
228,Entry short,2026-05-18 09:40,sl1|ver=0.1.0|variant=baseline|cfg=ema9_atr14_buf0.1_chase1_win3_tgt1.5_hold20_t935-1500_ent2_loss2_dd2_dirboth_risk100|setup_id=ir:0.1.0:BATS:META:1:1779111480000:short|bars_to_confirm=2|signal_close=605.73|trigger=605.99|stop=607.51|target_r=1.5|risk_ps=1.78|atr=1.135438|vwap_dist_atr=0.878863|tick=0.01,605.75,56,33922,-99.12,-0.29,0,17.92,0.05,-99.12,-0.29,2325.14,2.33,1
229,Exit long,2026-05-18 10:47,sl1|exit_reason=stop,608.43,74,45130.38,-106.56,-0.24,0,21.46,0.05,-106.56,-0.24,2218.58,2.22,3
229,Entry long,2026-05-18 10:44,sl1|ver=0.1.0|variant=baseline|cfg=ema9_atr14_buf0.1_chase1_win3_tgt1.5_hold20_t935-1500_ent2_loss2_dd2_dirboth_risk100|setup_id=ir:0.1.0:BATS:META:1:1779115380000:long|bars_to_confirm=1|signal_close=609.775|trigger=609.24|stop=608.44|target_r=1.5|risk_ps=1.335|atr=1.045459|vwap_dist_atr=0.902932|tick=0.01,609.87,74,45130.38,-106.56,-0.24,0,21.46,0.05,-106.56,-0.24,2218.58,2.22,3
230,Exit long,2026-05-19 09:36,sl1|exit_reason=stop,606.48,38,23145.8,-99.56,-0.43,0,2.66,0.01,-99.56,-0.43,2119.02,2.12,1
230,Entry long,2026-05-19 09:35,sl1|ver=0.1.0|variant=baseline|cfg=ema9_atr14_buf0.1_chase1_win3_tgt1.5_hold20_t935-1500_ent2_loss2_dd2_dirboth_risk100|setup_id=ir:0.1.0:BATS:META:1:1779197640000:long|bars_to_confirm=1|signal_close=609.09|trigger=608.5|stop=606.49|target_r=1.5|risk_ps=2.6|atr=0.918195|vwap_dist_atr=0.61591|tick=0.01,609.1,38,23145.8,-99.56,-0.43,0,2.66,0.01,-99.56,-0.43,2119.02,2.12,1
231,Exit short,2026-05-20 09:47,sl1|exit_reason=stop,601.93,57,34205.13,-104.88,-0.31,0,60.99,0.18,-104.88,-0.31,2014.14,2.01,3
231,Entry short,2026-05-20 09:44,sl1|ver=0.1.0|variant=baseline|cfg=ema9_atr14_buf0.1_chase1_win3_tgt1.5_hold20_t935-1500_ent2_loss2_dd2_dirboth_risk100|setup_id=ir:0.1.0:BATS:META:1:1779284580000:short|bars_to_confirm=1|signal_close=600.19|trigger=600.5|stop=601.92|target_r=1.5|risk_ps=1.73|atr=0.89589|vwap_dist_atr=0.502552|tick=0.01,600.09,57,34205.13,-104.88,-0.31,0,60.99,0.18,-104.88,-0.31,2014.14,2.01,3
232,Exit short,2026-05-21 09:51,sl1|exit_reason=target,598.42,138,82743.42,161.46,0.20,0,161.46,0.20,-84.18,-0.10,2175.6,2.18,6
232,Entry short,2026-05-21 09:45,sl1|ver=0.1.0|variant=baseline|cfg=ema9_atr14_buf0.1_chase1_win3_tgt1.5_hold20_t935-1500_ent2_loss2_dd2_dirboth_risk100|setup_id=ir:0.1.0:BATS:META:1:1779370980000:short|bars_to_confirm=2|signal_close=599.65|trigger=599.66|stop=600.37|target_r=1.5|risk_ps=0.72|atr=0.833104|vwap_dist_atr=0.462485|tick=0.01,599.59,138,82743.42,161.46,0.20,0,161.46,0.20,-84.18,-0.10,2175.6,2.18,6
233,Exit long,2026-05-21 10:12,sl1|exit_reason=stop,597.35,117,69996.42,-106.47,-0.15,0,29.25,0.04,-106.47,-0.15,2069.13,2.07,1
233,Entry long,2026-05-21 10:11,sl1|ver=0.1.0|variant=baseline|cfg=ema9_atr14_buf0.1_chase1_win3_tgt1.5_hold20_t935-1500_ent2_loss2_dd2_dirboth_risk100|setup_id=ir:0.1.0:BATS:META:1:1779372600000:long|bars_to_confirm=1|signal_close=598.21|trigger=598.01|stop=597.36|target_r=1.5|risk_ps=0.85|atr=0.873408|vwap_dist_atr=0.49621|tick=0.01,598.26,117,69996.42,-106.47,-0.15,0,29.25,0.04,-106.47,-0.15,2069.13,2.07,1
234,Exit short,2026-05-22 13:59,sl1|exit_reason=target,608.86,167,101794.85,115.23,0.11,0,115.23,0.11,-55.11,-0.05,2184.36,2.18,5
234,Entry short,2026-05-22 13:54,sl1|ver=0.1.0|variant=baseline|cfg=ema9_atr14_buf0.1_chase1_win3_tgt1.5_hold20_t935-1500_ent2_loss2_dd2_dirboth_risk100|setup_id=ir:0.1.0:BATS:META:1:1779472380000:short|bars_to_confirm=1|signal_close=609.56|trigger=609.59|stop=610.01|target_r=1.5|risk_ps=0.45|atr=0.468183|vwap_dist_atr=0.727194|tick=0.01,609.55,167,101794.85,115.23,0.11,0,115.23,0.11,-55.11,-0.05,2184.36,2.18,5
235,Exit long,2026-05-26 10:23,sl1|exit_reason=time,610.68,66,40267.26,37.62,0.09,0,74.58,0.19,-56.1,-0.14,2221.98,2.22,20
235,Entry long,2026-05-26 10:03,sl1|ver=0.1.0|variant=baseline|cfg=ema9_atr14_buf0.1_chase1_win3_tgt1.5_hold20_t935-1500_ent2_loss2_dd2_dirboth_risk100|setup_id=ir:0.1.0:BATS:META:1:1779804000000:long|bars_to_confirm=3|signal_close=610.02|trigger=609.87|stop=608.51|target_r=1.5|risk_ps=1.51|atr=0.958061|vwap_dist_atr=0.696543|tick=0.01,610.11,66,40267.26,37.62,0.09,0,74.58,0.19,-56.1,-0.14,2221.98,2.22,20
236,Exit short,2026-05-26 12:02,sl1|exit_reason=stop,608.98,121,73586.15,-100.43,-0.14,0,117.37,0.16,-100.43,-0.14,2121.55,2.12,17
236,Entry short,2026-05-26 11:45,sl1|ver=0.1.0|variant=baseline|cfg=ema9_atr14_buf0.1_chase1_win3_tgt1.5_hold20_t935-1500_ent2_loss2_dd2_dirboth_risk100|setup_id=ir:0.1.0:BATS:META:1:1779810240000:short|bars_to_confirm=1|signal_close=608.15|trigger=608.4|stop=608.97|target_r=1.5|risk_ps=0.82|atr=0.56394|vwap_dist_atr=0.75936|tick=0.01,608.15,121,73586.15,-100.43,-0.14,0,117.37,0.16,-100.43,-0.14,2121.55,2.12,17
237,Exit short,2026-05-27 10:01,sl1|exit_reason=stop,612.25,48,29288.64,-99.36,-0.34,0,42.72,0.15,-99.36,-0.34,2022.19,2.02,11
237,Entry short,2026-05-27 09:50,sl1|ver=0.1.0|variant=baseline|cfg=ema9_atr14_buf0.1_chase1_win3_tgt1.5_hold20_t935-1500_ent2_loss2_dd2_dirboth_risk100|setup_id=ir:0.1.0:BATS:META:1:1779889740000:short|bars_to_confirm=1|signal_close=610.17|trigger=610.44|stop=612.24|target_r=1.5|risk_ps=2.07|atr=1.265095|vwap_dist_atr=0.80872|tick=0.01,610.18,48,29288.64,-99.36,-0.34,0,42.72,0.15,-99.36,-0.34,2022.19,2.02,11
238,Exit long,2026-05-27 11:05,sl1|exit_reason=stop,612.79,166,101777.92,-54.78,-0.05,0,43.16,0.04,-54.78,-0.05,1967.41,1.97,1
238,Entry long,2026-05-27 11:04,sl1|ver=0.1.0|variant=baseline|cfg=ema9_atr14_buf0.1_chase1_win3_tgt1.5_hold20_t935-1500_ent2_loss2_dd2_dirboth_risk100|setup_id=ir:0.1.0:BATS:META:1:1779894180000:long|bars_to_confirm=1|signal_close=613.17|trigger=613.05|stop=612.8|target_r=1.5|risk_ps=0.37|atr=0.562531|vwap_dist_atr=0.256644|tick=0.01,613.12,166,101777.92,-54.78,-0.05,0,43.16,0.04,-54.78,-0.05,1967.41,1.97,1
239,Exit long,2026-05-28 10:01,sl1|exit_reason=target,641.15,26,16521.7,148.2,0.90,0,148.2,0.90,-14.04,-0.08,2115.61,2.12,13
239,Entry long,2026-05-28 09:48,sl1|ver=0.1.0|variant=baseline|cfg=ema9_atr14_buf0.1_chase1_win3_tgt1.5_hold20_t935-1500_ent2_loss2_dd2_dirboth_risk100|setup_id=ir:0.1.0:BATS:META:1:1779976020000:long|bars_to_confirm=1|signal_close=635.43|trigger=633.99|stop=631.65|target_r=1.5|risk_ps=3.78|atr=1.801934|vwap_dist_atr=0.849731|tick=0.01,635.45,26,16521.7,148.2,0.90,0,148.2,0.90,-14.04,-0.08,2115.61,2.12,13
240,Exit short,2026-05-28 11:05,sl1|exit_reason=target,633.29,80,50814.4,151.2,0.30,0,151.2,0.30,-84,-0.17,2266.81,2.27,15
240,Entry short,2026-05-28 10:50,sl1|ver=0.1.0|variant=baseline|cfg=ema9_atr14_buf0.1_chase1_win3_tgt1.5_hold20_t935-1500_ent2_loss2_dd2_dirboth_risk100|setup_id=ir:0.1.0:BATS:META:1:1779979740000:short|bars_to_confirm=1|signal_close=635.2|trigger=635.26|stop=636.44|target_r=1.5|risk_ps=1.24|atr=0.907946|vwap_dist_atr=0.810487|tick=0.01,635.18,80,50814.4,151.2,0.30,0,151.2,0.30,-84,-0.17,2266.81,2.27,15
241,Exit long,2026-05-29 11:16,sl1|exit_reason=target,628.64,153,96025.86,156.06,0.16,0,156.06,0.16,-18.36,-0.02,2422.87,2.42,2
241,Entry long,2026-05-29 11:14,sl1|ver=0.1.0|variant=baseline|cfg=ema9_atr14_buf0.1_chase1_win3_tgt1.5_hold20_t935-1500_ent2_loss2_dd2_dirboth_risk100|setup_id=ir:0.1.0:BATS:META:1:1780067520000:long|bars_to_confirm=2|signal_close=627.59|trigger=627.42|stop=626.94|target_r=1.5|risk_ps=0.65|atr=0.508813|vwap_dist_atr=0.533649|tick=0.01,627.62,153,96025.86,156.06,0.16,0,156.06,0.16,-18.36,-0.02,2422.87,2.42,2
242,Exit short,2026-05-29 11:51,sl1|exit_reason=stop,627.71,163,102223.82,-92.91,-0.09,0,6.52,0.01,-92.91,-0.09,2329.96,2.33,2
242,Entry short,2026-05-29 11:49,sl1|ver=0.1.0|variant=baseline|cfg=ema9_atr14_buf0.1_chase1_win3_tgt1.5_hold20_t935-1500_ent2_loss2_dd2_dirboth_risk100|setup_id=ir:0.1.0:BATS:META:1:1780069620000:short|bars_to_confirm=2|signal_close=627.19|trigger=627.29|stop=627.7|target_r=1.5|risk_ps=0.51|atr=0.500049|vwap_dist_atr=0.689088|tick=0.01,627.14,163,102223.82,-92.91,-0.09,0,6.52,0.01,-92.91,-0.09,2329.96,2.33,2
243,Exit short,2026-06-01 09:54,sl1|exit_reason=target,616.66,38,23573.68,140.6,0.60,0,140.6,0.60,-0.38,0.00,2470.56,2.47,3
243,Entry short,2026-06-01 09:51,sl1|ver=0.1.0|variant=baseline|cfg=ema9_atr14_buf0.1_chase1_win3_tgt1.5_hold20_t935-1500_ent2_loss2_dd2_dirboth_risk100|setup_id=ir:0.1.0:BATS:META:1:1780321800000:short|bars_to_confirm=1|signal_close=620.2|trigger=620.79|stop=622.83|target_r=1.5|risk_ps=2.63|atr=2.001777|vwap_dist_atr=0.945624|tick=0.01,620.36,38,23573.68,140.6,0.60,0,140.6,0.60,-0.38,0.00,2470.56,2.47,3
244,Exit long,2026-06-02 10:35,sl1|exit_reason=target,604.75,75,45208.5,147.75,0.33,0,147.75,0.33,-47.25,-0.10,2618.31,2.62,16
244,Entry long,2026-06-02 10:19,sl1|ver=0.1.0|variant=baseline|cfg=ema9_atr14_buf0.1_chase1_win3_tgt1.5_hold20_t935-1500_ent2_loss2_dd2_dirboth_risk100|setup_id=ir:0.1.0:BATS:META:1:1780409880000:long|bars_to_confirm=1|signal_close=602.8|trigger=602.73|stop=601.47|target_r=1.5|risk_ps=1.33|atr=1.053956|vwap_dist_atr=0.896253|tick=0.01,602.78,75,45208.5,147.75,0.33,0,147.75,0.33,-47.25,-0.10,2618.31,2.62,16
245,Exit short,2026-06-03 09:53,sl1|exit_reason=stop,610.68,44,26762.12,-107.8,-0.40,0,64.68,0.24,-107.8,-0.40,2510.51,2.51,7
245,Entry short,2026-06-03 09:46,sl1|ver=0.1.0|variant=baseline|cfg=ema9_atr14_buf0.1_chase1_win3_tgt1.5_hold20_t935-1500_ent2_loss2_dd2_dirboth_risk100|setup_id=ir:0.1.0:BATS:META:1:1780494300000:short|bars_to_confirm=1|signal_close=608.42|trigger=609.28|stop=610.67|target_r=1.5|risk_ps=2.25|atr=1.831382|vwap_dist_atr=0.634285|tick=0.01,608.23,44,26762.12,-107.8,-0.40,0,64.68,0.24,-107.8,-0.40,2510.51,2.51,7
246,Exit long,2026-06-03 11:58,sl1|exit_reason=stop,613.79,105,64547.7,-99.75,-0.15,0,86.1,0.13,-99.75,-0.15,2410.76,2.41,13
246,Entry long,2026-06-03 11:45,sl1|ver=0.1.0|variant=baseline|cfg=ema9_atr14_buf0.1_chase1_win3_tgt1.5_hold20_t935-1500_ent2_loss2_dd2_dirboth_risk100|setup_id=ir:0.1.0:BATS:META:1:1780501440000:long|bars_to_confirm=1|signal_close=614.75|trigger=614.55|stop=613.8|target_r=1.5|risk_ps=0.95|atr=0.795606|vwap_dist_atr=0.966172|tick=0.01,614.74,105,64547.7,-99.75,-0.15,0,86.1,0.13,-99.75,-0.15,2410.76,2.41,13
247,Exit short,2026-06-04 12:25,sl1|exit_reason=target,634.84,131,83306.83,142.79,0.17,0,142.79,0.17,-10.48,-0.01,2553.55,2.55,3
247,Entry short,2026-06-04 12:22,sl1|ver=0.1.0|variant=baseline|cfg=ema9_atr14_buf0.1_chase1_win3_tgt1.5_hold20_t935-1500_ent2_loss2_dd2_dirboth_risk100|setup_id=ir:0.1.0:BATS:META:1:1780590060000:short|bars_to_confirm=1|signal_close=635.9|trigger=636.07|stop=636.66|target_r=1.5|risk_ps=0.76|atr=0.848666|vwap_dist_atr=0.738548|tick=0.01,635.93,131,83306.83,142.79,0.17,0,142.79,0.17,-10.48,-0.01,2553.55,2.55,3
248,Exit short,2026-06-05 09:46,sl1|exit_reason=target,622.94,53,33152.56,136.74,0.41,0,136.74,0.41,-33.92,-0.10,2690.29,2.69,5
248,Entry short,2026-06-05 09:41,sl1|ver=0.1.0|variant=baseline|cfg=ema9_atr14_buf0.1_chase1_win3_tgt1.5_hold20_t935-1500_ent2_loss2_dd2_dirboth_risk100|setup_id=ir:0.1.0:BATS:META:1:1780666800000:short|bars_to_confirm=1|signal_close=625.37|trigger=625.985|stop=627.24|target_r=1.5|risk_ps=1.87|atr=1.350161|vwap_dist_atr=0.969637|tick=0.01,625.52,53,33152.56,136.74,0.41,0,136.74,0.41,-33.92,-0.10,2690.29,2.69,5
249,Exit long,2026-06-08 14:23,sl1|exit_reason=time,588.24,135,79313.85,98.55,0.12,0,106.65,0.13,-29.7,-0.04,2788.84,2.79,20
249,Entry long,2026-06-08 14:03,sl1|ver=0.1.0|variant=baseline|cfg=ema9_atr14_buf0.1_chase1_win3_tgt1.5_hold20_t935-1500_ent2_loss2_dd2_dirboth_risk100|setup_id=ir:0.1.0:BATS:META:1:1780941720000:long|bars_to_confirm=1|signal_close=587.46|trigger=587.39|stop=586.72|target_r=1.5|risk_ps=0.74|atr=0.409162|vwap_dist_atr=0.316964|tick=0.01,587.51,135,79313.85,98.55,0.12,0,106.65,0.13,-29.7,-0.04,2788.84,2.79,20
250,Exit short,2026-06-09 10:22,sl1|exit_reason=stop,594.75,68,40340.32,-102.68,-0.25,0,65.96,0.16,-102.68,-0.25,2686.16,2.69,5
250,Entry short,2026-06-09 10:17,sl1|ver=0.1.0|variant=baseline|cfg=ema9_atr14_buf0.1_chase1_win3_tgt1.5_hold20_t935-1500_ent2_loss2_dd2_dirboth_risk100|setup_id=ir:0.1.0:BATS:META:1:1781014560000:short|bars_to_confirm=1|signal_close=593.28|trigger=593.69|stop=594.74|target_r=1.5|risk_ps=1.46|atr=1.02507|vwap_dist_atr=0.916776|tick=0.01,593.24,68,40340.32,-102.68,-0.25,0,65.96,0.16,-102.68,-0.25,2686.16,2.69,5
251,Exit long,2026-06-09 11:12,sl1|exit_reason=stop,593.21,66,39247.56,-95.7,-0.24,0,2.64,0.01,-95.7,-0.24,2590.46,2.59,1
251,Entry long,2026-06-09 11:11,sl1|ver=0.1.0|variant=baseline|cfg=ema9_atr14_buf0.1_chase1_win3_tgt1.5_hold20_t935-1500_ent2_loss2_dd2_dirboth_risk100|setup_id=ir:0.1.0:BATS:META:1:1781017800000:long|bars_to_confirm=1|signal_close=594.72|trigger=594.19|stop=593.22|target_r=1.5|risk_ps=1.5|atr=0.784263|vwap_dist_atr=0.832123|tick=0.01,594.66,66,39247.56,-95.7,-0.24,0,2.64,0.01,-95.7,-0.24,2590.46,2.59,1
252,Exit short,2026-06-10 10:27,sl1|exit_reason=target,584.46,68,39876.56,133.28,0.33,0,133.28,0.33,-25.84,-0.06,2723.74,2.72,19
252,Entry short,2026-06-10 10:08,sl1|ver=0.1.0|variant=baseline|cfg=ema9_atr14_buf0.1_chase1_win3_tgt1.5_hold20_t935-1500_ent2_loss2_dd2_dirboth_risk100|setup_id=ir:0.1.0:BATS:META:1:1781100420000:short|bars_to_confirm=1|signal_close=586.28|trigger=586.67|stop=587.73|target_r=1.5|risk_ps=1.45|atr=1.181691|vwap_dist_atr=0.873761|tick=0.01,586.42,68,39876.56,133.28,0.33,0,133.28,0.33,-25.84,-0.06,2723.74,2.72,19
253,Exit short,2026-06-11 09:56,sl1|exit_reason=time,565.99,31,17457.34,-88.35,-0.51,0,66.34,0.38,-96.1,-0.55,2635.39,2.64,20
253,Entry short,2026-06-11 09:36,sl1|ver=0.1.0|variant=baseline|cfg=ema9_atr14_buf0.1_chase1_win3_tgt1.5_hold20_t935-1500_ent2_loss2_dd2_dirboth_risk100|setup_id=ir:0.1.0:BATS:META:1:1781184900000:short|bars_to_confirm=1|signal_close=563.14|trigger=564.08|stop=566.28|target_r=1.5|risk_ps=3.14|atr=1.275341|vwap_dist_atr=0.909539|tick=0.01,563.14,31,17457.34,-88.35,-0.51,0,66.34,0.38,-96.1,-0.55,2635.39,2.64,20
254,Exit long,2026-06-11 12:11,sl1|exit_reason=target,563.54,109,61288.52,137.34,0.22,0,137.34,0.22,-26.16,-0.04,2772.73,2.77,3
254,Entry long,2026-06-11 12:08,sl1|ver=0.1.0|variant=baseline|cfg=ema9_atr14_buf0.1_chase1_win3_tgt1.5_hold20_t935-1500_ent2_loss2_dd2_dirboth_risk100|setup_id=ir:0.1.0:BATS:META:1:1781194020000:long|bars_to_confirm=1|signal_close=562.35|trigger=562.22|stop=561.44|target_r=1.5|risk_ps=0.91|atr=0.568939|vwap_dist_atr=0.892804|tick=0.01,562.28,109,61288.52,137.34,0.22,0,137.34,0.22,-26.16,-0.04,2772.73,2.77,3
255,Exit short,2026-06-12 13:23,sl1|exit_reason=target,567.94,180,102387.6,158.4,0.15,0,158.4,0.15,-5.4,-0.01,2931.13,2.93,5
255,Entry short,2026-06-12 13:18,sl1|ver=0.1.0|variant=baseline|cfg=ema9_atr14_buf0.1_chase1_win3_tgt1.5_hold20_t935-1500_ent2_loss2_dd2_dirboth_risk100|setup_id=ir:0.1.0:BATS:META:1:1781284620000:short|bars_to_confirm=1|signal_close=568.94|trigger=569.03|stop=569.41|target_r=1.5|risk_ps=0.47|atr=0.613267|vwap_dist_atr=0.369288|tick=0.01,568.82,180,102387.6,158.4,0.15,0,158.4,0.15,-5.4,-0.01,2931.13,2.93,5
256,Exit short,2026-06-15 09:47,sl1|exit_reason=stop,588.88,53,31121.6,-89.04,-0.29,0,0,0.00,-89.04,-0.29,2842.09,2.84,0
256,Entry short,2026-06-15 09:47,sl1|ver=0.1.0|variant=baseline|cfg=ema9_atr14_buf0.1_chase1_win3_tgt1.5_hold20_t935-1500_ent2_loss2_dd2_dirboth_risk100|setup_id=ir:0.1.0:BATS:META:1:1781531160000:short|bars_to_confirm=1|signal_close=587|trigger=587.39|stop=588.87|target_r=1.5|risk_ps=1.87|atr=1.483903|vwap_dist_atr=0.391622|tick=0.01,587.2,53,31121.6,-89.04,-0.29,0,0,0.00,-89.04,-0.29,2842.09,2.84,0
257,Exit short,2026-06-16 10:15,sl1|exit_reason=target,598.07,63,37823.94,145.53,0.38,0,145.53,0.38,-1.89,0.00,2987.62,2.99,1
257,Entry short,2026-06-16 10:14,sl1|ver=0.1.0|variant=baseline|cfg=ema9_atr14_buf0.1_chase1_win3_tgt1.5_hold20_t935-1500_ent2_loss2_dd2_dirboth_risk100|setup_id=ir:0.1.0:BATS:META:1:1781619180000:short|bars_to_confirm=1|signal_close=600.34|trigger=600.79|stop=601.92|target_r=1.5|risk_ps=1.58|atr=1.298374|vwap_dist_atr=0.781498|tick=0.01,600.38,63,37823.94,145.53,0.38,0,145.53,0.38,-1.89,0.00,2987.62,2.99,1
258,Exit long,2026-06-16 14:41,sl1|exit_reason=target,599.72,126,75418.56,146.16,0.19,0,146.16,0.19,-70.56,-0.09,3133.78,3.13,16
258,Entry long,2026-06-16 14:25,sl1|ver=0.1.0|variant=baseline|cfg=ema9_atr14_buf0.1_chase1_win3_tgt1.5_hold20_t935-1500_ent2_loss2_dd2_dirboth_risk100|setup_id=ir:0.1.0:BATS:META:1:1781634180000:long|bars_to_confirm=2|signal_close=598.58|trigger=598.55|stop=597.79|target_r=1.5|risk_ps=0.79|atr=0.357849|vwap_dist_atr=0.859056|tick=0.01,598.56,126,75418.56,146.16,0.19,0,146.16,0.19,-70.56,-0.09,3133.78,3.13,16
259,Exit short,2026-06-22 15:00,sl1|exit_reason=target,564.88,182,102917.36,109.2,0.11,0,109.2,0.11,-5.46,-0.01,3242.98,3.24,8
259,Entry short,2026-06-22 14:52,sl1|ver=0.1.0|variant=baseline|cfg=ema9_atr14_buf0.1_chase1_win3_tgt1.5_hold20_t935-1500_ent2_loss2_dd2_dirboth_risk100|setup_id=ir:0.1.0:BATS:META:1:1782154260000:short|bars_to_confirm=1|signal_close=565.5|trigger=565.57|stop=565.88|target_r=1.5|risk_ps=0.38|atr=0.276016|vwap_dist_atr=0.728569|tick=0.01,565.48,182,102917.36,109.2,0.11,0,109.2,0.11,-5.46,-0.01,3242.98,3.24,8
260,Exit short,2026-06-23 10:28,sl1|exit_reason=stop,568.54,106,60171.96,-93.28,-0.16,0,0,0.00,-93.28,-0.16,3149.7,3.15,0
260,Entry short,2026-06-23 10:28,sl1|ver=0.1.0|variant=baseline|cfg=ema9_atr14_buf0.1_chase1_win3_tgt1.5_hold20_t935-1500_ent2_loss2_dd2_dirboth_risk100|setup_id=ir:0.1.0:BATS:META:1:1782224820000:short|bars_to_confirm=1|signal_close=567.59|trigger=567.77|stop=568.53|target_r=1.5|risk_ps=0.94|atr=0.796585|vwap_dist_atr=0.709592|tick=0.01,567.66,106,60171.96,-93.28,-0.16,0,0,0.00,-93.28,-0.16,3149.7,3.15,0
261,Exit long,2026-06-23 10:31,sl1|exit_reason=stop,567.58,90,51176.7,-94.5,-0.18,0,18,0.04,-94.5,-0.18,3055.2,3.06,1
261,Entry long,2026-06-23 10:30,sl1|ver=0.1.0|variant=baseline|cfg=ema9_atr14_buf0.1_chase1_win3_tgt1.5_hold20_t935-1500_ent2_loss2_dd2_dirboth_risk100|setup_id=ir:0.1.0:BATS:META:1:1782224940000:long|bars_to_confirm=1|signal_close=568.7|trigger=568.66|stop=567.59|target_r=1.5|risk_ps=1.11|atr=0.801392|vwap_dist_atr=0.675091|tick=0.01,568.63,90,51176.7,-94.5,-0.18,0,18,0.04,-94.5,-0.18,3055.2,3.06,1
262,Exit short,2026-06-24 10:47,sl1|exit_reason=stop,564.12,58,32618.62,-100.34,-0.31,0,146.74,0.45,-100.34,-0.31,2954.86,2.95,11
262,Entry short,2026-06-24 10:36,sl1|ver=0.1.0|variant=baseline|cfg=ema9_atr14_buf0.1_chase1_win3_tgt1.5_hold20_t935-1500_ent2_loss2_dd2_dirboth_risk100|setup_id=ir:0.1.0:BATS:META:1:1782311700000:short|bars_to_confirm=1|signal_close=562.4|trigger=562.57|stop=564.11|target_r=1.5|risk_ps=1.71|atr=0.926628|vwap_dist_atr=0.961542|tick=0.01,562.39,58,32618.62,-100.34,-0.31,0,146.74,0.45,-100.34,-0.31,2954.86,2.95,11
263,Exit short,2026-06-24 12:03,sl1|exit_reason=time,562.83,129,72688.92,83.85,0.12,0,126.42,0.17,-85.14,-0.12,3038.71,3.04,20
263,Entry short,2026-06-24 11:43,sl1|ver=0.1.0|variant=baseline|cfg=ema9_atr14_buf0.1_chase1_win3_tgt1.5_hold20_t935-1500_ent2_loss2_dd2_dirboth_risk100|setup_id=ir:0.1.0:BATS:META:1:1782315720000:short|bars_to_confirm=1|signal_close=563.49|trigger=563.59|stop=564.26|target_r=1.5|risk_ps=0.77|atr=0.642576|vwap_dist_atr=0.649639|tick=0.01,563.48,129,72688.92,83.85,0.12,0,126.42,0.17,-85.14,-0.12,3038.71,3.04,20
264,Exit short,2026-06-25 12:06,sl1|exit_reason=stop,549.7,99,54312.39,-107.91,-0.20,0,22.77,0.04,-107.91,-0.20,2930.8,2.93,3
264,Entry short,2026-06-25 12:03,sl1|ver=0.1.0|variant=baseline|cfg=ema9_atr14_buf0.1_chase1_win3_tgt1.5_hold20_t935-1500_ent2_loss2_dd2_dirboth_risk100|setup_id=ir:0.1.0:BATS:META:1:1782403320000:short|bars_to_confirm=1|signal_close=548.68|trigger=548.89|stop=549.69|target_r=1.5|risk_ps=1.01|atr=0.620865|vwap_dist_atr=0.869317|tick=0.01,548.61,99,54312.39,-107.91,-0.20,0,22.77,0.04,-107.91,-0.20,2930.8,2.93,3
265,Exit long,2026-06-26 09:58,sl1|exit_reason=stop,542.88,90,48968.1,-108.9,-0.22,0,18.9,0.04,-108.9,-0.22,2821.9,2.82,1
265,Entry long,2026-06-26 09:57,sl1|ver=0.1.0|variant=baseline|cfg=ema9_atr14_buf0.1_chase1_win3_tgt1.5_hold20_t935-1500_ent2_loss2_dd2_dirboth_risk100|setup_id=ir:0.1.0:BATS:META:1:1782482160000:long|bars_to_confirm=1|signal_close=543.99|trigger=543.71|stop=542.89|target_r=1.5|risk_ps=1.1|atr=1.127059|vwap_dist_atr=0.734683|tick=0.01,544.09,90,48968.1,-108.9,-0.22,0,18.9,0.04,-108.9,-0.22,2821.9,2.82,1
266,Exit short,2026-06-26 10:00,sl1|exit_reason=stop,543.61,95,51561.25,-81.7,-0.16,0,41.8,0.08,-81.7,-0.16,2740.2,2.74,0
266,Entry short,2026-06-26 10:00,sl1|ver=0.1.0|variant=baseline|cfg=ema9_atr14_buf0.1_chase1_win3_tgt1.5_hold20_t935-1500_ent2_loss2_dd2_dirboth_risk100|setup_id=ir:0.1.0:BATS:META:1:1782482340000:short|bars_to_confirm=1|signal_close=542.55|trigger=542.58|stop=543.6|target_r=1.5|risk_ps=1.05|atr=1.079001|vwap_dist_atr=0.568093|tick=0.01,542.75,95,51561.25,-81.7,-0.16,0,41.8,0.08,-81.7,-0.16,2740.2,2.74,0
267,Exit short,2026-06-29 10:16,sl1|exit_reason=stop,567,57,32212.41,-106.59,-0.33,0,35.91,0.11,-106.59,-0.33,2633.61,2.63,11
267,Entry short,2026-06-29 10:05,sl1|ver=0.1.0|variant=baseline|cfg=ema9_atr14_buf0.1_chase1_win3_tgt1.5_hold20_t935-1500_ent2_loss2_dd2_dirboth_risk100|setup_id=ir:0.1.0:BATS:META:1:1782741840000:short|bars_to_confirm=1|signal_close=565.25|trigger=566.14|stop=566.99|target_r=1.5|risk_ps=1.74|atr=1.442409|vwap_dist_atr=0.896895|tick=0.01,565.13,57,32212.41,-106.59,-0.33,0,35.91,0.11,-106.59,-0.33,2633.61,2.63,11
268,Exit long,2026-06-29 10:30,sl1|exit_reason=stop,565.93,58,32912.68,-88.74,-0.27,0,119.48,0.36,-88.74,-0.27,2544.87,2.54,11
268,Entry long,2026-06-29 10:19,sl1|ver=0.1.0|variant=baseline|cfg=ema9_atr14_buf0.1_chase1_win3_tgt1.5_hold20_t935-1500_ent2_loss2_dd2_dirboth_risk100|setup_id=ir:0.1.0:BATS:META:1:1782742680000:long|bars_to_confirm=1|signal_close=567.64|trigger=567.5|stop=565.94|target_r=1.5|risk_ps=1.7|atr=1.220371|vwap_dist_atr=0.943811|tick=0.01,567.46,58,32912.68,-88.74,-0.27,0,119.48,0.36,-88.74,-0.27,2544.87,2.54,11
269,Exit long,2026-06-30 09:37,sl1|exit_reason=stop,556.72,49,27362.09,-82.81,-0.30,0,24.01,0.09,-82.81,-0.30,2462.06,2.46,0
269,Entry long,2026-06-30 09:37,sl1|ver=0.1.0|variant=baseline|cfg=ema9_atr14_buf0.1_chase1_win3_tgt1.5_hold20_t935-1500_ent2_loss2_dd2_dirboth_risk100|setup_id=ir:0.1.0:BATS:META:1:1782826560000:long|bars_to_confirm=1|signal_close=558.77|trigger=558.59|stop=556.73|target_r=1.5|risk_ps=2.04|atr=1.252057|vwap_dist_atr=0.870589|tick=0.01,558.41,49,27362.09,-82.81,-0.30,0,24.01,0.09,-82.81,-0.30,2462.06,2.46,0
270,Exit long,2026-06-30 09:52,sl1|exit_reason=stop,556.29,82,45733.04,-117.26,-0.26,0,22.96,0.05,-117.26,-0.26,2344.8,2.34,5
270,Entry long,2026-06-30 09:47,sl1|ver=0.1.0|variant=baseline|cfg=ema9_atr14_buf0.1_chase1_win3_tgt1.5_hold20_t935-1500_ent2_loss2_dd2_dirboth_risk100|setup_id=ir:0.1.0:BATS:META:1:1782827160000:long|bars_to_confirm=1|signal_close=557.51|trigger=557.41|stop=556.3|target_r=1.5|risk_ps=1.21|atr=1.26964|vwap_dist_atr=0.16846|tick=0.01,557.72,82,45733.04,-117.26,-0.26,0,22.96,0.05,-117.26,-0.26,2344.8,2.34,5
271,Exit short,2026-07-01 10:00,sl1|exit_reason=stop,607.8,16,9629.12,-95.68,-0.99,0,77.12,0.80,-95.68,-0.99,2249.12,2.25,15
271,Entry short,2026-07-01 09:45,sl1|ver=0.1.0|variant=baseline|cfg=ema9_atr14_buf0.1_chase1_win3_tgt1.5_hold20_t935-1500_ent2_loss2_dd2_dirboth_risk100|setup_id=ir:0.1.0:BATS:META:1:1782913440000:short|bars_to_confirm=1|signal_close=601.77|trigger=602.26|stop=607.79|target_r=1.5|risk_ps=6.02|atr=3.585751|vwap_dist_atr=0.542557|tick=0.01,601.82,16,9629.12,-95.68,-0.99,0,77.12,0.80,-95.68,-0.99,2249.12,2.25,15
272,Exit long,2026-07-08 10:14,sl1|exit_reason=stop,603.97,81,49013.1,-91.53,-0.19,0,2.43,0.00,-91.53,-0.19,2157.59,2.16,1
272,Entry long,2026-07-08 10:13,sl1|ver=0.1.0|variant=baseline|cfg=ema9_atr14_buf0.1_chase1_win3_tgt1.5_hold20_t935-1500_ent2_loss2_dd2_dirboth_risk100|setup_id=ir:0.1.0:BATS:META:1:1783519920000:long|bars_to_confirm=1|signal_close=605.2|trigger=604.71|stop=603.98|target_r=1.5|risk_ps=1.22|atr=1.216557|vwap_dist_atr=0.602096|tick=0.01,605.1,81,49013.1,-91.53,-0.19,0,2.43,0.00,-91.53,-0.19,2157.59,2.16,1
273,Exit short,2026-07-08 10:18,sl1|exit_reason=stop,604.96,78,47097.18,-89.7,-0.19,0,26.52,0.06,-89.7,-0.19,2067.89,2.07,1
273,Entry short,2026-07-08 10:17,sl1|ver=0.1.0|variant=baseline|cfg=ema9_atr14_buf0.1_chase1_win3_tgt1.5_hold20_t935-1500_ent2_loss2_dd2_dirboth_risk100|setup_id=ir:0.1.0:BATS:META:1:1783520100000:short|bars_to_confirm=2|signal_close=603.68|trigger=603.84|stop=604.95|target_r=1.5|risk_ps=1.27|atr=1.096386|vwap_dist_atr=0.707453|tick=0.01,603.81,78,47097.18,-89.7,-0.19,0,26.52,0.06,-89.7,-0.19,2067.89,2.07,1
274,Exit long,2026-07-09 09:42,sl1|exit_reason=target,588.71,22,12803.78,147.84,1.15,0,147.84,1.15,-1.32,-0.01,2215.73,2.22,5
274,Entry long,2026-07-09 09:37,sl1|ver=0.1.0|variant=baseline|cfg=ema9_atr14_buf0.1_chase1_win3_tgt1.5_hold20_t935-1500_ent2_loss2_dd2_dirboth_risk100|setup_id=ir:0.1.0:BATS:META:1:1783604040000:long|bars_to_confirm=3|signal_close=581.98|trigger=581.8|stop=577.51|target_r=1.5|risk_ps=4.47|atr=1.688743|vwap_dist_atr=0.947543|tick=0.01,581.99,22,12803.78,147.84,1.15,0,147.84,1.15,-1.32,-0.01,2215.73,2.22,5
275,Exit long,2026-07-10 10:05,sl1|exit_reason=target,677.24,22,14750.12,149.16,1.01,0,149.16,1.01,-15.62,-0.11,2364.89,2.36,10
275,Entry long,2026-07-10 09:55,sl1|ver=0.1.0|variant=baseline|cfg=ema9_atr14_buf0.1_chase1_win3_tgt1.5_hold20_t935-1500_ent2_loss2_dd2_dirboth_risk100|setup_id=ir:0.1.0:BATS:META:1:1783691520000:long|bars_to_confirm=3|signal_close=670.47|trigger=669.7|stop=665.94|target_r=1.5|risk_ps=4.53|atr=2.799457|vwap_dist_atr=0.433077|tick=0.01,670.46,22,14750.12,149.16,1.01,0,149.16,1.01,-15.62,-0.11,2364.89,2.36,10
276,Exit short,2026-07-10 10:25,sl1|exit_reason=target,662.92,26,17380.22,144.3,0.83,0,144.3,0.83,-77.74,-0.45,2509.19,2.51,16
276,Entry short,2026-07-10 10:09,sl1|ver=0.1.0|variant=baseline|cfg=ema9_atr14_buf0.1_chase1_win3_tgt1.5_hold20_t935-1500_ent2_loss2_dd2_dirboth_risk100|setup_id=ir:0.1.0:BATS:META:1:1783692480000:short|bars_to_confirm=1|signal_close=668.39|trigger=669.28|stop=672.17|target_r=1.5|risk_ps=3.78|atr=2.638993|vwap_dist_atr=0.716641|tick=0.01,668.47,26,17380.22,144.3,0.83,0,144.3,0.83,-77.74,-0.45,2509.19,2.51,16
277,Exit short,2026-07-14 10:22,sl1|exit_reason=stop,659.1,57,37468.95,-99.75,-0.27,0,84.36,0.23,-99.75,-0.27,2409.44,2.41,10
277,Entry short,2026-07-14 10:12,sl1|ver=0.1.0|variant=baseline|cfg=ema9_atr14_buf0.1_chase1_win3_tgt1.5_hold20_t935-1500_ent2_loss2_dd2_dirboth_risk100|setup_id=ir:0.1.0:BATS:META:1:1784038260000:short|bars_to_confirm=1|signal_close=657.36|trigger=657.57|stop=659.09|target_r=1.5|risk_ps=1.73|atr=1.761512|vwap_dist_atr=0.61551|tick=0.01,657.35,57,37468.95,-99.75,-0.27,0,84.36,0.23,-99.75,-0.27,2409.44,2.41,10
278,Exit short,2026-07-14 10:30,sl1|exit_reason=stop,658.61,69,45337.83,-106.26,-0.23,0,40.71,0.09,-106.26,-0.23,2303.18,2.30,1
278,Entry short,2026-07-14 10:29,sl1|ver=0.1.0|variant=baseline|cfg=ema9_atr14_buf0.1_chase1_win3_tgt1.5_hold20_t935-1500_ent2_loss2_dd2_dirboth_risk100|setup_id=ir:0.1.0:BATS:META:1:1784039220000:short|bars_to_confirm=2|signal_close=657.17|trigger=657.24|stop=658.6|target_r=1.5|risk_ps=1.43|atr=1.401035|vwap_dist_atr=0.890409|tick=0.01,657.07,69,45337.83,-106.26,-0.23,0,40.71,0.09,-106.26,-0.23,2303.18,2.30,1
279,Exit short,2026-07-15 13:31,sl1|exit_reason=stop,675.58,72,48539.52,-102.24,-0.21,0,53.28,0.11,-102.24,-0.21,2200.94,2.20,11
279,Entry short,2026-07-15 13:20,sl1|ver=0.1.0|variant=baseline|cfg=ema9_atr14_buf0.1_chase1_win3_tgt1.5_hold20_t935-1500_ent2_loss2_dd2_dirboth_risk100|setup_id=ir:0.1.0:BATS:META:1:1784135820000:short|bars_to_confirm=3|signal_close=674.2|trigger=674.63|stop=675.57|target_r=1.5|risk_ps=1.37|atr=0.784765|vwap_dist_atr=0.877816|tick=0.01,674.16,72,48539.52,-102.24,-0.21,0,53.28,0.11,-102.24,-0.21,2200.94,2.20,11
280,Exit long,2026-07-15 15:00,sl1|exit_reason=target,676.8,140,94577,175,0.19,0,175,0.19,-7,-0.01,2375.94,2.38,3
280,Entry long,2026-07-15 14:57,sl1|ver=0.1.0|variant=baseline|cfg=ema9_atr14_buf0.1_chase1_win3_tgt1.5_hold20_t935-1500_ent2_loss2_dd2_dirboth_risk100|setup_id=ir:0.1.0:BATS:META:1:1784141760000:long|bars_to_confirm=1|signal_close=675.43|trigger=675.25|stop=674.72|target_r=1.5|risk_ps=0.71|atr=0.601997|vwap_dist_atr=0.747681|tick=0.01,675.55,140,94577,175,0.19,0,175,0.19,-7,-0.01,2375.94,2.38,3
281,Exit long,2026-07-16 10:00,sl1|exit_reason=stop,670.12,46,30933.62,-108.1,-0.35,0,2.3,0.01,-108.1,-0.35,2267.84,2.27,6
281,Entry long,2026-07-16 09:54,sl1|ver=0.1.0|variant=baseline|cfg=ema9_atr14_buf0.1_chase1_win3_tgt1.5_hold20_t935-1500_ent2_loss2_dd2_dirboth_risk100|setup_id=ir:0.1.0:BATS:META:1:1784209980000:long|bars_to_confirm=1|signal_close=672.29|trigger=672|stop=670.13|target_r=1.5|risk_ps=2.16|atr=1.978575|vwap_dist_atr=0.370244|tick=0.01,672.47,46,30933.62,-108.1,-0.35,0,2.3,0.01,-108.1,-0.35,2267.84,2.27,6
282,Exit long,2026-07-20 09:56,sl1|exit_reason=stop,639.28,24,15440.16,-97.44,-0.63,0,57.6,0.37,-97.44,-0.63,2170.4,2.17,15
282,Entry long,2026-07-20 09:41,sl1|ver=0.1.0|variant=baseline|cfg=ema9_atr14_buf0.1_chase1_win3_tgt1.5_hold20_t935-1500_ent2_loss2_dd2_dirboth_risk100|setup_id=ir:0.1.0:BATS:META:1:1784554800000:long|bars_to_confirm=1|signal_close=643.44|trigger=642.73|stop=639.29|target_r=1.5|risk_ps=4.15|atr=1.940308|vwap_dist_atr=0.650423|tick=0.01,643.34,24,15440.16,-97.44,-0.63,0,57.6,0.37,-97.44,-0.63,2170.4,2.17,15
283,Exit long,2026-07-20 10:15,sl1|exit_reason=target,645,46,29532.46,137.54,0.47,0,137.54,0.47,-45.54,-0.15,2307.94,2.31,3
283,Entry long,2026-07-20 10:12,sl1|ver=0.1.0|variant=baseline|cfg=ema9_atr14_buf0.1_chase1_win3_tgt1.5_hold20_t935-1500_ent2_loss2_dd2_dirboth_risk100|setup_id=ir:0.1.0:BATS:META:1:1784556600000:long|bars_to_confirm=2|signal_close=642.165|trigger=642|stop=640.02|target_r=1.5|risk_ps=2.145|atr=1.342234|vwap_dist_atr=0.850956|tick=0.01,642.01,46,29532.46,137.54,0.47,0,137.54,0.47,-45.54,-0.15,2307.94,2.31,3
284,Exit short,2026-07-21 10:32,sl1|exit_reason=time,647.35,49,31678.01,-42.14,-0.13,0,79.38,0.25,-75.46,-0.24,2265.8,2.27,20
284,Entry short,2026-07-21 10:12,sl1|ver=0.1.0|variant=baseline|cfg=ema9_atr14_buf0.1_chase1_win3_tgt1.5_hold20_t935-1500_ent2_loss2_dd2_dirboth_risk100|setup_id=ir:0.1.0:BATS:META:1:1784643060000:short|bars_to_confirm=1|signal_close=646.35|trigger=647|stop=648.39|target_r=1.5|risk_ps=2.04|atr=1.300578|vwap_dist_atr=0.909388|tick=0.01,646.49,49,31678.01,-42.14,-0.13,0,79.38,0.25,-75.46,-0.24,2265.8,2.27,20
285,Exit short,2026-07-21 11:01,sl1|exit_reason=target,646.61,158,102274.98,110.6,0.11,0,110.6,0.11,-17.38,-0.02,2376.4,2.38,0
285,Entry short,2026-07-21 11:01,sl1|ver=0.1.0|variant=baseline|cfg=ema9_atr14_buf0.1_chase1_win3_tgt1.5_hold20_t935-1500_ent2_loss2_dd2_dirboth_risk100|setup_id=ir:0.1.0:BATS:META:1:1784646000000:short|bars_to_confirm=1|signal_close=647.24|trigger=647.36|stop=647.66|target_r=1.5|risk_ps=0.42|atr=0.667832|vwap_dist_atr=0.304316|tick=0.01,647.31,158,102274.98,110.6,0.11,0,110.6,0.11,-17.38,-0.02,2376.4,2.38,0
286,Exit short,2026-07-23 13:04,sl1|exit_reason=stop,606.19,59,35650.75,-114.46,-0.32,0,2.36,0.01,-114.46,-0.32,2261.94,2.26,5
286,Entry short,2026-07-23 12:59,sl1|ver=0.1.0|variant=baseline|cfg=ema9_atr14_buf0.1_chase1_win3_tgt1.5_hold20_t935-1500_ent2_loss2_dd2_dirboth_risk100|setup_id=ir:0.1.0:BATS:META:1:1784825880000:short|bars_to_confirm=1|signal_close=604.51|trigger=604.71|stop=606.18|target_r=1.5|risk_ps=1.67|atr=0.761632|vwap_dist_atr=0.356713|tick=0.01,604.25,59,35650.75,-114.46,-0.32,0,2.36,0.01,-114.46,-0.32,2261.94,2.26,5
287,Exit short,2026-07-23 13:34,sl1|exit_reason=stop,605.48,101,61041.37,-112.11,-0.18,0,7.07,0.01,-112.11,-0.18,2149.83,2.15,1
287,Entry short,2026-07-23 13:33,sl1|ver=0.1.0|variant=baseline|cfg=ema9_atr14_buf0.1_chase1_win3_tgt1.5_hold20_t935-1500_ent2_loss2_dd2_dirboth_risk100|setup_id=ir:0.1.0:BATS:META:1:1784827920000:short|bars_to_confirm=1|signal_close=604.48|trigger=604.5|stop=605.47|target_r=1.5|risk_ps=0.99|atr=0.555557|vwap_dist_atr=0.723957|tick=0.01,604.37,101,61041.37,-112.11,-0.18,0,7.07,0.01,-112.11,-0.18,2149.83,2.15,1
288,Exit short,2026-07-24 10:01,sl1|exit_reason=time,602.53,51,30806.04,77.01,0.25,0,123.93,0.40,-64.77,-0.21,2226.84,2.23,20
288,Entry short,2026-07-24 09:41,sl1|ver=0.1.0|variant=baseline|cfg=ema9_atr14_buf0.1_chase1_win3_tgt1.5_hold20_t935-1500_ent2_loss2_dd2_dirboth_risk100|setup_id=ir:0.1.0:BATS:META:1:1784900400000:short|bars_to_confirm=1|signal_close=604.05|trigger=604.5|stop=606|target_r=1.5|risk_ps=1.95|atr=1.303934|vwap_dist_atr=0.798897|tick=0.01,604.04,51,30806.04,77.01,0.25,0,123.93,0.40,-64.77,-0.21,2226.84,2.23,20
289,Exit long,2026-07-27 10:09,sl1|exit_reason=time,609.35,37,22424.22,121.73,0.54,0,123.58,0.55,-52.54,-0.23,2348.57,2.35,20
289,Entry long,2026-07-27 09:49,sl1|ver=0.1.0|variant=baseline|cfg=ema9_atr14_buf0.1_chase1_win3_tgt1.5_hold20_t935-1500_ent2_loss2_dd2_dirboth_risk100|setup_id=ir:0.1.0:BATS:META:1:1785160080000:long|bars_to_confirm=1|signal_close=606|trigger=605.39|stop=603.32|target_r=1.5|risk_ps=2.68|atr=1.744707|vwap_dist_atr=0.830533|tick=0.01,606.06,37,22424.22,121.73,0.54,0,123.58,0.55,-52.54,-0.23,2348.57,2.35,20
290,Exit long,2026-07-28 09:40,sl1|exit_reason=stop,596.68,36,21587.76,-107.28,-0.50,0,5.04,0.02,-107.28,-0.50,2241.29,2.24,3
290,Entry long,2026-07-28 09:37,sl1|ver=0.1.0|variant=baseline|cfg=ema9_atr14_buf0.1_chase1_win3_tgt1.5_hold20_t935-1500_ent2_loss2_dd2_dirboth_risk100|setup_id=ir:0.1.0:BATS:META:1:1785245760000:long|bars_to_confirm=1|signal_close=599.43|trigger=599.08|stop=596.69|target_r=1.5|risk_ps=2.74|atr=1.506807|vwap_dist_atr=0.891548|tick=0.01,599.66,36,21587.76,-107.28,-0.50,0,5.04,0.02,-107.28,-0.50,2241.29,2.24,3
291,Exit long,2026-07-28 11:38,sl1|exit_reason=time,594.2,60,35613.6,38.4,0.11,0,70.8,0.20,-78.6,-0.22,2279.69,2.28,20
291,Entry long,2026-07-28 11:18,sl1|ver=0.1.0|variant=baseline|cfg=ema9_atr14_buf0.1_chase1_win3_tgt1.5_hold20_t935-1500_ent2_loss2_dd2_dirboth_risk100|setup_id=ir:0.1.0:BATS:META:1:1785251820000:long|bars_to_confirm=1|signal_close=593.52|trigger=593.34|stop=591.87|target_r=1.5|risk_ps=1.65|atr=0.920423|vwap_dist_atr=0.518045|tick=0.01,593.56,60,35613.6,38.4,0.11,0,70.8,0.20,-78.6,-0.22,2279.69,2.28,20
292,Exit short,2026-07-29 09:52,sl1|exit_reason=target,587.65,36,21287.16,131.76,0.62,0,131.76,0.62,-32.76,-0.15,2411.45,2.41,8
292,Entry short,2026-07-29 09:44,sl1|ver=0.1.0|variant=baseline|cfg=ema9_atr14_buf0.1_chase1_win3_tgt1.5_hold20_t935-1500_ent2_loss2_dd2_dirboth_risk100|setup_id=ir:0.1.0:BATS:META:1:1785332580000:short|bars_to_confirm=1|signal_close=591.03|trigger=592.185|stop=593.75|target_r=1.5|risk_ps=2.72|atr=1.325622|vwap_dist_atr=0.941308|tick=0.01,591.31,36,21287.16,131.76,0.62,0,131.76,0.62,-32.76,-0.15,2411.45,2.41,8
293,Exit short,2026-07-30 09:42,sl1|exit_reason=stop,531.47,28,14782.6,-98.56,-0.67,0,4.76,0.03,-98.56,-0.67,2312.89,2.31,1
293,Entry short,2026-07-30 09:41,sl1|ver=0.1.0|variant=baseline|cfg=ema9_atr14_buf0.1_chase1_win3_tgt1.5_hold20_t935-1500_ent2_loss2_dd2_dirboth_risk100|setup_id=ir:0.1.0:BATS:META:1:1785418800000:short|bars_to_confirm=1|signal_close=527.89|trigger=528.5|stop=531.46|target_r=1.5|risk_ps=3.57|atr=3.219982|vwap_dist_atr=0.711244|tick=0.01,527.95,28,14782.6,-98.56,-0.67,0,4.76,0.03,-98.56,-0.67,2312.89,2.31,1
294,Exit long,2026-07-30 09:50,sl1|exit_reason=target,535.67,34,18070.32,142.46,0.79,0,142.46,0.79,-37.06,-0.21,2455.35,2.46,6
294,Entry long,2026-07-30 09:44,sl1|ver=0.1.0|variant=baseline|cfg=ema9_atr14_buf0.1_chase1_win3_tgt1.5_hold20_t935-1500_ent2_loss2_dd2_dirboth_risk100|setup_id=ir:0.1.0:BATS:META:1:1785418980000:long|bars_to_confirm=1|signal_close=531.59|trigger=531.5|stop=528.69|target_r=1.5|risk_ps=2.9|atr=3.018032|vwap_dist_atr=0.469592|tick=0.01,531.48,34,18070.32,142.46,0.79,0,142.46,0.79,-37.06,-0.21,2455.35,2.46,6
295,Exit long,2026-07-31 10:25,sl1|exit_reason=stop,548.47,47,25878.67,-100.58,-0.39,0,0,0.00,-100.58,-0.39,2354.77,2.35,2
295,Entry long,2026-07-31 10:23,sl1|ver=0.1.0|variant=baseline|cfg=ema9_atr14_buf0.1_chase1_win3_tgt1.5_hold20_t935-1500_ent2_loss2_dd2_dirboth_risk100|setup_id=ir:0.1.0:BATS:META:1:1785507660000:long|bars_to_confirm=2|signal_close=550.6|trigger=550.56|stop=548.48|target_r=1.5|risk_ps=2.12|atr=1.498889|vwap_dist_atr=0.580384|tick=0.01,550.61,47,25878.67,-100.58,-0.39,0,0,0.00,-100.58,-0.39,2354.77,2.35,2
296,Exit long,2026-07-31 11:02,sl1|exit_reason=target,552.74,59,32452.36,159.3,0.49,0,159.3,0.49,-76.11,-0.23,2514.07,2.51,15
296,Entry long,2026-07-31 10:47,sl1|ver=0.1.0|variant=baseline|cfg=ema9_atr14_buf0.1_chase1_win3_tgt1.5_hold20_t935-1500_ent2_loss2_dd2_dirboth_risk100|setup_id=ir:0.1.0:BATS:META:1:1785509160000:long|bars_to_confirm=1|signal_close=549.92|trigger=549.43|stop=548.24|target_r=1.5|risk_ps=1.68|atr=1.207286|vwap_dist_atr=0.529728|tick=0.01,550.04,59,32452.36,159.3,0.49,0,159.3,0.49,-76.11,-0.23,2514.07,2.51,15
297,Exit short,2026-08-03 10:37,sl1|exit_reason=stop,585.62,38,22160.08,-93.48,-0.42,0,19.76,0.09,-93.48,-0.42,2420.59,2.42,3
297,Entry short,2026-08-03 10:34,sl1|ver=0.1.0|variant=baseline|cfg=ema9_atr14_buf0.1_chase1_win3_tgt1.5_hold20_t935-1500_ent2_loss2_dd2_dirboth_risk100|setup_id=ir:0.1.0:BATS:META:1:1785767580000:short|bars_to_confirm=1|signal_close=583|trigger=583.6|stop=585.61|target_r=1.5|risk_ps=2.61|atr=1.510043|vwap_dist_atr=0.929342|tick=0.01,583.16,38,22160.08,-93.48,-0.42,0,19.76,0.09,-93.48,-0.42,2420.59,2.42,3
298,Exit long,2026-08-03 10:44,sl1|exit_reason=target,588.19,61,35731.97,147.62,0.41,0,147.62,0.41,-56.12,-0.16,2568.21,2.57,5
298,Entry long,2026-08-03 10:39,sl1|ver=0.1.0|variant=baseline|cfg=ema9_atr14_buf0.1_chase1_win3_tgt1.5_hold20_t935-1500_ent2_loss2_dd2_dirboth_risk100|setup_id=ir:0.1.0:BATS:META:1:1785767880000:long|bars_to_confirm=1|signal_close=585.79|trigger=585.76|stop=584.16|target_r=1.5|risk_ps=1.63|atr=1.429165|vwap_dist_atr=0.976222|tick=0.01,585.77,61,35731.97,147.62,0.41,0,147.62,0.41,-56.12,-0.16,2568.21,2.57,5
299,Exit short,2026-08-04 09:39,sl1|exit_reason=stop,583.84,44,25595.24,-93.72,-0.37,0,5.28,0.02,-93.72,-0.37,2474.49,2.47,0
299,Entry short,2026-08-04 09:39,sl1|ver=0.1.0|variant=baseline|cfg=ema9_atr14_buf0.1_chase1_win3_tgt1.5_hold20_t935-1500_ent2_loss2_dd2_dirboth_risk100|setup_id=ir:0.1.0:BATS:META:1:1785850680000:short|bars_to_confirm=1|signal_close=581.57|trigger=581.82|stop=583.83|target_r=1.5|risk_ps=2.26|atr=1.697333|vwap_dist_atr=0.298929|tick=0.01,581.71,44,25595.24,-93.72,-0.37,0,5.28,0.02,-93.72,-0.37,2474.49,2.47,0
300,Exit short,2026-08-04 10:17,sl1|exit_reason=stop,584.27,85,49555,-107.95,-0.22,0,34,0.07,-107.95,-0.22,2366.54,2.37,6
300,Entry short,2026-08-04 10:11,sl1|ver=0.1.0|variant=baseline|cfg=ema9_atr14_buf0.1_chase1_win3_tgt1.5_hold20_t935-1500_ent2_loss2_dd2_dirboth_risk100|setup_id=ir:0.1.0:BATS:META:1:1785852600000:short|bars_to_confirm=1|signal_close=583.09|trigger=583.1|stop=584.26|target_r=1.5|risk_ps=1.17|atr=1.107745|vwap_dist_atr=0.259811|tick=0.01,583,85,49555,-107.95,-0.22,0,34,0.07,-107.95,-0.22,2366.54,2.37,6
301,Exit long,2026-08-05 09:58,sl1|exit_reason=stop,594.64,37,22108.24,-106.56,-0.48,0,72.52,0.33,-106.56,-0.48,2259.98,2.26,15
301,Entry long,2026-08-05 09:43,sl1|ver=0.1.0|variant=baseline|cfg=ema9_atr14_buf0.1_chase1_win3_tgt1.5_hold20_t935-1500_ent2_loss2_dd2_dirboth_risk100|setup_id=ir:0.1.0:BATS:META:1:1785937320000:long|bars_to_confirm=1|signal_close=597.29|trigger=596.34|stop=594.65|target_r=1.5|risk_ps=2.64|atr=2.012636|vwap_dist_atr=0.762562|tick=0.01,597.52,37,22108.24,-106.56,-0.48,0,72.52,0.33,-106.56,-0.48,2259.98,2.26,15
302,Exit long,2026-08-06 10:37,sl1|exit_reason=target,593.52,101,59772.81,172.71,0.29,0,172.71,0.29,-35.35,-0.06,2432.69,2.43,3
302,Entry long,2026-08-06 10:34,sl1|ver=0.1.0|variant=baseline|cfg=ema9_atr14_buf0.1_chase1_win3_tgt1.5_hold20_t935-1500_ent2_loss2_dd2_dirboth_risk100|setup_id=ir:0.1.0:BATS:META:1:1786026780000:long|bars_to_confirm=1|signal_close=591.66|trigger=591.2|stop=590.67|target_r=1.5|risk_ps=0.99|atr=0.848631|vwap_dist_atr=0.685036|tick=0.01,591.81,101,59772.81,172.71,0.29,0,172.71,0.29,-35.35,-0.06,2432.69,2.43,3
303,Exit short,2026-08-10 09:55,sl1|exit_reason=time,596.34,24,14368.56,56.4,0.39,0,119.28,0.83,-21.84,-0.15,2489.09,2.49,20
303,Entry short,2026-08-10 09:35,sl1|ver=0.1.0|variant=baseline|cfg=ema9_atr14_buf0.1_chase1_win3_tgt1.5_hold20_t935-1500_ent2_loss2_dd2_dirboth_risk100|setup_id=ir:0.1.0:BATS:META:1:1786368840000:short|bars_to_confirm=1|signal_close=598.71|trigger=600.4|stop=602.76|target_r=1.5|risk_ps=4.05|atr=1.899697|vwap_dist_atr=0.97713|tick=0.01,598.69,24,14368.56,56.4,0.39,0,119.28,0.83,-21.84,-0.15,2489.09,2.49,20
304,Exit long,2026-08-10 10:20,sl1|exit_reason=target,601.11,50,29917.5,138,0.46,0,138,0.46,-81.5,-0.27,2627.09,2.63,10
304,Entry long,2026-08-10 10:10,sl1|ver=0.1.0|variant=baseline|cfg=ema9_atr14_buf0.1_chase1_win3_tgt1.5_hold20_t935-1500_ent2_loss2_dd2_dirboth_risk100|setup_id=ir:0.1.0:BATS:META:1:1786370940000:long|bars_to_confirm=1|signal_close=598.49|trigger=597.57|stop=596.51|target_r=1.5|risk_ps=1.98|atr=1.12494|vwap_dist_atr=0.860042|tick=0.01,598.35,50,29917.5,138,0.46,0,138,0.46,-81.5,-0.27,2627.09,2.63,10
305,Exit short,2026-08-11 09:53,sl1|exit_reason=stop,597.06,42,24969.84,-106.68,-0.43,0,22.68,0.09,-106.68,-0.43,2520.41,2.52,7
305,Entry short,2026-08-11 09:46,sl1|ver=0.1.0|variant=baseline|cfg=ema9_atr14_buf0.1_chase1_win3_tgt1.5_hold20_t935-1500_ent2_loss2_dd2_dirboth_risk100|setup_id=ir:0.1.0:BATS:META:1:1786455840000:short|bars_to_confirm=2|signal_close=594.68|trigger=595.15|stop=597.05|target_r=1.5|risk_ps=2.37|atr=1.32994|vwap_dist_atr=0.930187|tick=0.01,594.52,42,24969.84,-106.68,-0.43,0,22.68,0.09,-106.68,-0.43,2520.41,2.52,7
306,Exit short,2026-08-11 11:57,sl1|exit_reason=time,605.41,68,41214.12,46.24,0.11,0,85,0.21,-53.04,-0.13,2566.65,2.57,20
306,Entry short,2026-08-11 11:37,sl1|ver=0.1.0|variant=baseline|cfg=ema9_atr14_buf0.1_chase1_win3_tgt1.5_hold20_t935-1500_ent2_loss2_dd2_dirboth_risk100|setup_id=ir:0.1.0:BATS:META:1:1786462560000:short|bars_to_confirm=1|signal_close=606.43|trigger=606.48|stop=607.9|target_r=1.5|risk_ps=1.47|atr=0.766954|vwap_dist_atr=0.746774|tick=0.01,606.09,68,41214.12,46.24,0.11,0,85,0.21,-53.04,-0.13,2566.65,2.57,20
307,Exit long,2026-08-13 13:04,sl1|exit_reason=time,588.48,112,65866.08,43.68,0.07,0,71.68,0.11,-59.36,-0.09,2610.33,2.61,20
307,Entry long,2026-08-13 12:44,sl1|ver=0.1.0|variant=baseline|cfg=ema9_atr14_buf0.1_chase1_win3_tgt1.5_hold20_t935-1500_ent2_loss2_dd2_dirboth_risk100|setup_id=ir:0.1.0:BATS:META:1:1786639380000:long|bars_to_confirm=1|signal_close=588.23|trigger=588.16|stop=587.34|target_r=1.5|risk_ps=0.89|atr=0.334626|vwap_dist_atr=0.603037|tick=0.01,588.09,112,65866.08,43.68,0.07,0,71.68,0.11,-59.36,-0.09,2610.33,2.61,20
308,Exit short,2026-08-13 13:42,sl1|exit_reason=stop,588.37,174,102310.26,-66.12,-0.06,0,48.72,0.05,-66.12,-0.06,2544.21,2.54,7
308,Entry short,2026-08-13 13:35,sl1|ver=0.1.0|variant=baseline|cfg=ema9_atr14_buf0.1_chase1_win3_tgt1.5_hold20_t935-1500_ent2_loss2_dd2_dirboth_risk100|setup_id=ir:0.1.0:BATS:META:1:1786642440000:short|bars_to_confirm=1|signal_close=588.005|trigger=588.05|stop=588.36|target_r=1.5|risk_ps=0.355|atr=0.271899|vwap_dist_atr=0.301421|tick=0.01,587.99,174,102310.26,-66.12,-0.06,0,48.72,0.05,-66.12,-0.06,2544.21,2.54,7
309,Exit long,2026-08-14 10:06,sl1|exit_reason=stop,598.33,171,102427.29,-112.86,-0.11,0,5.13,0.01,-112.86,-0.11,2431.35,2.43,0
309,Entry long,2026-08-14 10:06,sl1|ver=0.1.0|variant=baseline|cfg=ema9_atr14_buf0.1_chase1_win3_tgt1.5_hold20_t935-1500_ent2_loss2_dd2_dirboth_risk100|setup_id=ir:0.1.0:BATS:META:1:1786716300000:long|bars_to_confirm=1|signal_close=598.85|trigger=598.82|stop=598.34|target_r=1.5|risk_ps=0.51|atr=0.86595|vwap_dist_atr=0.379937|tick=0.01,598.99,171,102427.29,-112.86,-0.11,0,5.13,0.01,-112.86,-0.11,2431.35,2.43,0
310,Exit short,2026-08-14 10:12,sl1|exit_reason=stop,599.11,76,45416.08,-116.28,-0.26,0,0,0.00,-116.28,-0.26,2315.07,2.32,2
310,Entry short,2026-08-14 10:10,sl1|ver=0.1.0|variant=baseline|cfg=ema9_atr14_buf0.1_chase1_win3_tgt1.5_hold20_t935-1500_ent2_loss2_dd2_dirboth_risk100|setup_id=ir:0.1.0:BATS:META:1:1786716420000:short|bars_to_confirm=3|signal_close=597.8|trigger=597.9|stop=599.1|target_r=1.5|risk_ps=1.3|atr=0.821046|vwap_dist_atr=0.863919|tick=0.01,597.58,76,45416.08,-116.28,-0.26,0,0,0.00,-116.28,-0.26,2315.07,2.32,2
311,Exit short,2026-08-17 10:00,sl1|exit_reason=time,580.27,49,28468.51,35.28,0.12,0,75.95,0.27,-62.72,-0.22,2350.35,2.35,20
311,Entry short,2026-08-17 09:40,sl1|ver=0.1.0|variant=baseline|cfg=ema9_atr14_buf0.1_chase1_win3_tgt1.5_hold20_t935-1500_ent2_loss2_dd2_dirboth_risk100|setup_id=ir:0.1.0:BATS:META:1:1786973940000:short|bars_to_confirm=1|signal_close=580.81|trigger=581.27|stop=582.85|target_r=1.5|risk_ps=2.04|atr=1.436346|vwap_dist_atr=0.850407|tick=0.01,580.99,49,28468.51,35.28,0.12,0,75.95,0.27,-62.72,-0.22,2350.35,2.35,20
312,Exit long,2026-08-18 11:04,sl1|exit_reason=target,550.95,112,61548.48,157.92,0.26,0,157.92,0.26,-30.24,-0.05,2508.27,2.51,6
312,Entry long,2026-08-18 10:58,sl1|ver=0.1.0|variant=baseline|cfg=ema9_atr14_buf0.1_chase1_win3_tgt1.5_hold20_t935-1500_ent2_loss2_dd2_dirboth_risk100|setup_id=ir:0.1.0:BATS:META:1:1787065020000:long|bars_to_confirm=1|signal_close=549.49|trigger=549.38|stop=548.6|target_r=1.5|risk_ps=0.89|atr=0.770986|vwap_dist_atr=0.423883|tick=0.01,549.54,112,61548.48,157.92,0.26,0,157.92,0.26,-30.24,-0.05,2508.27,2.51,6
313,Exit long,2026-08-20 10:52,sl1|exit_reason=stop,545.4,114,62267.94,-92.34,-0.15,0,103.74,0.17,-92.34,-0.15,2415.93,2.42,14
313,Entry long,2026-08-20 10:38,sl1|ver=0.1.0|variant=baseline|cfg=ema9_atr14_buf0.1_chase1_win3_tgt1.5_hold20_t935-1500_ent2_loss2_dd2_dirboth_risk100|setup_id=ir:0.1.0:BATS:META:1:1787236620000:long|bars_to_confirm=1|signal_close=546.28|trigger=546.09|stop=545.41|target_r=1.5|risk_ps=0.87|atr=0.671203|vwap_dist_atr=0.468462|tick=0.01,546.21,114,62267.94,-92.34,-0.15,0,103.74,0.17,-92.34,-0.15,2415.93,2.42,14
314,Exit long,2026-08-20 12:47,sl1|exit_reason=stop,544.85,187,101971.1,-84.15,-0.08,0,80.41,0.08,-84.15,-0.08,2331.78,2.33,10
314,Entry long,2026-08-20 12:37,sl1|ver=0.1.0|variant=baseline|cfg=ema9_atr14_buf0.1_chase1_win3_tgt1.5_hold20_t935-1500_ent2_loss2_dd2_dirboth_risk100|setup_id=ir:0.1.0:BATS:META:1:1787243760000:long|bars_to_confirm=1|signal_close=545.3|trigger=545.29|stop=544.86|target_r=1.5|risk_ps=0.44|atr=0.400444|vwap_dist_atr=0.560452|tick=0.01,545.3,187,101971.1,-84.15,-0.08,0,80.41,0.08,-84.15,-0.08,2331.78,2.33,10
315,Exit long,2026-08-21 09:38,sl1|exit_reason=target,549.16,64,35000.96,145.28,0.42,0,145.28,0.42,-15.36,-0.04,2477.06,2.48,2
315,Entry long,2026-08-21 09:36,sl1|ver=0.1.0|variant=baseline|cfg=ema9_atr14_buf0.1_chase1_win3_tgt1.5_hold20_t935-1500_ent2_loss2_dd2_dirboth_risk100|setup_id=ir:0.1.0:BATS:META:1:1787319300000:long|bars_to_confirm=1|signal_close=546.94|trigger=546.91|stop=545.38|target_r=1.5|risk_ps=1.56|atr=1.164491|vwap_dist_atr=0.971411|tick=0.01,546.89,64,35000.96,145.28,0.42,0,145.28,0.42,-15.36,-0.04,2477.06,2.48,2
316,Exit short,2026-08-21 11:19,sl1|exit_reason=stop,550.51,166,91285.06,-99.6,-0.11,0,68.06,0.07,-99.6,-0.11,2377.46,2.38,1
316,Entry short,2026-08-21 11:18,sl1|ver=0.1.0|variant=baseline|cfg=ema9_atr14_buf0.1_chase1_win3_tgt1.5_hold20_t935-1500_ent2_loss2_dd2_dirboth_risk100|setup_id=ir:0.1.0:BATS:META:1:1787325420000:short|bars_to_confirm=1|signal_close=549.9|trigger=550.1|stop=550.5|target_r=1.5|risk_ps=0.6|atr=0.532574|vwap_dist_atr=0.558866|tick=0.01,549.91,166,91285.06,-99.6,-0.11,0,68.06,0.07,-99.6,-0.11,2377.46,2.38,1
317,Exit long,2026-08-24 10:02,sl1|exit_reason=target,554.05,54,29771.82,146.88,0.49,0,146.88,0.49,-82.08,-0.28,2524.34,2.52,10
317,Entry long,2026-08-24 09:52,sl1|ver=0.1.0|variant=baseline|cfg=ema9_atr14_buf0.1_chase1_win3_tgt1.5_hold20_t935-1500_ent2_loss2_dd2_dirboth_risk100|setup_id=ir:0.1.0:BATS:META:1:1787579460000:long|bars_to_confirm=1|signal_close=551.37|trigger=550.78|stop=549.52|target_r=1.5|risk_ps=1.85|atr=1.304863|vwap_dist_atr=0.842897|tick=0.01,551.33,54,29771.82,146.88,0.49,0,146.88,0.49,-82.08,-0.28,2524.34,2.52,10
318,Exit long,2026-08-25 10:50,sl1|exit_reason=stop,564.92,129,72962.4,-87.72,-0.12,0,16.77,0.02,-87.72,-0.12,2436.62,2.44,2
318,Entry long,2026-08-25 10:48,sl1|ver=0.1.0|variant=baseline|cfg=ema9_atr14_buf0.1_chase1_win3_tgt1.5_hold20_t935-1500_ent2_loss2_dd2_dirboth_risk100|setup_id=ir:0.1.0:BATS:META:1:1787669220000:long|bars_to_confirm=1|signal_close=565.7|trigger=565.67|stop=564.93|target_r=1.5|risk_ps=0.77|atr=0.587863|vwap_dist_atr=0.461195|tick=0.01,565.6,129,72962.4,-87.72,-0.12,0,16.77,0.02,-87.72,-0.12,2436.62,2.44,2
319,Exit short,2026-08-25 12:22,sl1|exit_reason=stop,565.35,181,102243.28,-85.07,-0.08,0,34.39,0.03,-85.07,-0.08,2351.55,2.35,19
319,Entry short,2026-08-25 12:03,sl1|ver=0.1.0|variant=baseline|cfg=ema9_atr14_buf0.1_chase1_win3_tgt1.5_hold20_t935-1500_ent2_loss2_dd2_dirboth_risk100|setup_id=ir:0.1.0:BATS:META:1:1787673720000:short|bars_to_confirm=1|signal_close=564.89|trigger=565.03|stop=565.34|target_r=1.5|risk_ps=0.45|atr=0.474175|vwap_dist_atr=0.300338|tick=0.01,564.88,181,102243.28,-85.07,-0.08,0,34.39,0.03,-85.07,-0.08,2351.55,2.35,19
320,Exit long,2026-08-26 10:07,sl1|exit_reason=stop,573.08,47,27037.69,-102.93,-0.38,0,28.67,0.11,-102.93,-0.38,2248.62,2.25,2
320,Entry long,2026-08-26 10:05,sl1|ver=0.1.0|variant=baseline|cfg=ema9_atr14_buf0.1_chase1_win3_tgt1.5_hold20_t935-1500_ent2_loss2_dd2_dirboth_risk100|setup_id=ir:0.1.0:BATS:META:1:1787753040000:long|bars_to_confirm=1|signal_close=575.2|trigger=574.82|stop=573.09|target_r=1.5|risk_ps=2.11|atr=2.176563|vwap_dist_atr=0.481441|tick=0.01,575.27,47,27037.69,-102.93,-0.38,0,28.67,0.11,-102.93,-0.38,2248.62,2.25,2
321,Exit long,2026-08-26 10:31,sl1|exit_reason=stop,572.07,52,29852.68,-105.04,-0.35,0,20.28,0.07,-105.04,-0.35,2143.58,2.14,1
321,Entry long,2026-08-26 10:30,sl1|ver=0.1.0|variant=baseline|cfg=ema9_atr14_buf0.1_chase1_win3_tgt1.5_hold20_t935-1500_ent2_loss2_dd2_dirboth_risk100|setup_id=ir:0.1.0:BATS:META:1:1787754540000:long|bars_to_confirm=1|signal_close=574|trigger=573.53|stop=572.08|target_r=1.5|risk_ps=1.92|atr=1.672548|vwap_dist_atr=0.431795|tick=0.01,574.09,52,29852.68,-105.04,-0.35,0,20.28,0.07,-105.04,-0.35,2143.58,2.14,1
322,Exit short,2026-08-27 10:32,sl1|exit_reason=target,576.51,84,48576.36,149.52,0.31,0,149.52,0.31,-42,-0.09,2293.1,2.29,2
322,Entry short,2026-08-27 10:30,sl1|ver=0.1.0|variant=baseline|cfg=ema9_atr14_buf0.1_chase1_win3_tgt1.5_hold20_t935-1500_ent2_loss2_dd2_dirboth_risk100|setup_id=ir:0.1.0:BATS:META:1:1787840940000:short|bars_to_confirm=1|signal_close=578.29|trigger=578.5|stop=579.48|target_r=1.5|risk_ps=1.19|atr=1.326418|vwap_dist_atr=0.703947|tick=0.01,578.29,84,48576.36,149.52,0.31,0,149.52,0.31,-42,-0.09,2293.1,2.29,2
323,Exit short,2026-08-28 09:52,sl1|exit_reason=stop,580.96,38,21978.82,-97.66,-0.44,0,0,0.00,-97.66,-0.44,2195.44,2.20,1
323,Entry short,2026-08-28 09:51,sl1|ver=0.1.0|variant=baseline|cfg=ema9_atr14_buf0.1_chase1_win3_tgt1.5_hold20_t935-1500_ent2_loss2_dd2_dirboth_risk100|setup_id=ir:0.1.0:BATS:META:1:1787925000000:short|bars_to_confirm=1|signal_close=578.38|trigger=579|stop=580.95|target_r=1.5|risk_ps=2.57|atr=1.508417|vwap_dist_atr=0.684867|tick=0.01,578.39,38,21978.82,-97.66,-0.44,0,0,0.00,-97.66,-0.44,2195.44,2.20,1
324,Exit short,2026-08-28 09:56,sl1|exit_reason=stop,581.67,41,23756.63,-91.84,-0.39,0,1.23,0.01,-91.84,-0.39,2103.6,2.10,1
324,Entry short,2026-08-28 09:55,sl1|ver=0.1.0|variant=baseline|cfg=ema9_atr14_buf0.1_chase1_win3_tgt1.5_hold20_t935-1500_ent2_loss2_dd2_dirboth_risk100|setup_id=ir:0.1.0:BATS:META:1:1787925240000:short|bars_to_confirm=1|signal_close=579.27|trigger=579.32|stop=581.66|target_r=1.5|risk_ps=2.39|atr=1.587769|vwap_dist_atr=0.113416|tick=0.01,579.43,41,23756.63,-91.84,-0.39,0,1.23,0.01,-91.84,-0.39,2103.6,2.10,1
325,Exit long,2026-08-31 09:57,sl1|exit_reason=stop,572.74,60,34469.4,-105,-0.30,0,0,0.00,-105,-0.30,1998.6,2.00,5
325,Entry long,2026-08-31 09:52,sl1|ver=0.1.0|variant=baseline|cfg=ema9_atr14_buf0.1_chase1_win3_tgt1.5_hold20_t935-1500_ent2_loss2_dd2_dirboth_risk100|setup_id=ir:0.1.0:BATS:META:1:1788184260000:long|bars_to_confirm=1|signal_close=574.41|trigger=573.62|stop=572.75|target_r=1.5|risk_ps=1.66|atr=1.281003|vwap_dist_atr=0.806328|tick=0.01,574.49,60,34469.4,-105,-0.30,0,0,0.00,-105,-0.30,1998.6,2.00,5
326,Exit short,2026-08-31 11:31,sl1|exit_reason=target,570.92,178,101743.02,119.26,0.12,0,119.26,0.12,-7.12,-0.01,2117.86,2.12,1
326,Entry short,2026-08-31 11:30,sl1|ver=0.1.0|variant=baseline|cfg=ema9_atr14_buf0.1_chase1_win3_tgt1.5_hold20_t935-1500_ent2_loss2_dd2_dirboth_risk100|setup_id=ir:0.1.0:BATS:META:1:1788190140000:short|bars_to_confirm=1|signal_close=571.575|trigger=571.71|stop=572.04|target_r=1.5|risk_ps=0.465|atr=0.387599|vwap_dist_atr=0.960363|tick=0.01,571.59,178,101743.02,119.26,0.12,0,119.26,0.12,-7.12,-0.01,2117.86,2.12,1
327,Exit long,2026-09-02 09:45,sl1|exit_reason=target,589.79,65,38176.45,159.9,0.42,0,159.9,0.42,-24.05,-0.06,2277.76,2.28,1
327,Entry long,2026-09-02 09:44,sl1|ver=0.1.0|variant=baseline|cfg=ema9_atr14_buf0.1_chase1_win3_tgt1.5_hold20_t935-1500_ent2_loss2_dd2_dirboth_risk100|setup_id=ir:0.1.0:BATS:META:1:1788356580000:long|bars_to_confirm=1|signal_close=587.21|trigger=586.83|stop=585.69|target_r=1.5|risk_ps=1.52|atr=1.410222|vwap_dist_atr=0.465009|tick=0.01,587.33,65,38176.45,159.9,0.42,0,159.9,0.42,-24.05,-0.06,2277.76,2.28,1
328,Exit short,2026-09-02 11:19,sl1|exit_reason=stop,594.92,79,46916.52,-82.16,-0.18,0,38.71,0.08,-82.16,-0.18,2195.6,2.20,5
328,Entry short,2026-09-02 11:14,sl1|ver=0.1.0|variant=baseline|cfg=ema9_atr14_buf0.1_chase1_win3_tgt1.5_hold20_t935-1500_ent2_loss2_dd2_dirboth_risk100|setup_id=ir:0.1.0:BATS:META:1:1788361980000:short|bars_to_confirm=1|signal_close=593.65|trigger=593.84|stop=594.91|target_r=1.5|risk_ps=1.26|atr=0.783236|vwap_dist_atr=0.521947|tick=0.01,593.88,79,46916.52,-82.16,-0.18,0,38.71,0.08,-82.16,-0.18,2195.6,2.20,5
329,Exit long,2026-09-03 11:21,sl1|exit_reason=target,617.86,45,27656.55,147.15,0.53,0,147.15,0.53,-36.45,-0.13,2342.75,2.34,8
329,Entry long,2026-09-03 11:13,sl1|ver=0.1.0|variant=baseline|cfg=ema9_atr14_buf0.1_chase1_win3_tgt1.5_hold20_t935-1500_ent2_loss2_dd2_dirboth_risk100|setup_id=ir:0.1.0:BATS:META:1:1788448320000:long|bars_to_confirm=1|signal_close=614.61|trigger=614.23|stop=612.41|target_r=1.5|risk_ps=2.2|atr=1.015997|vwap_dist_atr=0.986368|tick=0.01,614.59,45,27656.55,147.15,0.53,0,147.15,0.53,-36.45,-0.13,2342.75,2.34,8
330,Exit long,2026-09-03 12:53,sl1|exit_reason=stop,613.74,101,62103.89,-116.15,-0.19,0,35.35,0.06,-116.15,-0.19,2226.6,2.23,4
330,Entry long,2026-09-03 12:49,sl1|ver=0.1.0|variant=baseline|cfg=ema9_atr14_buf0.1_chase1_win3_tgt1.5_hold20_t935-1500_ent2_loss2_dd2_dirboth_risk100|setup_id=ir:0.1.0:BATS:META:1:1788454020000:long|bars_to_confirm=2|signal_close=614.74|trigger=614.5|stop=613.75|target_r=1.5|risk_ps=0.99|atr=0.433792|vwap_dist_atr=0.784607|tick=0.01,614.89,101,62103.89,-116.15,-0.19,0,35.35,0.06,-116.15,-0.19,2226.6,2.23,4
331,Exit short,2026-09-04 10:37,sl1|exit_reason=stop,610.87,50,30438,-105.5,-0.35,0,16,0.05,-105.5,-0.35,2121.1,2.12,17
331,Entry short,2026-09-04 10:20,sl1|ver=0.1.0|variant=baseline|cfg=ema9_atr14_buf0.1_chase1_win3_tgt1.5_hold20_t935-1500_ent2_loss2_dd2_dirboth_risk100|setup_id=ir:0.1.0:BATS:META:1:1788531540000:short|bars_to_confirm=1|signal_close=608.88|trigger=609.17|stop=610.86|target_r=1.5|risk_ps=1.98|atr=1.142411|vwap_dist_atr=0.922932|tick=0.01,608.76,50,30438,-105.5,-0.35,0,16,0.05,-105.5,-0.35,2121.1,2.12,17
332,Exit short,2026-09-04 10:56,sl1|exit_reason=target,608.68,136,82940.96,160.48,0.19,0,160.48,0.19,-32.64,-0.04,2281.58,2.28,0
332,Entry short,2026-09-04 10:56,sl1|ver=0.1.0|variant=baseline|cfg=ema9_atr14_buf0.1_chase1_win3_tgt1.5_hold20_t935-1500_ent2_loss2_dd2_dirboth_risk100|setup_id=ir:0.1.0:BATS:META:1:1788533700000:short|bars_to_confirm=1|signal_close=609.77|trigger=610|stop=610.5|target_r=1.5|risk_ps=0.73|atr=0.846256|vwap_dist_atr=0.475585|tick=0.01,609.86,136,82940.96,160.48,0.19,0,160.48,0.19,-32.64,-0.04,2281.58,2.28,0
333,Exit long,2026-09-08 10:28,sl1|exit_reason=stop,616.8,56,34642.16,-101.36,-0.29,0,48.16,0.14,-101.36,-0.29,2180.22,2.18,8
333,Entry long,2026-09-08 10:20,sl1|ver=0.1.0|variant=baseline|cfg=ema9_atr14_buf0.1_chase1_win3_tgt1.5_hold20_t935-1500_ent2_loss2_dd2_dirboth_risk100|setup_id=ir:0.1.0:BATS:META:1:1788877140000:long|bars_to_confirm=1|signal_close=618.57|trigger=618.53|stop=616.81|target_r=1.5|risk_ps=1.76|atr=1.408847|vwap_dist_atr=0.226386|tick=0.01,618.61,56,34642.16,-101.36,-0.29,0,48.16,0.14,-101.36,-0.29,2180.22,2.18,8
334,Exit long,2026-09-08 11:31,sl1|exit_reason=stop,616.68,93,57454.47,-103.23,-0.18,0,43.71,0.08,-103.23,-0.18,2076.99,2.08,5
334,Entry long,2026-09-08 11:26,sl1|ver=0.1.0|variant=baseline|cfg=ema9_atr14_buf0.1_chase1_win3_tgt1.5_hold20_t935-1500_ent2_loss2_dd2_dirboth_risk100|setup_id=ir:0.1.0:BATS:META:1:1788881100000:long|bars_to_confirm=1|signal_close=617.76|trigger=617.55|stop=616.69|target_r=1.5|risk_ps=1.07|atr=0.654262|vwap_dist_atr=0.470042|tick=0.01,617.79,93,57454.47,-103.23,-0.18,0,43.71,0.08,-103.23,-0.18,2076.99,2.08,5
335,Exit long,2026-09-09 10:00,sl1|exit_reason=time,645.36,24,15512.16,-23.52,-0.15,0,107.04,0.69,-71.52,-0.46,2053.47,2.05,20
335,Entry long,2026-09-09 09:40,sl1|ver=0.1.0|variant=baseline|cfg=ema9_atr14_buf0.1_chase1_win3_tgt1.5_hold20_t935-1500_ent2_loss2_dd2_dirboth_risk100|setup_id=ir:0.1.0:BATS:META:1:1788961140000:long|bars_to_confirm=1|signal_close=646.37|trigger=645.61|stop=642.24|target_r=1.5|risk_ps=4.13|atr=2.990589|vwap_dist_atr=0.908269|tick=0.01,646.34,24,15512.16,-23.52,-0.15,0,107.04,0.69,-71.52,-0.46,2053.47,2.05,20
336,Exit short,2026-09-09 10:16,sl1|exit_reason=stop,646.92,70,45175.2,-109.2,-0.24,0,46.2,0.10,-109.2,-0.24,1944.27,1.94,3
336,Entry short,2026-09-09 10:13,sl1|ver=0.1.0|variant=baseline|cfg=ema9_atr14_buf0.1_chase1_win3_tgt1.5_hold20_t935-1500_ent2_loss2_dd2_dirboth_risk100|setup_id=ir:0.1.0:BATS:META:1:1788963120000:short|bars_to_confirm=1|signal_close=645.5|trigger=645.51|stop=646.91|target_r=1.5|risk_ps=1.41|atr=1.686463|vwap_dist_atr=0.033842|tick=0.01,645.36,70,45175.2,-109.2,-0.24,0,46.2,0.10,-109.2,-0.24,1944.27,1.94,3
337,Exit long,2026-09-10 09:41,sl1|exit_reason=stop,652.37,18,11840.58,-97.92,-0.83,0,102.24,0.86,-97.92,-0.83,1846.35,1.85,2
337,Entry long,2026-09-10 09:39,sl1|ver=0.1.0|variant=baseline|cfg=ema9_atr14_buf0.1_chase1_win3_tgt1.5_hold20_t935-1500_ent2_loss2_dd2_dirboth_risk100|setup_id=ir:0.1.0:BATS:META:1:1789047480000:long|bars_to_confirm=1|signal_close=657.75|trigger=657.21|stop=652.38|target_r=1.5|risk_ps=5.37|atr=2.996228|vwap_dist_atr=0.79561|tick=0.01,657.81,18,11840.58,-97.92,-0.83,0,102.24,0.86,-97.92,-0.83,1846.35,1.85,2
338,Exit short,2026-09-10 11:40,sl1|exit_reason=stop,653.48,74,48245.78,-111.74,-0.23,0,107.3,0.22,-111.74,-0.23,1734.61,1.73,10
338,Entry short,2026-09-10 11:30,sl1|ver=0.1.0|variant=baseline|cfg=ema9_atr14_buf0.1_chase1_win3_tgt1.5_hold20_t935-1500_ent2_loss2_dd2_dirboth_risk100|setup_id=ir:0.1.0:BATS:META:1:1789054020000:short|bars_to_confirm=3|signal_close=652.13|trigger=652.3|stop=653.47|target_r=1.5|risk_ps=1.34|atr=0.846581|vwap_dist_atr=0.796636|tick=0.01,651.97,74,48245.78,-111.74,-0.23,0,107.3,0.22,-111.74,-0.23,1734.61,1.73,10
339,Exit short,2026-09-11 10:09,sl1|exit_reason=time,654.69,17,11169.17,39.44,0.35,0,78.54,0.70,-6.46,-0.06,1774.05,1.77,20
339,Entry short,2026-09-11 09:49,sl1|ver=0.1.0|variant=baseline|cfg=ema9_atr14_buf0.1_chase1_win3_tgt1.5_hold20_t935-1500_ent2_loss2_dd2_dirboth_risk100|setup_id=ir:0.1.0:BATS:META:1:1789134480000:short|bars_to_confirm=1|signal_close=656.93|trigger=658.25|stop=662.55|target_r=1.5|risk_ps=5.62|atr=2.150582|vwap_dist_atr=0.912018|tick=0.01,657.01,17,11169.17,39.44,0.35,0,78.54,0.70,-6.46,-0.06,1774.05,1.77,20
340,Exit short,2026-09-14 10:17,sl1|exit_reason=target,655.79,58,38188.94,153.12,0.40,0,153.12,0.40,-0.58,0.00,1927.17,1.93,2
340,Entry short,2026-09-14 10:15,sl1|ver=0.1.0|variant=baseline|cfg=ema9_atr14_buf0.1_chase1_win3_tgt1.5_hold20_t935-1500_ent2_loss2_dd2_dirboth_risk100|setup_id=ir:0.1.0:BATS:META:1:1789395240000:short|bars_to_confirm=1|signal_close=658.49|trigger=658.69|stop=660.19|target_r=1.5|risk_ps=1.7|atr=1.37496|vwap_dist_atr=0.815781|tick=0.01,658.43,58,38188.94,153.12,0.40,0,153.12,0.40,-0.58,0.00,1927.17,1.93,2
341,Exit long,2026-09-15 14:20,sl1|exit_reason=target,670.91,120,80350.8,158.4,0.20,0,158.4,0.20,-28.8,-0.04,2085.57,2.09,6
341,Entry long,2026-09-15 14:14,sl1|ver=0.1.0|variant=baseline|cfg=ema9_atr14_buf0.1_chase1_win3_tgt1.5_hold20_t935-1500_ent2_loss2_dd2_dirboth_risk100|setup_id=ir:0.1.0:BATS:META:1:1789495980000:long|bars_to_confirm=1|signal_close=669.54|trigger=669.43|stop=668.71|target_r=1.5|risk_ps=0.83|atr=0.540884|vwap_dist_atr=0.90815|tick=0.01,669.59,120,80350.8,158.4,0.20,0,158.4,0.20,-28.8,-0.04,2085.57,2.09,6
342,Exit long,2026-09-15 14:57,sl1|exit_reason=target,670.43,151,101096.01,138.92,0.14,0,138.92,0.14,-10.57,-0.01,2224.49,2.22,1
342,Entry long,2026-09-15 14:56,sl1|ver=0.1.0|variant=baseline|cfg=ema9_atr14_buf0.1_chase1_win3_tgt1.5_hold20_t935-1500_ent2_loss2_dd2_dirboth_risk100|setup_id=ir:0.1.0:BATS:META:1:1789498440000:long|bars_to_confirm=2|signal_close=669.56|trigger=669.55|stop=668.9|target_r=1.5|risk_ps=0.66|atr=0.490894|vwap_dist_atr=0.959745|tick=0.01,669.51,151,101096.01,138.92,0.14,0,138.92,0.14,-10.57,-0.01,2224.49,2.22,1
343,Exit long,2026-09-16 09:57,sl1|exit_reason=stop,679.25,37,25231.78,-99.53,-0.39,0,11.84,0.05,-99.53,-0.39,2124.96,2.12,3
343,Entry long,2026-09-16 09:54,sl1|ver=0.1.0|variant=baseline|cfg=ema9_atr14_buf0.1_chase1_win3_tgt1.5_hold20_t935-1500_ent2_loss2_dd2_dirboth_risk100|setup_id=ir:0.1.0:BATS:META:1:1789566720000:long|bars_to_confirm=2|signal_close=681.93|trigger=681.74|stop=679.26|target_r=1.5|risk_ps=2.67|atr=2.105767|vwap_dist_atr=0.835464|tick=0.01,681.94,37,25231.78,-99.53,-0.39,0,11.84,0.05,-99.53,-0.39,2124.96,2.12,3
344,Exit short,2026-09-16 10:15,sl1|exit_reason=stop,680.55,62,42091.18,-102.92,-0.24,0,41.54,0.10,-102.92,-0.24,2022.04,2.02,3
344,Entry short,2026-09-16 10:12,sl1|ver=0.1.0|variant=baseline|cfg=ema9_atr14_buf0.1_chase1_win3_tgt1.5_hold20_t935-1500_ent2_loss2_dd2_dirboth_risk100|setup_id=ir:0.1.0:BATS:META:1:1789567860000:short|bars_to_confirm=1|signal_close=678.95|trigger=679.55|stop=680.54|target_r=1.5|risk_ps=1.59|atr=1.37484|vwap_dist_atr=0.893362|tick=0.01,678.89,62,42091.18,-102.92,-0.24,0,41.54,0.10,-102.92,-0.24,2022.04,2.02,3
345,Exit long,2026-09-17 10:07,sl1|exit_reason=stop,673.27,48,32422.56,-105.6,-0.33,0,1.92,0.01,-105.6,-0.33,1916.44,1.92,2
345,Entry long,2026-09-17 10:05,sl1|ver=0.1.0|variant=baseline|cfg=ema9_atr14_buf0.1_chase1_win3_tgt1.5_hold20_t935-1500_ent2_loss2_dd2_dirboth_risk100|setup_id=ir:0.1.0:BATS:META:1:1789653840000:long|bars_to_confirm=1|signal_close=675.34|trigger=674.22|stop=673.28|target_r=1.5|risk_ps=2.06|atr=1.734504|vwap_dist_atr=0.865382|tick=0.01,675.47,48,32422.56,-105.6,-0.33,0,1.92,0.01,-105.6,-0.33,1916.44,1.92,2
346,Exit short,2026-09-17 10:15,sl1|exit_reason=stop,674.06,59,39669.83,-99.71,-0.25,0,21.24,0.05,-99.71,-0.25,1816.73,1.82,2
346,Entry short,2026-09-17 10:13,sl1|ver=0.1.0|variant=baseline|cfg=ema9_atr14_buf0.1_chase1_win3_tgt1.5_hold20_t935-1500_ent2_loss2_dd2_dirboth_risk100|setup_id=ir:0.1.0:BATS:META:1:1789654320000:short|bars_to_confirm=1|signal_close=672.38|trigger=673|stop=674.05|target_r=1.5|risk_ps=1.67|atr=1.571192|vwap_dist_atr=0.912605|tick=0.01,672.37,59,39669.83,-99.71,-0.25,0,21.24,0.05,-99.71,-0.25,1816.73,1.82,2
347,Exit short,2026-09-18 11:29,sl1|exit_reason=target,674.21,87,58786.77,130.5,0.22,0,130.5,0.22,-6.96,-0.01,1947.23,1.95,3
347,Entry short,2026-09-18 11:26,sl1|ver=0.1.0|variant=baseline|cfg=ema9_atr14_buf0.1_chase1_win3_tgt1.5_hold20_t935-1500_ent2_loss2_dd2_dirboth_risk100|setup_id=ir:0.1.0:BATS:META:1:1789745100000:short|bars_to_confirm=1|signal_close=675.57|trigger=676|stop=676.71|target_r=1.5|risk_ps=1.14|atr=0.957874|vwap_dist_atr=0.842381|tick=0.01,675.71,87,58786.77,130.5,0.22,0,130.5,0.22,-6.96,-0.01,1947.23,1.95,3
348,Exit short,2026-09-22 10:07,sl1|exit_reason=time,747,37,27593.86,-45.14,-0.16,0,128.39,0.47,-61.42,-0.22,1902.09,1.90,20
348,Entry short,2026-09-22 09:47,sl1|ver=0.1.0|variant=baseline|cfg=ema9_atr14_buf0.1_chase1_win3_tgt1.5_hold20_t935-1500_ent2_loss2_dd2_dirboth_risk100|setup_id=ir:0.1.0:BATS:META:1:1790084760000:short|bars_to_confirm=1|signal_close=745.695|trigger=746|stop=748.35|target_r=1.5|risk_ps=2.655|atr=2.662644|vwap_dist_atr=0.302299|tick=0.01,745.78,37,27593.86,-45.14,-0.16,0,128.39,0.47,-61.42,-0.22,1902.09,1.90,20
349,Exit short,2026-09-22 10:50,sl1|exit_reason=stop,747.52,76,56714.24,-97.28,-0.17,0,39.52,0.07,-97.28,-0.17,1804.81,1.80,0
349,Entry short,2026-09-22 10:50,sl1|ver=0.1.0|variant=baseline|cfg=ema9_atr14_buf0.1_chase1_win3_tgt1.5_hold20_t935-1500_ent2_loss2_dd2_dirboth_risk100|setup_id=ir:0.1.0:BATS:META:1:1790088420000:short|bars_to_confirm=3|signal_close=746.21|trigger=746.25|stop=747.51|target_r=1.5|risk_ps=1.3|atr=1.206542|vwap_dist_atr=0.682852|tick=0.01,746.24,76,56714.24,-97.28,-0.17,0,39.52,0.07,-97.28,-0.17,1804.81,1.80,0
350,Exit short,2026-09-23 10:27,sl1|exit_reason=time,745.36,16,11998.4,72.64,0.61,0,133.44,1.11,-13.92,-0.12,1877.45,1.88,20
350,Entry short,2026-09-23 10:07,sl1|ver=0.1.0|variant=baseline|cfg=ema9_atr14_buf0.1_chase1_win3_tgt1.5_hold20_t935-1500_ent2_loss2_dd2_dirboth_risk100|setup_id=ir:0.1.0:BATS:META:1:1790172360000:short|bars_to_confirm=1|signal_close=749.98|trigger=751.35|stop=756.12|target_r=1.5|risk_ps=6.14|atr=3.101028|vwap_dist_atr=0.982658|tick=0.01,749.9,16,11998.4,72.64,0.61,0,133.44,1.11,-13.92,-0.12,1877.45,1.88,20
351,Exit short,2026-09-23 13:05,sl1|exit_reason=stop,752.39,97,72897.44,-84.39,-0.12,0,32.98,0.05,-84.39,-0.12,1793.06,1.79,1
351,Entry short,2026-09-23 13:04,sl1|ver=0.1.0|variant=baseline|cfg=ema9_atr14_buf0.1_chase1_win3_tgt1.5_hold20_t935-1500_ent2_loss2_dd2_dirboth_risk100|setup_id=ir:0.1.0:BATS:META:1:1790182980000:short|bars_to_confirm=1|signal_close=751.35|trigger=751.5|stop=752.38|target_r=1.5|risk_ps=1.03|atr=1.027917|vwap_dist_atr=0.826862|tick=0.01,751.52,97,72897.44,-84.39,-0.12,0,32.98,0.05,-84.39,-0.12,1793.06,1.79,1