Trade number,Type,Date and time,Signal,Price USD,Size (qty),Size (value),Net PnL USD,Return %,Commission USD,Favorable excursion USD,Favorable excursion %,Adverse excursion USD,Adverse excursion %,Cumulative PnL USD,Cumulative PnL %,Duration (bars)
1,Exit short,2025-09-24 10:01,sl1|exit_reason=stop,163.28,169,27494.61,-99.71,-0.36,0,23.66,0.09,-99.71,-0.36,-99.71,-0.10,4
1,Entry short,2025-09-24 09:57,sl1|ver=0.1.0|variant=baseline|cfg=ema9_atr14_buf0.1_chase1_win3_tgt1.5_hold20_t935-1500_ent2_loss2_dd2_dirboth_risk100|setup_id=ir:0.1.0:BATS:MU:1:1758722100000:short|bars_to_confirm=2|signal_close=162.68|trigger=162.71|stop=163.27|target_r=1.5|risk_ps=0.59|atr=0.678268|vwap_dist_atr=0.560821|tick=0.01,162.69,169,27494.61,-99.71,-0.36,0,23.66,0.09,-99.71,-0.36,-99.71,-0.10,4
2,Exit short,2025-09-24 10:41,sl1|exit_reason=stop,163.26,249,40552.14,-99.6,-0.25,0,44.82,0.11,-99.6,-0.25,-199.31,-0.20,6
2,Entry short,2025-09-24 10:35,sl1|ver=0.1.0|variant=baseline|cfg=ema9_atr14_buf0.1_chase1_win3_tgt1.5_hold20_t935-1500_ent2_loss2_dd2_dirboth_risk100|setup_id=ir:0.1.0:BATS:MU:1:1758724440000:short|bars_to_confirm=1|signal_close=162.85|trigger=162.92|stop=163.25|target_r=1.5|risk_ps=0.4|atr=0.349687|vwap_dist_atr=0.377208|tick=0.01,162.86,249,40552.14,-99.6,-0.25,0,44.82,0.11,-99.6,-0.25,-199.31,-0.20,6
3,Exit long,2025-09-25 10:07,sl1|exit_reason=target,158.04,103,16130.83,147.29,0.91,0,147.29,0.91,-17.51,-0.11,-52.02,-0.05,19
3,Entry long,2025-09-25 09:48,sl1|ver=0.1.0|variant=baseline|cfg=ema9_atr14_buf0.1_chase1_win3_tgt1.5_hold20_t935-1500_ent2_loss2_dd2_dirboth_risk100|setup_id=ir:0.1.0:BATS:MU:1:1758807960000:long|bars_to_confirm=2|signal_close=156.63|trigger=156.41|stop=155.66|target_r=1.5|risk_ps=0.97|atr=0.496631|vwap_dist_atr=0.873967|tick=0.01,156.61,103,16130.83,147.29,0.91,0,147.29,0.91,-17.51,-0.11,-52.02,-0.05,19
4,Exit long,2025-09-25 11:45,sl1|exit_reason=target,157.88,270,42481.8,145.8,0.34,0,145.8,0.34,-56.7,-0.13,93.78,0.09,9
4,Entry long,2025-09-25 11:36,sl1|ver=0.1.0|variant=baseline|cfg=ema9_atr14_buf0.1_chase1_win3_tgt1.5_hold20_t935-1500_ent2_loss2_dd2_dirboth_risk100|setup_id=ir:0.1.0:BATS:MU:1:1758814500000:long|bars_to_confirm=1|signal_close=157.35|trigger=157.31|stop=156.98|target_r=1.5|risk_ps=0.37|atr=0.221839|vwap_dist_atr=0.60672|tick=0.01,157.34,270,42481.8,145.8,0.34,0,145.8,0.34,-56.7,-0.13,93.78,0.09,9
5,Exit long,2025-09-26 10:45,sl1|exit_reason=stop,157.2,588,92545.32,-111.72,-0.12,0,82.32,0.09,-111.72,-0.12,-17.94,-0.02,3
5,Entry long,2025-09-26 10:42,sl1|ver=0.1.0|variant=baseline|cfg=ema9_atr14_buf0.1_chase1_win3_tgt1.5_hold20_t935-1500_ent2_loss2_dd2_dirboth_risk100|setup_id=ir:0.1.0:BATS:MU:1:1758897660000:long|bars_to_confirm=1|signal_close=157.38|trigger=157.37|stop=157.21|target_r=1.5|risk_ps=0.17|atr=0.283336|vwap_dist_atr=0.210609|tick=0.01,157.39,588,92545.32,-111.72,-0.12,0,82.32,0.09,-111.72,-0.12,-17.94,-0.02,3
6,Exit long,2025-09-26 11:13,sl1|exit_reason=time,157.1,166,26146.66,-68.06,-0.26,0,131.14,0.50,-73.04,-0.28,-86,-0.09,20
6,Entry long,2025-09-26 10:53,sl1|ver=0.1.0|variant=baseline|cfg=ema9_atr14_buf0.1_chase1_win3_tgt1.5_hold20_t935-1500_ent2_loss2_dd2_dirboth_risk100|setup_id=ir:0.1.0:BATS:MU:1:1758898320000:long|bars_to_confirm=1|signal_close=157.43|trigger=157.37|stop=156.83|target_r=1.5|risk_ps=0.6|atr=0.288231|vwap_dist_atr=0.402079|tick=0.01,157.51,166,26146.66,-68.06,-0.26,0,131.14,0.50,-73.04,-0.28,-86,-0.09,20
7,Exit long,2025-09-29 11:32,sl1|exit_reason=stop,164.14,312,51314.64,-102.96,-0.20,0,21.84,0.04,-102.96,-0.20,-188.96,-0.19,5
7,Entry long,2025-09-29 11:27,sl1|ver=0.1.0|variant=baseline|cfg=ema9_atr14_buf0.1_chase1_win3_tgt1.5_hold20_t935-1500_ent2_loss2_dd2_dirboth_risk100|setup_id=ir:0.1.0:BATS:MU:1:1759159560000:long|bars_to_confirm=1|signal_close=164.47|trigger=164.36|stop=164.15|target_r=1.5|risk_ps=0.32|atr=0.211228|vwap_dist_atr=0.955939|tick=0.01,164.47,312,51314.64,-102.96,-0.20,0,21.84,0.04,-102.96,-0.20,-188.96,-0.19,5
8,Exit long,2025-09-29 14:52,sl1|exit_reason=stop,163.92,454,74528.64,-108.96,-0.15,0,0,0.00,-108.96,-0.15,-297.92,-0.30,2
8,Entry long,2025-09-29 14:50,sl1|ver=0.1.0|variant=baseline|cfg=ema9_atr14_buf0.1_chase1_win3_tgt1.5_hold20_t935-1500_ent2_loss2_dd2_dirboth_risk100|setup_id=ir:0.1.0:BATS:MU:1:1759171740000:long|bars_to_confirm=1|signal_close=164.15|trigger=164.14|stop=163.93|target_r=1.5|risk_ps=0.22|atr=0.108172|vwap_dist_atr=0.903422|tick=0.01,164.16,454,74528.64,-108.96,-0.15,0,0,0.00,-108.96,-0.15,-297.92,-0.30,2
9,Exit short,2025-09-30 11:06,sl1|exit_reason=stop,167.09,344,57358.56,-120.4,-0.21,0,20.64,0.04,-120.4,-0.21,-418.32,-0.42,8
9,Entry short,2025-09-30 10:58,sl1|ver=0.1.0|variant=baseline|cfg=ema9_atr14_buf0.1_chase1_win3_tgt1.5_hold20_t935-1500_ent2_loss2_dd2_dirboth_risk100|setup_id=ir:0.1.0:BATS:MU:1:1759244220000:short|bars_to_confirm=1|signal_close=166.79|trigger=166.87|stop=167.08|target_r=1.5|risk_ps=0.29|atr=0.269562|vwap_dist_atr=0.933637|tick=0.01,166.74,344,57358.56,-120.4,-0.21,0,20.64,0.04,-120.4,-0.21,-418.32,-0.42,8
10,Exit long,2025-10-01 09:44,sl1|exit_reason=target,168.77,153,25674.93,146.88,0.57,0,146.88,0.57,-6.12,-0.02,-271.44,-0.27,5
10,Entry long,2025-10-01 09:39,sl1|ver=0.1.0|variant=baseline|cfg=ema9_atr14_buf0.1_chase1_win3_tgt1.5_hold20_t935-1500_ent2_loss2_dd2_dirboth_risk100|setup_id=ir:0.1.0:BATS:MU:1:1759325880000:long|bars_to_confirm=1|signal_close=167.82|trigger=167.64|stop=167.17|target_r=1.5|risk_ps=0.65|atr=0.511739|vwap_dist_atr=0.789344|tick=0.01,167.81,153,25674.93,146.88,0.57,0,146.88,0.57,-6.12,-0.02,-271.44,-0.27,5
11,Exit short,2025-10-02 09:39,sl1|exit_reason=target,183.64,140,25856.6,147,0.57,0,147,0.57,-1.4,-0.01,-124.44,-0.12,0
11,Entry short,2025-10-02 09:39,sl1|ver=0.1.0|variant=baseline|cfg=ema9_atr14_buf0.1_chase1_win3_tgt1.5_hold20_t935-1500_ent2_loss2_dd2_dirboth_risk100|setup_id=ir:0.1.0:BATS:MU:1:1759412280000:short|bars_to_confirm=1|signal_close=184.7|trigger=184.81|stop=185.41|target_r=1.5|risk_ps=0.71|atr=0.564608|vwap_dist_atr=0.473506|tick=0.01,184.69,140,25856.6,147,0.57,0,147,0.57,-1.4,-0.01,-124.44,-0.12,0
12,Exit long,2025-10-02 11:28,sl1|exit_reason=target,183.8,222,40659.3,144.3,0.35,0,144.3,0.35,-66.6,-0.16,19.86,0.02,8
12,Entry long,2025-10-02 11:20,sl1|ver=0.1.0|variant=baseline|cfg=ema9_atr14_buf0.1_chase1_win3_tgt1.5_hold20_t935-1500_ent2_loss2_dd2_dirboth_risk100|setup_id=ir:0.1.0:BATS:MU:1:1759418340000:long|bars_to_confirm=1|signal_close=183.17|trigger=183.05|stop=182.72|target_r=1.5|risk_ps=0.45|atr=0.309841|vwap_dist_atr=0.950674|tick=0.01,183.15,222,40659.3,144.3,0.35,0,144.3,0.35,-66.6,-0.16,19.86,0.02,8
13,Exit long,2025-10-03 10:30,sl1|exit_reason=time,188.89,136,25603.36,85.68,0.33,0,148.24,0.58,-44.88,-0.18,105.54,0.11,20
13,Entry long,2025-10-03 10:10,sl1|ver=0.1.0|variant=baseline|cfg=ema9_atr14_buf0.1_chase1_win3_tgt1.5_hold20_t935-1500_ent2_loss2_dd2_dirboth_risk100|setup_id=ir:0.1.0:BATS:MU:1:1759500480000:long|bars_to_confirm=2|signal_close=188.25|trigger=188.2|stop=187.52|target_r=1.5|risk_ps=0.73|atr=0.610079|vwap_dist_atr=0.409758|tick=0.01,188.26,136,25603.36,85.68,0.33,0,148.24,0.58,-44.88,-0.18,105.54,0.11,20
14,Exit short,2025-10-03 13:19,sl1|exit_reason=target,188.69,370,69952.2,136.9,0.20,0,136.9,0.20,-11.1,-0.02,242.44,0.24,0
14,Entry short,2025-10-03 13:19,sl1|ver=0.1.0|variant=baseline|cfg=ema9_atr14_buf0.1_chase1_win3_tgt1.5_hold20_t935-1500_ent2_loss2_dd2_dirboth_risk100|setup_id=ir:0.1.0:BATS:MU:1:1759511880000:short|bars_to_confirm=1|signal_close=189.09|trigger=189.11|stop=189.36|target_r=1.5|risk_ps=0.27|atr=0.232423|vwap_dist_atr=0.373819|tick=0.01,189.06,370,69952.2,136.9,0.20,0,136.9,0.20,-11.1,-0.02,242.44,0.24,0
15,Exit short,2025-10-06 12:17,sl1|exit_reason=target,194.64,285,55629.15,156.75,0.28,0,156.75,0.28,-8.55,-0.02,399.19,0.40,6
15,Entry short,2025-10-06 12:11,sl1|ver=0.1.0|variant=baseline|cfg=ema9_atr14_buf0.1_chase1_win3_tgt1.5_hold20_t935-1500_ent2_loss2_dd2_dirboth_risk100|setup_id=ir:0.1.0:BATS:MU:1:1759766940000:short|bars_to_confirm=2|signal_close=195.21|trigger=195.3|stop=195.56|target_r=1.5|risk_ps=0.35|atr=0.285316|vwap_dist_atr=0.563272|tick=0.01,195.19,285,55629.15,156.75,0.28,0,156.75,0.28,-8.55,-0.02,399.19,0.40,6
16,Exit short,2025-10-06 12:45,sl1|exit_reason=target,194.74,263,51366.53,149.91,0.29,0,149.91,0.29,-39.45,-0.08,549.1,0.55,3
16,Entry short,2025-10-06 12:42,sl1|ver=0.1.0|variant=baseline|cfg=ema9_atr14_buf0.1_chase1_win3_tgt1.5_hold20_t935-1500_ent2_loss2_dd2_dirboth_risk100|setup_id=ir:0.1.0:BATS:MU:1:1759768860000:short|bars_to_confirm=1|signal_close=195.31|trigger=195.34|stop=195.69|target_r=1.5|risk_ps=0.38|atr=0.243349|vwap_dist_atr=0.248689|tick=0.01,195.31,263,51366.53,149.91,0.29,0,149.91,0.29,-39.45,-0.08,549.1,0.55,3
17,Exit short,2025-10-07 09:55,sl1|exit_reason=stop,194.51,120,23244,-97.2,-0.42,0,14.4,0.06,-97.2,-0.42,451.9,0.45,2
17,Entry short,2025-10-07 09:53,sl1|ver=0.1.0|variant=baseline|cfg=ema9_atr14_buf0.1_chase1_win3_tgt1.5_hold20_t935-1500_ent2_loss2_dd2_dirboth_risk100|setup_id=ir:0.1.0:BATS:MU:1:1759845120000:short|bars_to_confirm=1|signal_close=193.67|trigger=193.72|stop=194.5|target_r=1.5|risk_ps=0.83|atr=0.57709|vwap_dist_atr=0.423179|tick=0.01,193.7,120,23244,-97.2,-0.42,0,14.4,0.06,-97.2,-0.42,451.9,0.45,2
18,Exit long,2025-10-08 09:58,sl1|exit_reason=time,192.15,52,9926.28,65.52,0.66,0,78.52,0.79,-14.04,-0.14,517.42,0.52,20
18,Entry long,2025-10-08 09:38,sl1|ver=0.1.0|variant=baseline|cfg=ema9_atr14_buf0.1_chase1_win3_tgt1.5_hold20_t935-1500_ent2_loss2_dd2_dirboth_risk100|setup_id=ir:0.1.0:BATS:MU:1:1759930560000:long|bars_to_confirm=2|signal_close=190.88|trigger=190.33|stop=188.99|target_r=1.5|risk_ps=1.89|atr=0.632115|vwap_dist_atr=0.983653|tick=0.01,190.89,52,9926.28,65.52,0.66,0,78.52,0.79,-14.04,-0.14,517.42,0.52,20
19,Exit long,2025-10-09 10:08,sl1|exit_reason=stop,194.95,129,25245.3,-96.75,-0.38,0,45.15,0.18,-96.75,-0.38,420.67,0.42,15
19,Entry long,2025-10-09 09:53,sl1|ver=0.1.0|variant=baseline|cfg=ema9_atr14_buf0.1_chase1_win3_tgt1.5_hold20_t935-1500_ent2_loss2_dd2_dirboth_risk100|setup_id=ir:0.1.0:BATS:MU:1:1760017860000:long|bars_to_confirm=2|signal_close=195.73|trigger=195.66|stop=194.96|target_r=1.5|risk_ps=0.77|atr=0.606261|vwap_dist_atr=0.536029|tick=0.01,195.7,129,25245.3,-96.75,-0.38,0,45.15,0.18,-96.75,-0.38,420.67,0.42,15
20,Exit long,2025-10-09 10:17,sl1|exit_reason=stop,195.05,196,38319.96,-90.16,-0.24,0,39.2,0.10,-90.16,-0.24,330.51,0.33,4
20,Entry long,2025-10-09 10:13,sl1|ver=0.1.0|variant=baseline|cfg=ema9_atr14_buf0.1_chase1_win3_tgt1.5_hold20_t935-1500_ent2_loss2_dd2_dirboth_risk100|setup_id=ir:0.1.0:BATS:MU:1:1760019060000:long|bars_to_confirm=2|signal_close=195.57|trigger=195.54|stop=195.06|target_r=1.5|risk_ps=0.51|atr=0.435662|vwap_dist_atr=0.293752|tick=0.01,195.51,196,38319.96,-90.16,-0.24,0,39.2,0.10,-90.16,-0.24,330.51,0.33,4
21,Exit long,2025-10-10 09:47,sl1|exit_reason=stop,191.74,169,32517.29,-113.23,-0.35,0,13.52,0.04,-113.23,-0.35,217.28,0.22,1
21,Entry long,2025-10-10 09:46,sl1|ver=0.1.0|variant=baseline|cfg=ema9_atr14_buf0.1_chase1_win3_tgt1.5_hold20_t935-1500_ent2_loss2_dd2_dirboth_risk100|setup_id=ir:0.1.0:BATS:MU:1:1760103840000:long|bars_to_confirm=2|signal_close=192.34|trigger=192.31|stop=191.75|target_r=1.5|risk_ps=0.59|atr=0.504557|vwap_dist_atr=0.629378|tick=0.01,192.41,169,32517.29,-113.23,-0.35,0,13.52,0.04,-113.23,-0.35,217.28,0.22,1
22,Exit short,2025-10-10 10:57,sl1|exit_reason=target,189.86,232,44189.04,141.52,0.32,0,141.52,0.32,-92.8,-0.21,358.8,0.36,7
22,Entry short,2025-10-10 10:50,sl1|ver=0.1.0|variant=baseline|cfg=ema9_atr14_buf0.1_chase1_win3_tgt1.5_hold20_t935-1500_ent2_loss2_dd2_dirboth_risk100|setup_id=ir:0.1.0:BATS:MU:1:1760107740000:short|bars_to_confirm=1|signal_close=190.45|trigger=190.49|stop=190.88|target_r=1.5|risk_ps=0.43|atr=0.295741|vwap_dist_atr=0.878179|tick=0.01,190.47,232,44189.04,141.52,0.32,0,141.52,0.32,-92.8,-0.21,358.8,0.36,7
23,Exit short,2025-10-13 09:54,sl1|exit_reason=target,189.15,103,19631.8,149.35,0.76,0,149.35,0.76,-28.84,-0.15,508.15,0.51,14
23,Entry short,2025-10-13 09:40,sl1|ver=0.1.0|variant=baseline|cfg=ema9_atr14_buf0.1_chase1_win3_tgt1.5_hold20_t935-1500_ent2_loss2_dd2_dirboth_risk100|setup_id=ir:0.1.0:BATS:MU:1:1760362740000:short|bars_to_confirm=1|signal_close=190.6|trigger=190.66|stop=191.57|target_r=1.5|risk_ps=0.97|atr=0.699776|vwap_dist_atr=0.8941|tick=0.01,190.6,103,19631.8,149.35,0.76,0,149.35,0.76,-28.84,-0.15,508.15,0.51,14
24,Exit short,2025-10-14 09:45,sl1|exit_reason=stop,187.84,138,25833.6,-88.32,-0.34,0,1.38,0.01,-88.32,-0.34,419.83,0.42,1
24,Entry short,2025-10-14 09:44,sl1|ver=0.1.0|variant=baseline|cfg=ema9_atr14_buf0.1_chase1_win3_tgt1.5_hold20_t935-1500_ent2_loss2_dd2_dirboth_risk100|setup_id=ir:0.1.0:BATS:MU:1:1760449380000:short|bars_to_confirm=1|signal_close=187.11|trigger=187.32|stop=187.83|target_r=1.5|risk_ps=0.72|atr=0.660429|vwap_dist_atr=0.858862|tick=0.01,187.2,138,25833.6,-88.32,-0.34,0,1.38,0.01,-88.32,-0.34,419.83,0.42,1
25,Exit long,2025-10-14 10:09,sl1|exit_reason=time,188.99,86,16188.64,64.5,0.40,0,88.58,0.55,-89.44,-0.55,484.33,0.48,20
25,Entry long,2025-10-14 09:49,sl1|ver=0.1.0|variant=baseline|cfg=ema9_atr14_buf0.1_chase1_win3_tgt1.5_hold20_t935-1500_ent2_loss2_dd2_dirboth_risk100|setup_id=ir:0.1.0:BATS:MU:1:1760449560000:long|bars_to_confirm=3|signal_close=188.32|trigger=188.25|stop=187.17|target_r=1.5|risk_ps=1.15|atr=0.622911|vwap_dist_atr=0.974877|tick=0.01,188.24,86,16188.64,64.5,0.40,0,88.58,0.55,-89.44,-0.55,484.33,0.48,20
26,Exit long,2025-10-15 10:43,sl1|exit_reason=time,190.35,158,30083.2,-7.9,-0.03,0,96.38,0.32,-88.48,-0.29,476.43,0.48,20
26,Entry long,2025-10-15 10:23,sl1|ver=0.1.0|variant=baseline|cfg=ema9_atr14_buf0.1_chase1_win3_tgt1.5_hold20_t935-1500_ent2_loss2_dd2_dirboth_risk100|setup_id=ir:0.1.0:BATS:MU:1:1760538120000:long|bars_to_confirm=1|signal_close=190.36|trigger=190.09|stop=189.73|target_r=1.5|risk_ps=0.63|atr=0.406271|vwap_dist_atr=0.991337|tick=0.01,190.4,158,30083.2,-7.9,-0.03,0,96.38,0.32,-88.48,-0.29,476.43,0.48,20
27,Exit short,2025-10-15 13:08,sl1|exit_reason=target,189.62,312,59314.32,152.88,0.26,0,152.88,0.26,-24.96,-0.04,629.31,0.63,4
27,Entry short,2025-10-15 13:04,sl1|ver=0.1.0|variant=baseline|cfg=ema9_atr14_buf0.1_chase1_win3_tgt1.5_hold20_t935-1500_ent2_loss2_dd2_dirboth_risk100|setup_id=ir:0.1.0:BATS:MU:1:1760547780000:short|bars_to_confirm=1|signal_close=190.12|trigger=190.21|stop=190.44|target_r=1.5|risk_ps=0.32|atr=0.271922|vwap_dist_atr=0.611808|tick=0.01,190.11,312,59314.32,152.88,0.26,0,152.88,0.26,-24.96,-0.04,629.31,0.63,4
28,Exit short,2025-10-16 12:30,sl1|exit_reason=target,200.34,140,28194.6,147,0.52,0,147,0.52,-1.4,0.00,776.31,0.78,0
28,Entry short,2025-10-16 12:30,sl1|ver=0.1.0|variant=baseline|cfg=ema9_atr14_buf0.1_chase1_win3_tgt1.5_hold20_t935-1500_ent2_loss2_dd2_dirboth_risk100|setup_id=ir:0.1.0:BATS:MU:1:1760632020000:short|bars_to_confirm=3|signal_close=201.4|trigger=201.48|stop=202.11|target_r=1.5|risk_ps=0.71|atr=0.485022|vwap_dist_atr=0.97763|tick=0.01,201.39,140,28194.6,147,0.52,0,147,0.52,-1.4,0.00,776.31,0.78,0
29,Exit long,2025-10-16 12:57,sl1|exit_reason=target,203.07,172,34780.12,147.92,0.43,0,147.92,0.43,-1.72,0.00,924.23,0.92,2
29,Entry long,2025-10-16 12:55,sl1|ver=0.1.0|variant=baseline|cfg=ema9_atr14_buf0.1_chase1_win3_tgt1.5_hold20_t935-1500_ent2_loss2_dd2_dirboth_risk100|setup_id=ir:0.1.0:BATS:MU:1:1760633640000:long|bars_to_confirm=1|signal_close=202.22|trigger=202.13|stop=201.64|target_r=1.5|risk_ps=0.58|atr=0.53325|vwap_dist_atr=0.805898|tick=0.01,202.21,172,34780.12,147.92,0.43,0,147.92,0.43,-1.72,0.00,924.23,0.92,2
30,Exit short,2025-10-17 09:54,sl1|exit_reason=stop,200.17,66,13108.26,-102.96,-0.79,0,116.16,0.89,-102.96,-0.79,821.27,0.82,14
30,Entry short,2025-10-17 09:40,sl1|ver=0.1.0|variant=baseline|cfg=ema9_atr14_buf0.1_chase1_win3_tgt1.5_hold20_t935-1500_ent2_loss2_dd2_dirboth_risk100|setup_id=ir:0.1.0:BATS:MU:1:1760708340000:short|bars_to_confirm=1|signal_close=198.65|trigger=198.8|stop=200.16|target_r=1.5|risk_ps=1.51|atr=0.752881|vwap_dist_atr=0.602146|tick=0.01,198.61,66,13108.26,-102.96,-0.79,0,116.16,0.89,-102.96,-0.79,821.27,0.82,14
31,Exit short,2025-10-17 10:36,sl1|exit_reason=target,198.49,140,27952.4,163.8,0.59,0,163.8,0.59,-11.2,-0.04,985.07,0.99,2
31,Entry short,2025-10-17 10:34,sl1|ver=0.1.0|variant=baseline|cfg=ema9_atr14_buf0.1_chase1_win3_tgt1.5_hold20_t935-1500_ent2_loss2_dd2_dirboth_risk100|setup_id=ir:0.1.0:BATS:MU:1:1760711580000:short|bars_to_confirm=1|signal_close=199.73|trigger=199.75|stop=200.44|target_r=1.5|risk_ps=0.71|atr=0.527776|vwap_dist_atr=0.751239|tick=0.01,199.66,140,27952.4,163.8,0.59,0,163.8,0.59,-11.2,-0.04,985.07,0.99,2
32,Exit long,2025-10-20 11:13,sl1|exit_reason=stop,209.55,256,53742.08,-97.28,-0.18,0,66.56,0.12,-97.28,-0.18,887.79,0.89,2
32,Entry long,2025-10-20 11:11,sl1|ver=0.1.0|variant=baseline|cfg=ema9_atr14_buf0.1_chase1_win3_tgt1.5_hold20_t935-1500_ent2_loss2_dd2_dirboth_risk100|setup_id=ir:0.1.0:BATS:MU:1:1760973000000:long|bars_to_confirm=1|signal_close=209.95|trigger=209.85|stop=209.56|target_r=1.5|risk_ps=0.39|atr=0.353382|vwap_dist_atr=0.389342|tick=0.01,209.93,256,53742.08,-97.28,-0.18,0,66.56,0.12,-97.28,-0.18,887.79,0.89,2
33,Exit long,2025-10-21 09:37,sl1|exit_reason=target,205.11,135,27531.9,157.95,0.57,0,157.95,0.57,-1.35,0.00,1045.74,1.05,1
33,Entry long,2025-10-21 09:36,sl1|ver=0.1.0|variant=baseline|cfg=ema9_atr14_buf0.1_chase1_win3_tgt1.5_hold20_t935-1500_ent2_loss2_dd2_dirboth_risk100|setup_id=ir:0.1.0:BATS:MU:1:1761053700000:long|bars_to_confirm=1|signal_close=203.9|trigger=203.67|stop=203.16|target_r=1.5|risk_ps=0.74|atr=0.499583|vwap_dist_atr=0.653969|tick=0.01,203.94,135,27531.9,157.95,0.57,0,157.95,0.57,-1.35,0.00,1045.74,1.05,1
34,Exit long,2025-10-21 10:25,sl1|exit_reason=stop,202.68,158,32115.08,-91.64,-0.29,0,58.46,0.18,-91.64,-0.29,954.1,0.95,11
34,Entry long,2025-10-21 10:14,sl1|ver=0.1.0|variant=baseline|cfg=ema9_atr14_buf0.1_chase1_win3_tgt1.5_hold20_t935-1500_ent2_loss2_dd2_dirboth_risk100|setup_id=ir:0.1.0:BATS:MU:1:1761055920000:long|bars_to_confirm=2|signal_close=203.32|trigger=203.1|stop=202.69|target_r=1.5|risk_ps=0.63|atr=0.513684|vwap_dist_atr=0.879122|tick=0.01,203.26,158,32115.08,-91.64,-0.29,0,58.46,0.18,-91.64,-0.29,954.1,0.95,11
35,Exit long,2025-10-22 09:42,sl1|exit_reason=target,203.25,119,24034.43,152.32,0.63,0,152.32,0.63,-1.19,0.00,1106.42,1.11,1
35,Entry long,2025-10-22 09:41,sl1|ver=0.1.0|variant=baseline|cfg=ema9_atr14_buf0.1_chase1_win3_tgt1.5_hold20_t935-1500_ent2_loss2_dd2_dirboth_risk100|setup_id=ir:0.1.0:BATS:MU:1:1761140400000:long|bars_to_confirm=1|signal_close=201.96|trigger=201.88|stop=201.12|target_r=1.5|risk_ps=0.84|atr=0.544129|vwap_dist_atr=0.667478|tick=0.01,201.97,119,24034.43,152.32,0.63,0,152.32,0.63,-1.19,0.00,1106.42,1.11,1
36,Exit long,2025-10-24 10:13,sl1|exit_reason=target,215.15,136,29097.2,163.2,0.56,0,163.2,0.56,-34,-0.12,1269.62,1.27,7
36,Entry long,2025-10-24 10:06,sl1|ver=0.1.0|variant=baseline|cfg=ema9_atr14_buf0.1_chase1_win3_tgt1.5_hold20_t935-1500_ent2_loss2_dd2_dirboth_risk100|setup_id=ir:0.1.0:BATS:MU:1:1761314640000:long|bars_to_confirm=2|signal_close=213.885|trigger=213.77|stop=213.15|target_r=1.5|risk_ps=0.735|atr=0.543593|vwap_dist_atr=0.942948|tick=0.01,213.95,136,29097.2,163.2,0.56,0,163.2,0.56,-34,-0.12,1269.62,1.27,7
37,Exit short,2025-10-27 11:27,sl1|exit_reason=stop,220.55,140,30773.4,-103.6,-0.34,0,67.2,0.22,-103.6,-0.34,1166.02,1.17,8
37,Entry short,2025-10-27 11:19,sl1|ver=0.1.0|variant=baseline|cfg=ema9_atr14_buf0.1_chase1_win3_tgt1.5_hold20_t935-1500_ent2_loss2_dd2_dirboth_risk100|setup_id=ir:0.1.0:BATS:MU:1:1761578280000:short|bars_to_confirm=1|signal_close=219.83|trigger=219.86|stop=220.54|target_r=1.5|risk_ps=0.71|atr=0.42922|vwap_dist_atr=0.220606|tick=0.01,219.81,140,30773.4,-103.6,-0.34,0,67.2,0.22,-103.6,-0.34,1166.02,1.17,8
38,Exit short,2025-10-28 09:49,sl1|exit_reason=stop,219.53,112,24482.08,-105.28,-0.43,0,0,0.00,-105.28,-0.43,1060.74,1.06,0
38,Entry short,2025-10-28 09:49,sl1|ver=0.1.0|variant=baseline|cfg=ema9_atr14_buf0.1_chase1_win3_tgt1.5_hold20_t935-1500_ent2_loss2_dd2_dirboth_risk100|setup_id=ir:0.1.0:BATS:MU:1:1761659280000:short|bars_to_confirm=1|signal_close=218.63|trigger=218.98|stop=219.52|target_r=1.5|risk_ps=0.89|atr=0.645017|vwap_dist_atr=0.902784|tick=0.01,218.59,112,24482.08,-105.28,-0.43,0,0,0.00,-105.28,-0.43,1060.74,1.06,0
39,Exit long,2025-10-29 09:52,sl1|exit_reason=target,231.25,75,17200.5,143.25,0.83,0,143.25,0.83,-15,-0.09,1203.99,1.20,2
39,Entry long,2025-10-29 09:50,sl1|ver=0.1.0|variant=baseline|cfg=ema9_atr14_buf0.1_chase1_win3_tgt1.5_hold20_t935-1500_ent2_loss2_dd2_dirboth_risk100|setup_id=ir:0.1.0:BATS:MU:1:1761745740000:long|bars_to_confirm=1|signal_close=229.39|trigger=229.06|stop=228.07|target_r=1.5|risk_ps=1.32|atr=0.785421|vwap_dist_atr=0.915731|tick=0.01,229.34,75,17200.5,143.25,0.83,0,143.25,0.83,-15,-0.09,1203.99,1.20,2
40,Exit long,2025-10-29 10:16,sl1|exit_reason=stop,228.91,72,16586.64,-105.12,-0.63,0,10.8,0.07,-105.12,-0.63,1098.87,1.10,2
40,Entry long,2025-10-29 10:14,sl1|ver=0.1.0|variant=baseline|cfg=ema9_atr14_buf0.1_chase1_win3_tgt1.5_hold20_t935-1500_ent2_loss2_dd2_dirboth_risk100|setup_id=ir:0.1.0:BATS:MU:1:1761747180000:long|bars_to_confirm=1|signal_close=230.3|trigger=230.2|stop=228.92|target_r=1.5|risk_ps=1.38|atr=0.75268|vwap_dist_atr=0.834267|tick=0.01,230.37,72,16586.64,-105.12,-0.63,0,10.8,0.07,-105.12,-0.63,1098.87,1.10,2
41,Exit long,2025-10-30 09:50,sl1|exit_reason=target,225.36,93,20814.33,144.15,0.69,0,144.15,0.69,-45.57,-0.22,1243.02,1.24,5
41,Entry long,2025-10-30 09:45,sl1|ver=0.1.0|variant=baseline|cfg=ema9_atr14_buf0.1_chase1_win3_tgt1.5_hold20_t935-1500_ent2_loss2_dd2_dirboth_risk100|setup_id=ir:0.1.0:BATS:MU:1:1761831840000:long|bars_to_confirm=1|signal_close=223.85|trigger=223.82|stop=222.78|target_r=1.5|risk_ps=1.07|atr=0.929452|vwap_dist_atr=0.599138|tick=0.01,223.81,93,20814.33,144.15,0.69,0,144.15,0.69,-45.57,-0.22,1243.02,1.24,5
42,Exit long,2025-10-30 11:34,sl1|exit_reason=time,225.13,204,45932.64,-6.12,-0.01,0,130.56,0.28,-67.32,-0.15,1236.9,1.24,20
42,Entry long,2025-10-30 11:14,sl1|ver=0.1.0|variant=baseline|cfg=ema9_atr14_buf0.1_chase1_win3_tgt1.5_hold20_t935-1500_ent2_loss2_dd2_dirboth_risk100|setup_id=ir:0.1.0:BATS:MU:1:1761837120000:long|bars_to_confirm=2|signal_close=225.08|trigger=224.91|stop=224.59|target_r=1.5|risk_ps=0.49|atr=0.392528|vwap_dist_atr=0.626777|tick=0.01,225.16,204,45932.64,-6.12,-0.01,0,130.56,0.28,-67.32,-0.15,1236.9,1.24,20
43,Exit long,2025-10-31 10:54,sl1|exit_reason=time,229.22,142,32556.34,-7.1,-0.02,0,92.3,0.28,-95.14,-0.29,1229.8,1.23,20
43,Entry long,2025-10-31 10:34,sl1|ver=0.1.0|variant=baseline|cfg=ema9_atr14_buf0.1_chase1_win3_tgt1.5_hold20_t935-1500_ent2_loss2_dd2_dirboth_risk100|setup_id=ir:0.1.0:BATS:MU:1:1761921180000:long|bars_to_confirm=1|signal_close=229.22|trigger=229.19|stop=228.52|target_r=1.5|risk_ps=0.7|atr=0.461483|vwap_dist_atr=0.775653|tick=0.01,229.27,142,32556.34,-7.1,-0.02,0,92.3,0.28,-95.14,-0.29,1229.8,1.23,20
44,Exit long,2025-11-03 10:10,sl1|exit_reason=stop,233.39,74,17370.02,-99.16,-0.57,0,19.98,0.12,-99.16,-0.57,1130.64,1.13,6
44,Entry long,2025-11-03 10:04,sl1|ver=0.1.0|variant=baseline|cfg=ema9_atr14_buf0.1_chase1_win3_tgt1.5_hold20_t935-1500_ent2_loss2_dd2_dirboth_risk100|setup_id=ir:0.1.0:BATS:MU:1:1762182180000:long|bars_to_confirm=1|signal_close=234.74|trigger=234.52|stop=233.4|target_r=1.5|risk_ps=1.34|atr=0.847149|vwap_dist_atr=0.692351|tick=0.01,234.73,74,17370.02,-99.16,-0.57,0,19.98,0.12,-99.16,-0.57,1130.64,1.13,6
45,Exit short,2025-11-03 10:35,sl1|exit_reason=time,233.01,79,18456.77,48.98,0.27,0,142.2,0.77,-41.08,-0.22,1179.62,1.18,20
45,Entry short,2025-11-03 10:15,sl1|ver=0.1.0|variant=baseline|cfg=ema9_atr14_buf0.1_chase1_win3_tgt1.5_hold20_t935-1500_ent2_loss2_dd2_dirboth_risk100|setup_id=ir:0.1.0:BATS:MU:1:1762182840000:short|bars_to_confirm=1|signal_close=233.75|trigger=234.1|stop=235.01|target_r=1.5|risk_ps=1.26|atr=0.799548|vwap_dist_atr=0.531557|tick=0.01,233.63,79,18456.77,48.98,0.27,0,142.2,0.77,-41.08,-0.22,1179.62,1.18,20
46,Exit short,2025-11-04 12:06,sl1|exit_reason=target,223.73,185,41558.4,168.35,0.41,0,168.35,0.41,-24.05,-0.06,1347.97,1.35,18
46,Entry short,2025-11-04 11:48,sl1|ver=0.1.0|variant=baseline|cfg=ema9_atr14_buf0.1_chase1_win3_tgt1.5_hold20_t935-1500_ent2_loss2_dd2_dirboth_risk100|setup_id=ir:0.1.0:BATS:MU:1:1762274820000:short|bars_to_confirm=1|signal_close=224.71|trigger=224.745|stop=225.25|target_r=1.5|risk_ps=0.54|atr=0.348735|vwap_dist_atr=0.519332|tick=0.01,224.64,185,41558.4,168.35,0.41,0,168.35,0.41,-24.05,-0.06,1347.97,1.35,18
47,Exit long,2025-11-04 12:29,sl1|exit_reason=stop,224.49,208,46797.92,-104,-0.22,0,0,0.00,-104,-0.22,1243.97,1.24,1
47,Entry long,2025-11-04 12:28,sl1|ver=0.1.0|variant=baseline|cfg=ema9_atr14_buf0.1_chase1_win3_tgt1.5_hold20_t935-1500_ent2_loss2_dd2_dirboth_risk100|setup_id=ir:0.1.0:BATS:MU:1:1762277220000:long|bars_to_confirm=1|signal_close=224.98|trigger=224.96|stop=224.5|target_r=1.5|risk_ps=0.48|atr=0.301579|vwap_dist_atr=0.49065|tick=0.01,224.99,208,46797.92,-104,-0.22,0,0,0.00,-104,-0.22,1243.97,1.24,1
48,Exit short,2025-11-06 10:00,sl1|exit_reason=target,240.57,83,20114.22,146.91,0.73,0,146.91,0.73,-51.46,-0.26,1390.88,1.39,5
48,Entry short,2025-11-06 09:55,sl1|ver=0.1.0|variant=baseline|cfg=ema9_atr14_buf0.1_chase1_win3_tgt1.5_hold20_t935-1500_ent2_loss2_dd2_dirboth_risk100|setup_id=ir:0.1.0:BATS:MU:1:1762440840000:short|bars_to_confirm=1|signal_close=242.32|trigger=242.6|stop=243.52|target_r=1.5|risk_ps=1.2|atr=0.950793|vwap_dist_atr=0.405679|tick=0.01,242.34,83,20114.22,146.91,0.73,0,146.91,0.73,-51.46,-0.26,1390.88,1.39,5
49,Exit short,2025-11-07 10:33,sl1|exit_reason=target,233.34,124,29089.16,155,0.53,0,155,0.53,-1.24,0.00,1545.88,1.55,0
49,Entry short,2025-11-07 10:33,sl1|ver=0.1.0|variant=baseline|cfg=ema9_atr14_buf0.1_chase1_win3_tgt1.5_hold20_t935-1500_ent2_loss2_dd2_dirboth_risk100|setup_id=ir:0.1.0:BATS:MU:1:1762529520000:short|bars_to_confirm=1|signal_close=234.54|trigger=234.66|stop=235.34|target_r=1.5|risk_ps=0.8|atr=0.916965|vwap_dist_atr=0.673488|tick=0.01,234.59,124,29089.16,155,0.53,0,155,0.53,-1.24,0.00,1545.88,1.55,0
50,Exit long,2025-11-07 13:28,sl1|exit_reason=target,234.27,120,27972,140.4,0.50,0,140.4,0.50,-2.4,-0.01,1686.28,1.69,3
50,Entry long,2025-11-07 13:25,sl1|ver=0.1.0|variant=baseline|cfg=ema9_atr14_buf0.1_chase1_win3_tgt1.5_hold20_t935-1500_ent2_loss2_dd2_dirboth_risk100|setup_id=ir:0.1.0:BATS:MU:1:1762539840000:long|bars_to_confirm=1|signal_close=233.15|trigger=232.86|stop=232.32|target_r=1.5|risk_ps=0.83|atr=0.403441|vwap_dist_atr=0.969686|tick=0.01,233.1,120,27972,140.4,0.50,0,140.4,0.50,-2.4,-0.01,1686.28,1.69,3
51,Exit short,2025-11-10 10:19,sl1|exit_reason=stop,254.4,93,23567.13,-92.07,-0.39,0,59.52,0.25,-92.07,-0.39,1594.21,1.59,5
51,Entry short,2025-11-10 10:14,sl1|ver=0.1.0|variant=baseline|cfg=ema9_atr14_buf0.1_chase1_win3_tgt1.5_hold20_t935-1500_ent2_loss2_dd2_dirboth_risk100|setup_id=ir:0.1.0:BATS:MU:1:1762787580000:short|bars_to_confirm=1|signal_close=253.32|trigger=253.67|stop=254.39|target_r=1.5|risk_ps=1.07|atr=0.7381|vwap_dist_atr=0.754391|tick=0.01,253.41,93,23567.13,-92.07,-0.39,0,59.52,0.25,-92.07,-0.39,1594.21,1.59,5
52,Exit long,2025-11-10 12:06,sl1|exit_reason=target,255.36,163,41467.2,156.48,0.38,0,156.48,0.38,-4.89,-0.01,1750.69,1.75,5
52,Entry long,2025-11-10 12:01,sl1|ver=0.1.0|variant=baseline|cfg=ema9_atr14_buf0.1_chase1_win3_tgt1.5_hold20_t935-1500_ent2_loss2_dd2_dirboth_risk100|setup_id=ir:0.1.0:BATS:MU:1:1762794000000:long|bars_to_confirm=1|signal_close=254.37|trigger=254.25|stop=253.76|target_r=1.5|risk_ps=0.61|atr=0.45256|vwap_dist_atr=0.660765|tick=0.01,254.4,163,41467.2,156.48,0.38,0,156.48,0.38,-4.89,-0.01,1750.69,1.75,5
53,Exit long,2025-11-11 11:28,sl1|exit_reason=stop,243.58,147,35898.87,-92.61,-0.26,0,67.62,0.19,-92.61,-0.26,1658.08,1.66,4
53,Entry long,2025-11-11 11:24,sl1|ver=0.1.0|variant=baseline|cfg=ema9_atr14_buf0.1_chase1_win3_tgt1.5_hold20_t935-1500_ent2_loss2_dd2_dirboth_risk100|setup_id=ir:0.1.0:BATS:MU:1:1762878120000:long|bars_to_confirm=2|signal_close=244.27|trigger=244.06|stop=243.59|target_r=1.5|risk_ps=0.68|atr=0.539439|vwap_dist_atr=0.786582|tick=0.01,244.21,147,35898.87,-92.61,-0.26,0,67.62,0.19,-92.61,-0.26,1658.08,1.66,4
54,Exit long,2025-11-11 11:56,sl1|exit_reason=stop,243.45,169,41247.83,-104.78,-0.25,0,91.26,0.22,-104.78,-0.25,1553.3,1.55,12
54,Entry long,2025-11-11 11:44,sl1|ver=0.1.0|variant=baseline|cfg=ema9_atr14_buf0.1_chase1_win3_tgt1.5_hold20_t935-1500_ent2_loss2_dd2_dirboth_risk100|setup_id=ir:0.1.0:BATS:MU:1:1762879380000:long|bars_to_confirm=1|signal_close=244.05|trigger=244|stop=243.46|target_r=1.5|risk_ps=0.59|atr=0.470722|vwap_dist_atr=0.448058|tick=0.01,244.07,169,41247.83,-104.78,-0.25,0,91.26,0.22,-104.78,-0.25,1553.3,1.55,12
55,Exit long,2025-11-12 11:38,sl1|exit_reason=stop,243.76,75,18383.25,-101.25,-0.55,0,21,0.11,-101.25,-0.55,1452.05,1.45,6
55,Entry long,2025-11-12 11:32,sl1|ver=0.1.0|variant=baseline|cfg=ema9_atr14_buf0.1_chase1_win3_tgt1.5_hold20_t935-1500_ent2_loss2_dd2_dirboth_risk100|setup_id=ir:0.1.0:BATS:MU:1:1762965060000:long|bars_to_confirm=1|signal_close=245.095|trigger=244.81|stop=243.77|target_r=1.5|risk_ps=1.325|atr=0.583765|vwap_dist_atr=0.55682|tick=0.01,245.11,75,18383.25,-101.25,-0.55,0,21,0.11,-101.25,-0.55,1452.05,1.45,6
56,Exit long,2025-11-12 13:14,sl1|exit_reason=target,245.85,173,42371.16,160.89,0.38,0,160.89,0.38,-6.92,-0.02,1612.94,1.61,2
56,Entry long,2025-11-12 13:12,sl1|ver=0.1.0|variant=baseline|cfg=ema9_atr14_buf0.1_chase1_win3_tgt1.5_hold20_t935-1500_ent2_loss2_dd2_dirboth_risk100|setup_id=ir:0.1.0:BATS:MU:1:1762971060000:long|bars_to_confirm=1|signal_close=244.875|trigger=244.855|stop=244.3|target_r=1.5|risk_ps=0.575|atr=0.348999|vwap_dist_atr=0.905699|tick=0.01,244.92,173,42371.16,160.89,0.38,0,160.89,0.38,-6.92,-0.02,1612.94,1.61,2
57,Exit long,2025-11-18 11:41,sl1|exit_reason=stop,230.55,169,39084.63,-121.68,-0.31,0,38.87,0.10,-121.68,-0.31,1491.26,1.49,1
57,Entry long,2025-11-18 11:40,sl1|ver=0.1.0|variant=baseline|cfg=ema9_atr14_buf0.1_chase1_win3_tgt1.5_hold20_t935-1500_ent2_loss2_dd2_dirboth_risk100|setup_id=ir:0.1.0:BATS:MU:1:1763483820000:long|bars_to_confirm=3|signal_close=231.15|trigger=231.09|stop=230.56|target_r=1.5|risk_ps=0.59|atr=0.722874|vwap_dist_atr=0.427935|tick=0.01,231.27,169,39084.63,-121.68,-0.31,0,38.87,0.10,-121.68,-0.31,1491.26,1.49,1
58,Exit short,2025-11-18 12:17,sl1|exit_reason=target,229.25,158,36396.88,175.38,0.48,0,175.38,0.48,-63.2,-0.17,1666.64,1.67,7
58,Entry short,2025-11-18 12:10,sl1|ver=0.1.0|variant=baseline|cfg=ema9_atr14_buf0.1_chase1_win3_tgt1.5_hold20_t935-1500_ent2_loss2_dd2_dirboth_risk100|setup_id=ir:0.1.0:BATS:MU:1:1763485740000:short|bars_to_confirm=1|signal_close=230.47|trigger=230.63|stop=231.1|target_r=1.5|risk_ps=0.63|atr=0.65386|vwap_dist_atr=0.68801|tick=0.01,230.36,158,36396.88,175.38,0.48,0,175.38,0.48,-63.2,-0.17,1666.64,1.67,7
59,Exit short,2025-11-19 10:57,sl1|exit_reason=target,228.4,98,22544.9,161.7,0.72,0,161.7,0.72,-5.88,-0.03,1828.34,1.83,4
59,Entry short,2025-11-19 10:53,sl1|ver=0.1.0|variant=baseline|cfg=ema9_atr14_buf0.1_chase1_win3_tgt1.5_hold20_t935-1500_ent2_loss2_dd2_dirboth_risk100|setup_id=ir:0.1.0:BATS:MU:1:1763567460000:short|bars_to_confirm=2|signal_close=230.13|trigger=230.33|stop=231.15|target_r=1.5|risk_ps=1.02|atr=0.70942|vwap_dist_atr=0.896367|tick=0.01,230.05,98,22544.9,161.7,0.72,0,161.7,0.72,-5.88,-0.03,1828.34,1.83,4
60,Exit long,2025-11-20 10:09,sl1|exit_reason=stop,222.13,42,9429.42,-99.96,-1.06,0,16.38,0.17,-99.96,-1.06,1728.38,1.73,9
60,Entry long,2025-11-20 10:00,sl1|ver=0.1.0|variant=baseline|cfg=ema9_atr14_buf0.1_chase1_win3_tgt1.5_hold20_t935-1500_ent2_loss2_dd2_dirboth_risk100|setup_id=ir:0.1.0:BATS:MU:1:1763650740000:long|bars_to_confirm=1|signal_close=224.47|trigger=224|stop=222.14|target_r=1.5|risk_ps=2.33|atr=1.55489|vwap_dist_atr=0.486251|tick=0.01,224.51,42,9429.42,-99.96,-1.06,0,16.38,0.17,-99.96,-1.06,1728.38,1.73,9
61,Exit long,2025-11-20 10:48,sl1|exit_reason=stop,222.58,78,17457.18,-95.94,-0.55,0,3.9,0.02,-95.94,-0.55,1632.44,1.63,2
61,Entry long,2025-11-20 10:46,sl1|ver=0.1.0|variant=baseline|cfg=ema9_atr14_buf0.1_chase1_win3_tgt1.5_hold20_t935-1500_ent2_loss2_dd2_dirboth_risk100|setup_id=ir:0.1.0:BATS:MU:1:1763653440000:long|bars_to_confirm=2|signal_close=223.87|trigger=223.62|stop=222.59|target_r=1.5|risk_ps=1.28|atr=0.80997|vwap_dist_atr=0.821106|tick=0.01,223.81,78,17457.18,-95.94,-0.55,0,3.9,0.02,-95.94,-0.55,1632.44,1.63,2
62,Exit long,2025-11-21 09:46,sl1|exit_reason=stop,201.29,33,6744.54,-101.97,-1.51,0,4.95,0.07,-101.97,-1.51,1530.47,1.53,4
62,Entry long,2025-11-21 09:42,sl1|ver=0.1.0|variant=baseline|cfg=ema9_atr14_buf0.1_chase1_win3_tgt1.5_hold20_t935-1500_ent2_loss2_dd2_dirboth_risk100|setup_id=ir:0.1.0:BATS:MU:1:1763736060000:long|bars_to_confirm=1|signal_close=204.28|trigger=203.59|stop=201.3|target_r=1.5|risk_ps=2.98|atr=1.119164|vwap_dist_atr=0.925815|tick=0.01,204.38,33,6744.54,-101.97,-1.51,0,4.95,0.07,-101.97,-1.51,1530.47,1.53,4
63,Exit long,2025-11-21 11:30,sl1|exit_reason=target,200.41,92,18283.16,154.56,0.85,0,154.56,0.85,-31.28,-0.17,1685.03,1.69,6
63,Entry long,2025-11-21 11:24,sl1|ver=0.1.0|variant=baseline|cfg=ema9_atr14_buf0.1_chase1_win3_tgt1.5_hold20_t935-1500_ent2_loss2_dd2_dirboth_risk100|setup_id=ir:0.1.0:BATS:MU:1:1763742180000:long|bars_to_confirm=1|signal_close=198.69|trigger=198.54|stop=197.61|target_r=1.5|risk_ps=1.08|atr=0.937167|vwap_dist_atr=0.287817|tick=0.01,198.73,92,18283.16,154.56,0.85,0,154.56,0.85,-31.28,-0.17,1685.03,1.69,6
64,Exit short,2025-11-25 10:08,sl1|exit_reason=stop,220.15,61,13333.38,-95.77,-0.72,0,15.86,0.12,-95.77,-0.72,1589.26,1.59,3
64,Entry short,2025-11-25 10:05,sl1|ver=0.1.0|variant=baseline|cfg=ema9_atr14_buf0.1_chase1_win3_tgt1.5_hold20_t935-1500_ent2_loss2_dd2_dirboth_risk100|setup_id=ir:0.1.0:BATS:MU:1:1764083040000:short|bars_to_confirm=1|signal_close=218.51|trigger=218.74|stop=220.14|target_r=1.5|risk_ps=1.63|atr=1.013166|vwap_dist_atr=0.56911|tick=0.01,218.58,61,13333.38,-95.77,-0.72,0,15.86,0.12,-95.77,-0.72,1589.26,1.59,3
65,Exit long,2025-11-25 10:47,sl1|exit_reason=target,221.11,96,21062.4,164.16,0.78,0,164.16,0.78,-54.72,-0.26,1753.42,1.75,18
65,Entry long,2025-11-25 10:29,sl1|ver=0.1.0|variant=baseline|cfg=ema9_atr14_buf0.1_chase1_win3_tgt1.5_hold20_t935-1500_ent2_loss2_dd2_dirboth_risk100|setup_id=ir:0.1.0:BATS:MU:1:1764084480000:long|bars_to_confirm=1|signal_close=219.3|trigger=218.86|stop=218.26|target_r=1.5|risk_ps=1.04|atr=0.922955|vwap_dist_atr=0.552477|tick=0.01,219.4,96,21062.4,164.16,0.78,0,164.16,0.78,-54.72,-0.26,1753.42,1.75,18
66,Exit short,2025-11-26 09:52,sl1|exit_reason=target,229.16,86,19840.2,132.44,0.67,0,132.44,0.67,-36.98,-0.19,1885.86,1.89,9
66,Entry short,2025-11-26 09:43,sl1|ver=0.1.0|variant=baseline|cfg=ema9_atr14_buf0.1_chase1_win3_tgt1.5_hold20_t935-1500_ent2_loss2_dd2_dirboth_risk100|setup_id=ir:0.1.0:BATS:MU:1:1764168120000:short|bars_to_confirm=1|signal_close=230.58|trigger=231|stop=231.73|target_r=1.5|risk_ps=1.15|atr=1.009656|vwap_dist_atr=0.747326|tick=0.01,230.7,86,19840.2,132.44,0.67,0,132.44,0.67,-36.98,-0.19,1885.86,1.89,9
67,Exit long,2025-11-26 10:47,sl1|exit_reason=stop,229.01,166,38133.52,-117.86,-0.31,0,117.86,0.31,-117.86,-0.31,1768,1.77,12
67,Entry long,2025-11-26 10:35,sl1|ver=0.1.0|variant=baseline|cfg=ema9_atr14_buf0.1_chase1_win3_tgt1.5_hold20_t935-1500_ent2_loss2_dd2_dirboth_risk100|setup_id=ir:0.1.0:BATS:MU:1:1764171240000:long|bars_to_confirm=1|signal_close=229.62|trigger=229.4|stop=229.02|target_r=1.5|risk_ps=0.6|atr=0.567639|vwap_dist_atr=0.464528|tick=0.01,229.72,166,38133.52,-117.86,-0.31,0,117.86,0.31,-117.86,-0.31,1768,1.77,12
68,Exit short,2025-11-28 09:48,sl1|exit_reason=stop,237.16,74,17448.46,-101.38,-0.58,0,77.7,0.45,-101.38,-0.58,1666.62,1.67,7
68,Entry short,2025-11-28 09:41,sl1|ver=0.1.0|variant=baseline|cfg=ema9_atr14_buf0.1_chase1_win3_tgt1.5_hold20_t935-1500_ent2_loss2_dd2_dirboth_risk100|setup_id=ir:0.1.0:BATS:MU:1:1764340800000:short|bars_to_confirm=1|signal_close=235.8|trigger=236.03|stop=237.15|target_r=1.5|risk_ps=1.35|atr=0.787555|vwap_dist_atr=0.633952|tick=0.01,235.79,74,17448.46,-101.38,-0.58,0,77.7,0.45,-101.38,-0.58,1666.62,1.67,7
69,Exit short,2025-11-28 10:20,sl1|exit_reason=target,234.9,172,40590.28,187.48,0.46,0,187.48,0.46,-5.16,-0.01,1854.1,1.85,9
69,Entry short,2025-11-28 10:11,sl1|ver=0.1.0|variant=baseline|cfg=ema9_atr14_buf0.1_chase1_win3_tgt1.5_hold20_t935-1500_ent2_loss2_dd2_dirboth_risk100|setup_id=ir:0.1.0:BATS:MU:1:1764342600000:short|bars_to_confirm=1|signal_close=236.14|trigger=236.22|stop=236.72|target_r=1.5|risk_ps=0.58|atr=0.663868|vwap_dist_atr=0.500792|tick=0.01,235.99,172,40590.28,187.48,0.46,0,187.48,0.46,-5.16,-0.01,1854.1,1.85,9
70,Exit long,2025-12-01 10:10,sl1|exit_reason=time,235.82,90,21141,82.8,0.39,0,129.6,0.61,-67.5,-0.32,1936.9,1.94,20
70,Entry long,2025-12-01 09:50,sl1|ver=0.1.0|variant=baseline|cfg=ema9_atr14_buf0.1_chase1_win3_tgt1.5_hold20_t935-1500_ent2_loss2_dd2_dirboth_risk100|setup_id=ir:0.1.0:BATS:MU:1:1764600540000:long|bars_to_confirm=1|signal_close=235|trigger=234.92|stop=233.9|target_r=1.5|risk_ps=1.1|atr=0.953722|vwap_dist_atr=0.605303|tick=0.01,234.9,90,21141,82.8,0.39,0,129.6,0.61,-67.5,-0.32,1936.9,1.94,20
71,Exit long,2025-12-02 09:58,sl1|exit_reason=target,242.88,121,29251.75,136.73,0.47,0,136.73,0.47,-30.25,-0.10,2073.63,2.07,1
71,Entry long,2025-12-02 09:57,sl1|ver=0.1.0|variant=baseline|cfg=ema9_atr14_buf0.1_chase1_win3_tgt1.5_hold20_t935-1500_ent2_loss2_dd2_dirboth_risk100|setup_id=ir:0.1.0:BATS:MU:1:1764687360000:long|bars_to_confirm=1|signal_close=241.82|trigger=241.68|stop=241|target_r=1.5|risk_ps=0.82|atr=0.782605|vwap_dist_atr=0.653647|tick=0.01,241.75,121,29251.75,136.73,0.47,0,136.73,0.47,-30.25,-0.10,2073.63,2.07,1
72,Exit short,2025-12-02 13:00,sl1|exit_reason=stop,239.07,270,64419.3,-129.6,-0.20,0,18.9,0.03,-129.6,-0.20,1944.03,1.94,0
72,Entry short,2025-12-02 13:00,sl1|ver=0.1.0|variant=baseline|cfg=ema9_atr14_buf0.1_chase1_win3_tgt1.5_hold20_t935-1500_ent2_loss2_dd2_dirboth_risk100|setup_id=ir:0.1.0:BATS:MU:1:1764698340000:short|bars_to_confirm=1|signal_close=238.69|trigger=238.85|stop=239.06|target_r=1.5|risk_ps=0.37|atr=0.288988|vwap_dist_atr=0.858142|tick=0.01,238.59,270,64419.3,-129.6,-0.20,0,18.9,0.03,-129.6,-0.20,1944.03,1.94,0
73,Exit short,2025-12-03 13:49,sl1|exit_reason=time,232.32,144,33536.16,82.08,0.24,0,95.04,0.28,-66.24,-0.20,2026.11,2.03,20
73,Entry short,2025-12-03 13:29,sl1|ver=0.1.0|variant=baseline|cfg=ema9_atr14_buf0.1_chase1_win3_tgt1.5_hold20_t935-1500_ent2_loss2_dd2_dirboth_risk100|setup_id=ir:0.1.0:BATS:MU:1:1764786480000:short|bars_to_confirm=1|signal_close=232.9|trigger=232.98|stop=233.59|target_r=1.5|risk_ps=0.69|atr=0.212384|vwap_dist_atr=0.760494|tick=0.01,232.89,144,33536.16,82.08,0.24,0,95.04,0.28,-66.24,-0.20,2026.11,2.03,20
74,Exit short,2025-12-04 10:47,sl1|exit_reason=target,225.54,188,42527.48,125.96,0.30,0,125.96,0.30,-18.8,-0.04,2152.07,2.15,1
74,Entry short,2025-12-04 10:46,sl1|ver=0.1.0|variant=baseline|cfg=ema9_atr14_buf0.1_chase1_win3_tgt1.5_hold20_t935-1500_ent2_loss2_dd2_dirboth_risk100|setup_id=ir:0.1.0:BATS:MU:1:1764863040000:short|bars_to_confirm=2|signal_close=226.13|trigger=226.24|stop=226.66|target_r=1.5|risk_ps=0.53|atr=0.564983|vwap_dist_atr=0.427975|tick=0.01,226.21,188,42527.48,125.96,0.30,0,125.96,0.30,-18.8,-0.04,2152.07,2.15,1
75,Exit short,2025-12-04 13:09,sl1|exit_reason=stop,226.82,212,47986.2,-99.64,-0.21,0,0,0.00,-99.64,-0.21,2052.43,2.05,1
75,Entry short,2025-12-04 13:08,sl1|ver=0.1.0|variant=baseline|cfg=ema9_atr14_buf0.1_chase1_win3_tgt1.5_hold20_t935-1500_ent2_loss2_dd2_dirboth_risk100|setup_id=ir:0.1.0:BATS:MU:1:1764871560000:short|bars_to_confirm=2|signal_close=226.34|trigger=226.5|stop=226.81|target_r=1.5|risk_ps=0.47|atr=0.305137|vwap_dist_atr=0.856134|tick=0.01,226.35,212,47986.2,-99.64,-0.21,0,0,0.00,-99.64,-0.21,2052.43,2.05,1
76,Exit long,2025-12-05 10:03,sl1|exit_reason=target,234.96,45,10430.55,142.65,1.37,0,142.65,1.37,-24.75,-0.24,2195.08,2.20,13
76,Entry long,2025-12-05 09:50,sl1|ver=0.1.0|variant=baseline|cfg=ema9_atr14_buf0.1_chase1_win3_tgt1.5_hold20_t935-1500_ent2_loss2_dd2_dirboth_risk100|setup_id=ir:0.1.0:BATS:MU:1:1764946140000:long|bars_to_confirm=1|signal_close=231.87|trigger=231.5|stop=229.68|target_r=1.5|risk_ps=2.19|atr=1.092764|vwap_dist_atr=0.918227|tick=0.01,231.79,45,10430.55,142.65,1.37,0,142.65,1.37,-24.75,-0.24,2195.08,2.20,13
77,Exit long,2025-12-05 11:06,sl1|exit_reason=target,234.23,136,31732.88,122.4,0.39,0,122.4,0.39,-2.72,-0.01,2317.48,2.32,1
77,Entry long,2025-12-05 11:05,sl1|ver=0.1.0|variant=baseline|cfg=ema9_atr14_buf0.1_chase1_win3_tgt1.5_hold20_t935-1500_ent2_loss2_dd2_dirboth_risk100|setup_id=ir:0.1.0:BATS:MU:1:1764950640000:long|bars_to_confirm=1|signal_close=233.46|trigger=233.23|stop=232.73|target_r=1.5|risk_ps=0.73|atr=0.491258|vwap_dist_atr=0.994538|tick=0.01,233.33,136,31732.88,122.4,0.39,0,122.4,0.39,-2.72,-0.01,2317.48,2.32,1
78,Exit short,2025-12-08 09:54,sl1|exit_reason=stop,247.93,36,8822.88,-102.6,-1.16,0,11.16,0.13,-102.6,-1.16,2214.88,2.21,5
78,Entry short,2025-12-08 09:49,sl1|ver=0.1.0|variant=baseline|cfg=ema9_atr14_buf0.1_chase1_win3_tgt1.5_hold20_t935-1500_ent2_loss2_dd2_dirboth_risk100|setup_id=ir:0.1.0:BATS:MU:1:1765205280000:short|bars_to_confirm=1|signal_close=245.2|trigger=246|stop=247.92|target_r=1.5|risk_ps=2.72|atr=1.146436|vwap_dist_atr=0.870166|tick=0.01,245.08,36,8822.88,-102.6,-1.16,0,11.16,0.13,-102.6,-1.16,2214.88,2.21,5
79,Exit short,2025-12-08 10:20,sl1|exit_reason=target,244.12,81,19925.19,151.47,0.76,0,151.47,0.76,-36.45,-0.18,2366.35,2.37,13
79,Entry short,2025-12-08 10:07,sl1|ver=0.1.0|variant=baseline|cfg=ema9_atr14_buf0.1_chase1_win3_tgt1.5_hold20_t935-1500_ent2_loss2_dd2_dirboth_risk100|setup_id=ir:0.1.0:BATS:MU:1:1765206360000:short|bars_to_confirm=1|signal_close=246.01|trigger=246.25|stop=247.24|target_r=1.5|risk_ps=1.23|atr=0.877893|vwap_dist_atr=0.453078|tick=0.01,245.99,81,19925.19,151.47,0.76,0,151.47,0.76,-36.45,-0.18,2366.35,2.37,13
80,Exit long,2025-12-10 09:51,sl1|exit_reason=stop,253.05,99,25146.99,-95.04,-0.38,0,112.86,0.45,-95.04,-0.38,2271.31,2.27,5
80,Entry long,2025-12-10 09:46,sl1|ver=0.1.0|variant=baseline|cfg=ema9_atr14_buf0.1_chase1_win3_tgt1.5_hold20_t935-1500_ent2_loss2_dd2_dirboth_risk100|setup_id=ir:0.1.0:BATS:MU:1:1765377900000:long|bars_to_confirm=1|signal_close=254.07|trigger=254|stop=253.06|target_r=1.5|risk_ps=1.01|atr=0.820744|vwap_dist_atr=0.248794|tick=0.01,254.01,99,25146.99,-95.04,-0.38,0,112.86,0.45,-95.04,-0.38,2271.31,2.27,5
81,Exit long,2025-12-10 10:25,sl1|exit_reason=stop,253.1,123,31232.16,-100.86,-0.32,0,92.25,0.30,-100.86,-0.32,2170.45,2.17,3
81,Entry long,2025-12-10 10:22,sl1|ver=0.1.0|variant=baseline|cfg=ema9_atr14_buf0.1_chase1_win3_tgt1.5_hold20_t935-1500_ent2_loss2_dd2_dirboth_risk100|setup_id=ir:0.1.0:BATS:MU:1:1765380060000:long|bars_to_confirm=1|signal_close=253.92|trigger=253.65|stop=253.11|target_r=1.5|risk_ps=0.81|atr=0.556678|vwap_dist_atr=0.902794|tick=0.01,253.92,123,31232.16,-100.86,-0.32,0,92.25,0.30,-100.86,-0.32,2170.45,2.17,3
82,Exit short,2025-12-11 10:17,sl1|exit_reason=stop,257.5,116,29787.64,-82.36,-0.28,0,0,0.00,-82.36,-0.28,2088.09,2.09,0
82,Entry short,2025-12-11 10:17,sl1|ver=0.1.0|variant=baseline|cfg=ema9_atr14_buf0.1_chase1_win3_tgt1.5_hold20_t935-1500_ent2_loss2_dd2_dirboth_risk100|setup_id=ir:0.1.0:BATS:MU:1:1765466160000:short|bars_to_confirm=1|signal_close=256.63|trigger=256.79|stop=257.49|target_r=1.5|risk_ps=0.86|atr=0.872624|vwap_dist_atr=0.789571|tick=0.01,256.79,116,29787.64,-82.36,-0.28,0,0,0.00,-82.36,-0.28,2088.09,2.09,0
83,Exit long,2025-12-11 10:22,sl1|exit_reason=target,259.34,99,25518.24,156.42,0.61,0,156.42,0.61,-57.42,-0.23,2244.51,2.24,3
83,Entry long,2025-12-11 10:19,sl1|ver=0.1.0|variant=baseline|cfg=ema9_atr14_buf0.1_chase1_win3_tgt1.5_hold20_t935-1500_ent2_loss2_dd2_dirboth_risk100|setup_id=ir:0.1.0:BATS:MU:1:1765466280000:long|bars_to_confirm=1|signal_close=257.72|trigger=257.49|stop=256.71|target_r=1.5|risk_ps=1.01|atr=0.866599|vwap_dist_atr=0.460649|tick=0.01,257.76,99,25518.24,156.42,0.61,0,156.42,0.61,-57.42,-0.23,2244.51,2.24,3
84,Exit short,2025-12-12 10:03,sl1|exit_reason=time,247.29,47,11737.78,115.15,0.98,0,115.62,0.99,-64.39,-0.55,2359.66,2.36,20
84,Entry short,2025-12-12 09:43,sl1|ver=0.1.0|variant=baseline|cfg=ema9_atr14_buf0.1_chase1_win3_tgt1.5_hold20_t935-1500_ent2_loss2_dd2_dirboth_risk100|setup_id=ir:0.1.0:BATS:MU:1:1765550520000:short|bars_to_confirm=1|signal_close=249.66|trigger=250.23|stop=251.78|target_r=1.5|risk_ps=2.12|atr=1.117127|vwap_dist_atr=0.673959|tick=0.01,249.74,47,11737.78,115.15,0.98,0,115.62,0.99,-64.39,-0.55,2359.66,2.36,20
85,Exit long,2025-12-12 12:26,sl1|exit_reason=stop,245.12,104,25598.56,-106.08,-0.41,0,24.96,0.10,-106.08,-0.41,2253.58,2.25,7
85,Entry long,2025-12-12 12:19,sl1|ver=0.1.0|variant=baseline|cfg=ema9_atr14_buf0.1_chase1_win3_tgt1.5_hold20_t935-1500_ent2_loss2_dd2_dirboth_risk100|setup_id=ir:0.1.0:BATS:MU:1:1765559880000:long|bars_to_confirm=1|signal_close=246.09|trigger=246|stop=245.13|target_r=1.5|risk_ps=0.96|atr=0.553593|vwap_dist_atr=0.67449|tick=0.01,246.14,104,25598.56,-106.08,-0.41,0,24.96,0.10,-106.08,-0.41,2253.58,2.25,7
86,Exit short,2025-12-17 10:36,sl1|exit_reason=target,232.91,86,20182.48,152.22,0.75,0,152.22,0.75,-27.52,-0.14,2405.8,2.41,4
86,Entry short,2025-12-17 10:32,sl1|ver=0.1.0|variant=baseline|cfg=ema9_atr14_buf0.1_chase1_win3_tgt1.5_hold20_t935-1500_ent2_loss2_dd2_dirboth_risk100|setup_id=ir:0.1.0:BATS:MU:1:1765985460000:short|bars_to_confirm=1|signal_close=234.71|trigger=235|stop=235.86|target_r=1.5|risk_ps=1.15|atr=0.758269|vwap_dist_atr=0.628538|tick=0.01,234.68,86,20182.48,152.22,0.75,0,152.22,0.75,-27.52,-0.14,2405.8,2.41,4
87,Exit long,2025-12-18 09:54,sl1|exit_reason=stop,256.61,24,6257.52,-98.88,-1.58,0,43.68,0.70,-98.88,-1.58,2306.92,2.31,12
87,Entry long,2025-12-18 09:42,sl1|ver=0.1.0|variant=baseline|cfg=ema9_atr14_buf0.1_chase1_win3_tgt1.5_hold20_t935-1500_ent2_loss2_dd2_dirboth_risk100|setup_id=ir:0.1.0:BATS:MU:1:1766068860000:long|bars_to_confirm=1|signal_close=260.65|trigger=259.4|stop=256.62|target_r=1.5|risk_ps=4.03|atr=2.393907|vwap_dist_atr=0.814553|tick=0.01,260.73,24,6257.52,-98.88,-1.58,0,43.68,0.70,-98.88,-1.58,2306.92,2.31,12
88,Exit short,2025-12-18 14:19,sl1|exit_reason=target,253.53,212,53909.48,161.12,0.30,0,161.12,0.30,-19.08,-0.04,2468.04,2.47,4
88,Entry short,2025-12-18 14:15,sl1|ver=0.1.0|variant=baseline|cfg=ema9_atr14_buf0.1_chase1_win3_tgt1.5_hold20_t935-1500_ent2_loss2_dd2_dirboth_risk100|setup_id=ir:0.1.0:BATS:MU:1:1766085240000:short|bars_to_confirm=1|signal_close=254.33|trigger=254.36|stop=254.8|target_r=1.5|risk_ps=0.47|atr=0.508513|vwap_dist_atr=0.577921|tick=0.01,254.29,212,53909.48,161.12,0.30,0,161.12,0.30,-19.08,-0.04,2468.04,2.47,4
89,Exit short,2025-12-19 10:33,sl1|exit_reason=time,263.43,80,21042.4,-32,-0.15,0,142.4,0.68,-49.6,-0.24,2436.04,2.44,20
89,Entry short,2025-12-19 10:13,sl1|ver=0.1.0|variant=baseline|cfg=ema9_atr14_buf0.1_chase1_win3_tgt1.5_hold20_t935-1500_ent2_loss2_dd2_dirboth_risk100|setup_id=ir:0.1.0:BATS:MU:1:1766157120000:short|bars_to_confirm=1|signal_close=263.01|trigger=263.05|stop=264.25|target_r=1.5|risk_ps=1.24|atr=1.102556|vwap_dist_atr=0.485086|tick=0.01,263.03,80,21042.4,-32,-0.15,0,142.4,0.68,-49.6,-0.24,2436.04,2.44,20
90,Exit short,2025-12-19 11:10,sl1|exit_reason=stop,264.1,74,19433.14,-110.26,-0.57,0,40.7,0.21,-110.26,-0.57,2325.78,2.33,18
90,Entry short,2025-12-19 10:52,sl1|ver=0.1.0|variant=baseline|cfg=ema9_atr14_buf0.1_chase1_win3_tgt1.5_hold20_t935-1500_ent2_loss2_dd2_dirboth_risk100|setup_id=ir:0.1.0:BATS:MU:1:1766159460000:short|bars_to_confirm=1|signal_close=262.74|trigger=263.36|stop=264.09|target_r=1.5|risk_ps=1.35|atr=0.935437|vwap_dist_atr=0.724201|tick=0.01,262.61,74,19433.14,-110.26,-0.57,0,40.7,0.21,-110.26,-0.57,2325.78,2.33,18
91,Exit long,2025-12-22 10:07,sl1|exit_reason=time,272.1,33,9041.67,-62.37,-0.69,0,41.91,0.46,-86.79,-0.96,2263.41,2.26,20
91,Entry long,2025-12-22 09:47,sl1|ver=0.1.0|variant=baseline|cfg=ema9_atr14_buf0.1_chase1_win3_tgt1.5_hold20_t935-1500_ent2_loss2_dd2_dirboth_risk100|setup_id=ir:0.1.0:BATS:MU:1:1766414760000:long|bars_to_confirm=1|signal_close=273.9|trigger=273.3|stop=270.89|target_r=1.5|risk_ps=3.01|atr=1.343201|vwap_dist_atr=0.946286|tick=0.01,273.99,33,9041.67,-62.37,-0.69,0,41.91,0.46,-86.79,-0.96,2263.41,2.26,20
92,Exit short,2025-12-23 09:50,sl1|exit_reason=target,276.31,66,18386.94,150.48,0.82,0,150.48,0.82,-42.24,-0.23,2413.89,2.41,6
92,Entry short,2025-12-23 09:44,sl1|ver=0.1.0|variant=baseline|cfg=ema9_atr14_buf0.1_chase1_win3_tgt1.5_hold20_t935-1500_ent2_loss2_dd2_dirboth_risk100|setup_id=ir:0.1.0:BATS:MU:1:1766500980000:short|bars_to_confirm=1|signal_close=278.6|trigger=278.79|stop=280.11|target_r=1.5|risk_ps=1.51|atr=1.133232|vwap_dist_atr=0.718946|tick=0.01,278.59,66,18386.94,150.48,0.82,0,150.48,0.82,-42.24,-0.23,2413.89,2.41,6
93,Exit short,2025-12-23 11:19,sl1|exit_reason=target,275.67,185,51154.35,155.4,0.30,0,155.4,0.30,-85.1,-0.17,2569.29,2.57,6
93,Entry short,2025-12-23 11:13,sl1|ver=0.1.0|variant=baseline|cfg=ema9_atr14_buf0.1_chase1_win3_tgt1.5_hold20_t935-1500_ent2_loss2_dd2_dirboth_risk100|setup_id=ir:0.1.0:BATS:MU:1:1766506320000:short|bars_to_confirm=1|signal_close=276.53|trigger=276.66|stop=277.07|target_r=1.5|risk_ps=0.54|atr=0.421807|vwap_dist_atr=0.800316|tick=0.01,276.51,185,51154.35,155.4,0.30,0,155.4,0.30,-85.1,-0.17,2569.29,2.57,6
94,Exit short,2025-12-24 11:25,sl1|exit_reason=stop,286.15,227,64844.82,-111.23,-0.17,0,18.16,0.03,-111.23,-0.17,2458.06,2.46,2
94,Entry short,2025-12-24 11:23,sl1|ver=0.1.0|variant=baseline|cfg=ema9_atr14_buf0.1_chase1_win3_tgt1.5_hold20_t935-1500_ent2_loss2_dd2_dirboth_risk100|setup_id=ir:0.1.0:BATS:MU:1:1766593320000:short|bars_to_confirm=1|signal_close=285.7|trigger=285.76|stop=286.14|target_r=1.5|risk_ps=0.44|atr=0.403786|vwap_dist_atr=0.352536|tick=0.01,285.66,227,64844.82,-111.23,-0.17,0,18.16,0.03,-111.23,-0.17,2458.06,2.46,2
95,Exit short,2025-12-24 11:44,sl1|exit_reason=stop,286.13,256,73134.08,-115.2,-0.16,0,122.88,0.17,-115.2,-0.16,2342.86,2.34,14
95,Entry short,2025-12-24 11:30,sl1|ver=0.1.0|variant=baseline|cfg=ema9_atr14_buf0.1_chase1_win3_tgt1.5_hold20_t935-1500_ent2_loss2_dd2_dirboth_risk100|setup_id=ir:0.1.0:BATS:MU:1:1766593740000:short|bars_to_confirm=1|signal_close=285.73|trigger=285.74|stop=286.12|target_r=1.5|risk_ps=0.39|atr=0.353626|vwap_dist_atr=0.325029|tick=0.01,285.68,256,73134.08,-115.2,-0.16,0,122.88,0.17,-115.2,-0.16,2342.86,2.34,14
96,Exit short,2025-12-26 09:58,sl1|exit_reason=time,286.21,55,15767.95,26.4,0.17,0,117.15,0.74,-79.75,-0.51,2369.26,2.37,20
96,Entry short,2025-12-26 09:38,sl1|ver=0.1.0|variant=baseline|cfg=ema9_atr14_buf0.1_chase1_win3_tgt1.5_hold20_t935-1500_ent2_loss2_dd2_dirboth_risk100|setup_id=ir:0.1.0:BATS:MU:1:1766759820000:short|bars_to_confirm=1|signal_close=286.66|trigger=286.75|stop=288.45|target_r=1.5|risk_ps=1.79|atr=0.864784|vwap_dist_atr=0.862035|tick=0.01,286.69,55,15767.95,26.4,0.17,0,117.15,0.74,-79.75,-0.51,2369.26,2.37,20
97,Exit short,2025-12-26 10:15,sl1|exit_reason=target,285.1,132,37777.08,143.88,0.38,0,143.88,0.38,-76.56,-0.20,2513.14,2.51,3
97,Entry short,2025-12-26 10:12,sl1|ver=0.1.0|variant=baseline|cfg=ema9_atr14_buf0.1_chase1_win3_tgt1.5_hold20_t935-1500_ent2_loss2_dd2_dirboth_risk100|setup_id=ir:0.1.0:BATS:MU:1:1766761860000:short|bars_to_confirm=1|signal_close=286.165|trigger=286.23|stop=286.92|target_r=1.5|risk_ps=0.755|atr=0.670008|vwap_dist_atr=0.9245|tick=0.01,286.19,132,37777.08,143.88,0.38,0,143.88,0.38,-76.56,-0.20,2513.14,2.51,3
98,Exit short,2025-12-29 09:54,sl1|exit_reason=stop,285.55,55,15595.25,-110,-0.71,0,6.6,0.04,-110,-0.71,2403.14,2.40,2
98,Entry short,2025-12-29 09:52,sl1|ver=0.1.0|variant=baseline|cfg=ema9_atr14_buf0.1_chase1_win3_tgt1.5_hold20_t935-1500_ent2_loss2_dd2_dirboth_risk100|setup_id=ir:0.1.0:BATS:MU:1:1767019860000:short|bars_to_confirm=1|signal_close=283.73|trigger=284.2|stop=285.54|target_r=1.5|risk_ps=1.81|atr=1.101875|vwap_dist_atr=0.691645|tick=0.01,283.55,55,15595.25,-110,-0.71,0,6.6,0.04,-110,-0.71,2403.14,2.40,2
99,Exit short,2025-12-29 10:16,sl1|exit_reason=stop,285.1,91,25849.46,-94.64,-0.37,0,110.11,0.43,-94.64,-0.37,2308.5,2.31,7
99,Entry short,2025-12-29 10:09,sl1|ver=0.1.0|variant=baseline|cfg=ema9_atr14_buf0.1_chase1_win3_tgt1.5_hold20_t935-1500_ent2_loss2_dd2_dirboth_risk100|setup_id=ir:0.1.0:BATS:MU:1:1767020880000:short|bars_to_confirm=1|signal_close=284|trigger=284.25|stop=285.09|target_r=1.5|risk_ps=1.09|atr=0.869924|vwap_dist_atr=0.79136|tick=0.01,284.06,91,25849.46,-94.64,-0.37,0,110.11,0.43,-94.64,-0.37,2308.5,2.31,7
100,Exit long,2025-12-30 11:10,sl1|exit_reason=target,296.4,227,67128.44,154.36,0.23,0,154.36,0.23,-95.34,-0.14,2462.86,2.46,8
100,Entry long,2025-12-30 11:02,sl1|ver=0.1.0|variant=baseline|cfg=ema9_atr14_buf0.1_chase1_win3_tgt1.5_hold20_t935-1500_ent2_loss2_dd2_dirboth_risk100|setup_id=ir:0.1.0:BATS:MU:1:1767110460000:long|bars_to_confirm=1|signal_close=295.71|trigger=295.66|stop=295.27|target_r=1.5|risk_ps=0.44|atr=0.431949|vwap_dist_atr=0.396062|tick=0.01,295.72,227,67128.44,154.36,0.23,0,154.36,0.23,-95.34,-0.14,2462.86,2.46,8
101,Exit long,2025-12-30 13:13,sl1|exit_reason=target,295.91,346,102243,141.86,0.14,0,141.86,0.14,-41.52,-0.04,2604.72,2.60,6
101,Entry long,2025-12-30 13:07,sl1|ver=0.1.0|variant=baseline|cfg=ema9_atr14_buf0.1_chase1_win3_tgt1.5_hold20_t935-1500_ent2_loss2_dd2_dirboth_risk100|setup_id=ir:0.1.0:BATS:MU:1:1767117960000:long|bars_to_confirm=1|signal_close=295.49|trigger=295.45|stop=295.23|target_r=1.5|risk_ps=0.26|atr=0.193471|vwap_dist_atr=0.356214|tick=0.01,295.5,346,102243,141.86,0.14,0,141.86,0.14,-41.52,-0.04,2604.72,2.60,6
102,Exit short,2025-12-31 10:43,sl1|exit_reason=stop,287.1,344,98659.2,-103.2,-0.10,0,0,0.00,-103.2,-0.10,2501.52,2.50,0
102,Entry short,2025-12-31 10:43,sl1|ver=0.1.0|variant=baseline|cfg=ema9_atr14_buf0.1_chase1_win3_tgt1.5_hold20_t935-1500_ent2_loss2_dd2_dirboth_risk100|setup_id=ir:0.1.0:BATS:MU:1:1767195720000:short|bars_to_confirm=1|signal_close=286.8|trigger=286.81|stop=287.09|target_r=1.5|risk_ps=0.29|atr=0.423351|vwap_dist_atr=0.653931|tick=0.01,286.8,344,98659.2,-103.2,-0.10,0,0,0.00,-103.2,-0.10,2501.52,2.50,0
103,Exit long,2025-12-31 10:49,sl1|exit_reason=target,288.09,185,53148.65,148,0.28,0,148,0.28,-35.15,-0.07,2649.52,2.65,4
103,Entry long,2025-12-31 10:45,sl1|ver=0.1.0|variant=baseline|cfg=ema9_atr14_buf0.1_chase1_win3_tgt1.5_hold20_t935-1500_ent2_loss2_dd2_dirboth_risk100|setup_id=ir:0.1.0:BATS:MU:1:1767195840000:long|bars_to_confirm=1|signal_close=287.3|trigger=287.29|stop=286.76|target_r=1.5|risk_ps=0.54|atr=0.411104|vwap_dist_atr=0.539131|tick=0.01,287.29,185,53148.65,148,0.28,0,148,0.28,-35.15,-0.07,2649.52,2.65,4
104,Exit short,2026-01-02 11:14,sl1|exit_reason=stop,306.65,78,23812.62,-106.08,-0.45,0,0.78,0.00,-106.08,-0.45,2543.44,2.54,1
104,Entry short,2026-01-02 11:13,sl1|ver=0.1.0|variant=baseline|cfg=ema9_atr14_buf0.1_chase1_win3_tgt1.5_hold20_t935-1500_ent2_loss2_dd2_dirboth_risk100|setup_id=ir:0.1.0:BATS:MU:1:1767370320000:short|bars_to_confirm=1|signal_close=305.36|trigger=305.6|stop=306.64|target_r=1.5|risk_ps=1.28|atr=0.765874|vwap_dist_atr=0.879489|tick=0.01,305.29,78,23812.62,-106.08,-0.45,0,0.78,0.00,-106.08,-0.45,2543.44,2.54,1
105,Exit long,2026-01-05 10:31,sl1|exit_reason=target,318.69,80,25344,151.2,0.60,0,151.2,0.60,-64,-0.25,2694.64,2.69,13
105,Entry long,2026-01-05 10:18,sl1|ver=0.1.0|variant=baseline|cfg=ema9_atr14_buf0.1_chase1_win3_tgt1.5_hold20_t935-1500_ent2_loss2_dd2_dirboth_risk100|setup_id=ir:0.1.0:BATS:MU:1:1767626220000:long|bars_to_confirm=1|signal_close=316.79|trigger=316.65|stop=315.54|target_r=1.5|risk_ps=1.25|atr=1.069345|vwap_dist_atr=0.62671|tick=0.01,316.8,80,25344,151.2,0.60,0,151.2,0.60,-64,-0.25,2694.64,2.69,13
106,Exit long,2026-01-07 10:28,sl1|exit_reason=time,345.25,42,14363.16,137.34,0.96,0,137.34,0.96,-23.1,-0.16,2831.98,2.83,20
106,Entry long,2026-01-07 10:08,sl1|ver=0.1.0|variant=baseline|cfg=ema9_atr14_buf0.1_chase1_win3_tgt1.5_hold20_t935-1500_ent2_loss2_dd2_dirboth_risk100|setup_id=ir:0.1.0:BATS:MU:1:1767798420000:long|bars_to_confirm=1|signal_close=341.86|trigger=341.66|stop=339.51|target_r=1.5|risk_ps=2.35|atr=1.577548|vwap_dist_atr=0.298119|tick=0.01,341.98,42,14363.16,137.34,0.96,0,137.34,0.96,-23.1,-0.16,2831.98,2.83,20
107,Exit long,2026-01-07 11:46,sl1|exit_reason=stop,342.11,250,85627.5,-100,-0.12,0,10,0.01,-100,-0.12,2731.98,2.73,0
107,Entry long,2026-01-07 11:46,sl1|ver=0.1.0|variant=baseline|cfg=ema9_atr14_buf0.1_chase1_win3_tgt1.5_hold20_t935-1500_ent2_loss2_dd2_dirboth_risk100|setup_id=ir:0.1.0:BATS:MU:1:1767804300000:long|bars_to_confirm=1|signal_close=342.52|trigger=342.47|stop=342.12|target_r=1.5|risk_ps=0.4|atr=0.510477|vwap_dist_atr=0.500797|tick=0.01,342.51,250,85627.5,-100,-0.12,0,10,0.01,-100,-0.12,2731.98,2.73,0
108,Exit long,2026-01-08 13:22,sl1|exit_reason=stop,327.52,200,65604,-100,-0.15,0,58,0.09,-100,-0.15,2631.98,2.63,4
108,Entry long,2026-01-08 13:18,sl1|ver=0.1.0|variant=baseline|cfg=ema9_atr14_buf0.1_chase1_win3_tgt1.5_hold20_t935-1500_ent2_loss2_dd2_dirboth_risk100|setup_id=ir:0.1.0:BATS:MU:1:1767896220000:long|bars_to_confirm=1|signal_close=328.03|trigger=327.91|stop=327.53|target_r=1.5|risk_ps=0.5|atr=0.417743|vwap_dist_atr=0.398391|tick=0.01,328.02,200,65604,-100,-0.15,0,58,0.09,-100,-0.15,2631.98,2.63,4
109,Exit long,2026-01-08 13:42,sl1|exit_reason=stop,327.65,227,74462.81,-86.26,-0.12,0,2.27,0.00,-86.26,-0.12,2545.72,2.55,1
109,Entry long,2026-01-08 13:41,sl1|ver=0.1.0|variant=baseline|cfg=ema9_atr14_buf0.1_chase1_win3_tgt1.5_hold20_t935-1500_ent2_loss2_dd2_dirboth_risk100|setup_id=ir:0.1.0:BATS:MU:1:1767897600000:long|bars_to_confirm=1|signal_close=328.1|trigger=328.02|stop=327.66|target_r=1.5|risk_ps=0.44|atr=0.325423|vwap_dist_atr=0.735641|tick=0.01,328.03,227,74462.81,-86.26,-0.12,0,2.27,0.00,-86.26,-0.12,2545.72,2.55,1
110,Exit short,2026-01-12 10:15,sl1|exit_reason=stop,344.7,66,22651.2,-99,-0.44,0,97.68,0.43,-99,-0.44,2446.72,2.45,8
110,Entry short,2026-01-12 10:07,sl1|ver=0.1.0|variant=baseline|cfg=ema9_atr14_buf0.1_chase1_win3_tgt1.5_hold20_t935-1500_ent2_loss2_dd2_dirboth_risk100|setup_id=ir:0.1.0:BATS:MU:1:1768230300000:short|bars_to_confirm=2|signal_close=343.18|trigger=343.35|stop=344.69|target_r=1.5|risk_ps=1.51|atr=1.142427|vwap_dist_atr=0.890772|tick=0.01,343.2,66,22651.2,-99,-0.44,0,97.68,0.43,-99,-0.44,2446.72,2.45,8
111,Exit long,2026-01-12 10:38,sl1|exit_reason=time,344.7,84,28974.96,-20.16,-0.07,0,119.28,0.41,-71.4,-0.25,2426.56,2.43,20
111,Entry long,2026-01-12 10:18,sl1|ver=0.1.0|variant=baseline|cfg=ema9_atr14_buf0.1_chase1_win3_tgt1.5_hold20_t935-1500_ent2_loss2_dd2_dirboth_risk100|setup_id=ir:0.1.0:BATS:MU:1:1768230960000:long|bars_to_confirm=2|signal_close=345|trigger=344.9|stop=343.81|target_r=1.5|risk_ps=1.19|atr=1.014992|vwap_dist_atr=0.844235|tick=0.01,344.94,84,28974.96,-20.16,-0.07,0,119.28,0.41,-71.4,-0.25,2426.56,2.43,20
112,Exit long,2026-01-14 09:57,sl1|exit_reason=target,337.69,51,17089.08,133.11,0.78,0,133.11,0.78,-31.11,-0.18,2559.67,2.56,9
112,Entry long,2026-01-14 09:48,sl1|ver=0.1.0|variant=baseline|cfg=ema9_atr14_buf0.1_chase1_win3_tgt1.5_hold20_t935-1500_ent2_loss2_dd2_dirboth_risk100|setup_id=ir:0.1.0:BATS:MU:1:1768402020000:long|bars_to_confirm=1|signal_close=335.27|trigger=334.93|stop=333.34|target_r=1.5|risk_ps=1.93|atr=1.349824|vwap_dist_atr=0.773852|tick=0.01,335.08,51,17089.08,133.11,0.78,0,133.11,0.78,-31.11,-0.18,2559.67,2.56,9
113,Exit long,2026-01-14 11:31,sl1|exit_reason=stop,334.63,163,54622.93,-78.24,-0.14,0,61.94,0.11,-78.24,-0.14,2481.43,2.48,2
113,Entry long,2026-01-14 11:29,sl1|ver=0.1.0|variant=baseline|cfg=ema9_atr14_buf0.1_chase1_win3_tgt1.5_hold20_t935-1500_ent2_loss2_dd2_dirboth_risk100|setup_id=ir:0.1.0:BATS:MU:1:1768408080000:long|bars_to_confirm=1|signal_close=335.25|trigger=335.22|stop=334.64|target_r=1.5|risk_ps=0.61|atr=0.513041|vwap_dist_atr=0.895518|tick=0.01,335.11,163,54622.93,-78.24,-0.14,0,61.94,0.11,-78.24,-0.14,2481.43,2.48,2
114,Exit short,2026-01-15 09:54,sl1|exit_reason=stop,344.54,53,18161.51,-99.11,-0.55,0,1.59,0.01,-99.11,-0.55,2382.32,2.38,2
114,Entry short,2026-01-15 09:52,sl1|ver=0.1.0|variant=baseline|cfg=ema9_atr14_buf0.1_chase1_win3_tgt1.5_hold20_t935-1500_ent2_loss2_dd2_dirboth_risk100|setup_id=ir:0.1.0:BATS:MU:1:1768488600000:short|bars_to_confirm=2|signal_close=342.67|trigger=342.76|stop=344.53|target_r=1.5|risk_ps=1.86|atr=1.377193|vwap_dist_atr=0.734737|tick=0.01,342.67,53,18161.51,-99.11,-0.55,0,1.59,0.01,-99.11,-0.55,2382.32,2.38,2
115,Exit long,2026-01-15 10:11,sl1|exit_reason=stop,343.78,109,37584.29,-112.27,-0.30,0,3.27,0.01,-112.27,-0.30,2270.05,2.27,1
115,Entry long,2026-01-15 10:10,sl1|ver=0.1.0|variant=baseline|cfg=ema9_atr14_buf0.1_chase1_win3_tgt1.5_hold20_t935-1500_ent2_loss2_dd2_dirboth_risk100|setup_id=ir:0.1.0:BATS:MU:1:1768489740000:long|bars_to_confirm=1|signal_close=344.7|trigger=344.58|stop=343.79|target_r=1.5|risk_ps=0.91|atr=1.07313|vwap_dist_atr=0.759299|tick=0.01,344.81,109,37584.29,-112.27,-0.30,0,3.27,0.01,-112.27,-0.30,2270.05,2.27,1
116,Exit short,2026-01-16 10:18,sl1|exit_reason=time,358.35,38,13699.38,82.08,0.60,0,127.68,0.93,-3.42,-0.02,2352.13,2.35,20
116,Entry short,2026-01-16 09:58,sl1|ver=0.1.0|variant=baseline|cfg=ema9_atr14_buf0.1_chase1_win3_tgt1.5_hold20_t935-1500_ent2_loss2_dd2_dirboth_risk100|setup_id=ir:0.1.0:BATS:MU:1:1768575420000:short|bars_to_confirm=1|signal_close=360.545|trigger=360.86|stop=363.16|target_r=1.5|risk_ps=2.615|atr=1.556613|vwap_dist_atr=0.538408|tick=0.01,360.51,38,13699.38,82.08,0.60,0,127.68,0.93,-3.42,-0.02,2352.13,2.35,20
117,Exit short,2026-01-21 12:31,sl1|exit_reason=stop,384.1,79,30254.63,-89.27,-0.30,0,7.11,0.02,-89.27,-0.30,2262.86,2.26,0
117,Entry short,2026-01-21 12:31,sl1|ver=0.1.0|variant=baseline|cfg=ema9_atr14_buf0.1_chase1_win3_tgt1.5_hold20_t935-1500_ent2_loss2_dd2_dirboth_risk100|setup_id=ir:0.1.0:BATS:MU:1:1769016540000:short|bars_to_confirm=2|signal_close=382.83|trigger=382.97|stop=384.09|target_r=1.5|risk_ps=1.26|atr=1.054374|vwap_dist_atr=0.656341|tick=0.01,382.97,79,30254.63,-89.27,-0.30,0,7.11,0.02,-89.27,-0.30,2262.86,2.26,0
118,Exit long,2026-01-21 12:45,sl1|exit_reason=stop,382.77,56,21532,-96.88,-0.45,0,75.6,0.35,-96.88,-0.45,2165.98,2.17,10
118,Entry long,2026-01-21 12:35,sl1|ver=0.1.0|variant=baseline|cfg=ema9_atr14_buf0.1_chase1_win3_tgt1.5_hold20_t935-1500_ent2_loss2_dd2_dirboth_risk100|setup_id=ir:0.1.0:BATS:MU:1:1769016720000:long|bars_to_confirm=3|signal_close=384.54|trigger=384.49|stop=382.78|target_r=1.5|risk_ps=1.76|atr=1.04023|vwap_dist_atr=0.972386|tick=0.01,384.5,56,21532,-96.88,-0.45,0,75.6,0.35,-96.88,-0.45,2165.98,2.17,10
119,Exit long,2026-01-22 10:15,sl1|exit_reason=time,384.8,26,9994.66,10.14,0.10,0,42.38,0.42,-80.86,-0.81,2176.12,2.18,20
119,Entry long,2026-01-22 09:55,sl1|ver=0.1.0|variant=baseline|cfg=ema9_atr14_buf0.1_chase1_win3_tgt1.5_hold20_t935-1500_ent2_loss2_dd2_dirboth_risk100|setup_id=ir:0.1.0:BATS:MU:1:1769093520000:long|bars_to_confirm=3|signal_close=384.4|trigger=384.31|stop=380.62|target_r=1.5|risk_ps=3.78|atr=2.092173|vwap_dist_atr=0.817056|tick=0.01,384.41,26,9994.66,10.14,0.10,0,42.38,0.42,-80.86,-0.81,2176.12,2.18,20
120,Exit short,2026-01-22 10:26,sl1|exit_reason=stop,384.04,64,24480,-98.56,-0.40,0,0,0.00,-98.56,-0.40,2077.56,2.08,0
120,Entry short,2026-01-22 10:26,sl1|ver=0.1.0|variant=baseline|cfg=ema9_atr14_buf0.1_chase1_win3_tgt1.5_hold20_t935-1500_ent2_loss2_dd2_dirboth_risk100|setup_id=ir:0.1.0:BATS:MU:1:1769095500000:short|bars_to_confirm=1|signal_close=382.47|trigger=382.69|stop=384.03|target_r=1.5|risk_ps=1.56|atr=1.328304|vwap_dist_atr=0.420876|tick=0.01,382.5,64,24480,-98.56,-0.40,0,0,0.00,-98.56,-0.40,2077.56,2.08,0
121,Exit short,2026-01-23 09:51,sl1|exit_reason=stop,396.55,44,17342.16,-106.04,-0.61,0,42.68,0.25,-106.04,-0.61,1971.52,1.97,2
121,Entry short,2026-01-23 09:49,sl1|ver=0.1.0|variant=baseline|cfg=ema9_atr14_buf0.1_chase1_win3_tgt1.5_hold20_t935-1500_ent2_loss2_dd2_dirboth_risk100|setup_id=ir:0.1.0:BATS:MU:1:1769179620000:short|bars_to_confirm=2|signal_close=394.31|trigger=394.35|stop=396.54|target_r=1.5|risk_ps=2.23|atr=1.789745|vwap_dist_atr=0.655407|tick=0.01,394.14,44,17342.16,-106.04,-0.61,0,42.68,0.25,-106.04,-0.61,1971.52,1.97,2
122,Exit short,2026-01-26 11:21,sl1|exit_reason=stop,390.87,120,46802.4,-102,-0.22,0,72,0.15,-102,-0.22,1869.52,1.87,11
122,Entry short,2026-01-26 11:10,sl1|ver=0.1.0|variant=baseline|cfg=ema9_atr14_buf0.1_chase1_win3_tgt1.5_hold20_t935-1500_ent2_loss2_dd2_dirboth_risk100|setup_id=ir:0.1.0:BATS:MU:1:1769443680000:short|bars_to_confirm=2|signal_close=390.03|trigger=390.17|stop=390.86|target_r=1.5|risk_ps=0.83|atr=0.723017|vwap_dist_atr=0.862417|tick=0.01,390.02,120,46802.4,-102,-0.22,0,72,0.15,-102,-0.22,1869.52,1.87,11
123,Exit long,2026-01-26 12:08,sl1|exit_reason=stop,390.15,128,50044.16,-104.96,-0.21,0,24.32,0.05,-104.96,-0.21,1764.56,1.76,1
123,Entry long,2026-01-26 12:07,sl1|ver=0.1.0|variant=baseline|cfg=ema9_atr14_buf0.1_chase1_win3_tgt1.5_hold20_t935-1500_ent2_loss2_dd2_dirboth_risk100|setup_id=ir:0.1.0:BATS:MU:1:1769447160000:long|bars_to_confirm=1|signal_close=390.94|trigger=390.58|stop=390.16|target_r=1.5|risk_ps=0.78|atr=0.524129|vwap_dist_atr=0.827616|tick=0.01,390.97,128,50044.16,-104.96,-0.21,0,24.32,0.05,-104.96,-0.21,1764.56,1.76,1
124,Exit long,2026-01-27 10:08,sl1|exit_reason=time,408.84,35,14256.2,53.2,0.37,0,124.6,0.87,-95.2,-0.67,1817.76,1.82,20
124,Entry long,2026-01-27 09:48,sl1|ver=0.1.0|variant=baseline|cfg=ema9_atr14_buf0.1_chase1_win3_tgt1.5_hold20_t935-1500_ent2_loss2_dd2_dirboth_risk100|setup_id=ir:0.1.0:BATS:MU:1:1769525160000:long|bars_to_confirm=2|signal_close=407.41|trigger=406.8|stop=404.58|target_r=1.5|risk_ps=2.83|atr=2.112039|vwap_dist_atr=0.982101|tick=0.01,407.32,35,14256.2,53.2,0.37,0,124.6,0.87,-95.2,-0.67,1817.76,1.82,20
125,Exit short,2026-01-27 11:08,sl1|exit_reason=time,406.38,61,24774.54,-14.64,-0.06,0,42.09,0.17,-76.86,-0.31,1803.12,1.80,20
125,Entry short,2026-01-27 10:48,sl1|ver=0.1.0|variant=baseline|cfg=ema9_atr14_buf0.1_chase1_win3_tgt1.5_hold20_t935-1500_ent2_loss2_dd2_dirboth_risk100|setup_id=ir:0.1.0:BATS:MU:1:1769528820000:short|bars_to_confirm=1|signal_close=406.07|trigger=406.57|stop=407.69|target_r=1.5|risk_ps=1.62|atr=0.932216|vwap_dist_atr=0.98176|tick=0.01,406.14,61,24774.54,-14.64,-0.06,0,42.09,0.17,-76.86,-0.31,1803.12,1.80,20
126,Exit short,2026-01-28 09:58,sl1|exit_reason=target,426.72,72,30841.2,117.36,0.38,0,117.36,0.38,-31.68,-0.10,1920.48,1.92,1
126,Entry short,2026-01-28 09:57,sl1|ver=0.1.0|variant=baseline|cfg=ema9_atr14_buf0.1_chase1_win3_tgt1.5_hold20_t935-1500_ent2_loss2_dd2_dirboth_risk100|setup_id=ir:0.1.0:BATS:MU:1:1769612160000:short|bars_to_confirm=1|signal_close=428.06|trigger=428.1|stop=429.44|target_r=1.5|risk_ps=1.38|atr=2.005766|vwap_dist_atr=0.294162|tick=0.01,428.35,72,30841.2,117.36,0.38,0,117.36,0.38,-31.68,-0.10,1920.48,1.92,1
127,Exit long,2026-01-28 10:48,sl1|exit_reason=target,431.48,59,25305.69,151.63,0.60,0,151.63,0.60,-47.2,-0.19,2072.11,2.07,8
127,Entry long,2026-01-28 10:40,sl1|ver=0.1.0|variant=baseline|cfg=ema9_atr14_buf0.1_chase1_win3_tgt1.5_hold20_t935-1500_ent2_loss2_dd2_dirboth_risk100|setup_id=ir:0.1.0:BATS:MU:1:1769614740000:long|bars_to_confirm=1|signal_close=428.89|trigger=428.31|stop=427.2|target_r=1.5|risk_ps=1.69|atr=1.256368|vwap_dist_atr=0.936288|tick=0.01,428.91,59,25305.69,151.63,0.60,0,151.63,0.60,-47.2,-0.19,2072.11,2.07,8
128,Exit long,2026-01-29 11:57,sl1|exit_reason=stop,430.57,54,23345.28,-94.5,-0.40,0,47.52,0.20,-94.5,-0.40,1977.61,1.98,6
128,Entry long,2026-01-29 11:51,sl1|ver=0.1.0|variant=baseline|cfg=ema9_atr14_buf0.1_chase1_win3_tgt1.5_hold20_t935-1500_ent2_loss2_dd2_dirboth_risk100|setup_id=ir:0.1.0:BATS:MU:1:1769705400000:long|bars_to_confirm=1|signal_close=432.4|trigger=431.89|stop=430.58|target_r=1.5|risk_ps=1.82|atr=1.158179|vwap_dist_atr=0.720645|tick=0.01,432.32,54,23345.28,-94.5,-0.40,0,47.52,0.20,-94.5,-0.40,1977.61,1.98,6
129,Exit short,2026-01-30 09:59,sl1|exit_reason=target,446.58,45,20253.15,157.05,0.78,0,157.05,0.78,-8.55,-0.04,2134.66,2.13,1
129,Entry short,2026-01-30 09:58,sl1|ver=0.1.0|variant=baseline|cfg=ema9_atr14_buf0.1_chase1_win3_tgt1.5_hold20_t935-1500_ent2_loss2_dd2_dirboth_risk100|setup_id=ir:0.1.0:BATS:MU:1:1769785020000:short|bars_to_confirm=1|signal_close=450.2|trigger=450.44|stop=452.4|target_r=1.5|risk_ps=2.2|atr=2.1228|vwap_dist_atr=0.368665|tick=0.01,450.07,45,20253.15,157.05,0.78,0,157.05,0.78,-8.55,-0.04,2134.66,2.13,1
130,Exit short,2026-02-02 10:06,sl1|exit_reason=stop,424.63,38,16035.62,-100.32,-0.63,0,12.54,0.08,-100.32,-0.63,2034.34,2.03,3
130,Entry short,2026-02-02 10:03,sl1|ver=0.1.0|variant=baseline|cfg=ema9_atr14_buf0.1_chase1_win3_tgt1.5_hold20_t935-1500_ent2_loss2_dd2_dirboth_risk100|setup_id=ir:0.1.0:BATS:MU:1:1770044400000:short|bars_to_confirm=3|signal_close=422.01|trigger=422.48|stop=424.62|target_r=1.5|risk_ps=2.61|atr=2.117862|vwap_dist_atr=0.618279|tick=0.01,421.99,38,16035.62,-100.32,-0.63,0,12.54,0.08,-100.32,-0.63,2034.34,2.03,3
131,Exit long,2026-02-03 10:55,sl1|exit_reason=target,428.76,51,21709.17,157.59,0.73,0,157.59,0.73,-26.52,-0.12,2191.93,2.19,6
131,Entry long,2026-02-03 10:49,sl1|ver=0.1.0|variant=baseline|cfg=ema9_atr14_buf0.1_chase1_win3_tgt1.5_hold20_t935-1500_ent2_loss2_dd2_dirboth_risk100|setup_id=ir:0.1.0:BATS:MU:1:1770133680000:long|bars_to_confirm=1|signal_close=425.57|trigger=425.54|stop=423.61|target_r=1.5|risk_ps=1.96|atr=1.530862|vwap_dist_atr=0.406565|tick=0.01,425.67,51,21709.17,157.59,0.73,0,157.59,0.73,-26.52,-0.12,2191.93,2.19,6
132,Exit short,2026-02-03 11:10,sl1|exit_reason=target,422.09,73,30951.27,138.7,0.45,0,138.7,0.45,-17.52,-0.06,2330.63,2.33,0
132,Entry short,2026-02-03 11:10,sl1|ver=0.1.0|variant=baseline|cfg=ema9_atr14_buf0.1_chase1_win3_tgt1.5_hold20_t935-1500_ent2_loss2_dd2_dirboth_risk100|setup_id=ir:0.1.0:BATS:MU:1:1770134940000:short|bars_to_confirm=1|signal_close=424.13|trigger=424.63|stop=425.49|target_r=1.5|risk_ps=1.36|atr=1.23607|vwap_dist_atr=0.861496|tick=0.01,423.99,73,30951.27,138.7,0.45,0,138.7,0.45,-17.52,-0.06,2330.63,2.33,0
133,Exit short,2026-02-04 10:08,sl1|exit_reason=stop,406.61,29,11691.93,-99.76,-0.85,0,55.97,0.48,-99.76,-0.85,2230.87,2.23,6
133,Entry short,2026-02-04 10:02,sl1|ver=0.1.0|variant=baseline|cfg=ema9_atr14_buf0.1_chase1_win3_tgt1.5_hold20_t935-1500_ent2_loss2_dd2_dirboth_risk100|setup_id=ir:0.1.0:BATS:MU:1:1770217260000:short|bars_to_confirm=1|signal_close=403.16|trigger=404.41|stop=406.6|target_r=1.5|risk_ps=3.44|atr=2.552299|vwap_dist_atr=0.994479|tick=0.01,403.17,29,11691.93,-99.76,-0.85,0,55.97,0.48,-99.76,-0.85,2230.87,2.23,6
134,Exit short,2026-02-05 10:06,sl1|exit_reason=target,374.08,26,9874.54,148.46,1.50,0,148.46,1.50,-18.46,-0.19,2379.33,2.38,6
134,Entry short,2026-02-05 10:00,sl1|ver=0.1.0|variant=baseline|cfg=ema9_atr14_buf0.1_chase1_win3_tgt1.5_hold20_t935-1500_ent2_loss2_dd2_dirboth_risk100|setup_id=ir:0.1.0:BATS:MU:1:1770303540000:short|bars_to_confirm=1|signal_close=379.87|trigger=381.3|stop=383.6|target_r=1.5|risk_ps=3.73|atr=3.02298|vwap_dist_atr=0.602102|tick=0.01,379.79,26,9874.54,148.46,1.50,0,148.46,1.50,-18.46,-0.19,2379.33,2.38,6
135,Exit long,2026-02-05 11:29,sl1|exit_reason=target,381.46,42,15867.6,153.72,0.97,0,153.72,0.97,-59.64,-0.38,2533.05,2.53,6
135,Entry long,2026-02-05 11:23,sl1|ver=0.1.0|variant=baseline|cfg=ema9_atr14_buf0.1_chase1_win3_tgt1.5_hold20_t935-1500_ent2_loss2_dd2_dirboth_risk100|setup_id=ir:0.1.0:BATS:MU:1:1770308520000:long|bars_to_confirm=1|signal_close=377.72|trigger=376.775|stop=375.36|target_r=1.5|risk_ps=2.36|atr=1.485401|vwap_dist_atr=0.713805|tick=0.01,377.8,42,15867.6,153.72,0.97,0,153.72,0.97,-59.64,-0.38,2533.05,2.53,6
136,Exit long,2026-02-06 09:52,sl1|exit_reason=target,391.95,17,6522.56,140.59,2.16,0,140.59,2.16,-32.13,-0.49,2673.64,2.67,7
136,Entry long,2026-02-06 09:45,sl1|ver=0.1.0|variant=baseline|cfg=ema9_atr14_buf0.1_chase1_win3_tgt1.5_hold20_t935-1500_ent2_loss2_dd2_dirboth_risk100|setup_id=ir:0.1.0:BATS:MU:1:1770389040000:long|bars_to_confirm=1|signal_close=383.82|trigger=381.81|stop=378.17|target_r=1.5|risk_ps=5.65|atr=3.62297|vwap_dist_atr=0.707012|tick=0.01,383.68,17,6522.56,140.59,2.16,0,140.59,2.16,-32.13,-0.49,2673.64,2.67,7
137,Exit long,2026-02-06 10:12,sl1|exit_reason=stop,381.88,37,14232.05,-102.49,-0.72,0,8.88,0.06,-102.49,-0.72,2571.15,2.57,0
137,Entry long,2026-02-06 10:12,sl1|ver=0.1.0|variant=baseline|cfg=ema9_atr14_buf0.1_chase1_win3_tgt1.5_hold20_t935-1500_ent2_loss2_dd2_dirboth_risk100|setup_id=ir:0.1.0:BATS:MU:1:1770390660000:long|bars_to_confirm=1|signal_close=384.53|trigger=384.47|stop=381.89|target_r=1.5|risk_ps=2.64|atr=2.562582|vwap_dist_atr=0.430445|tick=0.01,384.65,37,14232.05,-102.49,-0.72,0,8.88,0.06,-102.49,-0.72,2571.15,2.57,0
138,Exit long,2026-02-10 10:02,sl1|exit_reason=target,378.47,20,7427.2,142.2,1.91,0,142.2,1.91,-16.4,-0.22,2713.35,2.71,10
138,Entry long,2026-02-10 09:52,sl1|ver=0.1.0|variant=baseline|cfg=ema9_atr14_buf0.1_chase1_win3_tgt1.5_hold20_t935-1500_ent2_loss2_dd2_dirboth_risk100|setup_id=ir:0.1.0:BATS:MU:1:1770735060000:long|bars_to_confirm=1|signal_close=371.43|trigger=371.23|stop=366.62|target_r=1.5|risk_ps=4.81|atr=2.184483|vwap_dist_atr=0.291671|tick=0.01,371.36,20,7427.2,142.2,1.91,0,142.2,1.91,-16.4,-0.22,2713.35,2.71,10
139,Exit long,2026-02-10 11:22,sl1|exit_reason=stop,373.49,112,41920.48,-89.6,-0.21,0,33.6,0.08,-89.6,-0.21,2623.75,2.62,2
139,Entry long,2026-02-10 11:20,sl1|ver=0.1.0|variant=baseline|cfg=ema9_atr14_buf0.1_chase1_win3_tgt1.5_hold20_t935-1500_ent2_loss2_dd2_dirboth_risk100|setup_id=ir:0.1.0:BATS:MU:1:1770740340000:long|bars_to_confirm=1|signal_close=374.39|trigger=374.33|stop=373.5|target_r=1.5|risk_ps=0.89|atr=0.98282|vwap_dist_atr=0.358521|tick=0.01,374.29,112,41920.48,-89.6,-0.21,0,33.6,0.08,-89.6,-0.21,2623.75,2.62,2
140,Exit long,2026-02-11 11:02,sl1|exit_reason=stop,396.07,80,31780.8,-95.2,-0.30,0,129.6,0.41,-95.2,-0.30,2528.55,2.53,5
140,Entry long,2026-02-11 10:57,sl1|ver=0.1.0|variant=baseline|cfg=ema9_atr14_buf0.1_chase1_win3_tgt1.5_hold20_t935-1500_ent2_loss2_dd2_dirboth_risk100|setup_id=ir:0.1.0:BATS:MU:1:1770825300000:long|bars_to_confirm=2|signal_close=397.33|trigger=397.25|stop=396.08|target_r=1.5|risk_ps=1.25|atr=1.559877|vwap_dist_atr=0.161314|tick=0.01,397.26,80,31780.8,-95.2,-0.30,0,129.6,0.41,-95.2,-0.30,2528.55,2.53,5
141,Exit long,2026-02-11 12:25,sl1|exit_reason=target,398.65,93,36927.51,146.94,0.40,0,146.94,0.40,-78.12,-0.21,2675.49,2.68,6
141,Entry long,2026-02-11 12:19,sl1|ver=0.1.0|variant=baseline|cfg=ema9_atr14_buf0.1_chase1_win3_tgt1.5_hold20_t935-1500_ent2_loss2_dd2_dirboth_risk100|setup_id=ir:0.1.0:BATS:MU:1:1770830220000:long|bars_to_confirm=2|signal_close=397.09|trigger=397.07|stop=396.02|target_r=1.5|risk_ps=1.07|atr=0.709987|vwap_dist_atr=0.378482|tick=0.01,397.07,93,36927.51,146.94,0.40,0,146.94,0.40,-78.12,-0.21,2675.49,2.68,6
142,Exit long,2026-02-12 09:56,sl1|exit_reason=stop,431.74,31,13485.31,-101.37,-0.75,0,30.07,0.22,-101.37,-0.75,2574.12,2.57,1
142,Entry long,2026-02-12 09:55,sl1|ver=0.1.0|variant=baseline|cfg=ema9_atr14_buf0.1_chase1_win3_tgt1.5_hold20_t935-1500_ent2_loss2_dd2_dirboth_risk100|setup_id=ir:0.1.0:BATS:MU:1:1770907920000:long|bars_to_confirm=3|signal_close=434.96|trigger=434.5|stop=431.75|target_r=1.5|risk_ps=3.21|atr=2.528843|vwap_dist_atr=0.988134|tick=0.01,435.01,31,13485.31,-101.37,-0.75,0,30.07,0.22,-101.37,-0.75,2574.12,2.57,1
143,Exit short,2026-02-13 09:55,sl1|exit_reason=time,397.15,17,6758.01,6.46,0.10,0,81.94,1.21,-93.5,-1.38,2580.58,2.58,20
143,Entry short,2026-02-13 09:35,sl1|ver=0.1.0|variant=baseline|cfg=ema9_atr14_buf0.1_chase1_win3_tgt1.5_hold20_t935-1500_ent2_loss2_dd2_dirboth_risk100|setup_id=ir:0.1.0:BATS:MU:1:1770993240000:short|bars_to_confirm=1|signal_close=397.73|trigger=399.98|stop=403.3|target_r=1.5|risk_ps=5.57|atr=2.511461|vwap_dist_atr=0.980075|tick=0.01,397.53,17,6758.01,6.46,0.10,0,81.94,1.21,-93.5,-1.38,2580.58,2.58,20
144,Exit long,2026-02-13 10:11,sl1|exit_reason=target,406,28,11218.48,149.52,1.33,0,149.52,1.33,-68.88,-0.61,2730.1,2.73,9
144,Entry long,2026-02-13 10:02,sl1|ver=0.1.0|variant=baseline|cfg=ema9_atr14_buf0.1_chase1_win3_tgt1.5_hold20_t935-1500_ent2_loss2_dd2_dirboth_risk100|setup_id=ir:0.1.0:BATS:MU:1:1770994860000:long|bars_to_confirm=1|signal_close=400.55|trigger=399.45|stop=397.1|target_r=1.5|risk_ps=3.45|atr=2.563633|vwap_dist_atr=0.851946|tick=0.01,400.66,28,11218.48,149.52,1.33,0,149.52,1.33,-68.88,-0.61,2730.1,2.73,9
145,Exit long,2026-02-17 10:22,sl1|exit_reason=stop,399.34,29,11682.65,-101.79,-0.87,0,4.35,0.04,-101.79,-0.87,2628.31,2.63,2
145,Entry long,2026-02-17 10:20,sl1|ver=0.1.0|variant=baseline|cfg=ema9_atr14_buf0.1_chase1_win3_tgt1.5_hold20_t935-1500_ent2_loss2_dd2_dirboth_risk100|setup_id=ir:0.1.0:BATS:MU:1:1771341540000:long|bars_to_confirm=1|signal_close=402.75|trigger=401.93|stop=399.35|target_r=1.5|risk_ps=3.4|atr=1.750106|vwap_dist_atr=0.941513|tick=0.01,402.85,29,11682.65,-101.79,-0.87,0,4.35,0.04,-101.79,-0.87,2628.31,2.63,2
146,Exit short,2026-02-17 12:47,sl1|exit_reason=stop,404.03,105,42339.15,-84,-0.20,0,15.75,0.04,-84,-0.20,2544.31,2.54,1
146,Entry short,2026-02-17 12:46,sl1|ver=0.1.0|variant=baseline|cfg=ema9_atr14_buf0.1_chase1_win3_tgt1.5_hold20_t935-1500_ent2_loss2_dd2_dirboth_risk100|setup_id=ir:0.1.0:BATS:MU:1:1771350300000:short|bars_to_confirm=1|signal_close=403.07|trigger=403.2|stop=404.02|target_r=1.5|risk_ps=0.95|atr=0.818496|vwap_dist_atr=0.404682|tick=0.01,403.23,105,42339.15,-84,-0.20,0,15.75,0.04,-84,-0.20,2544.31,2.54,1
147,Exit short,2026-02-18 09:43,sl1|exit_reason=stop,403.56,22,8781.3,-97.02,-1.10,0,33.44,0.38,-97.02,-1.10,2447.29,2.45,5
147,Entry short,2026-02-18 09:38,sl1|ver=0.1.0|variant=baseline|cfg=ema9_atr14_buf0.1_chase1_win3_tgt1.5_hold20_t935-1500_ent2_loss2_dd2_dirboth_risk100|setup_id=ir:0.1.0:BATS:MU:1:1771425420000:short|bars_to_confirm=1|signal_close=399.03|trigger=400.53|stop=403.55|target_r=1.5|risk_ps=4.52|atr=2.105746|vwap_dist_atr=0.717186|tick=0.01,399.15,22,8781.3,-97.02,-1.10,0,33.44,0.38,-97.02,-1.10,2447.29,2.45,5
148,Exit long,2026-02-19 10:15,sl1|exit_reason=target,417.98,31,12812.61,144.77,1.13,0,144.77,1.13,-42.16,-0.33,2592.06,2.59,17
148,Entry long,2026-02-19 09:58,sl1|ver=0.1.0|variant=baseline|cfg=ema9_atr14_buf0.1_chase1_win3_tgt1.5_hold20_t935-1500_ent2_loss2_dd2_dirboth_risk100|setup_id=ir:0.1.0:BATS:MU:1:1771512960000:long|bars_to_confirm=2|signal_close=413.36|trigger=413.3|stop=410.2|target_r=1.5|risk_ps=3.16|atr=2.030942|vwap_dist_atr=0.459681|tick=0.01,413.31,31,12812.61,144.77,1.13,0,144.77,1.13,-42.16,-0.33,2592.06,2.59,17
149,Exit short,2026-02-19 12:10,sl1|exit_reason=time,413.54,62,25656.22,16.74,0.07,0,112.22,0.44,-50.22,-0.20,2608.8,2.61,20
149,Entry short,2026-02-19 11:50,sl1|ver=0.1.0|variant=baseline|cfg=ema9_atr14_buf0.1_chase1_win3_tgt1.5_hold20_t935-1500_ent2_loss2_dd2_dirboth_risk100|setup_id=ir:0.1.0:BATS:MU:1:1771519740000:short|bars_to_confirm=1|signal_close=413.95|trigger=414.37|stop=415.56|target_r=1.5|risk_ps=1.61|atr=0.732932|vwap_dist_atr=0.872718|tick=0.01,413.81,62,25656.22,16.74,0.07,0,112.22,0.44,-50.22,-0.20,2608.8,2.61,20
150,Exit short,2026-02-20 09:54,sl1|exit_reason=target,420.2,28,11911.76,146.16,1.23,0,146.16,1.23,-30.24,-0.25,2754.96,2.75,5
150,Entry short,2026-02-20 09:49,sl1|ver=0.1.0|variant=baseline|cfg=ema9_atr14_buf0.1_chase1_win3_tgt1.5_hold20_t935-1500_ent2_loss2_dd2_dirboth_risk100|setup_id=ir:0.1.0:BATS:MU:1:1771598880000:short|bars_to_confirm=1|signal_close=425.37|trigger=425.42|stop=428.9|target_r=1.5|risk_ps=3.53|atr=1.828699|vwap_dist_atr=0.097389|tick=0.01,425.42,28,11911.76,146.16,1.23,0,146.16,1.23,-30.24,-0.25,2754.96,2.75,5
151,Exit short,2026-02-20 10:45,sl1|exit_reason=stop,424.69,48,20277.12,-108,-0.53,0,54.72,0.27,-108,-0.53,2646.96,2.65,14
151,Entry short,2026-02-20 10:31,sl1|ver=0.1.0|variant=baseline|cfg=ema9_atr14_buf0.1_chase1_win3_tgt1.5_hold20_t935-1500_ent2_loss2_dd2_dirboth_risk100|setup_id=ir:0.1.0:BATS:MU:1:1771601280000:short|bars_to_confirm=3|signal_close=422.6|trigger=423.02|stop=424.68|target_r=1.5|risk_ps=2.08|atr=1.574235|vwap_dist_atr=0.876592|tick=0.01,422.44,48,20277.12,-108,-0.53,0,54.72,0.27,-108,-0.53,2646.96,2.65,14
152,Exit short,2026-02-23 10:55,sl1|exit_reason=time,419.44,38,16050.82,112.1,0.70,0,125.4,0.78,-32.3,-0.20,2759.06,2.76,20
152,Entry short,2026-02-23 10:35,sl1|ver=0.1.0|variant=baseline|cfg=ema9_atr14_buf0.1_chase1_win3_tgt1.5_hold20_t935-1500_ent2_loss2_dd2_dirboth_risk100|setup_id=ir:0.1.0:BATS:MU:1:1771860840000:short|bars_to_confirm=1|signal_close=422.44|trigger=422.6|stop=425.06|target_r=1.5|risk_ps=2.62|atr=1.295146|vwap_dist_atr=0.835302|tick=0.01,422.39,38,16050.82,112.1,0.70,0,125.4,0.78,-32.3,-0.20,2759.06,2.76,20
153,Exit long,2026-02-23 13:27,sl1|exit_reason=stop,421.74,243,102626.19,-143.37,-0.14,0,162.81,0.16,-143.37,-0.14,2615.69,2.62,4
153,Entry long,2026-02-23 13:23,sl1|ver=0.1.0|variant=baseline|cfg=ema9_atr14_buf0.1_chase1_win3_tgt1.5_hold20_t935-1500_ent2_loss2_dd2_dirboth_risk100|setup_id=ir:0.1.0:BATS:MU:1:1771870920000:long|bars_to_confirm=1|signal_close=422.14|trigger=422.13|stop=421.75|target_r=1.5|risk_ps=0.39|atr=0.464231|vwap_dist_atr=0.130725|tick=0.01,422.33,243,102626.19,-143.37,-0.14,0,162.81,0.16,-143.37,-0.14,2615.69,2.62,4
154,Exit short,2026-02-24 10:12,sl1|exit_reason=time,423.25,22,9355.06,43.56,0.47,0,95.48,1.02,-14.3,-0.15,2659.25,2.66,20
154,Entry short,2026-02-24 09:52,sl1|ver=0.1.0|variant=baseline|cfg=ema9_atr14_buf0.1_chase1_win3_tgt1.5_hold20_t935-1500_ent2_loss2_dd2_dirboth_risk100|setup_id=ir:0.1.0:BATS:MU:1:1771944660000:short|bars_to_confirm=1|signal_close=425.3|trigger=426.35|stop=429.77|target_r=1.5|risk_ps=4.47|atr=2.703824|vwap_dist_atr=0.917561|tick=0.01,425.23,22,9355.06,43.56,0.47,0,95.48,1.02,-14.3,-0.15,2659.25,2.66,20
155,Exit short,2026-02-24 13:35,sl1|exit_reason=target,425.45,151,64392.44,149.49,0.23,0,149.49,0.23,-96.64,-0.15,2808.74,2.81,4
155,Entry short,2026-02-24 13:31,sl1|ver=0.1.0|variant=baseline|cfg=ema9_atr14_buf0.1_chase1_win3_tgt1.5_hold20_t935-1500_ent2_loss2_dd2_dirboth_risk100|setup_id=ir:0.1.0:BATS:MU:1:1771957800000:short|bars_to_confirm=1|signal_close=426.44|trigger=426.8|stop=427.1|target_r=1.5|risk_ps=0.66|atr=0.458888|vwap_dist_atr=0.863139|tick=0.01,426.44,151,64392.44,149.49,0.23,0,149.49,0.23,-96.64,-0.15,2808.74,2.81,4
156,Exit long,2026-02-25 10:09,sl1|exit_reason=stop,431.15,57,24666.75,-91.2,-0.37,0,47.88,0.19,-91.2,-0.37,2717.54,2.72,3
156,Entry long,2026-02-25 10:06,sl1|ver=0.1.0|variant=baseline|cfg=ema9_atr14_buf0.1_chase1_win3_tgt1.5_hold20_t935-1500_ent2_loss2_dd2_dirboth_risk100|setup_id=ir:0.1.0:BATS:MU:1:1772031840000:long|bars_to_confirm=2|signal_close=432.9|trigger=432.88|stop=431.16|target_r=1.5|risk_ps=1.74|atr=1.399059|vwap_dist_atr=0.836223|tick=0.01,432.75,57,24666.75,-91.2,-0.37,0,47.88,0.19,-91.2,-0.37,2717.54,2.72,3
157,Exit long,2026-02-25 10:39,sl1|exit_reason=stop,430.88,56,24236.24,-106.96,-0.44,0,68.88,0.28,-106.96,-0.44,2610.58,2.61,12
157,Entry long,2026-02-25 10:27,sl1|ver=0.1.0|variant=baseline|cfg=ema9_atr14_buf0.1_chase1_win3_tgt1.5_hold20_t935-1500_ent2_loss2_dd2_dirboth_risk100|setup_id=ir:0.1.0:BATS:MU:1:1772033100000:long|bars_to_confirm=2|signal_close=432.65|trigger=432.25|stop=430.89|target_r=1.5|risk_ps=1.76|atr=1.122157|vwap_dist_atr=0.905869|tick=0.01,432.79,56,24236.24,-106.96,-0.44,0,68.88,0.28,-106.96,-0.44,2610.58,2.61,12
158,Exit short,2026-02-26 12:28,sl1|exit_reason=target,412.25,63,26111.61,139.86,0.54,0,139.86,0.54,-0.63,0.00,2750.44,2.75,14
158,Entry short,2026-02-26 12:14,sl1|ver=0.1.0|variant=baseline|cfg=ema9_atr14_buf0.1_chase1_win3_tgt1.5_hold20_t935-1500_ent2_loss2_dd2_dirboth_risk100|setup_id=ir:0.1.0:BATS:MU:1:1772125980000:short|bars_to_confirm=1|signal_close=414.37|trigger=414.7|stop=415.95|target_r=1.5|risk_ps=1.58|atr=0.798878|vwap_dist_atr=0.916124|tick=0.01,414.47,63,26111.61,139.86,0.54,0,139.86,0.54,-0.63,0.00,2750.44,2.75,14
159,Exit short,2026-02-27 09:45,sl1|exit_reason=stop,408.85,39,15856.23,-88.92,-0.56,0,30.03,0.19,-88.92,-0.56,2661.52,2.66,1
159,Entry short,2026-02-27 09:44,sl1|ver=0.1.0|variant=baseline|cfg=ema9_atr14_buf0.1_chase1_win3_tgt1.5_hold20_t935-1500_ent2_loss2_dd2_dirboth_risk100|setup_id=ir:0.1.0:BATS:MU:1:1772203380000:short|bars_to_confirm=1|signal_close=406.31|trigger=406.9|stop=408.84|target_r=1.5|risk_ps=2.53|atr=1.708312|vwap_dist_atr=0.892314|tick=0.01,406.57,39,15856.23,-88.92,-0.56,0,30.03,0.19,-88.92,-0.56,2661.52,2.66,1
160,Exit long,2026-02-27 12:40,sl1|exit_reason=stop,411.55,84,34677.72,-107.52,-0.31,0,85.68,0.25,-107.52,-0.31,2554,2.55,5
160,Entry long,2026-02-27 12:35,sl1|ver=0.1.0|variant=baseline|cfg=ema9_atr14_buf0.1_chase1_win3_tgt1.5_hold20_t935-1500_ent2_loss2_dd2_dirboth_risk100|setup_id=ir:0.1.0:BATS:MU:1:1772213640000:long|bars_to_confirm=1|signal_close=412.74|trigger=412.57|stop=411.56|target_r=1.5|risk_ps=1.18|atr=0.67061|vwap_dist_atr=0.993335|tick=0.01,412.83,84,34677.72,-107.52,-0.31,0,85.68,0.25,-107.52,-0.31,2554,2.55,5
161,Exit long,2026-03-02 11:10,sl1|exit_reason=stop,406.69,54,22065.48,-104.22,-0.47,0,28.62,0.13,-104.22,-0.47,2449.78,2.45,4
161,Entry long,2026-03-02 11:06,sl1|ver=0.1.0|variant=baseline|cfg=ema9_atr14_buf0.1_chase1_win3_tgt1.5_hold20_t935-1500_ent2_loss2_dd2_dirboth_risk100|setup_id=ir:0.1.0:BATS:MU:1:1772467500000:long|bars_to_confirm=1|signal_close=408.52|trigger=407.93|stop=406.7|target_r=1.5|risk_ps=1.82|atr=1.345132|vwap_dist_atr=0.898871|tick=0.01,408.62,54,22065.48,-104.22,-0.47,0,28.62,0.13,-104.22,-0.47,2449.78,2.45,4
162,Exit short,2026-03-02 11:34,sl1|exit_reason=stop,409.69,38,15472.84,-95.38,-0.62,0,19.76,0.13,-95.38,-0.62,2354.4,2.35,7
162,Entry short,2026-03-02 11:27,sl1|ver=0.1.0|variant=baseline|cfg=ema9_atr14_buf0.1_chase1_win3_tgt1.5_hold20_t935-1500_ent2_loss2_dd2_dirboth_risk100|setup_id=ir:0.1.0:BATS:MU:1:1772468760000:short|bars_to_confirm=1|signal_close=407.05|trigger=407.5|stop=409.68|target_r=1.5|risk_ps=2.63|atr=1.324865|vwap_dist_atr=0.410777|tick=0.01,407.18,38,15472.84,-95.38,-0.62,0,19.76,0.13,-95.38,-0.62,2354.4,2.35,7
163,Exit long,2026-03-03 10:08,sl1|exit_reason=time,386.31,32,12362.56,-0.64,-0.01,0,107.84,0.87,-95.36,-0.77,2353.76,2.35,20
163,Entry long,2026-03-03 09:48,sl1|ver=0.1.0|variant=baseline|cfg=ema9_atr14_buf0.1_chase1_win3_tgt1.5_hold20_t935-1500_ent2_loss2_dd2_dirboth_risk100|setup_id=ir:0.1.0:BATS:MU:1:1772549220000:long|bars_to_confirm=1|signal_close=386.32|trigger=386.11|stop=383.25|target_r=1.5|risk_ps=3.07|atr=2.412879|vwap_dist_atr=0.839498|tick=0.01,386.33,32,12362.56,-0.64,-0.01,0,107.84,0.87,-95.36,-0.77,2353.76,2.35,20
164,Exit long,2026-03-03 11:05,sl1|exit_reason=target,386.36,61,23406.92,161.04,0.69,0,161.04,0.69,-12.2,-0.05,2514.8,2.51,1
164,Entry long,2026-03-03 11:04,sl1|ver=0.1.0|variant=baseline|cfg=ema9_atr14_buf0.1_chase1_win3_tgt1.5_hold20_t935-1500_ent2_loss2_dd2_dirboth_risk100|setup_id=ir:0.1.0:BATS:MU:1:1772553780000:long|bars_to_confirm=1|signal_close=383.58|trigger=383.3|stop=381.96|target_r=1.5|risk_ps=1.62|atr=1.343442|vwap_dist_atr=0.740098|tick=0.01,383.72,61,23406.92,161.04,0.69,0,161.04,0.69,-12.2,-0.05,2514.8,2.51,1
165,Exit long,2026-03-04 09:51,sl1|exit_reason=stop,390.78,48,18862.56,-105.12,-0.56,0,30.24,0.16,-105.12,-0.56,2409.68,2.41,1
165,Entry long,2026-03-04 09:50,sl1|ver=0.1.0|variant=baseline|cfg=ema9_atr14_buf0.1_chase1_win3_tgt1.5_hold20_t935-1500_ent2_loss2_dd2_dirboth_risk100|setup_id=ir:0.1.0:BATS:MU:1:1772635740000:long|bars_to_confirm=1|signal_close=392.86|trigger=392.72|stop=390.79|target_r=1.5|risk_ps=2.07|atr=1.936182|vwap_dist_atr=0.589486|tick=0.01,392.97,48,18862.56,-105.12,-0.56,0,30.24,0.16,-105.12,-0.56,2409.68,2.41,1
166,Exit long,2026-03-04 10:15,sl1|exit_reason=target,395.38,49,19222.7,150.92,0.79,0,150.92,0.79,-83.79,-0.44,2560.6,2.56,13
166,Entry long,2026-03-04 10:02,sl1|ver=0.1.0|variant=baseline|cfg=ema9_atr14_buf0.1_chase1_win3_tgt1.5_hold20_t935-1500_ent2_loss2_dd2_dirboth_risk100|setup_id=ir:0.1.0:BATS:MU:1:1772636460000:long|bars_to_confirm=1|signal_close=392.26|trigger=391.95|stop=390.25|target_r=1.5|risk_ps=2.01|atr=1.742043|vwap_dist_atr=0.367085|tick=0.01,392.3,49,19222.7,150.92,0.79,0,150.92,0.79,-83.79,-0.44,2560.6,2.56,13
167,Exit long,2026-03-05 09:59,sl1|exit_reason=stop,400.05,61,24503.7,-100.65,-0.41,0,57.34,0.23,-100.65,-0.41,2459.95,2.46,2
167,Entry long,2026-03-05 09:57,sl1|ver=0.1.0|variant=baseline|cfg=ema9_atr14_buf0.1_chase1_win3_tgt1.5_hold20_t935-1500_ent2_loss2_dd2_dirboth_risk100|setup_id=ir:0.1.0:BATS:MU:1:1772722560000:long|bars_to_confirm=1|signal_close=401.68|trigger=401.27|stop=400.06|target_r=1.5|risk_ps=1.62|atr=1.484421|vwap_dist_atr=0.607059|tick=0.01,401.7,61,24503.7,-100.65,-0.41,0,57.34,0.23,-100.65,-0.41,2459.95,2.46,2
168,Exit short,2026-03-05 10:11,sl1|exit_reason=stop,401.79,53,21183.57,-111.3,-0.53,0,28.09,0.13,-111.3,-0.53,2348.65,2.35,3
168,Entry short,2026-03-05 10:08,sl1|ver=0.1.0|variant=baseline|cfg=ema9_atr14_buf0.1_chase1_win3_tgt1.5_hold20_t935-1500_ent2_loss2_dd2_dirboth_risk100|setup_id=ir:0.1.0:BATS:MU:1:1772723160000:short|bars_to_confirm=2|signal_close=399.92|trigger=400.31|stop=401.78|target_r=1.5|risk_ps=1.86|atr=1.312095|vwap_dist_atr=0.670636|tick=0.01,399.69,53,21183.57,-111.3,-0.53,0,28.09,0.13,-111.3,-0.53,2348.65,2.35,3
169,Exit short,2026-03-06 09:38,sl1|exit_reason=stop,381.31,35,13252.75,-93.1,-0.70,0,15.75,0.12,-93.1,-0.70,2255.55,2.26,1
169,Entry short,2026-03-06 09:37,sl1|ver=0.1.0|variant=baseline|cfg=ema9_atr14_buf0.1_chase1_win3_tgt1.5_hold20_t935-1500_ent2_loss2_dd2_dirboth_risk100|setup_id=ir:0.1.0:BATS:MU:1:1772807760000:short|bars_to_confirm=1|signal_close=378.52|trigger=378.84|stop=381.3|target_r=1.5|risk_ps=2.78|atr=1.736846|vwap_dist_atr=0.652105|tick=0.01,378.65,35,13252.75,-93.1,-0.70,0,15.75,0.12,-93.1,-0.70,2255.55,2.26,1
170,Exit long,2026-03-06 12:35,sl1|exit_reason=stop,385.43,172,66381.68,-87.72,-0.13,0,0,0.00,-87.72,-0.13,2167.83,2.17,0
170,Entry long,2026-03-06 12:35,sl1|ver=0.1.0|variant=baseline|cfg=ema9_atr14_buf0.1_chase1_win3_tgt1.5_hold20_t935-1500_ent2_loss2_dd2_dirboth_risk100|setup_id=ir:0.1.0:BATS:MU:1:1772818440000:long|bars_to_confirm=1|signal_close=386.02|trigger=385.92|stop=385.44|target_r=1.5|risk_ps=0.58|atr=0.689366|vwap_dist_atr=0.925551|tick=0.01,385.94,172,66381.68,-87.72,-0.13,0,0,0.00,-87.72,-0.13,2167.83,2.17,0
171,Exit short,2026-03-09 09:42,sl1|exit_reason=target,358.67,36,13064.4,152.28,1.17,0,152.28,1.17,-20.88,-0.16,2320.11,2.32,4
171,Entry short,2026-03-09 09:38,sl1|ver=0.1.0|variant=baseline|cfg=ema9_atr14_buf0.1_chase1_win3_tgt1.5_hold20_t935-1500_ent2_loss2_dd2_dirboth_risk100|setup_id=ir:0.1.0:BATS:MU:1:1773063420000:short|bars_to_confirm=1|signal_close=363|trigger=363.84|stop=365.72|target_r=1.5|risk_ps=2.72|atr=2.010174|vwap_dist_atr=0.855843|tick=0.01,362.9,36,13064.4,152.28,1.17,0,152.28,1.17,-20.88,-0.16,2320.11,2.32,4
172,Exit long,2026-03-09 10:30,sl1|exit_reason=target,368.78,35,12748.05,159.25,1.25,0,159.25,1.25,-38.15,-0.30,2479.36,2.48,12
172,Entry long,2026-03-09 10:18,sl1|ver=0.1.0|variant=baseline|cfg=ema9_atr14_buf0.1_chase1_win3_tgt1.5_hold20_t935-1500_ent2_loss2_dd2_dirboth_risk100|setup_id=ir:0.1.0:BATS:MU:1:1773065820000:long|bars_to_confirm=1|signal_close=364.02|trigger=363.19|stop=361.2|target_r=1.5|risk_ps=2.82|atr=1.633004|vwap_dist_atr=0.997667|tick=0.01,364.23,35,12748.05,159.25,1.25,0,159.25,1.25,-38.15,-0.30,2479.36,2.48,12
173,Exit short,2026-03-10 14:50,sl1|exit_reason=stop,409.56,78,31828.68,-117,-0.37,0,21.06,0.07,-117,-0.37,2362.36,2.36,5
173,Entry short,2026-03-10 14:45,sl1|ver=0.1.0|variant=baseline|cfg=ema9_atr14_buf0.1_chase1_win3_tgt1.5_hold20_t935-1500_ent2_loss2_dd2_dirboth_risk100|setup_id=ir:0.1.0:BATS:MU:1:1773168240000:short|bars_to_confirm=1|signal_close=408.28|trigger=408.69|stop=409.55|target_r=1.5|risk_ps=1.27|atr=0.987859|vwap_dist_atr=0.727803|tick=0.01,408.06,78,31828.68,-117,-0.37,0,21.06,0.07,-117,-0.37,2362.36,2.36,5
174,Exit short,2026-03-10 15:14,sl1|exit_reason=time,407.41,59,24100.91,63.72,0.26,0,122.13,0.51,-35.99,-0.15,2426.08,2.43,20
174,Entry short,2026-03-10 14:54,sl1|ver=0.1.0|variant=baseline|cfg=ema9_atr14_buf0.1_chase1_win3_tgt1.5_hold20_t935-1500_ent2_loss2_dd2_dirboth_risk100|setup_id=ir:0.1.0:BATS:MU:1:1773168720000:short|bars_to_confirm=2|signal_close=408.44|trigger=408.625|stop=410.12|target_r=1.5|risk_ps=1.68|atr=0.935729|vwap_dist_atr=0.594249|tick=0.01,408.49,59,24100.91,63.72,0.26,0,122.13,0.51,-35.99,-0.15,2426.08,2.43,20
175,Exit long,2026-03-11 10:01,sl1|exit_reason=target,416.12,28,11497.92,153.44,1.33,0,153.44,1.33,-96.04,-0.84,2579.52,2.58,18
175,Entry long,2026-03-11 09:43,sl1|ver=0.1.0|variant=baseline|cfg=ema9_atr14_buf0.1_chase1_win3_tgt1.5_hold20_t935-1500_ent2_loss2_dd2_dirboth_risk100|setup_id=ir:0.1.0:BATS:MU:1:1773236520000:long|bars_to_confirm=1|signal_close=410.52|trigger=410.05|stop=406.99|target_r=1.5|risk_ps=3.53|atr=1.642365|vwap_dist_atr=0.632198|tick=0.01,410.64,28,11497.92,153.44,1.33,0,153.44,1.33,-96.04,-0.84,2579.52,2.58,18
176,Exit short,2026-03-12 09:46,sl1|exit_reason=target,405.67,39,15981.81,160.68,1.01,0,160.68,1.01,-4.68,-0.03,2740.2,2.74,6
176,Entry short,2026-03-12 09:40,sl1|ver=0.1.0|variant=baseline|cfg=ema9_atr14_buf0.1_chase1_win3_tgt1.5_hold20_t935-1500_ent2_loss2_dd2_dirboth_risk100|setup_id=ir:0.1.0:BATS:MU:1:1773322680000:short|bars_to_confirm=2|signal_close=410|trigger=410.75|stop=412.54|target_r=1.5|risk_ps=2.54|atr=1.468503|vwap_dist_atr=0.615595|tick=0.01,409.79,39,15981.81,160.68,1.01,0,160.68,1.01,-4.68,-0.03,2740.2,2.74,6
177,Exit long,2026-03-12 12:04,sl1|exit_reason=target,406.45,69,27914.64,130.41,0.47,0,130.41,0.47,-4.14,-0.01,2870.61,2.87,3
177,Entry long,2026-03-12 12:01,sl1|ver=0.1.0|variant=baseline|cfg=ema9_atr14_buf0.1_chase1_win3_tgt1.5_hold20_t935-1500_ent2_loss2_dd2_dirboth_risk100|setup_id=ir:0.1.0:BATS:MU:1:1773331140000:long|bars_to_confirm=2|signal_close=404.74|trigger=404.6|stop=403.3|target_r=1.5|risk_ps=1.44|atr=0.988838|vwap_dist_atr=0.495639|tick=0.01,404.56,69,27914.64,130.41,0.47,0,130.41,0.47,-4.14,-0.01,2870.61,2.87,3
178,Exit short,2026-03-13 10:47,sl1|exit_reason=target,420.73,112,47304.32,182.56,0.39,0,182.56,0.39,-20.16,-0.04,3053.17,3.05,3
178,Entry short,2026-03-13 10:44,sl1|ver=0.1.0|variant=baseline|cfg=ema9_atr14_buf0.1_chase1_win3_tgt1.5_hold20_t935-1500_ent2_loss2_dd2_dirboth_risk100|setup_id=ir:0.1.0:BATS:MU:1:1773412920000:short|bars_to_confirm=2|signal_close=422.56|trigger=422.77|stop=423.45|target_r=1.5|risk_ps=0.89|atr=1.049892|vwap_dist_atr=0.471904|tick=0.01,422.36,112,47304.32,182.56,0.39,0,182.56,0.39,-20.16,-0.04,3053.17,3.05,3
179,Exit long,2026-03-13 12:42,sl1|exit_reason=target,424.69,65,27451.45,153.4,0.56,0,153.4,0.56,-16.25,-0.06,3206.57,3.21,4
179,Entry long,2026-03-13 12:38,sl1|ver=0.1.0|variant=baseline|cfg=ema9_atr14_buf0.1_chase1_win3_tgt1.5_hold20_t935-1500_ent2_loss2_dd2_dirboth_risk100|setup_id=ir:0.1.0:BATS:MU:1:1773419820000:long|bars_to_confirm=1|signal_close=422.29|trigger=422.2|stop=420.76|target_r=1.5|risk_ps=1.53|atr=0.925626|vwap_dist_atr=0.138965|tick=0.01,422.33,65,27451.45,153.4,0.56,0,153.4,0.56,-16.25,-0.06,3206.57,3.21,4
180,Exit long,2026-03-16 10:05,sl1|exit_reason=time,449.85,31,13992.47,-47.12,-0.34,0,108.5,0.78,-52.39,-0.37,3159.45,3.16,20
180,Entry long,2026-03-16 09:45,sl1|ver=0.1.0|variant=baseline|cfg=ema9_atr14_buf0.1_chase1_win3_tgt1.5_hold20_t935-1500_ent2_loss2_dd2_dirboth_risk100|setup_id=ir:0.1.0:BATS:MU:1:1773668520000:long|bars_to_confirm=3|signal_close=451.42|trigger=451.19|stop=448.24|target_r=1.5|risk_ps=3.18|atr=1.940641|vwap_dist_atr=0.749991|tick=0.01,451.37,31,13992.47,-47.12,-0.34,0,108.5,0.78,-52.39,-0.37,3159.45,3.16,20
181,Exit short,2026-03-16 12:32,sl1|exit_reason=stop,449.9,90,40373.1,-117.9,-0.29,0,82.8,0.21,-117.9,-0.29,3041.55,3.04,18
181,Entry short,2026-03-16 12:14,sl1|ver=0.1.0|variant=baseline|cfg=ema9_atr14_buf0.1_chase1_win3_tgt1.5_hold20_t935-1500_ent2_loss2_dd2_dirboth_risk100|setup_id=ir:0.1.0:BATS:MU:1:1773677580000:short|bars_to_confirm=1|signal_close=448.79|trigger=448.8|stop=449.89|target_r=1.5|risk_ps=1.1|atr=0.658385|vwap_dist_atr=0.552591|tick=0.01,448.59,90,40373.1,-117.9,-0.29,0,82.8,0.21,-117.9,-0.29,3041.55,3.04,18
182,Exit short,2026-03-17 10:18,sl1|exit_reason=stop,450.54,51,22872.99,-104.55,-0.46,0,45.39,0.20,-104.55,-0.46,2937,2.94,14
182,Entry short,2026-03-17 10:04,sl1|ver=0.1.0|variant=baseline|cfg=ema9_atr14_buf0.1_chase1_win3_tgt1.5_hold20_t935-1500_ent2_loss2_dd2_dirboth_risk100|setup_id=ir:0.1.0:BATS:MU:1:1773756180000:short|bars_to_confirm=1|signal_close=448.6|trigger=448.76|stop=450.53|target_r=1.5|risk_ps=1.93|atr=1.478813|vwap_dist_atr=0.327059|tick=0.01,448.49,51,22872.99,-104.55,-0.46,0,45.39,0.20,-104.55,-0.46,2937,2.94,14
183,Exit long,2026-03-18 10:15,sl1|exit_reason=time,464.34,41,19032.2,5.74,0.03,0,132.43,0.70,-63.55,-0.33,2942.74,2.94,20
183,Entry long,2026-03-18 09:55,sl1|ver=0.1.0|variant=baseline|cfg=ema9_atr14_buf0.1_chase1_win3_tgt1.5_hold20_t935-1500_ent2_loss2_dd2_dirboth_risk100|setup_id=ir:0.1.0:BATS:MU:1:1773842040000:long|bars_to_confirm=1|signal_close=464.01|trigger=463.865|stop=461.62|target_r=1.5|risk_ps=2.39|atr=1.80612|vwap_dist_atr=0.597225|tick=0.01,464.2,41,19032.2,5.74,0.03,0,132.43,0.70,-63.55,-0.33,2942.74,2.94,20
184,Exit short,2026-03-18 10:26,sl1|exit_reason=target,460.64,56,25940.32,144.48,0.56,0,144.48,0.56,-61.6,-0.24,3087.22,3.09,6
184,Entry short,2026-03-18 10:20,sl1|ver=0.1.0|variant=baseline|cfg=ema9_atr14_buf0.1_chase1_win3_tgt1.5_hold20_t935-1500_ent2_loss2_dd2_dirboth_risk100|setup_id=ir:0.1.0:BATS:MU:1:1773843540000:short|bars_to_confirm=1|signal_close=463.18|trigger=463.3|stop=464.94|target_r=1.5|risk_ps=1.76|atr=1.313398|vwap_dist_atr=0.586789|tick=0.01,463.22,56,25940.32,144.48,0.56,0,144.48,0.56,-61.6,-0.24,3087.22,3.09,6
185,Exit short,2026-03-20 10:12,sl1|exit_reason=target,434.09,26,11430.64,144.3,1.26,0,144.3,1.26,-19.76,-0.17,3231.52,3.23,18
185,Entry short,2026-03-20 09:54,sl1|ver=0.1.0|variant=baseline|cfg=ema9_atr14_buf0.1_chase1_win3_tgt1.5_hold20_t935-1500_ent2_loss2_dd2_dirboth_risk100|setup_id=ir:0.1.0:BATS:MU:1:1774014720000:short|bars_to_confirm=2|signal_close=439.56|trigger=439.62|stop=443.34|target_r=1.5|risk_ps=3.78|atr=2.374097|vwap_dist_atr=0.943478|tick=0.01,439.64,26,11430.64,144.3,1.26,0,144.3,1.26,-19.76,-0.17,3231.52,3.23,18
186,Exit long,2026-03-23 09:55,sl1|exit_reason=stop,419.92,15,6395.4,-96.6,-1.51,0,55.35,0.87,-96.6,-1.51,3134.92,3.13,8
186,Entry long,2026-03-23 09:47,sl1|ver=0.1.0|variant=baseline|cfg=ema9_atr14_buf0.1_chase1_win3_tgt1.5_hold20_t935-1500_ent2_loss2_dd2_dirboth_risk100|setup_id=ir:0.1.0:BATS:MU:1:1774273560000:long|bars_to_confirm=1|signal_close=426.36|trigger=424.88|stop=419.93|target_r=1.5|risk_ps=6.43|atr=2.558638|vwap_dist_atr=0.888767|tick=0.01,426.36,15,6395.4,-96.6,-1.51,0,55.35,0.87,-96.6,-1.51,3134.92,3.13,8
187,Exit short,2026-03-23 11:00,sl1|exit_reason=time,419.86,60,25331.4,139.8,0.55,0,166.2,0.66,-78.6,-0.31,3274.72,3.27,20
187,Entry short,2026-03-23 10:40,sl1|ver=0.1.0|variant=baseline|cfg=ema9_atr14_buf0.1_chase1_win3_tgt1.5_hold20_t935-1500_ent2_loss2_dd2_dirboth_risk100|setup_id=ir:0.1.0:BATS:MU:1:1774276620000:short|bars_to_confirm=3|signal_close=422.41|trigger=422.59|stop=424.07|target_r=1.5|risk_ps=1.66|atr=1.473843|vwap_dist_atr=0.534769|tick=0.01,422.19,60,25331.4,139.8,0.55,0,166.2,0.66,-78.6,-0.31,3274.72,3.27,20
188,Exit short,2026-03-24 10:22,sl1|exit_reason=target,392.08,44,17397.16,145.64,0.84,0,145.64,0.84,-80.08,-0.46,3420.36,3.42,8
188,Entry short,2026-03-24 10:14,sl1|ver=0.1.0|variant=baseline|cfg=ema9_atr14_buf0.1_chase1_win3_tgt1.5_hold20_t935-1500_ent2_loss2_dd2_dirboth_risk100|setup_id=ir:0.1.0:BATS:MU:1:1774361580000:short|bars_to_confirm=1|signal_close=395.34|trigger=395.4|stop=397.6|target_r=1.5|risk_ps=2.26|atr=1.689625|vwap_dist_atr=0.609054|tick=0.01,395.39,44,17397.16,145.64,0.84,0,145.64,0.84,-80.08,-0.46,3420.36,3.42,8
189,Exit long,2026-03-24 12:51,sl1|exit_reason=stop,394.44,124,49012.24,-101.68,-0.21,0,29.76,0.06,-101.68,-0.21,3318.68,3.32,6
189,Entry long,2026-03-24 12:45,sl1|ver=0.1.0|variant=baseline|cfg=ema9_atr14_buf0.1_chase1_win3_tgt1.5_hold20_t935-1500_ent2_loss2_dd2_dirboth_risk100|setup_id=ir:0.1.0:BATS:MU:1:1774370640000:long|bars_to_confirm=1|signal_close=395.25|trigger=395.24|stop=394.45|target_r=1.5|risk_ps=0.8|atr=0.545409|vwap_dist_atr=0.416432|tick=0.01,395.26,124,49012.24,-101.68,-0.21,0,29.76,0.06,-101.68,-0.21,3318.68,3.32,6
190,Exit short,2026-03-25 09:51,sl1|exit_reason=target,373.81,38,14352.98,148.2,1.03,0,148.2,1.03,-14.82,-0.10,3466.88,3.47,1
190,Entry short,2026-03-25 09:50,sl1|ver=0.1.0|variant=baseline|cfg=ema9_atr14_buf0.1_chase1_win3_tgt1.5_hold20_t935-1500_ent2_loss2_dd2_dirboth_risk100|setup_id=ir:0.1.0:BATS:MU:1:1774446480000:short|bars_to_confirm=2|signal_close=377.69|trigger=378.55|stop=380.31|target_r=1.5|risk_ps=2.62|atr=2.213961|vwap_dist_atr=0.54438|tick=0.01,377.71,38,14352.98,148.2,1.03,0,148.2,1.03,-14.82,-0.10,3466.88,3.47,1
191,Exit long,2026-03-25 10:18,sl1|exit_reason=time,383.01,34,12916.26,106.08,0.82,0,147.56,1.14,-26.52,-0.21,3572.96,3.57,20
191,Entry long,2026-03-25 09:58,sl1|ver=0.1.0|variant=baseline|cfg=ema9_atr14_buf0.1_chase1_win3_tgt1.5_hold20_t935-1500_ent2_loss2_dd2_dirboth_risk100|setup_id=ir:0.1.0:BATS:MU:1:1774447020000:long|bars_to_confirm=1|signal_close=379.82|trigger=379.81|stop=376.93|target_r=1.5|risk_ps=2.89|atr=2.226763|vwap_dist_atr=0.67839|tick=0.01,379.89,34,12916.26,106.08,0.82,0,147.56,1.14,-26.52,-0.21,3572.96,3.57,20
192,Exit long,2026-03-26 12:17,sl1|exit_reason=stop,365.77,117,42888.69,-93.6,-0.22,0,95.94,0.22,-93.6,-0.22,3479.36,3.48,13
192,Entry long,2026-03-26 12:04,sl1|ver=0.1.0|variant=baseline|cfg=ema9_atr14_buf0.1_chase1_win3_tgt1.5_hold20_t935-1500_ent2_loss2_dd2_dirboth_risk100|setup_id=ir:0.1.0:BATS:MU:1:1774540980000:long|bars_to_confirm=1|signal_close=366.63|trigger=366.38|stop=365.78|target_r=1.5|risk_ps=0.85|atr=0.652728|vwap_dist_atr=0.953063|tick=0.01,366.57,117,42888.69,-93.6,-0.22,0,95.94,0.22,-93.6,-0.22,3479.36,3.48,13
193,Exit short,2026-03-27 10:12,sl1|exit_reason=stop,362.28,42,15117.06,-98.7,-0.65,0,97.44,0.64,-98.7,-0.65,3380.66,3.38,16
193,Entry short,2026-03-27 09:56,sl1|ver=0.1.0|variant=baseline|cfg=ema9_atr14_buf0.1_chase1_win3_tgt1.5_hold20_t935-1500_ent2_loss2_dd2_dirboth_risk100|setup_id=ir:0.1.0:BATS:MU:1:1774619640000:short|bars_to_confirm=2|signal_close=359.915|trigger=360.01|stop=362.27|target_r=1.5|risk_ps=2.355|atr=1.880694|vwap_dist_atr=0.715626|tick=0.01,359.93,42,15117.06,-98.7,-0.65,0,97.44,0.64,-98.7,-0.65,3380.66,3.38,16
194,Exit short,2026-03-27 10:48,sl1|exit_reason=stop,361.83,60,21615,-94.8,-0.44,0,10.8,0.05,-94.8,-0.44,3285.86,3.29,1
194,Entry short,2026-03-27 10:47,sl1|ver=0.1.0|variant=baseline|cfg=ema9_atr14_buf0.1_chase1_win3_tgt1.5_hold20_t935-1500_ent2_loss2_dd2_dirboth_risk100|setup_id=ir:0.1.0:BATS:MU:1:1774622640000:short|bars_to_confirm=3|signal_close=360.175|trigger=360.28|stop=361.82|target_r=1.5|risk_ps=1.645|atr=1.096671|vwap_dist_atr=0.77517|tick=0.01,360.25,60,21615,-94.8,-0.44,0,10.8,0.05,-94.8,-0.44,3285.86,3.29,1
195,Exit long,2026-03-31 09:57,sl1|exit_reason=target,324.52,31,9914.11,146.01,1.47,0,146.01,1.47,-3.41,-0.03,3431.87,3.43,1
195,Entry long,2026-03-31 09:56,sl1|ver=0.1.0|variant=baseline|cfg=ema9_atr14_buf0.1_chase1_win3_tgt1.5_hold20_t935-1500_ent2_loss2_dd2_dirboth_risk100|setup_id=ir:0.1.0:BATS:MU:1:1774965300000:long|bars_to_confirm=1|signal_close=319.81|trigger=318.98|stop=316.67|target_r=1.5|risk_ps=3.14|atr=2.216943|vwap_dist_atr=0.748655|tick=0.01,319.81,31,9914.11,146.01,1.47,0,146.01,1.47,-3.41,-0.03,3431.87,3.43,1
196,Exit long,2026-03-31 12:28,sl1|exit_reason=time,323.56,80,25831.2,53.6,0.21,0,119.2,0.46,-32.8,-0.13,3485.47,3.49,20
196,Entry long,2026-03-31 12:08,sl1|ver=0.1.0|variant=baseline|cfg=ema9_atr14_buf0.1_chase1_win3_tgt1.5_hold20_t935-1500_ent2_loss2_dd2_dirboth_risk100|setup_id=ir:0.1.0:BATS:MU:1:1774973220000:long|bars_to_confirm=1|signal_close=322.98|trigger=322.95|stop=321.73|target_r=1.5|risk_ps=1.25|atr=1.006457|vwap_dist_atr=0.9456|tick=0.01,322.89,80,25831.2,53.6,0.21,0,119.2,0.46,-32.8,-0.13,3485.47,3.49,20
197,Exit long,2026-04-01 10:01,sl1|exit_reason=target,356.97,32,11272.64,150.4,1.33,0,150.4,1.33,-13.44,-0.12,3635.87,3.64,7
197,Entry long,2026-04-01 09:54,sl1|ver=0.1.0|variant=baseline|cfg=ema9_atr14_buf0.1_chase1_win3_tgt1.5_hold20_t935-1500_ent2_loss2_dd2_dirboth_risk100|setup_id=ir:0.1.0:BATS:MU:1:1775051580000:long|bars_to_confirm=1|signal_close=352.19|trigger=351.75|stop=349.14|target_r=1.5|risk_ps=3.05|atr=1.935875|vwap_dist_atr=0.330014|tick=0.01,352.27,32,11272.64,150.4,1.33,0,150.4,1.33,-13.44,-0.12,3635.87,3.64,7
198,Exit short,2026-04-01 15:06,sl1|exit_reason=stop,366.73,102,37307.52,-98.94,-0.27,0,31.62,0.08,-98.94,-0.27,3536.93,3.54,10
198,Entry short,2026-04-01 14:56,sl1|ver=0.1.0|variant=baseline|cfg=ema9_atr14_buf0.1_chase1_win3_tgt1.5_hold20_t935-1500_ent2_loss2_dd2_dirboth_risk100|setup_id=ir:0.1.0:BATS:MU:1:1775069700000:short|bars_to_confirm=1|signal_close=365.74|trigger=366.1|stop=366.72|target_r=1.5|risk_ps=0.98|atr=0.859103|vwap_dist_atr=0.693991|tick=0.01,365.76,102,37307.52,-98.94,-0.27,0,31.62,0.08,-98.94,-0.27,3536.93,3.54,10
199,Exit long,2026-04-06 10:30,sl1|exit_reason=stop,377.45,57,21614.97,-100.32,-0.46,0,64.41,0.30,-100.32,-0.46,3436.61,3.44,15
199,Entry long,2026-04-06 10:15,sl1|ver=0.1.0|variant=baseline|cfg=ema9_atr14_buf0.1_chase1_win3_tgt1.5_hold20_t935-1500_ent2_loss2_dd2_dirboth_risk100|setup_id=ir:0.1.0:BATS:MU:1:1775484840000:long|bars_to_confirm=1|signal_close=379.205|trigger=378.98|stop=377.46|target_r=1.5|risk_ps=1.745|atr=1.739029|vwap_dist_atr=0.305656|tick=0.01,379.21,57,21614.97,-100.32,-0.46,0,64.41,0.30,-100.32,-0.46,3436.61,3.44,15
200,Exit long,2026-04-06 11:02,sl1|exit_reason=target,380.67,76,28775.88,155.04,0.54,0,155.04,0.54,-35.72,-0.12,3591.65,3.59,2
200,Entry long,2026-04-06 11:00,sl1|ver=0.1.0|variant=baseline|cfg=ema9_atr14_buf0.1_chase1_win3_tgt1.5_hold20_t935-1500_ent2_loss2_dd2_dirboth_risk100|setup_id=ir:0.1.0:BATS:MU:1:1775487540000:long|bars_to_confirm=1|signal_close=378.57|trigger=378.51|stop=377.27|target_r=1.5|risk_ps=1.3|atr=1.007114|vwap_dist_atr=0.085222|tick=0.01,378.63,76,28775.88,155.04,0.54,0,155.04,0.54,-35.72,-0.12,3591.65,3.59,2
201,Exit long,2026-04-07 10:27,sl1|exit_reason=stop,370.01,51,18965.37,-94.86,-0.50,0,0.51,0.00,-94.86,-0.50,3496.79,3.50,2
201,Entry long,2026-04-07 10:25,sl1|ver=0.1.0|variant=baseline|cfg=ema9_atr14_buf0.1_chase1_win3_tgt1.5_hold20_t935-1500_ent2_loss2_dd2_dirboth_risk100|setup_id=ir:0.1.0:BATS:MU:1:1775571840000:long|bars_to_confirm=1|signal_close=371.98|trigger=371.5|stop=370.02|target_r=1.5|risk_ps=1.96|atr=1.09611|vwap_dist_atr=0.630173|tick=0.01,371.87,51,18965.37,-94.86,-0.50,0,0.51,0.00,-94.86,-0.50,3496.79,3.50,2
202,Exit long,2026-04-07 11:39,sl1|exit_reason=stop,369.81,117,43383.6,-115.83,-0.27,0,105.3,0.24,-115.83,-0.27,3380.96,3.38,6
202,Entry long,2026-04-07 11:33,sl1|ver=0.1.0|variant=baseline|cfg=ema9_atr14_buf0.1_chase1_win3_tgt1.5_hold20_t935-1500_ent2_loss2_dd2_dirboth_risk100|setup_id=ir:0.1.0:BATS:MU:1:1775575920000:long|bars_to_confirm=1|signal_close=370.67|trigger=370.54|stop=369.82|target_r=1.5|risk_ps=0.85|atr=0.772684|vwap_dist_atr=0.566018|tick=0.01,370.8,117,43383.6,-115.83,-0.27,0,105.3,0.24,-115.83,-0.27,3380.96,3.38,6
203,Exit short,2026-04-08 09:55,sl1|exit_reason=target,404.23,27,11065.14,150.93,1.36,0,150.93,1.36,-14.58,-0.13,3531.89,3.53,14
203,Entry short,2026-04-08 09:41,sl1|ver=0.1.0|variant=baseline|cfg=ema9_atr14_buf0.1_chase1_win3_tgt1.5_hold20_t935-1500_ent2_loss2_dd2_dirboth_risk100|setup_id=ir:0.1.0:BATS:MU:1:1775655480000:short|bars_to_confirm=3|signal_close=409.92|trigger=409.97|stop=413.55|target_r=1.5|risk_ps=3.63|atr=2.012039|vwap_dist_atr=0.608017|tick=0.01,409.82,27,11065.14,150.93,1.36,0,150.93,1.36,-14.58,-0.13,3531.89,3.53,14
204,Exit long,2026-04-08 10:29,sl1|exit_reason=stop,408.25,56,22964.48,-102.48,-0.45,0,1.12,0.00,-102.48,-0.45,3429.41,3.43,1
204,Entry long,2026-04-08 10:28,sl1|ver=0.1.0|variant=baseline|cfg=ema9_atr14_buf0.1_chase1_win3_tgt1.5_hold20_t935-1500_ent2_loss2_dd2_dirboth_risk100|setup_id=ir:0.1.0:BATS:MU:1:1775658420000:long|bars_to_confirm=1|signal_close=410.02|trigger=409.52|stop=408.26|target_r=1.5|risk_ps=1.76|atr=1.312864|vwap_dist_atr=0.935438|tick=0.01,410.08,56,22964.48,-102.48,-0.45,0,1.12,0.00,-102.48,-0.45,3429.41,3.43,1
205,Exit short,2026-04-09 10:06,sl1|exit_reason=target,407.13,38,15610.02,139.08,0.89,0,139.08,0.89,-19.76,-0.13,3568.49,3.57,12
205,Entry short,2026-04-09 09:54,sl1|ver=0.1.0|variant=baseline|cfg=ema9_atr14_buf0.1_chase1_win3_tgt1.5_hold20_t935-1500_ent2_loss2_dd2_dirboth_risk100|setup_id=ir:0.1.0:BATS:MU:1:1775742780000:short|bars_to_confirm=1|signal_close=410.66|trigger=411.51|stop=413.23|target_r=1.5|risk_ps=2.57|atr=1.54438|vwap_dist_atr=0.953798|tick=0.01,410.79,38,15610.02,139.08,0.89,0,139.08,0.89,-19.76,-0.13,3568.49,3.57,12
206,Exit short,2026-04-09 12:51,sl1|exit_reason=stop,406.75,200,81272,-78,-0.10,0,54,0.07,-78,-0.10,3490.49,3.49,4
206,Entry short,2026-04-09 12:47,sl1|ver=0.1.0|variant=baseline|cfg=ema9_atr14_buf0.1_chase1_win3_tgt1.5_hold20_t935-1500_ent2_loss2_dd2_dirboth_risk100|setup_id=ir:0.1.0:BATS:MU:1:1775753160000:short|bars_to_confirm=1|signal_close=406.24|trigger=406.39|stop=406.74|target_r=1.5|risk_ps=0.5|atr=0.493332|vwap_dist_atr=0.906062|tick=0.01,406.36,200,81272,-78,-0.10,0,54,0.07,-78,-0.10,3490.49,3.49,4
207,Exit long,2026-04-10 13:32,sl1|exit_reason=target,420.38,116,48601.68,162.4,0.33,0,162.4,0.33,-29,-0.06,3652.89,3.65,6
207,Entry long,2026-04-10 13:26,sl1|ver=0.1.0|variant=baseline|cfg=ema9_atr14_buf0.1_chase1_win3_tgt1.5_hold20_t935-1500_ent2_loss2_dd2_dirboth_risk100|setup_id=ir:0.1.0:BATS:MU:1:1775841840000:long|bars_to_confirm=2|signal_close=418.91|trigger=418.57|stop=418.05|target_r=1.5|risk_ps=0.86|atr=0.528362|vwap_dist_atr=0.971177|tick=0.01,418.98,116,48601.68,162.4,0.33,0,162.4,0.33,-29,-0.06,3652.89,3.65,6
208,Exit long,2026-04-13 13:10,sl1|exit_reason=time,415,109,45257.89,-22.89,-0.05,0,114.45,0.25,-88.29,-0.20,3630,3.63,20
208,Entry long,2026-04-13 12:50,sl1|ver=0.1.0|variant=baseline|cfg=ema9_atr14_buf0.1_chase1_win3_tgt1.5_hold20_t935-1500_ent2_loss2_dd2_dirboth_risk100|setup_id=ir:0.1.0:BATS:MU:1:1776098940000:long|bars_to_confirm=1|signal_close=415.15|trigger=414.83|stop=414.24|target_r=1.5|risk_ps=0.91|atr=0.648641|vwap_dist_atr=0.864196|tick=0.01,415.21,109,45257.89,-22.89,-0.05,0,114.45,0.25,-88.29,-0.20,3630,3.63,20
209,Exit long,2026-04-14 10:11,sl1|exit_reason=time,432.83,38,16359.38,88.16,0.54,0,99.56,0.61,-72.58,-0.44,3718.16,3.72,20
209,Entry long,2026-04-14 09:51,sl1|ver=0.1.0|variant=baseline|cfg=ema9_atr14_buf0.1_chase1_win3_tgt1.5_hold20_t935-1500_ent2_loss2_dd2_dirboth_risk100|setup_id=ir:0.1.0:BATS:MU:1:1776174600000:long|bars_to_confirm=1|signal_close=430.42|trigger=430.24|stop=427.79|target_r=1.5|risk_ps=2.63|atr=2.081498|vwap_dist_atr=0.34304|tick=0.01,430.51,38,16359.38,88.16,0.54,0,99.56,0.61,-72.58,-0.44,3718.16,3.72,20
210,Exit long,2026-04-14 11:19,sl1|exit_reason=target,436.65,52,22554.48,151.32,0.67,0,151.32,0.67,-7.8,-0.03,3869.48,3.87,7
210,Entry long,2026-04-14 11:12,sl1|ver=0.1.0|variant=baseline|cfg=ema9_atr14_buf0.1_chase1_win3_tgt1.5_hold20_t935-1500_ent2_loss2_dd2_dirboth_risk100|setup_id=ir:0.1.0:BATS:MU:1:1776179460000:long|bars_to_confirm=1|signal_close=433.72|trigger=433.5|stop=431.8|target_r=1.5|risk_ps=1.92|atr=0.935331|vwap_dist_atr=0.764893|tick=0.01,433.74,52,22554.48,151.32,0.67,0,151.32,0.67,-7.8,-0.03,3869.48,3.87,7
211,Exit long,2026-04-15 14:25,sl1|exit_reason=stop,449.97,230,103589.7,-96.6,-0.09,0,29.9,0.03,-96.6,-0.09,3772.88,3.77,1
211,Entry long,2026-04-15 14:24,sl1|ver=0.1.0|variant=baseline|cfg=ema9_atr14_buf0.1_chase1_win3_tgt1.5_hold20_t935-1500_ent2_loss2_dd2_dirboth_risk100|setup_id=ir:0.1.0:BATS:MU:1:1776277380000:long|bars_to_confirm=1|signal_close=450.41|trigger=450.39|stop=449.98|target_r=1.5|risk_ps=0.43|atr=0.528351|vwap_dist_atr=0.535029|tick=0.01,450.39,230,103589.7,-96.6,-0.09,0,29.9,0.03,-96.6,-0.09,3772.88,3.77,1
212,Exit long,2026-04-15 14:41,sl1|exit_reason=stop,449.8,148,66676.96,-106.56,-0.16,0,44.4,0.07,-106.56,-0.16,3666.32,3.67,5
212,Entry long,2026-04-15 14:36,sl1|ver=0.1.0|variant=baseline|cfg=ema9_atr14_buf0.1_chase1_win3_tgt1.5_hold20_t935-1500_ent2_loss2_dd2_dirboth_risk100|setup_id=ir:0.1.0:BATS:MU:1:1776278040000:long|bars_to_confirm=2|signal_close=450.485|trigger=450.22|stop=449.81|target_r=1.5|risk_ps=0.675|atr=0.466862|vwap_dist_atr=0.76774|tick=0.01,450.52,148,66676.96,-106.56,-0.16,0,44.4,0.07,-106.56,-0.16,3666.32,3.67,5
213,Exit short,2026-04-16 09:56,sl1|exit_reason=stop,450.22,38,17007.66,-100.7,-0.59,0,38,0.22,-100.7,-0.59,3565.62,3.57,2
213,Entry short,2026-04-16 09:54,sl1|ver=0.1.0|variant=baseline|cfg=ema9_atr14_buf0.1_chase1_win3_tgt1.5_hold20_t935-1500_ent2_loss2_dd2_dirboth_risk100|setup_id=ir:0.1.0:BATS:MU:1:1776347580000:short|bars_to_confirm=1|signal_close=447.62|trigger=448.23|stop=450.21|target_r=1.5|risk_ps=2.59|atr=2.09035|vwap_dist_atr=0.919482|tick=0.01,447.57,38,17007.66,-100.7,-0.59,0,38,0.22,-100.7,-0.59,3565.62,3.57,2
214,Exit long,2026-04-16 12:49,sl1|exit_reason=target,458.09,111,50678.16,169.83,0.34,0,169.83,0.34,-93.24,-0.18,3735.45,3.74,9
214,Entry long,2026-04-16 12:40,sl1|ver=0.1.0|variant=baseline|cfg=ema9_atr14_buf0.1_chase1_win3_tgt1.5_hold20_t935-1500_ent2_loss2_dd2_dirboth_risk100|setup_id=ir:0.1.0:BATS:MU:1:1776357540000:long|bars_to_confirm=1|signal_close=456.44|trigger=456.27|stop=455.54|target_r=1.5|risk_ps=0.9|atr=0.963782|vwap_dist_atr=0.494026|tick=0.01,456.56,111,50678.16,169.83,0.34,0,169.83,0.34,-93.24,-0.18,3735.45,3.74,9
215,Exit long,2026-04-21 12:23,sl1|exit_reason=stop,448.14,103,46242.88,-84.46,-0.18,0,0,0.00,-84.46,-0.18,3650.99,3.65,0
215,Entry long,2026-04-21 12:23,sl1|ver=0.1.0|variant=baseline|cfg=ema9_atr14_buf0.1_chase1_win3_tgt1.5_hold20_t935-1500_ent2_loss2_dd2_dirboth_risk100|setup_id=ir:0.1.0:BATS:MU:1:1776788520000:long|bars_to_confirm=1|signal_close=449.12|trigger=448.53|stop=448.15|target_r=1.5|risk_ps=0.97|atr=0.756481|vwap_dist_atr=0.996996|tick=0.01,448.96,103,46242.88,-84.46,-0.18,0,0,0.00,-84.46,-0.18,3650.99,3.65,0
216,Exit long,2026-04-22 10:21,sl1|exit_reason=target,468.18,50,23262.5,146.5,0.63,0,146.5,0.63,-40,-0.17,3797.49,3.80,4
216,Entry long,2026-04-22 10:17,sl1|ver=0.1.0|variant=baseline|cfg=ema9_atr14_buf0.1_chase1_win3_tgt1.5_hold20_t935-1500_ent2_loss2_dd2_dirboth_risk100|setup_id=ir:0.1.0:BATS:MU:1:1776867360000:long|bars_to_confirm=1|signal_close=465.27|trigger=464.48|stop=463.3|target_r=1.5|risk_ps=1.97|atr=1.405045|vwap_dist_atr=0.903775|tick=0.01,465.25,50,23262.5,146.5,0.63,0,146.5,0.63,-40,-0.17,3797.49,3.80,4
217,Exit short,2026-04-23 09:52,sl1|exit_reason=stop,478.13,51,24279.06,-105.57,-0.43,0,0.51,0.00,-105.57,-0.43,3691.92,3.69,5
217,Entry short,2026-04-23 09:47,sl1|ver=0.1.0|variant=baseline|cfg=ema9_atr14_buf0.1_chase1_win3_tgt1.5_hold20_t935-1500_ent2_loss2_dd2_dirboth_risk100|setup_id=ir:0.1.0:BATS:MU:1:1776951960000:short|bars_to_confirm=1|signal_close=476.19|trigger=476.25|stop=478.12|target_r=1.5|risk_ps=1.93|atr=1.550476|vwap_dist_atr=0.880675|tick=0.01,476.06,51,24279.06,-105.57,-0.43,0,0.51,0.00,-105.57,-0.43,3691.92,3.69,5
218,Exit long,2026-04-23 10:31,sl1|exit_reason=target,480.04,56,26746.16,136.08,0.51,0,136.08,0.51,-4.48,-0.02,3828,3.83,1
218,Entry long,2026-04-23 10:30,sl1|ver=0.1.0|variant=baseline|cfg=ema9_atr14_buf0.1_chase1_win3_tgt1.5_hold20_t935-1500_ent2_loss2_dd2_dirboth_risk100|setup_id=ir:0.1.0:BATS:MU:1:1776954540000:long|bars_to_confirm=1|signal_close=477.75|trigger=477.07|stop=475.99|target_r=1.5|risk_ps=1.76|atr=1.343028|vwap_dist_atr=0.635324|tick=0.01,477.61,56,26746.16,136.08,0.51,0,136.08,0.51,-4.48,-0.02,3828,3.83,1
219,Exit long,2026-04-24 10:21,sl1|exit_reason=stop,496.95,39,19480.89,-99.84,-0.51,0,128.31,0.66,-99.84,-0.51,3728.16,3.73,11
219,Entry long,2026-04-24 10:10,sl1|ver=0.1.0|variant=baseline|cfg=ema9_atr14_buf0.1_chase1_win3_tgt1.5_hold20_t935-1500_ent2_loss2_dd2_dirboth_risk100|setup_id=ir:0.1.0:BATS:MU:1:1777039740000:long|bars_to_confirm=1|signal_close=499.52|trigger=498.8|stop=496.96|target_r=1.5|risk_ps=2.56|atr=2.037373|vwap_dist_atr=0.777259|tick=0.01,499.51,39,19480.89,-99.84,-0.51,0,128.31,0.66,-99.84,-0.51,3728.16,3.73,11
220,Exit short,2026-04-24 11:38,sl1|exit_reason=target,497.88,75,37461,120,0.32,0,120,0.32,-10.5,-0.03,3848.16,3.85,2
220,Entry short,2026-04-24 11:36,sl1|ver=0.1.0|variant=baseline|cfg=ema9_atr14_buf0.1_chase1_win3_tgt1.5_hold20_t935-1500_ent2_loss2_dd2_dirboth_risk100|setup_id=ir:0.1.0:BATS:MU:1:1777044900000:short|bars_to_confirm=1|signal_close=499.23|trigger=499.5|stop=500.55|target_r=1.5|risk_ps=1.32|atr=0.998082|vwap_dist_atr=0.646782|tick=0.01,499.48,75,37461,120,0.32,0,120,0.32,-10.5,-0.03,3848.16,3.85,2
221,Exit short,2026-04-27 09:57,sl1|exit_reason=stop,523.91,20,10382.6,-95.6,-0.92,0,90.4,0.87,-95.6,-0.92,3752.56,3.75,10
221,Entry short,2026-04-27 09:47,sl1|ver=0.1.0|variant=baseline|cfg=ema9_atr14_buf0.1_chase1_win3_tgt1.5_hold20_t935-1500_ent2_loss2_dd2_dirboth_risk100|setup_id=ir:0.1.0:BATS:MU:1:1777297560000:short|bars_to_confirm=1|signal_close=519.11|trigger=519.33|stop=523.9|target_r=1.5|risk_ps=4.79|atr=2.811467|vwap_dist_atr=0.374538|tick=0.01,519.13,20,10382.6,-95.6,-0.92,0,90.4,0.87,-95.6,-0.92,3752.56,3.75,10
222,Exit short,2026-04-27 10:30,sl1|exit_reason=target,516.43,49,25455.5,150.43,0.59,0,150.43,0.59,-37.24,-0.15,3902.99,3.90,3
222,Entry short,2026-04-27 10:27,sl1|ver=0.1.0|variant=baseline|cfg=ema9_atr14_buf0.1_chase1_win3_tgt1.5_hold20_t935-1500_ent2_loss2_dd2_dirboth_risk100|setup_id=ir:0.1.0:BATS:MU:1:1777299900000:short|bars_to_confirm=2|signal_close=519.54|trigger=520.25|stop=521.55|target_r=1.5|risk_ps=2.01|atr=1.916148|vwap_dist_atr=0.748641|tick=0.01,519.5,49,25455.5,150.43,0.59,0,150.43,0.59,-37.24,-0.15,3902.99,3.90,3
223,Exit long,2026-04-28 13:37,sl1|exit_reason=target,503.02,93,46631.13,149.73,0.32,0,149.73,0.32,-0.93,0.00,4052.72,4.05,2
223,Entry long,2026-04-28 13:35,sl1|ver=0.1.0|variant=baseline|cfg=ema9_atr14_buf0.1_chase1_win3_tgt1.5_hold20_t935-1500_ent2_loss2_dd2_dirboth_risk100|setup_id=ir:0.1.0:BATS:MU:1:1777397640000:long|bars_to_confirm=1|signal_close=501.415|trigger=501.4|stop=500.34|target_r=1.5|risk_ps=1.075|atr=0.713964|vwap_dist_atr=0.829017|tick=0.01,501.41,93,46631.13,149.73,0.32,0,149.73,0.32,-0.93,0.00,4052.72,4.05,2
224,Exit long,2026-04-29 09:46,sl1|exit_reason=stop,523.07,22,11611.38,-103.84,-0.89,0,49.06,0.42,-103.84,-0.89,3948.88,3.95,5
224,Entry long,2026-04-29 09:41,sl1|ver=0.1.0|variant=baseline|cfg=ema9_atr14_buf0.1_chase1_win3_tgt1.5_hold20_t935-1500_ent2_loss2_dd2_dirboth_risk100|setup_id=ir:0.1.0:BATS:MU:1:1777470000000:long|bars_to_confirm=1|signal_close=527.43|trigger=526|stop=523.08|target_r=1.5|risk_ps=4.35|atr=2.731687|vwap_dist_atr=0.705485|tick=0.01,527.79,22,11611.38,-103.84,-0.89,0,49.06,0.42,-103.84,-0.89,3948.88,3.95,5
225,Exit long,2026-04-29 10:29,sl1|exit_reason=stop,522.32,49,25698.54,-104.86,-0.41,0,23.03,0.09,-104.86,-0.41,3844.02,3.84,0
225,Entry long,2026-04-29 10:29,sl1|ver=0.1.0|variant=baseline|cfg=ema9_atr14_buf0.1_chase1_win3_tgt1.5_hold20_t935-1500_ent2_loss2_dd2_dirboth_risk100|setup_id=ir:0.1.0:BATS:MU:1:1777472880000:long|bars_to_confirm=1|signal_close=524.36|trigger=523.42|stop=522.33|target_r=1.5|risk_ps=2.03|atr=1.703399|vwap_dist_atr=0.568085|tick=0.01,524.46,49,25698.54,-104.86,-0.41,0,23.03,0.09,-104.86,-0.41,3844.02,3.84,0
226,Exit short,2026-04-30 14:36,sl1|exit_reason=stop,515.08,103,52954.36,-98.88,-0.19,0,63.86,0.12,-98.88,-0.19,3745.14,3.75,7
226,Entry short,2026-04-30 14:29,sl1|ver=0.1.0|variant=baseline|cfg=ema9_atr14_buf0.1_chase1_win3_tgt1.5_hold20_t935-1500_ent2_loss2_dd2_dirboth_risk100|setup_id=ir:0.1.0:BATS:MU:1:1777573680000:short|bars_to_confirm=1|signal_close=514.1|trigger=514.3|stop=515.07|target_r=1.5|risk_ps=0.97|atr=0.671892|vwap_dist_atr=0.834883|tick=0.01,514.12,103,52954.36,-98.88,-0.19,0,63.86,0.12,-98.88,-0.19,3745.14,3.75,7
227,Exit short,2026-05-01 10:58,sl1|exit_reason=target,527.67,29,15452.36,149.93,0.97,0,149.93,0.97,-12.47,-0.08,3895.07,3.90,8
227,Entry short,2026-05-01 10:50,sl1|ver=0.1.0|variant=baseline|cfg=ema9_atr14_buf0.1_chase1_win3_tgt1.5_hold20_t935-1500_ent2_loss2_dd2_dirboth_risk100|setup_id=ir:0.1.0:BATS:MU:1:1777646940000:short|bars_to_confirm=1|signal_close=532.88|trigger=533.64|stop=536.29|target_r=1.5|risk_ps=3.41|atr=2.103668|vwap_dist_atr=0.983725|tick=0.01,532.84,29,15452.36,149.93,0.97,0,149.93,0.97,-12.47,-0.08,3895.07,3.90,8
228,Exit long,2026-05-01 12:52,sl1|exit_reason=stop,533.01,103,55000.97,-100.94,-0.18,0,0,0.00,-100.94,-0.18,3794.13,3.79,0
228,Entry long,2026-05-01 12:52,sl1|ver=0.1.0|variant=baseline|cfg=ema9_atr14_buf0.1_chase1_win3_tgt1.5_hold20_t935-1500_ent2_loss2_dd2_dirboth_risk100|setup_id=ir:0.1.0:BATS:MU:1:1777654200000:long|bars_to_confirm=2|signal_close=533.99|trigger=533.92|stop=533.02|target_r=1.5|risk_ps=0.97|atr=0.885199|vwap_dist_atr=0.277072|tick=0.01,533.99,103,55000.97,-100.94,-0.18,0,0,0.00,-100.94,-0.18,3794.13,3.79,0
229,Exit long,2026-05-04 11:40,sl1|exit_reason=stop,578.76,27,15729.39,-102.87,-0.65,0,6.21,0.04,-102.87,-0.65,3691.26,3.69,12
229,Entry long,2026-05-04 11:28,sl1|ver=0.1.0|variant=baseline|cfg=ema9_atr14_buf0.1_chase1_win3_tgt1.5_hold20_t935-1500_ent2_loss2_dd2_dirboth_risk100|setup_id=ir:0.1.0:BATS:MU:1:1777908420000:long|bars_to_confirm=1|signal_close=582.35|trigger=582.22|stop=578.77|target_r=1.5|risk_ps=3.58|atr=1.855722|vwap_dist_atr=0.938633|tick=0.01,582.57,27,15729.39,-102.87,-0.65,0,6.21,0.04,-102.87,-0.65,3691.26,3.69,12
230,Exit short,2026-05-04 13:17,sl1|exit_reason=stop,580.91,70,40560.8,-102.9,-0.25,0,43.4,0.11,-102.9,-0.25,3588.36,3.59,3
230,Entry short,2026-05-04 13:14,sl1|ver=0.1.0|variant=baseline|cfg=ema9_atr14_buf0.1_chase1_win3_tgt1.5_hold20_t935-1500_ent2_loss2_dd2_dirboth_risk100|setup_id=ir:0.1.0:BATS:MU:1:1777914720000:short|bars_to_confirm=2|signal_close=579.48|trigger=579.59|stop=580.9|target_r=1.5|risk_ps=1.42|atr=0.954647|vwap_dist_atr=0.807241|tick=0.01,579.44,70,40560.8,-102.9,-0.25,0,43.4,0.11,-102.9,-0.25,3588.36,3.59,3
231,Exit long,2026-05-06 10:49,sl1|exit_reason=target,652.86,22,14221.24,141.68,1.00,0,141.68,1.00,-17.82,-0.13,3730.04,3.73,7
231,Entry long,2026-05-06 10:42,sl1|ver=0.1.0|variant=baseline|cfg=ema9_atr14_buf0.1_chase1_win3_tgt1.5_hold20_t935-1500_ent2_loss2_dd2_dirboth_risk100|setup_id=ir:0.1.0:BATS:MU:1:1778078460000:long|bars_to_confirm=1|signal_close=646.6|trigger=646|stop=642.13|target_r=1.5|risk_ps=4.47|atr=3.528993|vwap_dist_atr=0.314029|tick=0.01,646.42,22,14221.24,141.68,1.00,0,141.68,1.00,-17.82,-0.13,3730.04,3.73,7
232,Exit short,2026-05-11 11:19,sl1|exit_reason=target,778.02,23,18041.43,146.97,0.81,0,146.97,0.81,-71.07,-0.39,3877.01,3.88,11
232,Entry short,2026-05-11 11:08,sl1|ver=0.1.0|variant=baseline|cfg=ema9_atr14_buf0.1_chase1_win3_tgt1.5_hold20_t935-1500_ent2_loss2_dd2_dirboth_risk100|setup_id=ir:0.1.0:BATS:MU:1:1778512020000:short|bars_to_confirm=1|signal_close=784.37|trigger=784.38|stop=788.67|target_r=1.5|risk_ps=4.3|atr=3.244144|vwap_dist_atr=0.89118|tick=0.01,784.41,23,18041.43,146.97,0.81,0,146.97,0.81,-71.07,-0.39,3877.01,3.88,11
233,Exit long,2026-05-11 11:44,sl1|exit_reason=stop,785.51,39,30730.05,-95.16,-0.31,0,0,0.00,-95.16,-0.31,3781.85,3.78,0
233,Entry long,2026-05-11 11:44,sl1|ver=0.1.0|variant=baseline|cfg=ema9_atr14_buf0.1_chase1_win3_tgt1.5_hold20_t935-1500_ent2_loss2_dd2_dirboth_risk100|setup_id=ir:0.1.0:BATS:MU:1:1778514180000:long|bars_to_confirm=1|signal_close=788.06|trigger=787.85|stop=785.52|target_r=1.5|risk_ps=2.54|atr=2.301625|vwap_dist_atr=0.521961|tick=0.01,787.95,39,30730.05,-95.16,-0.31,0,0,0.00,-95.16,-0.31,3781.85,3.78,0
234,Exit short,2026-05-12 10:17,sl1|exit_reason=time,763.01,12,9195.48,39.36,0.43,0,75.48,0.82,-49.92,-0.54,3821.21,3.82,20
234,Entry short,2026-05-12 09:57,sl1|ver=0.1.0|variant=baseline|cfg=ema9_atr14_buf0.1_chase1_win3_tgt1.5_hold20_t935-1500_ent2_loss2_dd2_dirboth_risk100|setup_id=ir:0.1.0:BATS:MU:1:1778594160000:short|bars_to_confirm=1|signal_close=766.42|trigger=767.44|stop=774.56|target_r=1.5|risk_ps=8.14|atr=4.755542|vwap_dist_atr=0.734839|tick=0.01,766.29,12,9195.48,39.36,0.43,0,75.48,0.82,-49.92,-0.54,3821.21,3.82,20
235,Exit long,2026-05-12 14:30,sl1|exit_reason=target,752.95,22,16419.26,145.64,0.89,0,145.64,0.89,-91.96,-0.56,3966.85,3.97,15
235,Entry long,2026-05-12 14:15,sl1|ver=0.1.0|variant=baseline|cfg=ema9_atr14_buf0.1_chase1_win3_tgt1.5_hold20_t935-1500_ent2_loss2_dd2_dirboth_risk100|setup_id=ir:0.1.0:BATS:MU:1:1778609580000:long|bars_to_confirm=2|signal_close=746.32|trigger=744.23|stop=741.92|target_r=1.5|risk_ps=4.4|atr=2.819174|vwap_dist_atr=0.839804|tick=0.01,746.33,22,16419.26,145.64,0.89,0,145.64,0.89,-91.96,-0.56,3966.85,3.97,15
236,Exit short,2026-05-13 10:08,sl1|exit_reason=target,783.65,15,11899.65,144.9,1.22,0,144.9,1.22,-51.75,-0.43,4111.75,4.11,9
236,Entry short,2026-05-13 09:59,sl1|ver=0.1.0|variant=baseline|cfg=ema9_atr14_buf0.1_chase1_win3_tgt1.5_hold20_t935-1500_ent2_loss2_dd2_dirboth_risk100|setup_id=ir:0.1.0:BATS:MU:1:1778680680000:short|bars_to_confirm=1|signal_close=793.15|trigger=794.5|stop=799.75|target_r=1.5|risk_ps=6.6|atr=5.770272|vwap_dist_atr=0.545656|tick=0.01,793.31,15,11899.65,144.9,1.22,0,144.9,1.22,-51.75,-0.43,4111.75,4.11,9
237,Exit long,2026-05-13 10:30,sl1|exit_reason=target,806.1,16,12756.16,141.44,1.11,0,141.44,1.11,-15.2,-0.12,4253.19,4.25,8
237,Entry long,2026-05-13 10:22,sl1|ver=0.1.0|variant=baseline|cfg=ema9_atr14_buf0.1_chase1_win3_tgt1.5_hold20_t935-1500_ent2_loss2_dd2_dirboth_risk100|setup_id=ir:0.1.0:BATS:MU:1:1778682060000:long|bars_to_confirm=1|signal_close=797.37|trigger=797|stop=791.37|target_r=1.5|risk_ps=6|atr=4.452199|vwap_dist_atr=0.654919|tick=0.01,797.26,16,12756.16,141.44,1.11,0,141.44,1.11,-15.2,-0.12,4253.19,4.25,8
238,Exit short,2026-05-14 10:15,sl1|exit_reason=stop,799.05,21,16680.93,-99.12,-0.59,0,132.93,0.80,-99.12,-0.59,4154.07,4.15,8
238,Entry short,2026-05-14 10:07,sl1|ver=0.1.0|variant=baseline|cfg=ema9_atr14_buf0.1_chase1_win3_tgt1.5_hold20_t935-1500_ent2_loss2_dd2_dirboth_risk100|setup_id=ir:0.1.0:BATS:MU:1:1778767440000:short|bars_to_confirm=3|signal_close=794.45|trigger=796|stop=799.04|target_r=1.5|risk_ps=4.59|atr=3.998812|vwap_dist_atr=0.716266|tick=0.01,794.33,21,16680.93,-99.12,-0.59,0,132.93,0.80,-99.12,-0.59,4154.07,4.15,8
239,Exit short,2026-05-14 10:50,sl1|exit_reason=stop,797.86,35,27836.9,-88.2,-0.32,0,109.9,0.39,-88.2,-0.32,4065.87,4.07,6
239,Entry short,2026-05-14 10:44,sl1|ver=0.1.0|variant=baseline|cfg=ema9_atr14_buf0.1_chase1_win3_tgt1.5_hold20_t935-1500_ent2_loss2_dd2_dirboth_risk100|setup_id=ir:0.1.0:BATS:MU:1:1778769780000:short|bars_to_confirm=1|signal_close=795.04|trigger=795.34|stop=797.85|target_r=1.5|risk_ps=2.81|atr=2.51874|vwap_dist_atr=0.865687|tick=0.01,795.34,35,27836.9,-88.2,-0.32,0,109.9,0.39,-88.2,-0.32,4065.87,4.07,6
240,Exit long,2026-05-15 10:18,sl1|exit_reason=target,743.96,18,13248.18,143.1,1.08,0,143.1,1.08,-13.86,-0.10,4208.97,4.21,4
240,Entry long,2026-05-15 10:14,sl1|ver=0.1.0|variant=baseline|cfg=ema9_atr14_buf0.1_chase1_win3_tgt1.5_hold20_t935-1500_ent2_loss2_dd2_dirboth_risk100|setup_id=ir:0.1.0:BATS:MU:1:1778854380000:long|bars_to_confirm=1|signal_close=736.07|trigger=733.67|stop=730.71|target_r=1.5|risk_ps=5.36|atr=3.91399|vwap_dist_atr=0.707796|tick=0.01,736.01,18,13248.18,143.1,1.08,0,143.1,1.08,-13.86,-0.10,4208.97,4.21,4
241,Exit long,2026-05-15 12:37,sl1|exit_reason=stop,733.85,42,30921.24,-99.54,-0.32,0,8.4,0.03,-99.54,-0.32,4109.43,4.11,2
241,Entry long,2026-05-15 12:35,sl1|ver=0.1.0|variant=baseline|cfg=ema9_atr14_buf0.1_chase1_win3_tgt1.5_hold20_t935-1500_ent2_loss2_dd2_dirboth_risk100|setup_id=ir:0.1.0:BATS:MU:1:1778862840000:long|bars_to_confirm=1|signal_close=736.19|trigger=735.88|stop=733.86|target_r=1.5|risk_ps=2.33|atr=1.422862|vwap_dist_atr=0.857067|tick=0.01,736.22,42,30921.24,-99.54,-0.32,0,8.4,0.03,-99.54,-0.32,4109.43,4.11,2
242,Exit short,2026-05-19 10:02,sl1|exit_reason=target,674.65,15,10260.6,140.85,1.37,0,140.85,1.37,-55.95,-0.55,4250.28,4.25,17
242,Entry short,2026-05-19 09:45,sl1|ver=0.1.0|variant=baseline|cfg=ema9_atr14_buf0.1_chase1_win3_tgt1.5_hold20_t935-1500_ent2_loss2_dd2_dirboth_risk100|setup_id=ir:0.1.0:BATS:MU:1:1779198180000:short|bars_to_confirm=2|signal_close=683.95|trigger=685.23|stop=690.3|target_r=1.5|risk_ps=6.35|atr=4.969388|vwap_dist_atr=0.731688|tick=0.01,684.04,15,10260.6,140.85,1.37,0,140.85,1.37,-55.95,-0.55,4250.28,4.25,17
243,Exit long,2026-05-20 09:45,sl1|exit_reason=stop,720.44,17,12345.57,-98.09,-0.79,0,14.79,0.12,-98.09,-0.79,4152.19,4.15,0
243,Entry long,2026-05-20 09:45,sl1|ver=0.1.0|variant=baseline|cfg=ema9_atr14_buf0.1_chase1_win3_tgt1.5_hold20_t935-1500_ent2_loss2_dd2_dirboth_risk100|setup_id=ir:0.1.0:BATS:MU:1:1779284640000:long|bars_to_confirm=1|signal_close=726.3|trigger=724.03|stop=720.45|target_r=1.5|risk_ps=5.85|atr=4.066034|vwap_dist_atr=0.968948|tick=0.01,726.21,17,12345.57,-98.09,-0.79,0,14.79,0.12,-98.09,-0.79,4152.19,4.15,0
244,Exit short,2026-05-20 12:19,sl1|exit_reason=target,713.96,64,45854.72,161.28,0.35,0,161.28,0.35,-44.16,-0.10,4313.47,4.31,3
244,Entry short,2026-05-20 12:16,sl1|ver=0.1.0|variant=baseline|cfg=ema9_atr14_buf0.1_chase1_win3_tgt1.5_hold20_t935-1500_ent2_loss2_dd2_dirboth_risk100|setup_id=ir:0.1.0:BATS:MU:1:1779293700000:short|bars_to_confirm=1|signal_close=716.605|trigger=716.9|stop=718.16|target_r=1.5|risk_ps=1.555|atr=1.537117|vwap_dist_atr=0.481743|tick=0.01,716.48,64,45854.72,161.28,0.35,0,161.28,0.35,-44.16,-0.10,4313.47,4.31,3
245,Exit long,2026-05-21 10:48,sl1|exit_reason=stop,748.12,19,14315.93,-101.65,-0.71,0,70.49,0.49,-101.65,-0.71,4211.82,4.21,18
245,Entry long,2026-05-21 10:30,sl1|ver=0.1.0|variant=baseline|cfg=ema9_atr14_buf0.1_chase1_win3_tgt1.5_hold20_t935-1500_ent2_loss2_dd2_dirboth_risk100|setup_id=ir:0.1.0:BATS:MU:1:1779373680000:long|bars_to_confirm=2|signal_close=753.33|trigger=751.99|stop=748.13|target_r=1.5|risk_ps=5.2|atr=3.528636|vwap_dist_atr=0.938173|tick=0.01,753.47,19,14315.93,-101.65,-0.71,0,70.49,0.49,-101.65,-0.71,4211.82,4.21,18
246,Exit long,2026-05-21 11:25,sl1|exit_reason=stop,748.45,32,24049.28,-98.88,-0.41,0,15.36,0.06,-98.88,-0.41,4112.94,4.11,4
246,Entry long,2026-05-21 11:21,sl1|ver=0.1.0|variant=baseline|cfg=ema9_atr14_buf0.1_chase1_win3_tgt1.5_hold20_t935-1500_ent2_loss2_dd2_dirboth_risk100|setup_id=ir:0.1.0:BATS:MU:1:1779376800000:long|bars_to_confirm=1|signal_close=751.5|trigger=750.55|stop=748.46|target_r=1.5|risk_ps=3.04|atr=2.139326|vwap_dist_atr=0.710901|tick=0.01,751.54,32,24049.28,-98.88,-0.41,0,15.36,0.06,-98.88,-0.41,4112.94,4.11,4
247,Exit short,2026-05-22 10:10,sl1|exit_reason=time,753.31,25,18792.75,-40,-0.21,0,100.25,0.53,-103.5,-0.55,4072.94,4.07,20
247,Entry short,2026-05-22 09:50,sl1|ver=0.1.0|variant=baseline|cfg=ema9_atr14_buf0.1_chase1_win3_tgt1.5_hold20_t935-1500_ent2_loss2_dd2_dirboth_risk100|setup_id=ir:0.1.0:BATS:MU:1:1779457740000:short|bars_to_confirm=1|signal_close=752.03|trigger=753.47|stop=756.03|target_r=1.5|risk_ps=4|atr=3.22697|vwap_dist_atr=0.788993|tick=0.01,751.71,25,18792.75,-40,-0.21,0,100.25,0.53,-103.5,-0.55,4072.94,4.07,20
248,Exit long,2026-05-22 10:32,sl1|exit_reason=stop,753.36,42,31741.5,-100.38,-0.32,0,39.06,0.12,-100.38,-0.32,3972.56,3.97,1
248,Entry long,2026-05-22 10:31,sl1|ver=0.1.0|variant=baseline|cfg=ema9_atr14_buf0.1_chase1_win3_tgt1.5_hold20_t935-1500_ent2_loss2_dd2_dirboth_risk100|setup_id=ir:0.1.0:BATS:MU:1:1779460200000:long|bars_to_confirm=1|signal_close=755.74|trigger=755.72|stop=753.37|target_r=1.5|risk_ps=2.37|atr=2.042438|vwap_dist_atr=0.990865|tick=0.01,755.75,42,31741.5,-100.38,-0.32,0,39.06,0.12,-100.38,-0.32,3972.56,3.97,1
249,Exit long,2026-05-27 09:56,sl1|exit_reason=stop,920.8,7,6538.07,-92.47,-1.41,0,25.97,0.40,-92.47,-1.41,3880.09,3.88,3
249,Entry long,2026-05-27 09:53,sl1|ver=0.1.0|variant=baseline|cfg=ema9_atr14_buf0.1_chase1_win3_tgt1.5_hold20_t935-1500_ent2_loss2_dd2_dirboth_risk100|setup_id=ir:0.1.0:BATS:MU:1:1779889860000:long|bars_to_confirm=2|signal_close=934|trigger=933.88|stop=920.81|target_r=1.5|risk_ps=13.19|atr=9.031462|vwap_dist_atr=0.763243|tick=0.01,934.01,7,6538.07,-92.47,-1.41,0,25.97,0.40,-92.47,-1.41,3880.09,3.88,3
250,Exit long,2026-05-27 10:08,sl1|exit_reason=stop,923.99,12,11187.24,-99.36,-0.89,0,13.56,0.12,-99.36,-0.89,3780.73,3.78,2
250,Entry long,2026-05-27 10:06,sl1|ver=0.1.0|variant=baseline|cfg=ema9_atr14_buf0.1_chase1_win3_tgt1.5_hold20_t935-1500_ent2_loss2_dd2_dirboth_risk100|setup_id=ir:0.1.0:BATS:MU:1:1779890700000:long|bars_to_confirm=1|signal_close=932.16|trigger=930|stop=924|target_r=1.5|risk_ps=8.16|atr=7.060878|vwap_dist_atr=0.708313|tick=0.01,932.27,12,11187.24,-99.36,-0.89,0,13.56,0.12,-99.36,-0.89,3780.73,3.78,2
251,Exit short,2026-05-28 10:25,sl1|exit_reason=stop,922.45,22,20204.36,-89.54,-0.44,0,55,0.27,-89.54,-0.44,3691.19,3.69,2
251,Entry short,2026-05-28 10:23,sl1|ver=0.1.0|variant=baseline|cfg=ema9_atr14_buf0.1_chase1_win3_tgt1.5_hold20_t935-1500_ent2_loss2_dd2_dirboth_risk100|setup_id=ir:0.1.0:BATS:MU:1:1779978120000:short|bars_to_confirm=1|signal_close=918.07|trigger=919.1|stop=922.44|target_r=1.5|risk_ps=4.37|atr=4.391925|vwap_dist_atr=0.502769|tick=0.01,918.38,22,20204.36,-89.54,-0.44,0,55,0.27,-89.54,-0.44,3691.19,3.69,2
252,Exit long,2026-05-28 10:30,sl1|exit_reason=target,933.13,16,14780.8,149.28,1.01,0,149.28,1.01,-0.48,0.00,3840.47,3.84,3
252,Entry long,2026-05-28 10:27,sl1|ver=0.1.0|variant=baseline|cfg=ema9_atr14_buf0.1_chase1_win3_tgt1.5_hold20_t935-1500_ent2_loss2_dd2_dirboth_risk100|setup_id=ir:0.1.0:BATS:MU:1:1779978360000:long|bars_to_confirm=1|signal_close=923.8|trigger=922.94|stop=917.58|target_r=1.5|risk_ps=6.22|atr=4.22919|vwap_dist_atr=0.83343|tick=0.01,923.8,16,14780.8,149.28,1.01,0,149.28,1.01,-0.48,0.00,3840.47,3.84,3
253,Exit short,2026-05-29 09:50,sl1|exit_reason=stop,967.94,7,6680.8,-94.78,-1.42,0,54.11,0.81,-94.78,-1.42,3745.69,3.75,12
253,Entry short,2026-05-29 09:38,sl1|ver=0.1.0|variant=baseline|cfg=ema9_atr14_buf0.1_chase1_win3_tgt1.5_hold20_t935-1500_ent2_loss2_dd2_dirboth_risk100|setup_id=ir:0.1.0:BATS:MU:1:1780061820000:short|bars_to_confirm=1|signal_close=954.53|trigger=955|stop=967.93|target_r=1.5|risk_ps=13.4|atr=5.217287|vwap_dist_atr=0.711156|tick=0.01,954.4,7,6680.8,-94.78,-1.42,0,54.11,0.81,-94.78,-1.42,3745.69,3.75,12
254,Exit short,2026-05-29 10:30,sl1|exit_reason=stop,968.71,17,16371.17,-96.9,-0.59,0,10.71,0.07,-96.9,-0.59,3648.79,3.65,3
254,Entry short,2026-05-29 10:27,sl1|ver=0.1.0|variant=baseline|cfg=ema9_atr14_buf0.1_chase1_win3_tgt1.5_hold20_t935-1500_ent2_loss2_dd2_dirboth_risk100|setup_id=ir:0.1.0:BATS:MU:1:1780064760000:short|bars_to_confirm=1|signal_close=962.83|trigger=964.5|stop=968.7|target_r=1.5|risk_ps=5.87|atr=4.714096|vwap_dist_atr=0.68142|tick=0.01,963.01,17,16371.17,-96.9,-0.59,0,10.71,0.07,-96.9,-0.59,3648.79,3.65,3
255,Exit long,2026-06-01 09:55,sl1|exit_reason=stop,1022.48,14,14415.1,-100.38,-0.70,0,130.34,0.90,-100.38,-0.70,3548.41,3.55,11
255,Entry long,2026-06-01 09:44,sl1|ver=0.1.0|variant=baseline|cfg=ema9_atr14_buf0.1_chase1_win3_tgt1.5_hold20_t935-1500_ent2_loss2_dd2_dirboth_risk100|setup_id=ir:0.1.0:BATS:MU:1:1780321320000:long|bars_to_confirm=2|signal_close=1029.62|trigger=1029.19|stop=1022.49|target_r=1.5|risk_ps=7.13|atr=6.446896|vwap_dist_atr=0.620421|tick=0.01,1029.65,14,14415.1,-100.38,-0.70,0,130.34,0.90,-100.38,-0.70,3548.41,3.55,11
256,Exit short,2026-06-01 10:30,sl1|exit_reason=stop,1026.78,20,20437.4,-98.2,-0.48,0,57.4,0.28,-98.2,-0.48,3450.21,3.45,3
256,Entry short,2026-06-01 10:27,sl1|ver=0.1.0|variant=baseline|cfg=ema9_atr14_buf0.1_chase1_win3_tgt1.5_hold20_t935-1500_ent2_loss2_dd2_dirboth_risk100|setup_id=ir:0.1.0:BATS:MU:1:1780323960000:short|bars_to_confirm=1|signal_close=1021.875|trigger=1022.81|stop=1026.77|target_r=1.5|risk_ps=4.895|atr=4.382678|vwap_dist_atr=0.87601|tick=0.01,1021.87,20,20437.4,-98.2,-0.48,0,57.4,0.28,-98.2,-0.48,3450.21,3.45,3
257,Exit long,2026-06-02 11:41,sl1|exit_reason=stop,1037.76,34,35382.1,-98.26,-0.28,0,73.1,0.21,-98.26,-0.28,3351.95,3.35,8
257,Entry long,2026-06-02 11:33,sl1|ver=0.1.0|variant=baseline|cfg=ema9_atr14_buf0.1_chase1_win3_tgt1.5_hold20_t935-1500_ent2_loss2_dd2_dirboth_risk100|setup_id=ir:0.1.0:BATS:MU:1:1780414320000:long|bars_to_confirm=1|signal_close=1040.64|trigger=1040.42|stop=1037.77|target_r=1.5|risk_ps=2.87|atr=2.610868|vwap_dist_atr=0.255662|tick=0.01,1040.65,34,35382.1,-98.26,-0.28,0,73.1,0.21,-98.26,-0.28,3351.95,3.35,8
258,Exit long,2026-06-02 13:02,sl1|exit_reason=target,1047.11,25,26037.75,140,0.54,0,140,0.54,-23.5,-0.09,3491.95,3.49,11
258,Entry long,2026-06-02 12:51,sl1|ver=0.1.0|variant=baseline|cfg=ema9_atr14_buf0.1_chase1_win3_tgt1.5_hold20_t935-1500_ent2_loss2_dd2_dirboth_risk100|setup_id=ir:0.1.0:BATS:MU:1:1780419000000:long|bars_to_confirm=1|signal_close=1041.74|trigger=1040.46|stop=1037.78|target_r=1.5|risk_ps=3.96|atr=2.15288|vwap_dist_atr=0.889985|tick=0.01,1041.51,25,26037.75,140,0.54,0,140,0.54,-23.5,-0.09,3491.95,3.49,11
259,Exit long,2026-06-03 09:46,sl1|exit_reason=stop,1045.68,5,5322.65,-94.25,-1.77,0,0,0.00,-94.25,-1.77,3397.7,3.40,6
259,Entry long,2026-06-03 09:40,sl1|ver=0.1.0|variant=baseline|cfg=ema9_atr14_buf0.1_chase1_win3_tgt1.5_hold20_t935-1500_ent2_loss2_dd2_dirboth_risk100|setup_id=ir:0.1.0:BATS:MU:1:1780493940000:long|bars_to_confirm=1|signal_close=1065|trigger=1060.93|stop=1045.69|target_r=1.5|risk_ps=19.31|atr=5.742175|vwap_dist_atr=0.979045|tick=0.01,1064.53,5,5322.65,-94.25,-1.77,0,0,0.00,-94.25,-1.77,3397.7,3.40,6
260,Exit long,2026-06-03 09:55,sl1|exit_reason=stop,1050.9,10,10602.5,-93.5,-0.88,0,1.4,0.01,-93.5,-0.88,3304.2,3.30,1
260,Entry long,2026-06-03 09:54,sl1|ver=0.1.0|variant=baseline|cfg=ema9_atr14_buf0.1_chase1_win3_tgt1.5_hold20_t935-1500_ent2_loss2_dd2_dirboth_risk100|setup_id=ir:0.1.0:BATS:MU:1:1780494780000:long|bars_to_confirm=1|signal_close=1060.16|trigger=1060|stop=1050.91|target_r=1.5|risk_ps=9.25|atr=5.767659|vwap_dist_atr=0.71531|tick=0.01,1060.25,10,10602.5,-93.5,-0.88,0,1.4,0.01,-93.5,-0.88,3304.2,3.30,1
261,Exit long,2026-06-04 10:38,sl1|exit_reason=time,1003.82,16,15946.88,114.24,0.72,0,141.12,0.88,-94.72,-0.59,3418.44,3.42,20
261,Entry long,2026-06-04 10:18,sl1|ver=0.1.0|variant=baseline|cfg=ema9_atr14_buf0.1_chase1_win3_tgt1.5_hold20_t935-1500_ent2_loss2_dd2_dirboth_risk100|setup_id=ir:0.1.0:BATS:MU:1:1780582620000:long|bars_to_confirm=1|signal_close=996.61|trigger=996.34|stop=990.58|target_r=1.5|risk_ps=6.03|atr=5.344458|vwap_dist_atr=0.437922|tick=0.01,996.68,16,15946.88,114.24,0.72,0,141.12,0.88,-94.72,-0.59,3418.44,3.42,20
262,Exit short,2026-06-04 10:57,sl1|exit_reason=stop,996.78,20,19832.8,-102.8,-0.52,0,24.2,0.12,-102.8,-0.52,3315.64,3.32,12
262,Entry short,2026-06-04 10:45,sl1|ver=0.1.0|variant=baseline|cfg=ema9_atr14_buf0.1_chase1_win3_tgt1.5_hold20_t935-1500_ent2_loss2_dd2_dirboth_risk100|setup_id=ir:0.1.0:BATS:MU:1:1780584180000:short|bars_to_confirm=2|signal_close=991.83|trigger=992.27|stop=996.77|target_r=1.5|risk_ps=4.94|atr=4.023371|vwap_dist_atr=0.846478|tick=0.01,991.64,20,19832.8,-102.8,-0.52,0,24.2,0.12,-102.8,-0.52,3315.64,3.32,12
263,Exit short,2026-06-05 10:32,sl1|exit_reason=stop,938.11,14,13032.88,-100.66,-0.77,0,6.72,0.05,-100.66,-0.77,3214.98,3.21,3
263,Entry short,2026-06-05 10:29,sl1|ver=0.1.0|variant=baseline|cfg=ema9_atr14_buf0.1_chase1_win3_tgt1.5_hold20_t935-1500_ent2_loss2_dd2_dirboth_risk100|setup_id=ir:0.1.0:BATS:MU:1:1780669620000:short|bars_to_confirm=2|signal_close=931.16|trigger=933.4|stop=938.1|target_r=1.5|risk_ps=6.94|atr=4.621305|vwap_dist_atr=0.905995|tick=0.01,930.92,14,13032.88,-100.66,-0.77,0,6.72,0.05,-100.66,-0.77,3214.98,3.21,3
264,Exit short,2026-06-05 11:20,sl1|exit_reason=target,929.19,24,22446.72,146.16,0.65,0,146.16,0.65,-13.2,-0.06,3361.14,3.36,9
264,Entry short,2026-06-05 11:11,sl1|ver=0.1.0|variant=baseline|cfg=ema9_atr14_buf0.1_chase1_win3_tgt1.5_hold20_t935-1500_ent2_loss2_dd2_dirboth_risk100|setup_id=ir:0.1.0:BATS:MU:1:1780672140000:short|bars_to_confirm=2|signal_close=935.28|trigger=935.89|stop=939.34|target_r=1.5|risk_ps=4.06|atr=3.358646|vwap_dist_atr=0.562707|tick=0.01,935.28,24,22446.72,146.16,0.65,0,146.16,0.65,-13.2,-0.06,3361.14,3.36,9
265,Exit short,2026-06-08 09:57,sl1|exit_reason=target,926.33,12,11267.88,151.92,1.35,0,151.92,1.35,-41.16,-0.37,3513.06,3.51,7
265,Entry short,2026-06-08 09:50,sl1|ver=0.1.0|variant=baseline|cfg=ema9_atr14_buf0.1_chase1_win3_tgt1.5_hold20_t935-1500_ent2_loss2_dd2_dirboth_risk100|setup_id=ir:0.1.0:BATS:MU:1:1780926540000:short|bars_to_confirm=1|signal_close=939.13|trigger=940.58|stop=947.43|target_r=1.5|risk_ps=8.3|atr=6.048259|vwap_dist_atr=0.540885|tick=0.01,938.99,12,11267.88,151.92,1.35,0,151.92,1.35,-41.16,-0.37,3513.06,3.51,7
266,Exit long,2026-06-09 09:55,sl1|exit_reason=stop,971.17,12,11759.76,-105.72,-0.90,0,68.52,0.58,-105.72,-0.90,3407.34,3.41,12
266,Entry long,2026-06-09 09:43,sl1|ver=0.1.0|variant=baseline|cfg=ema9_atr14_buf0.1_chase1_win3_tgt1.5_hold20_t935-1500_ent2_loss2_dd2_dirboth_risk100|setup_id=ir:0.1.0:BATS:MU:1:1781012520000:long|bars_to_confirm=1|signal_close=979.41|trigger=977.3|stop=971.18|target_r=1.5|risk_ps=8.23|atr=3.973364|vwap_dist_atr=0.600091|tick=0.01,979.98,12,11759.76,-105.72,-0.90,0,68.52,0.58,-105.72,-0.90,3407.34,3.41,12
267,Exit long,2026-06-10 09:39,sl1|exit_reason=stop,908.22,14,12810.56,-95.48,-0.75,0,0.14,0.00,-95.48,-0.75,3311.86,3.31,0
267,Entry long,2026-06-10 09:39,sl1|ver=0.1.0|variant=baseline|cfg=ema9_atr14_buf0.1_chase1_win3_tgt1.5_hold20_t935-1500_ent2_loss2_dd2_dirboth_risk100|setup_id=ir:0.1.0:BATS:MU:1:1781098680000:long|bars_to_confirm=1|signal_close=915.02|trigger=914.5|stop=908.23|target_r=1.5|risk_ps=6.79|atr=5.656001|vwap_dist_atr=0.904969|tick=0.01,915.04,14,12810.56,-95.48,-0.75,0,0.14,0.00,-95.48,-0.75,3311.86,3.31,0
268,Exit short,2026-06-10 10:06,sl1|exit_reason=stop,921.84,12,10977.96,-84.12,-0.77,0,57.96,0.53,-84.12,-0.77,3227.74,3.23,6
268,Entry short,2026-06-10 10:00,sl1|ver=0.1.0|variant=baseline|cfg=ema9_atr14_buf0.1_chase1_win3_tgt1.5_hold20_t935-1500_ent2_loss2_dd2_dirboth_risk100|setup_id=ir:0.1.0:BATS:MU:1:1781099940000:short|bars_to_confirm=1|signal_close=914.13|trigger=916.2|stop=921.83|target_r=1.5|risk_ps=7.7|atr=5.952756|vwap_dist_atr=0.723542|tick=0.01,914.83,12,10977.96,-84.12,-0.77,0,57.96,0.53,-84.12,-0.77,3227.74,3.23,6
269,Exit short,2026-06-11 11:35,sl1|exit_reason=stop,914.2,18,16340.4,-115.2,-0.71,0,16.74,0.10,-115.2,-0.71,3112.54,3.11,6
269,Entry short,2026-06-11 11:29,sl1|ver=0.1.0|variant=baseline|cfg=ema9_atr14_buf0.1_chase1_win3_tgt1.5_hold20_t935-1500_ent2_loss2_dd2_dirboth_risk100|setup_id=ir:0.1.0:BATS:MU:1:1781191680000:short|bars_to_confirm=1|signal_close=908.69|trigger=910.08|stop=914.19|target_r=1.5|risk_ps=5.5|atr=3.433346|vwap_dist_atr=0.950487|tick=0.01,907.8,18,16340.4,-115.2,-0.71,0,16.74,0.10,-115.2,-0.71,3112.54,3.11,6
270,Exit short,2026-06-11 13:26,sl1|exit_reason=stop,917.17,32,29243.2,-106.24,-0.36,0,102.4,0.35,-106.24,-0.36,3006.3,3.01,10
270,Entry short,2026-06-11 13:16,sl1|ver=0.1.0|variant=baseline|cfg=ema9_atr14_buf0.1_chase1_win3_tgt1.5_hold20_t935-1500_ent2_loss2_dd2_dirboth_risk100|setup_id=ir:0.1.0:BATS:MU:1:1781198040000:short|bars_to_confirm=2|signal_close=914.09|trigger=914.5|stop=917.16|target_r=1.5|risk_ps=3.07|atr=2.517913|vwap_dist_atr=0.415323|tick=0.01,913.85,32,29243.2,-106.24,-0.36,0,102.4,0.35,-106.24,-0.36,3006.3,3.01,10
271,Exit short,2026-06-12 11:52,sl1|exit_reason=stop,993.96,13,12825.41,-96.07,-0.75,0,26.13,0.20,-96.07,-0.75,2910.23,2.91,2
271,Entry short,2026-06-12 11:50,sl1|ver=0.1.0|variant=baseline|cfg=ema9_atr14_buf0.1_chase1_win3_tgt1.5_hold20_t935-1500_ent2_loss2_dd2_dirboth_risk100|setup_id=ir:0.1.0:BATS:MU:1:1781279340000:short|bars_to_confirm=1|signal_close=986.47|trigger=988.25|stop=993.95|target_r=1.5|risk_ps=7.48|atr=3.595299|vwap_dist_atr=0.852807|tick=0.01,986.57,13,12825.41,-96.07,-0.75,0,26.13,0.20,-96.07,-0.75,2910.23,2.91,2
272,Exit long,2026-06-12 12:48,sl1|exit_reason=target,996.41,27,26754.03,149.04,0.56,0,149.04,0.56,-34.56,-0.13,3059.27,3.06,17
272,Entry long,2026-06-12 12:31,sl1|ver=0.1.0|variant=baseline|cfg=ema9_atr14_buf0.1_chase1_win3_tgt1.5_hold20_t935-1500_ent2_loss2_dd2_dirboth_risk100|setup_id=ir:0.1.0:BATS:MU:1:1781281740000:long|bars_to_confirm=2|signal_close=990.82|trigger=990.81|stop=987.21|target_r=1.5|risk_ps=3.61|atr=2.947342|vwap_dist_atr=0.470481|tick=0.01,990.89,27,26754.03,149.04,0.56,0,149.04,0.56,-34.56,-0.13,3059.27,3.06,17
273,Exit long,2026-06-15 09:59,sl1|exit_reason=stop,1056.74,13,13845.13,-107.51,-0.78,0,76.31,0.55,-107.51,-0.78,2951.76,2.95,8
273,Entry long,2026-06-15 09:51,sl1|ver=0.1.0|variant=baseline|cfg=ema9_atr14_buf0.1_chase1_win3_tgt1.5_hold20_t935-1500_ent2_loss2_dd2_dirboth_risk100|setup_id=ir:0.1.0:BATS:MU:1:1781531340000:long|bars_to_confirm=2|signal_close=1064.4|trigger=1063.82|stop=1056.75|target_r=1.5|risk_ps=7.65|atr=4.945663|vwap_dist_atr=0.50081|tick=0.01,1065.01,13,13845.13,-107.51,-0.78,0,76.31,0.55,-107.51,-0.78,2951.76,2.95,8
274,Exit long,2026-06-15 10:09,sl1|exit_reason=stop,1061.31,22,23449.8,-100.98,-0.43,0,49.72,0.21,-100.98,-0.43,2850.78,2.85,2
274,Entry long,2026-06-15 10:07,sl1|ver=0.1.0|variant=baseline|cfg=ema9_atr14_buf0.1_chase1_win3_tgt1.5_hold20_t935-1500_ent2_loss2_dd2_dirboth_risk100|setup_id=ir:0.1.0:BATS:MU:1:1781532360000:long|bars_to_confirm=1|signal_close=1065.84|trigger=1065|stop=1061.32|target_r=1.5|risk_ps=4.52|atr=4.509472|vwap_dist_atr=0.81726|tick=0.01,1065.9,22,23449.8,-100.98,-0.43,0,49.72,0.21,-100.98,-0.43,2850.78,2.85,2
275,Exit short,2026-06-16 10:06,sl1|exit_reason=time,1089.38,7,7654.22,28.56,0.37,0,73.22,0.96,-74.2,-0.97,2879.34,2.88,20
275,Entry short,2026-06-16 09:46,sl1|ver=0.1.0|variant=baseline|cfg=ema9_atr14_buf0.1_chase1_win3_tgt1.5_hold20_t935-1500_ent2_loss2_dd2_dirboth_risk100|setup_id=ir:0.1.0:BATS:MU:1:1781617500000:short|bars_to_confirm=1|signal_close=1093.46|trigger=1094.79|stop=1106.85|target_r=1.5|risk_ps=13.39|atr=6.256951|vwap_dist_atr=0.63859|tick=0.01,1093.46,7,7654.22,28.56,0.37,0,73.22,0.96,-74.2,-0.97,2879.34,2.88,20
276,Exit long,2026-06-17 10:38,sl1|exit_reason=time,1035.88,11,11423.06,-28.38,-0.25,0,61.49,0.54,-76.56,-0.67,2850.96,2.85,20
276,Entry long,2026-06-17 10:18,sl1|ver=0.1.0|variant=baseline|cfg=ema9_atr14_buf0.1_chase1_win3_tgt1.5_hold20_t935-1500_ent2_loss2_dd2_dirboth_risk100|setup_id=ir:0.1.0:BATS:MU:1:1781705820000:long|bars_to_confirm=1|signal_close=1038.61|trigger=1036.93|stop=1030.12|target_r=1.5|risk_ps=8.49|atr=5.386368|vwap_dist_atr=0.749162|tick=0.01,1038.46,11,11423.06,-28.38,-0.25,0,61.49,0.54,-76.56,-0.67,2850.96,2.85,20
277,Exit short,2026-06-18 10:00,sl1|exit_reason=stop,1107.45,13,14302.86,-93.99,-0.66,0,12.87,0.09,-93.99,-0.66,2756.97,2.76,2
277,Entry short,2026-06-18 09:58,sl1|ver=0.1.0|variant=baseline|cfg=ema9_atr14_buf0.1_chase1_win3_tgt1.5_hold20_t935-1500_ent2_loss2_dd2_dirboth_risk100|setup_id=ir:0.1.0:BATS:MU:1:1781790900000:short|bars_to_confirm=3|signal_close=1099.89|trigger=1100|stop=1107.44|target_r=1.5|risk_ps=7.55|atr=5.320523|vwap_dist_atr=0.938276|tick=0.01,1100.22,13,14302.86,-93.99,-0.66,0,12.87,0.09,-93.99,-0.66,2756.97,2.76,2
278,Exit long,2026-06-18 10:07,sl1|exit_reason=target,1113.29,24,26587.2,131.76,0.50,0,131.76,0.50,-53.04,-0.20,2888.73,2.89,3
278,Entry long,2026-06-18 10:04,sl1|ver=0.1.0|variant=baseline|cfg=ema9_atr14_buf0.1_chase1_win3_tgt1.5_hold20_t935-1500_ent2_loss2_dd2_dirboth_risk100|setup_id=ir:0.1.0:BATS:MU:1:1781791380000:long|bars_to_confirm=1|signal_close=1108.17|trigger=1108|stop=1104.14|target_r=1.5|risk_ps=4.03|atr=4.85224|vwap_dist_atr=0.665429|tick=0.01,1107.8,24,26587.2,131.76,0.50,0,131.76,0.50,-53.04,-0.20,2888.73,2.89,3
279,Exit long,2026-06-22 10:24,sl1|exit_reason=time,1190.76,16,19065.76,-13.6,-0.07,0,67.04,0.35,-101.76,-0.53,2875.13,2.88,20
279,Entry long,2026-06-22 10:04,sl1|ver=0.1.0|variant=baseline|cfg=ema9_atr14_buf0.1_chase1_win3_tgt1.5_hold20_t935-1500_ent2_loss2_dd2_dirboth_risk100|setup_id=ir:0.1.0:BATS:MU:1:1782136980000:long|bars_to_confirm=1|signal_close=1191.125|trigger=1190.04|stop=1185.05|target_r=1.5|risk_ps=6.075|atr=5.138134|vwap_dist_atr=0.934461|tick=0.01,1191.61,16,19065.76,-13.6,-0.07,0,67.04,0.35,-101.76,-0.53,2875.13,2.88,20
280,Exit long,2026-06-22 10:44,sl1|exit_reason=stop,1179.53,9,10719.09,-103.32,-0.96,0,19.71,0.18,-103.32,-0.96,2771.81,2.77,14
280,Entry long,2026-06-22 10:30,sl1|ver=0.1.0|variant=baseline|cfg=ema9_atr14_buf0.1_chase1_win3_tgt1.5_hold20_t935-1500_ent2_loss2_dd2_dirboth_risk100|setup_id=ir:0.1.0:BATS:MU:1:1782138540000:long|bars_to_confirm=1|signal_close=1190.65|trigger=1189.62|stop=1179.54|target_r=1.5|risk_ps=11.11|atr=4.639072|vwap_dist_atr=0.79434|tick=0.01,1191.01,9,10719.09,-103.32,-0.96,0,19.71,0.18,-103.32,-0.96,2771.81,2.77,14
281,Exit short,2026-06-23 09:50,sl1|exit_reason=stop,1078.64,6,6381.18,-90.66,-1.42,0,8.76,0.14,-90.66,-1.42,2681.15,2.68,13
281,Entry short,2026-06-23 09:37,sl1|ver=0.1.0|variant=baseline|cfg=ema9_atr14_buf0.1_chase1_win3_tgt1.5_hold20_t935-1500_ent2_loss2_dd2_dirboth_risk100|setup_id=ir:0.1.0:BATS:MU:1:1782221760000:short|bars_to_confirm=1|signal_close=1063.45|trigger=1068.49|stop=1078.63|target_r=1.5|risk_ps=15.18|atr=7.286895|vwap_dist_atr=0.781284|tick=0.01,1063.53,6,6381.18,-90.66,-1.42,0,8.76,0.14,-90.66,-1.42,2681.15,2.68,13
282,Exit short,2026-06-23 10:50,sl1|exit_reason=stop,1090.51,17,18444.49,-94.18,-0.51,0,57.46,0.31,-94.18,-0.51,2586.97,2.59,5
282,Entry short,2026-06-23 10:45,sl1|ver=0.1.0|variant=baseline|cfg=ema9_atr14_buf0.1_chase1_win3_tgt1.5_hold20_t935-1500_ent2_loss2_dd2_dirboth_risk100|setup_id=ir:0.1.0:BATS:MU:1:1782225840000:short|bars_to_confirm=1|signal_close=1084.76|trigger=1086.29|stop=1090.5|target_r=1.5|risk_ps=5.74|atr=4.995857|vwap_dist_atr=0.507706|tick=0.01,1084.97,17,18444.49,-94.18,-0.51,0,57.46,0.31,-94.18,-0.51,2586.97,2.59,5
283,Exit long,2026-06-24 09:58,sl1|exit_reason=stop,1045.22,6,6366.06,-94.74,-1.49,0,5.28,0.08,-94.74,-1.49,2492.23,2.49,6
283,Entry long,2026-06-24 09:52,sl1|ver=0.1.0|variant=baseline|cfg=ema9_atr14_buf0.1_chase1_win3_tgt1.5_hold20_t935-1500_ent2_loss2_dd2_dirboth_risk100|setup_id=ir:0.1.0:BATS:MU:1:1782309060000:long|bars_to_confirm=1|signal_close=1060.86|trigger=1058.58|stop=1045.23|target_r=1.5|risk_ps=15.63|atr=7.685836|vwap_dist_atr=0.958044|tick=0.01,1061.01,6,6366.06,-94.74,-1.49,0,5.28,0.08,-94.74,-1.49,2492.23,2.49,6
284,Exit short,2026-06-24 10:17,sl1|exit_reason=target,1040.97,21,22017.24,156.87,0.71,0,156.87,0.71,-102.06,-0.46,2649.1,2.65,4
284,Entry short,2026-06-24 10:13,sl1|ver=0.1.0|variant=baseline|cfg=ema9_atr14_buf0.1_chase1_win3_tgt1.5_hold20_t935-1500_ent2_loss2_dd2_dirboth_risk100|setup_id=ir:0.1.0:BATS:MU:1:1782310320000:short|bars_to_confirm=1|signal_close=1048.75|trigger=1049.16|stop=1053.42|target_r=1.5|risk_ps=4.67|atr=5.710095|vwap_dist_atr=0.589724|tick=0.01,1048.44,21,22017.24,156.87,0.71,0,156.87,0.71,-102.06,-0.46,2649.1,2.65,4
285,Exit short,2026-06-25 09:46,sl1|exit_reason=target,1204.9,5,6163.45,138.95,2.25,0,138.95,2.25,-6.55,-0.11,2788.05,2.79,4
285,Entry short,2026-06-25 09:42,sl1|ver=0.1.0|variant=baseline|cfg=ema9_atr14_buf0.1_chase1_win3_tgt1.5_hold20_t935-1500_ent2_loss2_dd2_dirboth_risk100|setup_id=ir:0.1.0:BATS:MU:1:1782394860000:short|bars_to_confirm=1|signal_close=1232.72|trigger=1235|stop=1251.22|target_r=1.5|risk_ps=18.5|atr=8.154264|vwap_dist_atr=0.979396|tick=0.01,1232.69,5,6163.45,138.95,2.25,0,138.95,2.25,-6.55,-0.11,2788.05,2.79,4
286,Exit long,2026-06-25 11:47,sl1|exit_reason=target,1200.72,16,19069.6,141.92,0.74,0,141.92,0.74,-1.12,-0.01,2929.97,2.93,2
286,Entry long,2026-06-25 11:45,sl1|ver=0.1.0|variant=baseline|cfg=ema9_atr14_buf0.1_chase1_win3_tgt1.5_hold20_t935-1500_ent2_loss2_dd2_dirboth_risk100|setup_id=ir:0.1.0:BATS:MU:1:1782402180000:long|bars_to_confirm=2|signal_close=1191.86|trigger=1190.8|stop=1185.94|target_r=1.5|risk_ps=5.92|atr=4.310475|vwap_dist_atr=0.938974|tick=0.01,1191.85,16,19069.6,141.92,0.74,0,141.92,0.74,-1.12,-0.01,2929.97,2.93,2
287,Exit long,2026-06-26 09:48,sl1|exit_reason=stop,1136.32,8,9177.44,-86.88,-0.95,0,37.6,0.41,-86.88,-0.95,2843.09,2.84,4
287,Entry long,2026-06-26 09:44,sl1|ver=0.1.0|variant=baseline|cfg=ema9_atr14_buf0.1_chase1_win3_tgt1.5_hold20_t935-1500_ent2_loss2_dd2_dirboth_risk100|setup_id=ir:0.1.0:BATS:MU:1:1782481380000:long|bars_to_confirm=1|signal_close=1147.7|trigger=1143.8|stop=1136.33|target_r=1.5|risk_ps=11.37|atr=7.570455|vwap_dist_atr=0.827566|tick=0.01,1147.18,8,9177.44,-86.88,-0.95,0,37.6,0.41,-86.88,-0.95,2843.09,2.84,4
288,Exit long,2026-06-26 09:58,sl1|exit_reason=target,1172.54,7,8046.36,161.42,2.01,0,161.42,2.01,-32.2,-0.40,3004.51,3.00,3
288,Entry long,2026-06-26 09:55,sl1|ver=0.1.0|variant=baseline|cfg=ema9_atr14_buf0.1_chase1_win3_tgt1.5_hold20_t935-1500_ent2_loss2_dd2_dirboth_risk100|setup_id=ir:0.1.0:BATS:MU:1:1782482040000:long|bars_to_confirm=1|signal_close=1148.39|trigger=1145.6|stop=1134.11|target_r=1.5|risk_ps=14.28|atr=8.775693|vwap_dist_atr=0.818549|tick=0.01,1149.48,7,8046.36,161.42,2.01,0,161.42,2.01,-32.2,-0.40,3004.51,3.00,3
289,Exit long,2026-06-30 10:07,sl1|exit_reason=stop,1138.65,13,14911.13,-108.68,-0.73,0,109.85,0.74,-108.68,-0.73,2895.83,2.90,12
289,Entry long,2026-06-30 09:55,sl1|ver=0.1.0|variant=baseline|cfg=ema9_atr14_buf0.1_chase1_win3_tgt1.5_hold20_t935-1500_ent2_loss2_dd2_dirboth_risk100|setup_id=ir:0.1.0:BATS:MU:1:1782827640000:long|bars_to_confirm=1|signal_close=1145.95|trigger=1145|stop=1138.66|target_r=1.5|risk_ps=7.29|atr=6.547402|vwap_dist_atr=0.450168|tick=0.01,1147.01,13,14911.13,-108.68,-0.73,0,109.85,0.74,-108.68,-0.73,2895.83,2.90,12
290,Exit long,2026-06-30 10:32,sl1|exit_reason=time,1149.24,10,11502,-9.6,-0.08,0,60.5,0.53,-81.2,-0.71,2886.23,2.89,20
290,Entry long,2026-06-30 10:12,sl1|ver=0.1.0|variant=baseline|cfg=ema9_atr14_buf0.1_chase1_win3_tgt1.5_hold20_t935-1500_ent2_loss2_dd2_dirboth_risk100|setup_id=ir:0.1.0:BATS:MU:1:1782828660000:long|bars_to_confirm=1|signal_close=1150|trigger=1146.8|stop=1140.53|target_r=1.5|risk_ps=9.47|atr=5.716439|vwap_dist_atr=0.997143|tick=0.01,1150.2,10,11502,-9.6,-0.08,0,60.5,0.53,-81.2,-0.71,2886.23,2.89,20
291,Exit short,2026-07-01 10:19,sl1|exit_reason=time,1084.14,7,7524.93,-64.05,-0.85,0,20.93,0.28,-88.55,-1.18,2822.18,2.82,20
291,Entry short,2026-07-01 09:59,sl1|ver=0.1.0|variant=baseline|cfg=ema9_atr14_buf0.1_chase1_win3_tgt1.5_hold20_t935-1500_ent2_loss2_dd2_dirboth_risk100|setup_id=ir:0.1.0:BATS:MU:1:1782914220000:short|bars_to_confirm=2|signal_close=1075.22|trigger=1079.37|stop=1088.11|target_r=1.5|risk_ps=12.89|atr=6.264552|vwap_dist_atr=0.821786|tick=0.01,1074.99,7,7524.93,-64.05,-0.85,0,20.93,0.28,-88.55,-1.18,2822.18,2.82,20
292,Exit short,2026-07-01 10:28,sl1|exit_reason=target,1074.16,32,34526.08,152.96,0.44,0,152.96,0.44,-77.12,-0.22,2975.14,2.98,4
292,Entry short,2026-07-01 10:24,sl1|ver=0.1.0|variant=baseline|cfg=ema9_atr14_buf0.1_chase1_win3_tgt1.5_hold20_t935-1500_ent2_loss2_dd2_dirboth_risk100|setup_id=ir:0.1.0:BATS:MU:1:1782915780000:short|bars_to_confirm=1|signal_close=1079.02|trigger=1079.22|stop=1082.13|target_r=1.5|risk_ps=3.11|atr=4.365942|vwap_dist_atr=0.281426|tick=0.01,1078.94,32,34526.08,152.96,0.44,0,152.96,0.44,-77.12,-0.22,2975.14,2.98,4
293,Exit short,2026-07-02 10:20,sl1|exit_reason=target,1030.39,10,10441.3,137.4,1.32,0,137.4,1.32,-78.7,-0.75,3112.54,3.11,9
293,Entry short,2026-07-02 10:11,sl1|ver=0.1.0|variant=baseline|cfg=ema9_atr14_buf0.1_chase1_win3_tgt1.5_hold20_t935-1500_ent2_loss2_dd2_dirboth_risk100|setup_id=ir:0.1.0:BATS:MU:1:1783001340000:short|bars_to_confirm=2|signal_close=1044.07|trigger=1046.51|stop=1053.29|target_r=1.5|risk_ps=9.22|atr=5.456317|vwap_dist_atr=0.842911|tick=0.01,1044.13,10,10441.3,137.4,1.32,0,137.4,1.32,-78.7,-0.75,3112.54,3.11,9
294,Exit long,2026-07-06 09:42,sl1|exit_reason=stop,995.54,15,15027.6,-94.5,-0.63,0,0,0.00,-94.5,-0.63,3018.04,3.02,0
294,Entry long,2026-07-06 09:42,sl1|ver=0.1.0|variant=baseline|cfg=ema9_atr14_buf0.1_chase1_win3_tgt1.5_hold20_t935-1500_ent2_loss2_dd2_dirboth_risk100|setup_id=ir:0.1.0:BATS:MU:1:1783345200000:long|bars_to_confirm=2|signal_close=1002.09|trigger=1001.44|stop=995.55|target_r=1.5|risk_ps=6.54|atr=5.554533|vwap_dist_atr=0.60138|tick=0.01,1001.84,15,15027.6,-94.5,-0.63,0,0,0.00,-94.5,-0.63,3018.04,3.02,0
295,Exit long,2026-07-06 10:15,sl1|exit_reason=target,1014.09,13,13030.03,153.14,1.18,0,153.14,1.18,-18.33,-0.14,3171.18,3.17,7
295,Entry long,2026-07-06 10:08,sl1|ver=0.1.0|variant=baseline|cfg=ema9_atr14_buf0.1_chase1_win3_tgt1.5_hold20_t935-1500_ent2_loss2_dd2_dirboth_risk100|setup_id=ir:0.1.0:BATS:MU:1:1783346820000:long|bars_to_confirm=1|signal_close=1002|trigger=1001.55|stop=994.46|target_r=1.5|risk_ps=7.54|atr=4.660658|vwap_dist_atr=0.488533|tick=0.01,1002.31,13,13030.03,153.14,1.18,0,153.14,1.18,-18.33,-0.14,3171.18,3.17,7
296,Exit long,2026-07-07 09:53,sl1|exit_reason=stop,916.71,11,10181.93,-98.12,-0.96,0,108.57,1.07,-98.12,-0.96,3073.06,3.07,13
296,Entry long,2026-07-07 09:40,sl1|ver=0.1.0|variant=baseline|cfg=ema9_atr14_buf0.1_chase1_win3_tgt1.5_hold20_t935-1500_ent2_loss2_dd2_dirboth_risk100|setup_id=ir:0.1.0:BATS:MU:1:1783431420000:long|bars_to_confirm=3|signal_close=925.67|trigger=924.75|stop=916.72|target_r=1.5|risk_ps=8.95|atr=5.179448|vwap_dist_atr=0.827005|tick=0.01,925.63,11,10181.93,-98.12,-0.96,0,108.57,1.07,-98.12,-0.96,3073.06,3.07,13
297,Exit long,2026-07-07 10:08,sl1|exit_reason=stop,916.18,14,12916.26,-89.74,-0.69,0,47.6,0.37,-89.74,-0.69,2983.32,2.98,6
297,Entry long,2026-07-07 10:02,sl1|ver=0.1.0|variant=baseline|cfg=ema9_atr14_buf0.1_chase1_win3_tgt1.5_hold20_t935-1500_ent2_loss2_dd2_dirboth_risk100|setup_id=ir:0.1.0:BATS:MU:1:1783432860000:long|bars_to_confirm=1|signal_close=922.88|trigger=922.29|stop=916.19|target_r=1.5|risk_ps=6.69|atr=5.085813|vwap_dist_atr=0.313676|tick=0.01,922.59,14,12916.26,-89.74,-0.69,0,47.6,0.37,-89.74,-0.69,2983.32,2.98,6
298,Exit short,2026-07-08 10:17,sl1|exit_reason=stop,946.58,16,15051.68,-93.6,-0.62,0,78.72,0.52,-93.6,-0.62,2889.72,2.89,5
298,Entry short,2026-07-08 10:12,sl1|ver=0.1.0|variant=baseline|cfg=ema9_atr14_buf0.1_chase1_win3_tgt1.5_hold20_t935-1500_ent2_loss2_dd2_dirboth_risk100|setup_id=ir:0.1.0:BATS:MU:1:1783519860000:short|bars_to_confirm=1|signal_close=940.39|trigger=942.03|stop=946.57|target_r=1.5|risk_ps=6.18|atr=4.409354|vwap_dist_atr=0.722376|tick=0.01,940.73,16,15051.68,-93.6,-0.62,0,78.72,0.52,-93.6,-0.62,2889.72,2.89,5
299,Exit short,2026-07-08 10:43,sl1|exit_reason=target,934.23,21,19760.79,141.96,0.72,0,141.96,0.72,-22.68,-0.11,3031.68,3.03,2
299,Entry short,2026-07-08 10:41,sl1|ver=0.1.0|variant=baseline|cfg=ema9_atr14_buf0.1_chase1_win3_tgt1.5_hold20_t935-1500_ent2_loss2_dd2_dirboth_risk100|setup_id=ir:0.1.0:BATS:MU:1:1783521600000:short|bars_to_confirm=1|signal_close=940.79|trigger=942.01|stop=945.5|target_r=1.5|risk_ps=4.71|atr=4.365455|vwap_dist_atr=0.749443|tick=0.01,940.99,21,19760.79,141.96,0.72,0,141.96,0.72,-22.68,-0.11,3031.68,3.03,2
300,Exit long,2026-07-09 10:50,sl1|exit_reason=stop,1016.58,28,28550.48,-86.24,-0.30,0,57.68,0.20,-86.24,-0.30,2945.44,2.95,1
300,Entry long,2026-07-09 10:49,sl1|ver=0.1.0|variant=baseline|cfg=ema9_atr14_buf0.1_chase1_win3_tgt1.5_hold20_t935-1500_ent2_loss2_dd2_dirboth_risk100|setup_id=ir:0.1.0:BATS:MU:1:1783608480000:long|bars_to_confirm=1|signal_close=1020.15|trigger=1019.8|stop=1016.59|target_r=1.5|risk_ps=3.56|atr=3.390202|vwap_dist_atr=0.35567|tick=0.01,1019.66,28,28550.48,-86.24,-0.30,0,57.68,0.20,-86.24,-0.30,2945.44,2.95,1
301,Exit long,2026-07-09 11:55,sl1|exit_reason=stop,1017.04,30,30613.2,-102,-0.33,0,37.2,0.12,-102,-0.33,2843.44,2.84,12
301,Entry long,2026-07-09 11:43,sl1|ver=0.1.0|variant=baseline|cfg=ema9_atr14_buf0.1_chase1_win3_tgt1.5_hold20_t935-1500_ent2_loss2_dd2_dirboth_risk100|setup_id=ir:0.1.0:BATS:MU:1:1783611720000:long|bars_to_confirm=1|signal_close=1020.34|trigger=1019.48|stop=1017.05|target_r=1.5|risk_ps=3.29|atr=1.960994|vwap_dist_atr=0.829308|tick=0.01,1020.44,30,30613.2,-102,-0.33,0,37.2,0.12,-102,-0.33,2843.44,2.84,12
302,Exit long,2026-07-10 11:06,sl1|exit_reason=stop,970,26,25318.28,-98.28,-0.39,0,10.4,0.04,-98.28,-0.39,2745.16,2.75,1
302,Entry long,2026-07-10 11:05,sl1|ver=0.1.0|variant=baseline|cfg=ema9_atr14_buf0.1_chase1_win3_tgt1.5_hold20_t935-1500_ent2_loss2_dd2_dirboth_risk100|setup_id=ir:0.1.0:BATS:MU:1:1783695840000:long|bars_to_confirm=1|signal_close=973.75|trigger=972.5|stop=970.01|target_r=1.5|risk_ps=3.74|atr=2.966998|vwap_dist_atr=0.613533|tick=0.01,973.78,26,25318.28,-98.28,-0.39,0,10.4,0.04,-98.28,-0.39,2745.16,2.75,1
303,Exit long,2026-07-10 12:05,sl1|exit_reason=target,976.2,37,35968.81,150.59,0.42,0,150.59,0.42,-0.37,0.00,2895.75,2.90,1
303,Entry long,2026-07-10 12:04,sl1|ver=0.1.0|variant=baseline|cfg=ema9_atr14_buf0.1_chase1_win3_tgt1.5_hold20_t935-1500_ent2_loss2_dd2_dirboth_risk100|setup_id=ir:0.1.0:BATS:MU:1:1783699380000:long|bars_to_confirm=1|signal_close=972.08|trigger=971.8|stop=969.42|target_r=1.5|risk_ps=2.66|atr=2.70107|vwap_dist_atr=0.35413|tick=0.01,972.13,37,35968.81,150.59,0.42,0,150.59,0.42,-0.37,0.00,2895.75,2.90,1
304,Exit short,2026-07-13 13:55,sl1|exit_reason=stop,928.99,44,40776.56,-99,-0.24,0,32.56,0.08,-99,-0.24,2796.75,2.80,3
304,Entry short,2026-07-13 13:52,sl1|ver=0.1.0|variant=baseline|cfg=ema9_atr14_buf0.1_chase1_win3_tgt1.5_hold20_t935-1500_ent2_loss2_dd2_dirboth_risk100|setup_id=ir:0.1.0:BATS:MU:1:1783965060000:short|bars_to_confirm=1|signal_close=926.72|trigger=926.73|stop=928.98|target_r=1.5|risk_ps=2.26|atr=1.425002|vwap_dist_atr=0.485146|tick=0.01,926.74,44,40776.56,-99,-0.24,0,32.56,0.08,-99,-0.24,2796.75,2.80,3
305,Exit short,2026-07-13 14:15,sl1|exit_reason=stop,928.65,42,38912.58,-90.72,-0.23,0,75.6,0.19,-90.72,-0.23,2706.03,2.71,3
305,Entry short,2026-07-13 14:12,sl1|ver=0.1.0|variant=baseline|cfg=ema9_atr14_buf0.1_chase1_win3_tgt1.5_hold20_t935-1500_ent2_loss2_dd2_dirboth_risk100|setup_id=ir:0.1.0:BATS:MU:1:1783966260000:short|bars_to_confirm=1|signal_close=926.29|trigger=927.21|stop=928.64|target_r=1.5|risk_ps=2.35|atr=1.597774|vwap_dist_atr=0.750608|tick=0.01,926.49,42,38912.58,-90.72,-0.23,0,75.6,0.19,-90.72,-0.23,2706.03,2.71,3
306,Exit long,2026-07-14 11:20,sl1|exit_reason=target,978.72,25,24320.25,147.75,0.61,0,147.75,0.61,-30.25,-0.12,2853.78,2.85,10
306,Entry long,2026-07-14 11:10,sl1|ver=0.1.0|variant=baseline|cfg=ema9_atr14_buf0.1_chase1_win3_tgt1.5_hold20_t935-1500_ent2_loss2_dd2_dirboth_risk100|setup_id=ir:0.1.0:BATS:MU:1:1784041740000:long|bars_to_confirm=1|signal_close=972.77|trigger=970.915|stop=968.87|target_r=1.5|risk_ps=3.9|atr=2.657349|vwap_dist_atr=0.953686|tick=0.01,972.81,25,24320.25,147.75,0.61,0,147.75,0.61,-30.25,-0.12,2853.78,2.85,10
307,Exit short,2026-07-15 14:15,sl1|exit_reason=target,906,43,39101.19,143.19,0.37,0,143.19,0.37,-5.59,-0.01,2996.97,3.00,0
307,Entry short,2026-07-15 14:15,sl1|ver=0.1.0|variant=baseline|cfg=ema9_atr14_buf0.1_chase1_win3_tgt1.5_hold20_t935-1500_ent2_loss2_dd2_dirboth_risk100|setup_id=ir:0.1.0:BATS:MU:1:1784139240000:short|bars_to_confirm=1|signal_close=909.43|trigger=909.79|stop=911.72|target_r=1.5|risk_ps=2.29|atr=2.318738|vwap_dist_atr=0.984704|tick=0.01,909.33,43,39101.19,143.19,0.37,0,143.19,0.37,-5.59,-0.01,2996.97,3.00,0
308,Exit long,2026-07-15 14:35,sl1|exit_reason=stop,910.58,30,27420.3,-102.9,-0.38,0,44.7,0.16,-102.9,-0.38,2894.07,2.89,11
308,Entry long,2026-07-15 14:24,sl1|ver=0.1.0|variant=baseline|cfg=ema9_atr14_buf0.1_chase1_win3_tgt1.5_hold20_t935-1500_ent2_loss2_dd2_dirboth_risk100|setup_id=ir:0.1.0:BATS:MU:1:1784139720000:long|bars_to_confirm=2|signal_close=913.885|trigger=912.74|stop=910.59|target_r=1.5|risk_ps=3.295|atr=2.33391|vwap_dist_atr=0.9504|tick=0.01,914.01,30,27420.3,-102.9,-0.38,0,44.7,0.16,-102.9,-0.38,2894.07,2.89,11
309,Exit short,2026-07-16 10:42,sl1|exit_reason=time,861.71,13,11279.71,77.48,0.69,0,110.63,0.98,-58.37,-0.52,2971.55,2.97,20
309,Entry short,2026-07-16 10:22,sl1|ver=0.1.0|variant=baseline|cfg=ema9_atr14_buf0.1_chase1_win3_tgt1.5_hold20_t935-1500_ent2_loss2_dd2_dirboth_risk100|setup_id=ir:0.1.0:BATS:MU:1:1784211660000:short|bars_to_confirm=1|signal_close=868|trigger=870|stop=875.66|target_r=1.5|risk_ps=7.66|atr=4.25957|vwap_dist_atr=0.491753|tick=0.01,867.67,13,11279.71,77.48,0.69,0,110.63,0.98,-58.37,-0.52,2971.55,2.97,20
310,Exit long,2026-07-16 14:29,sl1|exit_reason=stop,856.81,25,21517.75,-97.5,-0.45,0,57.25,0.27,-97.5,-0.45,2874.05,2.87,4
310,Entry long,2026-07-16 14:25,sl1|ver=0.1.0|variant=baseline|cfg=ema9_atr14_buf0.1_chase1_win3_tgt1.5_hold20_t935-1500_ent2_loss2_dd2_dirboth_risk100|setup_id=ir:0.1.0:BATS:MU:1:1784226240000:long|bars_to_confirm=1|signal_close=860.69|trigger=858.96|stop=856.82|target_r=1.5|risk_ps=3.87|atr=2.339434|vwap_dist_atr=0.976888|tick=0.01,860.71,25,21517.75,-97.5,-0.45,0,57.25,0.27,-97.5,-0.45,2874.05,2.87,4
311,Exit long,2026-07-17 09:53,sl1|exit_reason=target,834.25,12,9870.36,140.64,1.42,0,140.64,1.42,-32.28,-0.33,3014.69,3.01,3
311,Entry long,2026-07-17 09:50,sl1|ver=0.1.0|variant=baseline|cfg=ema9_atr14_buf0.1_chase1_win3_tgt1.5_hold20_t935-1500_ent2_loss2_dd2_dirboth_risk100|setup_id=ir:0.1.0:BATS:MU:1:1784296140000:long|bars_to_confirm=1|signal_close=822.56|trigger=822.5|stop=814.72|target_r=1.5|risk_ps=7.84|atr=5.538727|vwap_dist_atr=0.952693|tick=0.01,822.53,12,9870.36,140.64,1.42,0,140.64,1.42,-32.28,-0.33,3014.69,3.01,3
312,Exit long,2026-07-20 11:42,sl1|exit_reason=time,881.48,23,20327.63,-53.59,-0.26,0,91.77,0.45,-97.52,-0.48,2961.1,2.96,20
312,Entry long,2026-07-20 11:22,sl1|ver=0.1.0|variant=baseline|cfg=ema9_atr14_buf0.1_chase1_win3_tgt1.5_hold20_t935-1500_ent2_loss2_dd2_dirboth_risk100|setup_id=ir:0.1.0:BATS:MU:1:1784560860000:long|bars_to_confirm=1|signal_close=883.61|trigger=883.5|stop=879.3|target_r=1.5|risk_ps=4.31|atr=2.702153|vwap_dist_atr=0.530552|tick=0.01,883.81,23,20327.63,-53.59,-0.26,0,91.77,0.45,-97.52,-0.48,2961.1,2.96,20
313,Exit long,2026-07-20 11:54,sl1|exit_reason=target,890.39,24,21216.24,153.12,0.72,0,153.12,0.72,-64.56,-0.30,3114.22,3.11,8
313,Entry long,2026-07-20 11:46,sl1|ver=0.1.0|variant=baseline|cfg=ema9_atr14_buf0.1_chase1_win3_tgt1.5_hold20_t935-1500_ent2_loss2_dd2_dirboth_risk100|setup_id=ir:0.1.0:BATS:MU:1:1784562300000:long|bars_to_confirm=1|signal_close=883.82|trigger=883.69|stop=879.76|target_r=1.5|risk_ps=4.06|atr=2.381925|vwap_dist_atr=0.597328|tick=0.01,884.01,24,21216.24,153.12,0.72,0,153.12,0.72,-64.56,-0.30,3114.22,3.11,8
314,Exit long,2026-07-21 09:55,sl1|exit_reason=stop,931.92,14,13146,-99.12,-0.75,0,19.6,0.15,-99.12,-0.75,3015.1,3.02,4
314,Entry long,2026-07-21 09:51,sl1|ver=0.1.0|variant=baseline|cfg=ema9_atr14_buf0.1_chase1_win3_tgt1.5_hold20_t935-1500_ent2_loss2_dd2_dirboth_risk100|setup_id=ir:0.1.0:BATS:MU:1:1784641800000:long|bars_to_confirm=1|signal_close=938.94|trigger=936.59|stop=931.93|target_r=1.5|risk_ps=7.01|atr=4.020151|vwap_dist_atr=0.935878|tick=0.01,939,14,13146,-99.12,-0.75,0,19.6,0.15,-99.12,-0.75,3015.1,3.02,4
315,Exit short,2026-07-23 10:52,sl1|exit_reason=stop,993.39,21,20764.38,-96.81,-0.47,0,4.62,0.02,-96.81,-0.47,2918.29,2.92,0
315,Entry short,2026-07-23 10:52,sl1|ver=0.1.0|variant=baseline|cfg=ema9_atr14_buf0.1_chase1_win3_tgt1.5_hold20_t935-1500_ent2_loss2_dd2_dirboth_risk100|setup_id=ir:0.1.0:BATS:MU:1:1784818260000:short|bars_to_confirm=1|signal_close=988.82|trigger=988.85|stop=993.38|target_r=1.5|risk_ps=4.56|atr=3.857928|vwap_dist_atr=0.136522|tick=0.01,988.78,21,20764.38,-96.81,-0.47,0,4.62,0.02,-96.81,-0.47,2918.29,2.92,0
316,Exit short,2026-07-23 10:58,sl1|exit_reason=stop,993.9,12,11834.4,-92.4,-0.78,0,7.32,0.06,-92.4,-0.78,2825.89,2.83,3
316,Entry short,2026-07-23 10:55,sl1|ver=0.1.0|variant=baseline|cfg=ema9_atr14_buf0.1_chase1_win3_tgt1.5_hold20_t935-1500_ent2_loss2_dd2_dirboth_risk100|setup_id=ir:0.1.0:BATS:MU:1:1784818440000:short|bars_to_confirm=1|signal_close=985.96|trigger=989.01|stop=993.89|target_r=1.5|risk_ps=7.93|atr=3.992259|vwap_dist_atr=0.850835|tick=0.01,986.2,12,11834.4,-92.4,-0.78,0,7.32,0.06,-92.4,-0.78,2825.89,2.83,3
317,Exit short,2026-07-24 11:50,sl1|exit_reason=time,939.9,15,14013.45,-85.05,-0.61,0,20.25,0.14,-98.25,-0.70,2740.84,2.74,20
317,Entry short,2026-07-24 11:30,sl1|ver=0.1.0|variant=baseline|cfg=ema9_atr14_buf0.1_chase1_win3_tgt1.5_hold20_t935-1500_ent2_loss2_dd2_dirboth_risk100|setup_id=ir:0.1.0:BATS:MU:1:1784906940000:short|bars_to_confirm=1|signal_close=934.61|trigger=937.05|stop=941.06|target_r=1.5|risk_ps=6.45|atr=3.350809|vwap_dist_atr=0.809374|tick=0.01,934.23,15,14013.45,-85.05,-0.61,0,20.25,0.14,-98.25,-0.70,2740.84,2.74,20
318,Exit short,2026-07-24 12:55,sl1|exit_reason=target,932.57,38,35594.98,157.32,0.44,0,157.32,0.44,-11.02,-0.03,2898.16,2.90,7
318,Entry short,2026-07-24 12:48,sl1|ver=0.1.0|variant=baseline|cfg=ema9_atr14_buf0.1_chase1_win3_tgt1.5_hold20_t935-1500_ent2_loss2_dd2_dirboth_risk100|setup_id=ir:0.1.0:BATS:MU:1:1784911620000:short|bars_to_confirm=1|signal_close=936.84|trigger=937.5|stop=939.47|target_r=1.5|risk_ps=2.63|atr=1.860912|vwap_dist_atr=0.842299|tick=0.01,936.71,38,35594.98,157.32,0.44,0,157.32,0.44,-11.02,-0.03,2898.16,2.90,7
319,Exit short,2026-07-27 09:50,sl1|exit_reason=stop,925.97,14,12871.74,-91.84,-0.71,0,23.1,0.18,-91.84,-0.71,2806.32,2.81,1
319,Entry short,2026-07-27 09:49,sl1|ver=0.1.0|variant=baseline|cfg=ema9_atr14_buf0.1_chase1_win3_tgt1.5_hold20_t935-1500_ent2_loss2_dd2_dirboth_risk100|setup_id=ir:0.1.0:BATS:MU:1:1785160080000:short|bars_to_confirm=1|signal_close=919.155|trigger=920.66|stop=925.96|target_r=1.5|risk_ps=6.805|atr=4.916627|vwap_dist_atr=0.723653|tick=0.01,919.41,14,12871.74,-91.84,-0.71,0,23.1,0.18,-91.84,-0.71,2806.32,2.81,1
320,Exit long,2026-07-27 14:47,sl1|exit_reason=stop,880.68,30,26517,-96.6,-0.36,0,45.3,0.17,-96.6,-0.36,2709.72,2.71,2
320,Entry long,2026-07-27 14:45,sl1|ver=0.1.0|variant=baseline|cfg=ema9_atr14_buf0.1_chase1_win3_tgt1.5_hold20_t935-1500_ent2_loss2_dd2_dirboth_risk100|setup_id=ir:0.1.0:BATS:MU:1:1785177840000:long|bars_to_confirm=1|signal_close=884|trigger=883.75|stop=880.69|target_r=1.5|risk_ps=3.31|atr=2.022909|vwap_dist_atr=0.512689|tick=0.01,883.9,30,26517,-96.6,-0.36,0,45.3,0.17,-96.6,-0.36,2709.72,2.71,2
321,Exit short,2026-07-28 11:10,sl1|exit_reason=stop,816.42,19,15408.62,-103.36,-0.67,0,9.5,0.06,-103.36,-0.67,2606.36,2.61,2
321,Entry short,2026-07-28 11:08,sl1|ver=0.1.0|variant=baseline|cfg=ema9_atr14_buf0.1_chase1_win3_tgt1.5_hold20_t935-1500_ent2_loss2_dd2_dirboth_risk100|setup_id=ir:0.1.0:BATS:MU:1:1785251100000:short|bars_to_confirm=3|signal_close=811.2|trigger=812.1|stop=816.41|target_r=1.5|risk_ps=5.21|atr=3.569804|vwap_dist_atr=0.514772|tick=0.01,810.98,19,15408.62,-103.36,-0.67,0,9.5,0.06,-103.36,-0.67,2606.36,2.61,2
322,Exit short,2026-07-28 11:20,sl1|exit_reason=stop,815.69,19,15400.64,-97.47,-0.63,0,10.64,0.07,-97.47,-0.63,2508.89,2.51,3
322,Entry short,2026-07-28 11:17,sl1|ver=0.1.0|variant=baseline|cfg=ema9_atr14_buf0.1_chase1_win3_tgt1.5_hold20_t935-1500_ent2_loss2_dd2_dirboth_risk100|setup_id=ir:0.1.0:BATS:MU:1:1785251700000:short|bars_to_confirm=2|signal_close=810.65|trigger=811.49|stop=815.68|target_r=1.5|risk_ps=5.03|atr=3.364874|vwap_dist_atr=0.702359|tick=0.01,810.56,19,15400.64,-97.47,-0.63,0,10.64,0.07,-97.47,-0.63,2508.89,2.51,3
323,Exit short,2026-08-03 09:57,sl1|exit_reason=stop,790.94,7,5438.79,-97.79,-1.80,0,12.04,0.22,-97.79,-1.80,2411.1,2.41,14
323,Entry short,2026-08-03 09:43,sl1|ver=0.1.0|variant=baseline|cfg=ema9_atr14_buf0.1_chase1_win3_tgt1.5_hold20_t935-1500_ent2_loss2_dd2_dirboth_risk100|setup_id=ir:0.1.0:BATS:MU:1:1785764460000:short|bars_to_confirm=2|signal_close=776.77|trigger=777.77|stop=790.93|target_r=1.5|risk_ps=14.16|atr=5.967156|vwap_dist_atr=0.649287|tick=0.01,776.97,7,5438.79,-97.79,-1.80,0,12.04,0.22,-97.79,-1.80,2411.1,2.41,14
324,Exit short,2026-08-04 09:41,sl1|exit_reason=stop,874.3,14,12144.72,-95.48,-0.79,0,54.6,0.45,-95.48,-0.79,2315.62,2.32,3
324,Entry short,2026-08-04 09:38,sl1|ver=0.1.0|variant=baseline|cfg=ema9_atr14_buf0.1_chase1_win3_tgt1.5_hold20_t935-1500_ent2_loss2_dd2_dirboth_risk100|setup_id=ir:0.1.0:BATS:MU:1:1785850620000:short|bars_to_confirm=1|signal_close=867.5|trigger=868.5|stop=874.29|target_r=1.5|risk_ps=6.79|atr=4.212064|vwap_dist_atr=0.464638|tick=0.01,867.48,14,12144.72,-95.48,-0.79,0,54.6,0.45,-95.48,-0.79,2315.62,2.32,3
325,Exit long,2026-08-05 10:52,sl1|exit_reason=stop,907.28,20,18253,-107.4,-0.59,0,41,0.22,-107.4,-0.59,2208.22,2.21,3
325,Entry long,2026-08-05 10:49,sl1|ver=0.1.0|variant=baseline|cfg=ema9_atr14_buf0.1_chase1_win3_tgt1.5_hold20_t935-1500_ent2_loss2_dd2_dirboth_risk100|setup_id=ir:0.1.0:BATS:MU:1:1785941280000:long|bars_to_confirm=1|signal_close=912.29|trigger=911.41|stop=907.29|target_r=1.5|risk_ps=5|atr=3.975294|vwap_dist_atr=0.415874|tick=0.01,912.65,20,18253,-107.4,-0.59,0,41,0.22,-107.4,-0.59,2208.22,2.21,3
326,Exit short,2026-08-07 12:30,sl1|exit_reason=target,862.38,26,22575.54,153.66,0.68,0,153.66,0.68,-37.18,-0.16,2361.88,2.36,5
326,Entry short,2026-08-07 12:25,sl1|ver=0.1.0|variant=baseline|cfg=ema9_atr14_buf0.1_chase1_win3_tgt1.5_hold20_t935-1500_ent2_loss2_dd2_dirboth_risk100|setup_id=ir:0.1.0:BATS:MU:1:1786119840000:short|bars_to_confirm=1|signal_close=868.39|trigger=869.1|stop=872.23|target_r=1.5|risk_ps=3.84|atr=1.764181|vwap_dist_atr=0.794181|tick=0.01,868.29,26,22575.54,153.66,0.68,0,153.66,0.68,-37.18,-0.16,2361.88,2.36,5
327,Exit long,2026-08-07 14:58,sl1|exit_reason=target,872.66,68,59198.76,142.12,0.24,0,142.12,0.24,-19.04,-0.03,2504,2.50,7
327,Entry long,2026-08-07 14:51,sl1|ver=0.1.0|variant=baseline|cfg=ema9_atr14_buf0.1_chase1_win3_tgt1.5_hold20_t935-1500_ent2_loss2_dd2_dirboth_risk100|setup_id=ir:0.1.0:BATS:MU:1:1786128540000:long|bars_to_confirm=2|signal_close=870.63|trigger=870.59|stop=869.18|target_r=1.5|risk_ps=1.45|atr=0.949061|vwap_dist_atr=0.886856|tick=0.01,870.57,68,59198.76,142.12,0.24,0,142.12,0.24,-19.04,-0.03,2504,2.50,7
328,Exit short,2026-08-10 09:43,sl1|exit_reason=stop,868.36,16,13795.68,-98.08,-0.71,0,64.48,0.47,-98.08,-0.71,2405.92,2.41,2
328,Entry short,2026-08-10 09:41,sl1|ver=0.1.0|variant=baseline|cfg=ema9_atr14_buf0.1_chase1_win3_tgt1.5_hold20_t935-1500_ent2_loss2_dd2_dirboth_risk100|setup_id=ir:0.1.0:BATS:MU:1:1786369200000:short|bars_to_confirm=1|signal_close=862.16|trigger=862.28|stop=868.35|target_r=1.5|risk_ps=6.19|atr=4.456563|vwap_dist_atr=0.901454|tick=0.01,862.23,16,13795.68,-98.08,-0.71,0,64.48,0.47,-98.08,-0.71,2405.92,2.41,2
329,Exit short,2026-08-10 10:35,sl1|exit_reason=stop,877.66,17,14823.15,-97.07,-0.65,0,72.08,0.49,-97.07,-0.65,2308.85,2.31,10
329,Entry short,2026-08-10 10:25,sl1|ver=0.1.0|variant=baseline|cfg=ema9_atr14_buf0.1_chase1_win3_tgt1.5_hold20_t935-1500_ent2_loss2_dd2_dirboth_risk100|setup_id=ir:0.1.0:BATS:MU:1:1786371840000:short|bars_to_confirm=1|signal_close=871.81|trigger=872|stop=877.65|target_r=1.5|risk_ps=5.84|atr=4.260901|vwap_dist_atr=0.985983|tick=0.01,871.95,17,14823.15,-97.07,-0.65,0,72.08,0.49,-97.07,-0.65,2308.85,2.31,10
330,Exit short,2026-08-11 09:46,sl1|exit_reason=target,855.38,12,10417.68,153.12,1.47,0,153.12,1.47,-3.12,-0.03,2461.97,2.46,7
330,Entry short,2026-08-11 09:39,sl1|ver=0.1.0|variant=baseline|cfg=ema9_atr14_buf0.1_chase1_win3_tgt1.5_hold20_t935-1500_ent2_loss2_dd2_dirboth_risk100|setup_id=ir:0.1.0:BATS:MU:1:1786455480000:short|bars_to_confirm=1|signal_close=868.51|trigger=870.1|stop=876.65|target_r=1.5|risk_ps=8.14|atr=3.730969|vwap_dist_atr=0.746004|tick=0.01,868.14,12,10417.68,153.12,1.47,0,153.12,1.47,-3.12,-0.03,2461.97,2.46,7
331,Exit long,2026-08-11 10:10,sl1|exit_reason=stop,860.16,13,11274.77,-92.69,-0.82,0,13.78,0.12,-92.69,-0.82,2369.28,2.37,3
331,Entry long,2026-08-11 10:07,sl1|ver=0.1.0|variant=baseline|cfg=ema9_atr14_buf0.1_chase1_win3_tgt1.5_hold20_t935-1500_ent2_loss2_dd2_dirboth_risk100|setup_id=ir:0.1.0:BATS:MU:1:1786457160000:long|bars_to_confirm=1|signal_close=867.46|trigger=866|stop=860.17|target_r=1.5|risk_ps=7.29|atr=3.815165|vwap_dist_atr=0.88696|tick=0.01,867.29,13,11274.77,-92.69,-0.82,0,13.78,0.12,-92.69,-0.82,2369.28,2.37,3
332,Exit short,2026-08-12 10:26,sl1|exit_reason=stop,923.05,14,12827.92,-94.78,-0.74,0,0,0.00,-94.78,-0.74,2274.5,2.27,3
332,Entry short,2026-08-12 10:23,sl1|ver=0.1.0|variant=baseline|cfg=ema9_atr14_buf0.1_chase1_win3_tgt1.5_hold20_t935-1500_ent2_loss2_dd2_dirboth_risk100|setup_id=ir:0.1.0:BATS:MU:1:1786544400000:short|bars_to_confirm=3|signal_close=916.04|trigger=916.05|stop=923.04|target_r=1.5|risk_ps=7|atr=3.384484|vwap_dist_atr=0.591173|tick=0.01,916.28,14,12827.92,-94.78,-0.74,0,0,0.00,-94.78,-0.74,2274.5,2.27,3
333,Exit long,2026-08-14 09:48,sl1|exit_reason=target,974.76,20,19353,142.2,0.73,0,142.2,0.73,-72.6,-0.38,2416.7,2.42,4
333,Entry long,2026-08-14 09:44,sl1|ver=0.1.0|variant=baseline|cfg=ema9_atr14_buf0.1_chase1_win3_tgt1.5_hold20_t935-1500_ent2_loss2_dd2_dirboth_risk100|setup_id=ir:0.1.0:BATS:MU:1:1786714980000:long|bars_to_confirm=1|signal_close=967.69|trigger=967.33|stop=962.91|target_r=1.5|risk_ps=4.78|atr=4.136346|vwap_dist_atr=0.709632|tick=0.01,967.65,20,19353,142.2,0.73,0,142.2,0.73,-72.6,-0.38,2416.7,2.42,4
334,Exit short,2026-08-14 11:21,sl1|exit_reason=target,966.54,45,43649.55,155.25,0.36,0,155.25,0.36,-85.05,-0.19,2571.95,2.57,11
334,Entry short,2026-08-14 11:10,sl1|ver=0.1.0|variant=baseline|cfg=ema9_atr14_buf0.1_chase1_win3_tgt1.5_hold20_t935-1500_ent2_loss2_dd2_dirboth_risk100|setup_id=ir:0.1.0:BATS:MU:1:1786720140000:short|bars_to_confirm=1|signal_close=970.08|trigger=970.26|stop=972.29|target_r=1.5|risk_ps=2.21|atr=1.839725|vwap_dist_atr=0.406431|tick=0.01,969.99,45,43649.55,155.25,0.36,0,155.25,0.36,-85.05,-0.19,2571.95,2.57,11
335,Exit long,2026-08-17 09:57,sl1|exit_reason=time,1017.3,8,8119.6,18.8,0.23,0,23.04,0.28,-74,-0.91,2590.75,2.59,20
335,Entry long,2026-08-17 09:37,sl1|ver=0.1.0|variant=baseline|cfg=ema9_atr14_buf0.1_chase1_win3_tgt1.5_hold20_t935-1500_ent2_loss2_dd2_dirboth_risk100|setup_id=ir:0.1.0:BATS:MU:1:1786973760000:long|bars_to_confirm=1|signal_close=1014.94|trigger=1012.33|stop=1003.41|target_r=1.5|risk_ps=11.53|atr=5.133996|vwap_dist_atr=0.892598|tick=0.01,1014.95,8,8119.6,18.8,0.23,0,23.04,0.28,-74,-0.91,2590.75,2.59,20
336,Exit short,2026-08-17 10:12,sl1|exit_reason=stop,1015.1,32,32385.92,-97.28,-0.30,0,0,0.00,-97.28,-0.30,2493.47,2.49,2
336,Entry short,2026-08-17 10:10,sl1|ver=0.1.0|variant=baseline|cfg=ema9_atr14_buf0.1_chase1_win3_tgt1.5_hold20_t935-1500_ent2_loss2_dd2_dirboth_risk100|setup_id=ir:0.1.0:BATS:MU:1:1786975680000:short|bars_to_confirm=2|signal_close=1012|trigger=1012.8|stop=1015.09|target_r=1.5|risk_ps=3.09|atr=3.619148|vwap_dist_atr=0.455255|tick=0.01,1012.06,32,32385.92,-97.28,-0.30,0,0,0.00,-97.28,-0.30,2493.47,2.49,2
337,Exit short,2026-08-18 09:46,sl1|exit_reason=target,962.2,28,27095.88,154.28,0.57,0,154.28,0.57,-15.96,-0.06,2647.75,2.65,0
337,Entry short,2026-08-18 09:46,sl1|ver=0.1.0|variant=baseline|cfg=ema9_atr14_buf0.1_chase1_win3_tgt1.5_hold20_t935-1500_ent2_loss2_dd2_dirboth_risk100|setup_id=ir:0.1.0:BATS:MU:1:1787060700000:short|bars_to_confirm=1|signal_close=967.49|trigger=968.05|stop=971.02|target_r=1.5|risk_ps=3.53|atr=3.957559|vwap_dist_atr=0.523329|tick=0.01,967.71,28,27095.88,154.28,0.57,0,154.28,0.57,-15.96,-0.06,2647.75,2.65,0
338,Exit long,2026-08-19 10:42,sl1|exit_reason=stop,931.01,18,16856.28,-98.1,-0.58,0,14.22,0.08,-98.1,-0.58,2549.65,2.55,2
338,Entry long,2026-08-19 10:40,sl1|ver=0.1.0|variant=baseline|cfg=ema9_atr14_buf0.1_chase1_win3_tgt1.5_hold20_t935-1500_ent2_loss2_dd2_dirboth_risk100|setup_id=ir:0.1.0:BATS:MU:1:1787150280000:long|bars_to_confirm=2|signal_close=936.37|trigger=935.28|stop=931.02|target_r=1.5|risk_ps=5.35|atr=3.826345|vwap_dist_atr=0.883392|tick=0.01,936.46,18,16856.28,-98.1,-0.58,0,14.22,0.08,-98.1,-0.58,2549.65,2.55,2
339,Exit short,2026-08-19 11:06,sl1|exit_reason=time,927.5,18,16739.28,44.28,0.26,0,113.76,0.68,-52.92,-0.32,2593.93,2.59,20
339,Entry short,2026-08-19 10:46,sl1|ver=0.1.0|variant=baseline|cfg=ema9_atr14_buf0.1_chase1_win3_tgt1.5_hold20_t935-1500_ent2_loss2_dd2_dirboth_risk100|setup_id=ir:0.1.0:BATS:MU:1:1787150640000:short|bars_to_confirm=2|signal_close=929.44|trigger=930.65|stop=934.86|target_r=1.5|risk_ps=5.42|atr=3.557557|vwap_dist_atr=0.991278|tick=0.01,929.96,18,16739.28,44.28,0.26,0,113.76,0.68,-52.92,-0.32,2593.93,2.59,20
340,Exit short,2026-08-20 10:06,sl1|exit_reason=time,944.71,9,8477.91,-24.48,-0.29,0,116.91,1.38,-66.06,-0.78,2569.45,2.57,20
340,Entry short,2026-08-20 09:46,sl1|ver=0.1.0|variant=baseline|cfg=ema9_atr14_buf0.1_chase1_win3_tgt1.5_hold20_t935-1500_ent2_loss2_dd2_dirboth_risk100|setup_id=ir:0.1.0:BATS:MU:1:1787233380000:short|bars_to_confirm=3|signal_close=941.64|trigger=943.18|stop=951.71|target_r=1.5|risk_ps=10.07|atr=5.092026|vwap_dist_atr=0.863075|tick=0.01,941.99,9,8477.91,-24.48,-0.29,0,116.91,1.38,-66.06,-0.78,2569.45,2.57,20
341,Exit short,2026-08-21 10:14,sl1|exit_reason=time,967.23,15,14646.6,138.15,0.94,0,143.1,0.98,-72.15,-0.49,2707.6,2.71,20
341,Entry short,2026-08-21 09:54,sl1|ver=0.1.0|variant=baseline|cfg=ema9_atr14_buf0.1_chase1_win3_tgt1.5_hold20_t935-1500_ent2_loss2_dd2_dirboth_risk100|setup_id=ir:0.1.0:BATS:MU:1:1787320380000:short|bars_to_confirm=1|signal_close=977.05|trigger=977.43|stop=983.41|target_r=1.5|risk_ps=6.36|atr=4.103368|vwap_dist_atr=0.907698|tick=0.01,976.44,15,14646.6,138.15,0.94,0,143.1,0.98,-72.15,-0.49,2707.6,2.71,20
342,Exit long,2026-08-24 11:02,sl1|exit_reason=time,901.09,26,23487.88,-59.54,-0.25,0,48.62,0.21,-93.08,-0.40,2648.06,2.65,20
342,Entry long,2026-08-24 10:42,sl1|ver=0.1.0|variant=baseline|cfg=ema9_atr14_buf0.1_chase1_win3_tgt1.5_hold20_t935-1500_ent2_loss2_dd2_dirboth_risk100|setup_id=ir:0.1.0:BATS:MU:1:1787582340000:long|bars_to_confirm=3|signal_close=903.4|trigger=901.99|stop=899.67|target_r=1.5|risk_ps=3.73|atr=2.31483|vwap_dist_atr=0.769543|tick=0.01,903.38,26,23487.88,-59.54,-0.25,0,48.62,0.21,-93.08,-0.40,2648.06,2.65,20
343,Exit long,2026-08-24 11:40,sl1|exit_reason=target,906.98,38,34310.58,154.66,0.45,0,154.66,0.45,-6.08,-0.02,2802.72,2.80,4
343,Entry long,2026-08-24 11:36,sl1|ver=0.1.0|variant=baseline|cfg=ema9_atr14_buf0.1_chase1_win3_tgt1.5_hold20_t935-1500_ent2_loss2_dd2_dirboth_risk100|setup_id=ir:0.1.0:BATS:MU:1:1787585640000:long|bars_to_confirm=2|signal_close=902.79|trigger=902.25|stop=900.2|target_r=1.5|risk_ps=2.59|atr=1.756074|vwap_dist_atr=0.862829|tick=0.01,902.91,38,34310.58,154.66,0.45,0,154.66,0.45,-6.08,-0.02,2802.72,2.80,4
344,Exit long,2026-08-25 11:02,sl1|exit_reason=stop,927.52,27,25138.08,-95.04,-0.38,0,79.11,0.31,-95.04,-0.38,2707.68,2.71,9
344,Entry long,2026-08-25 10:53,sl1|ver=0.1.0|variant=baseline|cfg=ema9_atr14_buf0.1_chase1_win3_tgt1.5_hold20_t935-1500_ent2_loss2_dd2_dirboth_risk100|setup_id=ir:0.1.0:BATS:MU:1:1787669520000:long|bars_to_confirm=1|signal_close=931.11|trigger=931|stop=927.53|target_r=1.5|risk_ps=3.58|atr=2.336227|vwap_dist_atr=0.428481|tick=0.01,931.04,27,25138.08,-95.04,-0.38,0,79.11,0.31,-95.04,-0.38,2707.68,2.71,9
345,Exit short,2026-08-25 11:20,sl1|exit_reason=stop,931.18,60,55763.4,-107.4,-0.19,0,20.4,0.04,-107.4,-0.19,2600.28,2.60,0
345,Entry short,2026-08-25 11:20,sl1|ver=0.1.0|variant=baseline|cfg=ema9_atr14_buf0.1_chase1_win3_tgt1.5_hold20_t935-1500_ent2_loss2_dd2_dirboth_risk100|setup_id=ir:0.1.0:BATS:MU:1:1787671140000:short|bars_to_confirm=1|signal_close=929.51|trigger=929.61|stop=931.17|target_r=1.5|risk_ps=1.66|atr=1.534713|vwap_dist_atr=0.407118|tick=0.01,929.39,60,55763.4,-107.4,-0.19,0,20.4,0.04,-107.4,-0.19,2600.28,2.60,0
346,Exit short,2026-08-26 10:03,sl1|exit_reason=time,938.35,15,14024.85,-50.4,-0.36,0,68.85,0.49,-95.1,-0.68,2549.88,2.55,20
346,Entry short,2026-08-26 09:43,sl1|ver=0.1.0|variant=baseline|cfg=ema9_atr14_buf0.1_chase1_win3_tgt1.5_hold20_t935-1500_ent2_loss2_dd2_dirboth_risk100|setup_id=ir:0.1.0:BATS:MU:1:1787751720000:short|bars_to_confirm=1|signal_close=935.2|trigger=935.5|stop=941.5|target_r=1.5|risk_ps=6.3|atr=3.889824|vwap_dist_atr=0.247935|tick=0.01,934.99,15,14024.85,-50.4,-0.36,0,68.85,0.49,-95.1,-0.68,2549.88,2.55,20
347,Exit long,2026-08-26 11:01,sl1|exit_reason=time,935.54,39,36521.94,-35.88,-0.10,0,120.51,0.33,-80.73,-0.22,2514,2.51,20
347,Entry long,2026-08-26 10:41,sl1|ver=0.1.0|variant=baseline|cfg=ema9_atr14_buf0.1_chase1_win3_tgt1.5_hold20_t935-1500_ent2_loss2_dd2_dirboth_risk100|setup_id=ir:0.1.0:BATS:MU:1:1787755200000:long|bars_to_confirm=1|signal_close=936.4|trigger=935.28|stop=933.88|target_r=1.5|risk_ps=2.52|atr=1.702005|vwap_dist_atr=0.935728|tick=0.01,936.46,39,36521.94,-35.88,-0.10,0,120.51,0.33,-80.73,-0.22,2514,2.51,20
348,Exit short,2026-08-28 14:50,sl1|exit_reason=target,928.12,84,78106.56,144.48,0.18,0,144.48,0.18,-0.84,0.00,2658.48,2.66,0
348,Entry short,2026-08-28 14:50,sl1|ver=0.1.0|variant=baseline|cfg=ema9_atr14_buf0.1_chase1_win3_tgt1.5_hold20_t935-1500_ent2_loss2_dd2_dirboth_risk100|setup_id=ir:0.1.0:BATS:MU:1:1787942940000:short|bars_to_confirm=1|signal_close=929.9|trigger=930.22|stop=931.09|target_r=1.5|risk_ps=1.19|atr=0.964193|vwap_dist_atr=0.494691|tick=0.01,929.84,84,78106.56,144.48,0.18,0,144.48,0.18,-0.84,0.00,2658.48,2.66,0
349,Exit long,2026-08-31 09:45,sl1|exit_reason=stop,936.43,16,15080.8,-97.92,-0.65,0,20.64,0.14,-97.92,-0.65,2560.56,2.56,2
349,Entry long,2026-08-31 09:43,sl1|ver=0.1.0|variant=baseline|cfg=ema9_atr14_buf0.1_chase1_win3_tgt1.5_hold20_t935-1500_ent2_loss2_dd2_dirboth_risk100|setup_id=ir:0.1.0:BATS:MU:1:1788183720000:long|bars_to_confirm=1|signal_close=942.51|trigger=939.6|stop=936.44|target_r=1.5|risk_ps=6.07|atr=3.820369|vwap_dist_atr=0.78875|tick=0.01,942.55,16,15080.8,-97.92,-0.65,0,20.64,0.14,-97.92,-0.65,2560.56,2.56,2
350,Exit short,2026-08-31 10:28,sl1|exit_reason=time,938.39,20,18823.2,55.4,0.29,0,93,0.49,-95.2,-0.51,2615.96,2.62,20
350,Entry short,2026-08-31 10:08,sl1|ver=0.1.0|variant=baseline|cfg=ema9_atr14_buf0.1_chase1_win3_tgt1.5_hold20_t935-1500_ent2_loss2_dd2_dirboth_risk100|setup_id=ir:0.1.0:BATS:MU:1:1788185220000:short|bars_to_confirm=1|signal_close=941.11|trigger=941.57|stop=945.97|target_r=1.5|risk_ps=4.86|atr=3.289998|vwap_dist_atr=0.436799|tick=0.01,941.16,20,18823.2,55.4,0.29,0,93,0.49,-95.2,-0.51,2615.96,2.62,20
351,Exit long,2026-09-01 10:11,sl1|exit_reason=time,940.09,14,13172.04,-10.78,-0.08,0,48.58,0.37,-43.82,-0.33,2605.18,2.61,20
351,Entry long,2026-09-01 09:51,sl1|ver=0.1.0|variant=baseline|cfg=ema9_atr14_buf0.1_chase1_win3_tgt1.5_hold20_t935-1500_ent2_loss2_dd2_dirboth_risk100|setup_id=ir:0.1.0:BATS:MU:1:1788270600000:long|bars_to_confirm=1|signal_close=941|trigger=939.8|stop=933.94|target_r=1.5|risk_ps=7.06|atr=3.371369|vwap_dist_atr=0.785137|tick=0.01,940.86,14,13172.04,-10.78,-0.08,0,48.58,0.37,-43.82,-0.33,2605.18,2.61,20
352,Exit long,2026-09-01 10:41,sl1|exit_reason=target,945.77,27,25386.75,149.04,0.59,0,149.04,0.59,-14.31,-0.06,2754.22,2.75,7
352,Entry long,2026-09-01 10:34,sl1|ver=0.1.0|variant=baseline|cfg=ema9_atr14_buf0.1_chase1_win3_tgt1.5_hold20_t935-1500_ent2_loss2_dd2_dirboth_risk100|setup_id=ir:0.1.0:BATS:MU:1:1788273120000:long|bars_to_confirm=2|signal_close=940.21|trigger=939.4|stop=936.57|target_r=1.5|risk_ps=3.64|atr=1.856491|vwap_dist_atr=0.824764|tick=0.01,940.25,27,25386.75,149.04,0.59,0,149.04,0.59,-14.31,-0.06,2754.22,2.75,7
353,Exit short,2026-09-02 09:53,sl1|exit_reason=target,936.38,18,17005.5,150.66,0.89,0,150.66,0.89,-27.72,-0.16,2904.88,2.90,3
353,Entry short,2026-09-02 09:50,sl1|ver=0.1.0|variant=baseline|cfg=ema9_atr14_buf0.1_chase1_win3_tgt1.5_hold20_t935-1500_ent2_loss2_dd2_dirboth_risk100|setup_id=ir:0.1.0:BATS:MU:1:1788356940000:short|bars_to_confirm=1|signal_close=944.83|trigger=946.6|stop=950.33|target_r=1.5|risk_ps=5.5|atr=3.33942|vwap_dist_atr=0.732169|tick=0.01,944.75,18,17005.5,150.66,0.89,0,150.66,0.89,-27.72,-0.16,2904.88,2.90,3
354,Exit long,2026-09-02 10:27,sl1|exit_reason=stop,943.22,42,39721.08,-105.84,-0.27,0,95.34,0.24,-105.84,-0.27,2799.04,2.80,7
354,Entry long,2026-09-02 10:20,sl1|ver=0.1.0|variant=baseline|cfg=ema9_atr14_buf0.1_chase1_win3_tgt1.5_hold20_t935-1500_ent2_loss2_dd2_dirboth_risk100|setup_id=ir:0.1.0:BATS:MU:1:1788358680000:long|bars_to_confirm=2|signal_close=945.6|trigger=945.5|stop=943.23|target_r=1.5|risk_ps=2.37|atr=2.871852|vwap_dist_atr=0.47382|tick=0.01,945.74,42,39721.08,-105.84,-0.27,0,95.34,0.24,-105.84,-0.27,2799.04,2.80,7
355,Exit short,2026-09-03 10:51,sl1|exit_reason=time,935.2,33,30806.16,-55.44,-0.18,0,110.22,0.36,-86.79,-0.28,2743.6,2.74,20
355,Entry short,2026-09-03 10:31,sl1|ver=0.1.0|variant=baseline|cfg=ema9_atr14_buf0.1_chase1_win3_tgt1.5_hold20_t935-1500_ent2_loss2_dd2_dirboth_risk100|setup_id=ir:0.1.0:BATS:MU:1:1788445800000:short|bars_to_confirm=1|signal_close=933.49|trigger=934.23|stop=936.44|target_r=1.5|risk_ps=2.95|atr=2.383865|vwap_dist_atr=0.927632|tick=0.01,933.52,33,30806.16,-55.44,-0.18,0,110.22,0.36,-86.79,-0.28,2743.6,2.74,20
356,Exit long,2026-09-08 10:00,sl1|exit_reason=stop,1020,19,19482.6,-102.6,-0.53,0,58.9,0.30,-102.6,-0.53,2641,2.64,2
356,Entry long,2026-09-08 09:58,sl1|ver=0.1.0|variant=baseline|cfg=ema9_atr14_buf0.1_chase1_win3_tgt1.5_hold20_t935-1500_ent2_loss2_dd2_dirboth_risk100|setup_id=ir:0.1.0:BATS:MU:1:1788875820000:long|bars_to_confirm=1|signal_close=1025.17|trigger=1022.65|stop=1020.01|target_r=1.5|risk_ps=5.16|atr=4.142306|vwap_dist_atr=0.62848|tick=0.01,1025.4,19,19482.6,-102.6,-0.53,0,58.9,0.30,-102.6,-0.53,2641,2.64,2
357,Exit short,2026-09-08 12:33,sl1|exit_reason=stop,1022,54,55097.82,-90.18,-0.16,0,39.96,0.07,-90.18,-0.16,2550.82,2.55,3
357,Entry short,2026-09-08 12:30,sl1|ver=0.1.0|variant=baseline|cfg=ema9_atr14_buf0.1_chase1_win3_tgt1.5_hold20_t935-1500_ent2_loss2_dd2_dirboth_risk100|setup_id=ir:0.1.0:BATS:MU:1:1788884880000:short|bars_to_confirm=2|signal_close=1020.16|trigger=1020.8|stop=1021.99|target_r=1.5|risk_ps=1.83|atr=1.196783|vwap_dist_atr=0.829881|tick=0.01,1020.33,54,55097.82,-90.18,-0.16,0,39.96,0.07,-90.18,-0.16,2550.82,2.55,3
358,Exit long,2026-09-09 13:56,sl1|exit_reason=stop,1024.27,78,79977.3,-84.24,-0.11,0,11.7,0.01,-84.24,-0.11,2466.58,2.47,1
358,Entry long,2026-09-09 13:55,sl1|ver=0.1.0|variant=baseline|cfg=ema9_atr14_buf0.1_chase1_win3_tgt1.5_hold20_t935-1500_ent2_loss2_dd2_dirboth_risk100|setup_id=ir:0.1.0:BATS:MU:1:1788976440000:long|bars_to_confirm=1|signal_close=1025.55|trigger=1025.1|stop=1024.28|target_r=1.5|risk_ps=1.27|atr=0.784396|vwap_dist_atr=0.758708|tick=0.01,1025.35,78,79977.3,-84.24,-0.11,0,11.7,0.01,-84.24,-0.11,2466.58,2.47,1
359,Exit short,2026-09-09 14:53,sl1|exit_reason=stop,1026.08,72,73793.52,-84.24,-0.11,0,11.52,0.02,-84.24,-0.11,2382.34,2.38,0
359,Entry short,2026-09-09 14:53,sl1|ver=0.1.0|variant=baseline|cfg=ema9_atr14_buf0.1_chase1_win3_tgt1.5_hold20_t935-1500_ent2_loss2_dd2_dirboth_risk100|setup_id=ir:0.1.0:BATS:MU:1:1788979920000:short|bars_to_confirm=1|signal_close=1024.7|trigger=1024.94|stop=1026.07|target_r=1.5|risk_ps=1.37|atr=0.736853|vwap_dist_atr=0.389844|tick=0.01,1024.91,72,73793.52,-84.24,-0.11,0,11.52,0.02,-84.24,-0.11,2382.34,2.38,0
360,Exit long,2026-09-10 10:07,sl1|exit_reason=stop,987.66,19,18864.34,-98.8,-0.52,0,16.34,0.09,-98.8,-0.52,2283.54,2.28,4
360,Entry long,2026-09-10 10:03,sl1|ver=0.1.0|variant=baseline|cfg=ema9_atr14_buf0.1_chase1_win3_tgt1.5_hold20_t935-1500_ent2_loss2_dd2_dirboth_risk100|setup_id=ir:0.1.0:BATS:MU:1:1789048920000:long|bars_to_confirm=1|signal_close=992.82|trigger=991|stop=987.67|target_r=1.5|risk_ps=5.15|atr=3.349825|vwap_dist_atr=0.784648|tick=0.01,992.86,19,18864.34,-98.8,-0.52,0,16.34,0.09,-98.8,-0.52,2283.54,2.28,4
361,Exit short,2026-09-10 11:03,sl1|exit_reason=time,984.39,25,24686.75,77,0.31,0,122.5,0.50,-25.5,-0.10,2360.54,2.36,20
361,Entry short,2026-09-10 10:43,sl1|ver=0.1.0|variant=baseline|cfg=ema9_atr14_buf0.1_chase1_win3_tgt1.5_hold20_t935-1500_ent2_loss2_dd2_dirboth_risk100|setup_id=ir:0.1.0:BATS:MU:1:1789051260000:short|bars_to_confirm=2|signal_close=987.5|trigger=989.34|stop=991.45|target_r=1.5|risk_ps=3.95|atr=2.380409|vwap_dist_atr=0.984074|tick=0.01,987.47,25,24686.75,77,0.31,0,122.5,0.50,-25.5,-0.10,2360.54,2.36,20
362,Exit long,2026-09-11 10:38,sl1|exit_reason=stop,975.53,19,18634.25,-99.18,-0.53,0,49.59,0.27,-99.18,-0.53,2261.36,2.26,18
362,Entry long,2026-09-11 10:20,sl1|ver=0.1.0|variant=baseline|cfg=ema9_atr14_buf0.1_chase1_win3_tgt1.5_hold20_t935-1500_ent2_loss2_dd2_dirboth_risk100|setup_id=ir:0.1.0:BATS:MU:1:1789136340000:long|bars_to_confirm=1|signal_close=980.67|trigger=979.74|stop=975.54|target_r=1.5|risk_ps=5.13|atr=2.84807|vwap_dist_atr=0.860511|tick=0.01,980.75,19,18634.25,-99.18,-0.53,0,49.59,0.27,-99.18,-0.53,2261.36,2.26,18
363,Exit long,2026-09-11 11:46,sl1|exit_reason=time,980.74,44,43046.96,105.6,0.25,0,143.44,0.33,-102.96,-0.24,2366.96,2.37,20
363,Entry long,2026-09-11 11:26,sl1|ver=0.1.0|variant=baseline|cfg=ema9_atr14_buf0.1_chase1_win3_tgt1.5_hold20_t935-1500_ent2_loss2_dd2_dirboth_risk100|setup_id=ir:0.1.0:BATS:MU:1:1789140300000:long|bars_to_confirm=1|signal_close=978.08|trigger=977.83|stop=975.84|target_r=1.5|risk_ps=2.24|atr=1.356617|vwap_dist_atr=0.576947|tick=0.01,978.34,44,43046.96,105.6,0.25,0,143.44,0.33,-102.96,-0.24,2366.96,2.37,20
364,Exit short,2026-09-14 09:45,sl1|exit_reason=stop,914.72,11,9967.54,-94.38,-0.95,0,38.94,0.39,-94.38,-0.95,2272.58,2.27,10
364,Entry short,2026-09-14 09:35,sl1|ver=0.1.0|variant=baseline|cfg=ema9_atr14_buf0.1_chase1_win3_tgt1.5_hold20_t935-1500_ent2_loss2_dd2_dirboth_risk100|setup_id=ir:0.1.0:BATS:MU:1:1789392840000:short|bars_to_confirm=1|signal_close=906.1|trigger=907.94|stop=914.71|target_r=1.5|risk_ps=8.61|atr=3.113324|vwap_dist_atr=0.84446|tick=0.01,906.14,11,9967.54,-94.38,-0.95,0,38.94,0.39,-94.38,-0.95,2272.58,2.27,10
365,Exit short,2026-09-14 10:01,sl1|exit_reason=stop,910.37,24,21755.52,-93.36,-0.43,0,74.16,0.34,-93.36,-0.43,2179.22,2.18,7
365,Entry short,2026-09-14 09:54,sl1|ver=0.1.0|variant=baseline|cfg=ema9_atr14_buf0.1_chase1_win3_tgt1.5_hold20_t935-1500_ent2_loss2_dd2_dirboth_risk100|setup_id=ir:0.1.0:BATS:MU:1:1789393980000:short|bars_to_confirm=1|signal_close=906.22|trigger=907.9|stop=910.36|target_r=1.5|risk_ps=4.14|atr=3.484528|vwap_dist_atr=0.800022|tick=0.01,906.48,24,21755.52,-93.36,-0.43,0,74.16,0.34,-93.36,-0.43,2179.22,2.18,7
366,Exit long,2026-09-15 10:08,sl1|exit_reason=time,938.99,28,26208.28,83.44,0.32,0,139.16,0.53,-100.8,-0.38,2262.66,2.26,20
366,Entry long,2026-09-15 09:48,sl1|ver=0.1.0|variant=baseline|cfg=ema9_atr14_buf0.1_chase1_win3_tgt1.5_hold20_t935-1500_ent2_loss2_dd2_dirboth_risk100|setup_id=ir:0.1.0:BATS:MU:1:1789479960000:long|bars_to_confirm=2|signal_close=935.87|trigger=935.85|stop=932.38|target_r=1.5|risk_ps=3.49|atr=2.918562|vwap_dist_atr=0.66966|tick=0.01,936.01,28,26208.28,83.44,0.32,0,139.16,0.53,-100.8,-0.38,2262.66,2.26,20
367,Exit long,2026-09-16 10:09,sl1|exit_reason=time,928.49,20,18620.2,-50.4,-0.27,0,120,0.64,-92.6,-0.50,2212.26,2.21,20
367,Entry long,2026-09-16 09:49,sl1|ver=0.1.0|variant=baseline|cfg=ema9_atr14_buf0.1_chase1_win3_tgt1.5_hold20_t935-1500_ent2_loss2_dd2_dirboth_risk100|setup_id=ir:0.1.0:BATS:MU:1:1789566480000:long|bars_to_confirm=1|signal_close=931.07|trigger=929.41|stop=926.24|target_r=1.5|risk_ps=4.83|atr=2.627989|vwap_dist_atr=0.950797|tick=0.01,931.01,20,18620.2,-50.4,-0.27,0,120,0.64,-92.6,-0.50,2212.26,2.21,20
368,Exit long,2026-09-16 10:32,sl1|exit_reason=time,932.86,42,39114.6,65.52,0.17,0,134.4,0.34,-67.2,-0.17,2277.78,2.28,20
368,Entry long,2026-09-16 10:12,sl1|ver=0.1.0|variant=baseline|cfg=ema9_atr14_buf0.1_chase1_win3_tgt1.5_hold20_t935-1500_ent2_loss2_dd2_dirboth_risk100|setup_id=ir:0.1.0:BATS:MU:1:1789567860000:long|bars_to_confirm=1|signal_close=931.45|trigger=930.93|stop=929.1|target_r=1.5|risk_ps=2.35|atr=1.968981|vwap_dist_atr=0.740629|tick=0.01,931.3,42,39114.6,65.52,0.17,0,134.4,0.34,-67.2,-0.17,2277.78,2.28,20
369,Exit long,2026-09-17 10:25,sl1|exit_reason=stop,975.58,45,43999.2,-98.1,-0.22,0,26.55,0.06,-98.1,-0.22,2179.68,2.18,2
369,Entry long,2026-09-17 10:23,sl1|ver=0.1.0|variant=baseline|cfg=ema9_atr14_buf0.1_chase1_win3_tgt1.5_hold20_t935-1500_ent2_loss2_dd2_dirboth_risk100|setup_id=ir:0.1.0:BATS:MU:1:1789654920000:long|bars_to_confirm=1|signal_close=977.81|trigger=977.03|stop=975.59|target_r=1.5|risk_ps=2.22|atr=2.073291|vwap_dist_atr=0.91676|tick=0.01,977.76,45,43999.2,-98.1,-0.22,0,26.55,0.06,-98.1,-0.22,2179.68,2.18,2
370,Exit long,2026-09-17 13:29,sl1|exit_reason=stop,976.42,104,101653.76,-106.08,-0.10,0,0,0.00,-106.08,-0.10,2073.6,2.07,1
370,Entry long,2026-09-17 13:28,sl1|ver=0.1.0|variant=baseline|cfg=ema9_atr14_buf0.1_chase1_win3_tgt1.5_hold20_t935-1500_ent2_loss2_dd2_dirboth_risk100|setup_id=ir:0.1.0:BATS:MU:1:1789665900000:long|bars_to_confirm=3|signal_close=977.37|trigger=977.15|stop=976.43|target_r=1.5|risk_ps=0.94|atr=0.661752|vwap_dist_atr=0.891843|tick=0.01,977.44,104,101653.76,-106.08,-0.10,0,0,0.00,-106.08,-0.10,2073.6,2.07,1
371,Exit short,2026-09-21 10:01,sl1|exit_reason=target,1044.69,27,28355.94,149.31,0.53,0,149.31,0.53,-11.61,-0.04,2222.91,2.22,4
371,Entry short,2026-09-21 09:57,sl1|ver=0.1.0|variant=baseline|cfg=ema9_atr14_buf0.1_chase1_win3_tgt1.5_hold20_t935-1500_ent2_loss2_dd2_dirboth_risk100|setup_id=ir:0.1.0:BATS:MU:1:1789998960000:short|bars_to_confirm=1|signal_close=1050.23|trigger=1051.09|stop=1053.91|target_r=1.5|risk_ps=3.68|atr=3.084934|vwap_dist_atr=0.595987|tick=0.01,1050.22,27,28355.94,149.31,0.53,0,149.31,0.53,-11.61,-0.04,2222.91,2.22,4
372,Exit long,2026-09-21 12:36,sl1|exit_reason=stop,1043.06,97,101277.7,-100.88,-0.10,0,111.55,0.11,-100.88,-0.10,2122.03,2.12,3
372,Entry long,2026-09-21 12:33,sl1|ver=0.1.0|variant=baseline|cfg=ema9_atr14_buf0.1_chase1_win3_tgt1.5_hold20_t935-1500_ent2_loss2_dd2_dirboth_risk100|setup_id=ir:0.1.0:BATS:MU:1:1790008320000:long|bars_to_confirm=1|signal_close=1044.01|trigger=1043.8|stop=1043.07|target_r=1.5|risk_ps=0.94|atr=0.919179|vwap_dist_atr=0.4488|tick=0.01,1044.1,97,101277.7,-100.88,-0.10,0,111.55,0.11,-100.88,-0.10,2122.03,2.12,3
373,Exit long,2026-09-24 09:46,sl1|exit_reason=target,1056.1,28,29419.88,150.92,0.51,0,150.92,0.51,-10.64,-0.04,2272.95,2.27,1
373,Entry long,2026-09-24 09:45,sl1|ver=0.1.0|variant=baseline|cfg=ema9_atr14_buf0.1_chase1_win3_tgt1.5_hold20_t935-1500_ent2_loss2_dd2_dirboth_risk100|setup_id=ir:0.1.0:BATS:MU:1:1790257440000:long|bars_to_confirm=1|signal_close=1050.66|trigger=1049.62|stop=1047.12|target_r=1.5|risk_ps=3.54|atr=2.814798|vwap_dist_atr=0.669695|tick=0.01,1050.71,28,29419.88,150.92,0.51,0,150.92,0.51,-10.64,-0.04,2272.95,2.27,1
374,Exit long,2026-09-24 10:10,sl1|exit_reason=stop,1049.58,41,43119.29,-86.51,-0.20,0,53.71,0.12,-86.51,-0.20,2186.44,2.19,2
374,Entry long,2026-09-24 10:08,sl1|ver=0.1.0|variant=baseline|cfg=ema9_atr14_buf0.1_chase1_win3_tgt1.5_hold20_t935-1500_ent2_loss2_dd2_dirboth_risk100|setup_id=ir:0.1.0:BATS:MU:1:1790258700000:long|bars_to_confirm=3|signal_close=1052|trigger=1051.79|stop=1049.59|target_r=1.5|risk_ps=2.41|atr=2.540211|vwap_dist_atr=0.523439|tick=0.01,1051.69,41,43119.29,-86.51,-0.20,0,53.71,0.12,-86.51,-0.20,2186.44,2.19,2