"Activity Date","Process Date","Settle Date","Instrument","Description","Trans Code","Quantity","Price","Amount"
"7/13/2026","7/13/2026","7/14/2026","RKLB","Rocket Lab Corporation
CUSIP: 773121108
Recurring","Buy","0.131441","$76.08","($10.00)"
"7/13/2026","7/13/2026","7/14/2026","AUR","Aurora Innovation
CUSIP: 051774107
Recurring","Buy","0.829875","$6.02","($5.00)"
"7/13/2026","7/13/2026","7/13/2026","","Interest on Contribution (IRA Match)","MTCH","","","$0.15"
"7/13/2026","7/13/2026","7/14/2026","","Current Year Contribution","CFIR","","","$15.00"
"7/13/2026","7/13/2026","7/14/2026","AAPL","AAPL 7/17/2026 Put $315.00","STC","1","$2.85","$284.94"
"7/13/2026","7/13/2026","7/14/2026","AAPL","AAPL 7/17/2026 Put $315.00","STC","1","$2.91","$290.94"
"7/13/2026","7/13/2026","7/14/2026","AAPL","AAPL 7/17/2026 Put $315.00","STC","1","$2.49","$248.94"
"7/13/2026","7/13/2026","7/14/2026","AAPL","AAPL 7/17/2026 Put $315.00","STC","1","$2.64","$263.94"
"7/13/2026","7/13/2026","7/14/2026","AAPL","AAPL 7/17/2026 Put $315.00","STC","1","$2.23","$222.94"
"7/13/2026","7/13/2026","7/14/2026","AAPL","AAPL 7/17/2026 Put $315.00","BTO","5","$1.78","($890.20)"
"7/13/2026","7/13/2026","7/14/2026","AAPL","AAPL 8/7/2026 Put $300.00","BTO","2","$2.90","($580.08)"
"7/10/2026","7/10/2026","7/13/2026","SPXW","SPXW 7/10/2026 Put $7,535.00","STC","1","$10.00","$998.87"
"7/10/2026","7/10/2026","7/13/2026","SPXW","SPXW 7/10/2026 Put $7,535.00","STC","1","$10.00","$998.87"
"7/10/2026","7/10/2026","7/13/2026","SPXW","SPXW 7/10/2026 Put $7,535.00","STC","2","$13.30","$2,657.74"
"7/10/2026","7/10/2026","7/13/2026","SPXW","SPXW 7/10/2026 Put $7,535.00","STC","1","$15.60","$1,558.87"
"7/10/2026","7/10/2026","7/13/2026","SPXW","SPXW 7/10/2026 Put $7,535.00","BTO","5","$9.50","($4,755.65)"
"7/9/2026","7/9/2026","7/10/2026","SPXW","SPXW 7/9/2026 Call $7,540.00","STC","2","$2.85","$567.74"
"7/9/2026","7/9/2026","7/10/2026","SPXW","SPXW 7/9/2026 Call $7,540.00","STC","4","$2.85","$1,135.48"
"7/9/2026","7/9/2026","7/10/2026","SPXW","SPXW 7/9/2026 Call $7,540.00","STC","1","$2.85","$283.87"
"7/9/2026","7/9/2026","7/10/2026","SPXW","SPXW 7/9/2026 Call $7,540.00","STC","1","$2.85","$283.87"
"7/9/2026","7/9/2026","7/10/2026","SPXW","SPXW 7/9/2026 Call $7,540.00","STC","2","$2.85","$567.74"
"7/9/2026","7/9/2026","7/10/2026","SPXW","SPXW 7/9/2026 Call $7,540.00","BTO","3","$2.40","($723.39)"
"7/9/2026","7/9/2026","7/10/2026","SPXW","SPXW 7/9/2026 Call $7,540.00","BTO","5","$2.40","($1,205.65)"
"7/9/2026","7/9/2026","7/10/2026","SPXW","SPXW 7/9/2026 Call $7,540.00","BTO","1","$2.40","($241.13)"
"7/9/2026","7/9/2026","7/10/2026","SPXW","SPXW 7/9/2026 Call $7,540.00","BTO","1","$2.40","($241.13)"
"7/9/2026","7/9/2026","7/10/2026","SPXW","SPXW 7/9/2026 Put $7,535.00","STC","1","$3.50","$348.87"
"7/9/2026","7/9/2026","7/10/2026","SPXW","SPXW 7/9/2026 Put $7,535.00","STC","1","$3.50","$348.87"
"7/9/2026","7/9/2026","7/10/2026","SPXW","SPXW 7/9/2026 Put $7,535.00","STC","1","$3.50","$348.87"
"7/9/2026","7/9/2026","7/10/2026","SPXW","SPXW 7/9/2026 Put $7,535.00","STC","2","$3.50","$697.74"
"7/9/2026","7/9/2026","7/10/2026","SPXW","SPXW 7/9/2026 Put $7,535.00","STC","1","$3.00","$298.87"
"7/9/2026","7/9/2026","7/10/2026","SPXW","SPXW 7/9/2026 Put $7,535.00","STC","4","$3.00","$1,195.48"
"7/9/2026","7/9/2026","7/10/2026","SPXW","SPXW 7/9/2026 Put $7,535.00","BTO","3","$2.60","($783.39)"
"7/9/2026","7/9/2026","7/10/2026","SPXW","SPXW 7/9/2026 Put $7,535.00","BTO","6","$2.60","($1,566.78)"
"7/9/2026","7/9/2026","7/10/2026","SPXW","SPXW 7/9/2026 Put $7,535.00","BTO","1","$2.60","($261.13)"
"7/9/2026","7/9/2026","7/10/2026","SPXW","SPXW 7/9/2026 Put $7,535.00","STC","8","$2.80","$2,230.96"
"7/9/2026","7/9/2026","7/10/2026","SPXW","SPXW 7/9/2026 Put $7,535.00","STC","1","$2.80","$278.87"
"7/9/2026","7/9/2026","7/10/2026","SPXW","SPXW 7/9/2026 Put $7,535.00","STC","1","$2.80","$278.87"
"7/9/2026","7/9/2026","7/10/2026","SPXW","SPXW 7/9/2026 Put $7,535.00","BTO","2","$3.30","($662.26)"
"7/9/2026","7/9/2026","7/10/2026","SPXW","SPXW 7/9/2026 Put $7,535.00","BTO","1","$3.30","($331.13)"
"7/9/2026","7/9/2026","7/10/2026","SPXW","SPXW 7/9/2026 Put $7,535.00","BTO","5","$3.30","($1,655.65)"
"7/9/2026","7/9/2026","7/10/2026","SPXW","SPXW 7/9/2026 Put $7,535.00","BTO","1","$3.20","($321.13)"
"7/9/2026","7/9/2026","7/10/2026","SPXW","SPXW 7/9/2026 Put $7,535.00","BTO","1","$3.20","($321.13)"
"7/9/2026","7/9/2026","7/10/2026","SPXW","SPXW 7/9/2026 Put $7,535.00","STC","5","$2.45","$1,219.35"
"7/9/2026","7/9/2026","7/10/2026","SPXW","SPXW 7/9/2026 Put $7,535.00","STC","5","$2.55","$1,269.35"
"7/9/2026","7/9/2026","7/10/2026","SPXW","SPXW 7/9/2026 Put $7,535.00","STC","8","$2.60","$2,070.96"
"7/9/2026","7/9/2026","7/10/2026","SPXW","SPXW 7/9/2026 Put $7,535.00","BTO","7","$1.60","($1,127.91)"
"7/9/2026","7/9/2026","7/10/2026","SPXW","SPXW 7/9/2026 Put $7,535.00","BTO","1","$1.60","($161.13)"
"7/9/2026","7/9/2026","7/10/2026","SPXW","SPXW 7/9/2026 Put $7,535.00","BTO","3","$2.95","($888.39)"
"7/9/2026","7/9/2026","7/10/2026","SPXW","SPXW 7/9/2026 Put $7,535.00","BTO","7","$2.95","($2,072.91)"
"7/9/2026","7/9/2026","7/10/2026","INTC","INTC 7/10/2026 Put $111.00","STC","3","$1.56","$467.86"
"7/9/2026","7/9/2026","7/10/2026","SNDK","SNDK 7/10/2026 Put $1,800.00","STC","2","$18.50","$3,699.83"
"7/9/2026","7/9/2026","7/10/2026","SNDK","SNDK 7/10/2026 Put $1,800.00","BTO","1","$31.00","($3,100.04)"
"7/9/2026","7/9/2026","7/10/2026","INTC","INTC 7/10/2026 Put $111.00","BTO","3","$1.80","($540.12)"
"7/9/2026","7/9/2026","7/10/2026","SNDK","SNDK 7/10/2026 Put $1,800.00","BTO","1","$49.50","($4,950.04)"
"7/9/2026","7/9/2026","7/10/2026","TSLA","TSLA 7/10/2026 Call $400.00","STC","1","$3.50","$349.94"
"7/9/2026","7/9/2026","7/10/2026","META","META 7/10/2026 Call $610.00","STC","1","$2.70","$269.94"
"7/9/2026","7/9/2026","7/10/2026","TSLA","TSLA 7/10/2026 Call $400.00","STC","1","$4.00","$399.94"
"7/9/2026","7/9/2026","7/10/2026","META","META 7/10/2026 Call $610.00","STC","1","$4.60","$459.94"
"7/9/2026","7/9/2026","7/10/2026","META","META 7/10/2026 Call $610.00","STC","1","$2.60","$259.94"
"7/9/2026","7/9/2026","7/10/2026","TSLA","TSLA 7/10/2026 Call $400.00","STC","1","$3.25","$324.94"
"7/9/2026","7/9/2026","7/10/2026","META","META 7/10/2026 Call $610.00","BTO","3","$1.29","($387.12)"
"7/9/2026","7/9/2026","7/10/2026","TSLA","TSLA 7/10/2026 Call $400.00","BTO","3","$2.74","($822.12)"
"7/8/2026","7/8/2026","7/9/2026","NBIS","Nebius Group
CUSIP: N97284108
Recurring","Buy","0.458074","$207.39","($95.00)"
"7/8/2026","7/8/2026","7/9/2026","ALAB","ALAB 7/10/2026 Call $420.00","STC","6","$7.10","$4,259.65"
"7/8/2026","7/8/2026","7/9/2026","AMD","AMD 7/13/2026 Call $525.00","STC","3","$9.80","$2,939.80"
"7/8/2026","7/8/2026","7/9/2026","AMD","AMD 7/13/2026 Call $525.00","BTO","3","$9.70","($2,910.12)"
"7/8/2026","7/8/2026","7/8/2026","DRTS","Stock Lending","SLIP","","","$0.01"
"7/8/2026","7/8/2026","7/8/2026","KEEL","Stock Lending","SLIP","","","$0.01"
"7/8/2026","7/8/2026","7/8/2026","HSAI","Stock Lending","SLIP","","","$0.01"
"7/8/2026","7/8/2026","7/8/2026","KEEL","Stock Lending","SLIP","","","$0.01"
"7/8/2026","7/8/2026","7/8/2026","AUR","Stock Lending","SLIP","","","$0.01"
"7/8/2026","7/8/2026","7/8/2026","YSS","Stock Lending","SLIP","","","$0.07"
"7/8/2026","7/8/2026","7/8/2026","DRAM","Stock Lending","SLIP","","","$0.01"
"7/8/2026","7/8/2026","7/8/2026","RCAT","Stock Lending","SLIP","","","$0.01"
"7/8/2026","7/8/2026","7/8/2026","DRTS","Stock Lending","SLIP","","","$0.01"
"7/8/2026","7/8/2026","7/8/2026","","Interest on Contribution (IRA Match)","MTCH","","","$0.95"
"7/8/2026","7/8/2026","7/9/2026","","Current Year Contribution","CFIR","","","$95.00"
"7/8/2026","7/8/2026","7/9/2026","ALAB","ALAB 7/10/2026 Call $420.00","BTO","1","$5.00","($500.04)"
"7/8/2026","7/8/2026","7/9/2026","ALAB","ALAB 7/10/2026 Call $420.00","BTO","1","$5.80","($580.04)"
"7/8/2026","7/8/2026","7/9/2026","ALAB","ALAB 7/10/2026 Call $420.00","BTO","1","$6.85","($685.04)"
"7/8/2026","7/8/2026","7/9/2026","ALAB","ALAB 7/10/2026 Call $420.00","BTO","1","$10.00","($1,000.04)"
"7/8/2026","7/8/2026","7/9/2026","ALAB","ALAB 7/10/2026 Call $420.00","BTO","2","$10.50","($2,100.08)"
"7/7/2026","7/7/2026","7/8/2026","NBIS","NBIS 7/10/2026 Call $220.00","STC","3","$4.55","$1,364.84"
"7/7/2026","7/7/2026","7/8/2026","SNDK","SNDK 7/10/2026 Call $1,700.00","STC","1","$43.00","$4,299.86"
"7/7/2026","7/7/2026","7/8/2026","SNDK","SNDK 7/10/2026 Call $1,700.00","BTO","1","$39.80","($3,980.04)"
"7/7/2026","7/7/2026","7/8/2026","NBIS","NBIS 7/10/2026 Call $220.00","BTO","1","$3.80","($380.04)"
"7/7/2026","7/7/2026","7/8/2026","NBIS","NBIS 7/10/2026 Call $220.00","BTO","2","$5.50","($1,100.08)"
"7/7/2026","7/7/2026","7/8/2026","NBIS","Nebius Group
CUSIP: N97284108","Buy","1","$202.84","($202.84)"
"7/7/2026","7/7/2026","7/8/2026","NBIS","Nebius Group
CUSIP: N97284108","Buy","1","$202.89","($202.89)"
"7/6/2026","7/6/2026","7/7/2026","NBIS","NBIS 7/10/2026 Call $250.00","STC","2","$2.62","$523.89"
"7/6/2026","7/6/2026","7/7/2026","NBIS","NBIS 7/10/2026 Call $250.00","BTO","2","$2.67","($534.08)"
"7/6/2026","7/6/2026","7/7/2026","NBIS","Nebius Group
CUSIP: N97284108","Buy","1","$213.34","($213.34)"
"7/6/2026","7/6/2026","7/7/2026","RKLB","Rocket Lab Corporation
CUSIP: 773121108
Recurring","Buy","0.107032","$93.43","($10.00)"
"7/6/2026","7/6/2026","7/7/2026","AUR","Aurora Innovation
CUSIP: 051774107
Recurring","Buy","0.726744","$6.88","($5.00)"
"7/6/2026","7/6/2026","7/6/2026","","Interest on Contribution (IRA Match)","MTCH","","","$0.15"
"7/6/2026","7/6/2026","7/7/2026","","Current Year Contribution","CFIR","","","$15.00"
"7/6/2026","7/6/2026","7/7/2026","NBIS","NBIS 7/10/2026 Call $250.00","STC","2","$3.62","$723.89"
"7/6/2026","7/6/2026","7/7/2026","NBIS","NBIS 7/10/2026 Call $230.00","STC","1","$10.80","$1,079.92"
"7/6/2026","7/6/2026","7/7/2026","NBIS","NBIS 7/10/2026 Call $230.00","STC","1","$10.90","$1,089.92"
"7/6/2026","7/6/2026","7/7/2026","NBIS","NBIS 7/10/2026 Call $230.00","BTO","2","$10.35","($2,070.08)"
"7/6/2026","7/6/2026","7/7/2026","NBIS","NBIS 7/10/2026 Call $250.00","BTO","2","$3.70","($740.08)"
"7/6/2026","7/6/2026","7/7/2026","MU","MU 7/10/2026 Call $1,050.00","STC","2","$36.70","$7,339.75"
"7/6/2026","7/6/2026","7/7/2026","MU","MU 7/10/2026 Call $1,050.00","BTO","1","$34.00","($3,400.04)"
"7/6/2026","7/6/2026","7/7/2026","MU","MU 7/10/2026 Call $1,050.00","BTO","1","$34.00","($3,400.04)"
"7/6/2026","7/6/2026","7/7/2026","NBIS","NBIS 7/17/2026 Call $250.00","STC","3","$8.00","$2,399.82"
"7/6/2026","7/6/2026","7/7/2026","NBIS","NBIS 7/17/2026 Call $250.00","BTO","3","$7.00","($2,100.12)"
"7/2/2026","7/2/2026","7/6/2026","KEEL","Keel Infrastructure
CUSIP: 486917107","Buy","20","$4.61","($92.20)"
"7/2/2026","7/2/2026","7/6/2026","NBIS","Nebius Group
CUSIP: N97284108","Buy","1","$211.64","($211.64)"
"7/2/2026","7/2/2026","7/6/2026","NBIS","Nebius Group
CUSIP: N97284108","Buy","1","$214.14","($214.14)"
"7/1/2026","7/1/2026","7/2/2026","MU","MU 7/2/2026 Put $1,040.00","STC","1","$19.70","$1,969.90"
"7/1/2026","7/1/2026","7/2/2026","MU","MU 7/2/2026 Put $1,040.00","STC","1","$20.50","$2,049.90"
"7/1/2026","7/1/2026","7/2/2026","MU","MU 7/2/2026 Put $1,040.00","STC","1","$20.50","$2,049.90"
"7/1/2026","7/1/2026","7/2/2026","MU","MU 7/2/2026 Put $1,040.00","BTO","3","$18.00","($5,400.12)"
"7/1/2026","7/1/2026","7/2/2026","MU","MU 7/2/2026 Call $1,070.00","STC","3","$18.00","$5,399.75"
"7/1/2026","7/1/2026","7/2/2026","MU","MU 7/2/2026 Call $1,070.00","BTO","3","$22.50","($6,750.12)"
"7/1/2026","7/1/2026","7/2/2026","NBIS","NBIS 7/2/2026 Call $260.00","STC","4","$0.68","$271.82"
"7/1/2026","7/1/2026","7/2/2026","MU","MU 7/2/2026 Call $1,070.00","STC","1","$18.70","$1,869.91"
"7/1/2026","7/1/2026","7/2/2026","MU","MU 7/2/2026 Call $1,070.00","STC","1","$20.80","$2,079.90"
"7/1/2026","7/1/2026","7/2/2026","MU","MU 7/2/2026 Call $1,070.00","BTO","2","$18.18","($3,636.08)"
"7/1/2026","7/1/2026","7/2/2026","NBIS","Nebius Group
CUSIP: N97284108
Recurring","Buy","0.398824","$238.20","($95.00)"
"7/1/2026","7/1/2026","7/1/2026","","Interest on Contribution (IRA Match)","MTCH","","","$0.95"
"7/1/2026","7/1/2026","7/2/2026","","Current Year Contribution","CFIR","","","$95.00"
"7/1/2026","7/1/2026","7/2/2026","NBIS","Nebius Group
CUSIP: N97284108","Buy","1","$236.28","($236.29)"
"7/1/2026","7/1/2026","7/2/2026","NBIS","Nebius Group
CUSIP: N97284108","Buy","1","$236.67","($236.67)"
"7/1/2026","7/1/2026","7/2/2026","NBIS","NBIS 7/2/2026 Call $260.00","BTO","1","$1.30","($130.04)"
"7/1/2026","7/1/2026","7/2/2026","NBIS","NBIS 7/2/2026 Call $260.00","STC","1","$3.75","$374.94"
"7/1/2026","7/1/2026","7/2/2026","NBIS","NBIS 7/2/2026 Call $260.00","BTO","1","$2.25","($225.04)"
"7/1/2026","7/1/2026","7/2/2026","NBIS","NBIS 7/2/2026 Call $260.00","BTO","3","$3.50","($1,050.12)"
"6/30/2026","6/30/2026","7/1/2026","APLD","APLD 7/10/2026 Call $40.00","STC","6","$1.48","$887.72"
"6/30/2026","6/30/2026","7/1/2026","APLD","APLD 7/10/2026 Call $40.00","BTO","6","$1.48","($888.24)"
"6/30/2026","6/30/2026","7/1/2026","CRWV","CRWV 7/10/2026 Call $105.00","STC","3","$2.87","$860.85"
"6/30/2026","6/30/2026","7/1/2026","CRWV","CRWV 7/10/2026 Call $105.00","BTO","3","$2.52","($756.12)"
"6/30/2026","6/30/2026","7/1/2026","CRWV","CRWV 7/10/2026 Call $105.00","STC","3","$2.40","$719.85"
"6/30/2026","6/30/2026","7/1/2026","CRWV","CRWV 7/10/2026 Call $105.00","BTO","3","$2.75","($825.12)"
"6/30/2026","6/30/2026","7/1/2026","CRDO","CRDO 7/10/2026 Call $280.00","STC","1","$10.00","$999.92"
"6/30/2026","6/30/2026","7/1/2026","CRDO","CRDO 7/10/2026 Call $280.00","STC","1","$11.50","$1,149.92"
"6/30/2026","6/30/2026","7/1/2026","CRDO","CRDO 7/10/2026 Call $280.00","BTO","2","$9.60","($1,920.08)"
"6/29/2026","6/29/2026","6/30/2026","AUR","Aurora Innovation
CUSIP: 051774107
Recurring","Buy","0.766871","$6.52","($5.00)"
"6/29/2026","6/29/2026","6/30/2026","RKLB","Rocket Lab Corporation
CUSIP: 773121108
Recurring","Buy","0.102408","$97.65","($10.00)"
"6/29/2026","6/29/2026","6/29/2026","","Interest on Contribution (IRA Match)","MTCH","","","$0.15"
"6/29/2026","6/29/2026","6/30/2026","","Current Year Contribution","CFIR","","","$15.00"
"6/29/2026","6/29/2026","6/30/2026","MU","MU 7/2/2026 Call $1,060.00","STC","1","$39.20","$3,919.86"
"6/29/2026","6/29/2026","6/30/2026","MU","MU 7/2/2026 Call $1,060.00","BTO","1","$37.00","($3,700.04)"
"6/29/2026","6/29/2026","6/30/2026","DRAM","DRAM 9/18/2026 Call $85.00","STC","4","$6.80","$2,719.77"
"6/29/2026","6/29/2026","6/30/2026","DRAM","DRAM 9/18/2026 Call $85.00","BTO","1","$7.50","($750.04)"
"6/29/2026","6/29/2026","6/30/2026","SLS","SELLAS Life Sciences
CUSIP: 81642T209","Buy","2","$13.27","($26.54)"
"6/26/2026","6/26/2026","6/26/2026","NVDA","Cash Div: R/D 2026-06-04 P/D 2026-06-26 - 5 shares at 0.25","CDIV","","","$1.25"
"6/26/2026","6/26/2026","6/29/2026","MSFT","Microsoft
CUSIP: 594918104","Buy","4","$373.26","($1,493.04)"
"6/26/2026","6/26/2026","6/29/2026","MSFT","Microsoft
CUSIP: 594918104","Buy","1","$373.23","($373.23)"
"6/26/2026","6/26/2026","6/29/2026","NBIS","Nebius Group
CUSIP: N97284108","Buy","1","$241.00","($241.00)"
"6/26/2026","6/26/2026","6/29/2026","MU","MU 6/26/2026 Call $1,180.00","STC","1","$14.60","$1,459.91"
"6/26/2026","6/26/2026","6/29/2026","MU","MU 6/26/2026 Call $1,180.00","STC","1","$11.27","$1,126.92"
"6/26/2026","6/26/2026","6/29/2026","MU","MU 6/26/2026 Call $1,180.00","BTO","2","$7.25","($1,450.08)"
"6/26/2026","6/26/2026","6/29/2026","NBIS","Nebius Group
CUSIP: N97284108","Buy","1","$239.60","($239.60)"
"6/26/2026","6/26/2026","6/29/2026","GOOG","Alphabet Class C
CUSIP: 02079K107","Buy","1","$334.72","($334.72)"
"6/26/2026","6/26/2026","6/29/2026","KEEL","Keel Infrastructure
CUSIP: 486917107","Buy","25","$5.71","($142.73)"
"6/26/2026","6/26/2026","6/29/2026","LLY","LLY 6/26/2026 Call $1,180.00","STC","1","$6.25","$624.93"
"6/26/2026","6/26/2026","6/29/2026","LLY","LLY 6/26/2026 Call $1,180.00","STC","1","$6.50","$649.93"
"6/26/2026","6/26/2026","6/29/2026","LLY","LLY 6/26/2026 Call $1,180.00","BTO","2","$5.25","($1,050.08)"
"6/26/2026","6/26/2026","6/29/2026","DRAM","DRAM 9/18/2026 Call $85.00","BTO","3","$9.10","($2,730.12)"
"6/26/2026","6/26/2026","6/29/2026","GOOG","Alphabet Class C
CUSIP: 02079K107","Buy","1","$341.06","($341.06)"
"6/25/2026","6/25/2026","6/26/2026","RDW","Redwire
CUSIP: 75776W103","Sell","15","$10.70","$160.50"
"6/25/2026","6/25/2026","6/26/2026","NBIS","Nebius Group
CUSIP: N97284108","Buy","1","$253.06","($253.06)"
"6/25/2026","6/25/2026","6/26/2026","ALAB","Astera Labs, Inc.
CUSIP: 04626A103","Sell","7.145527","$388.16","$2,773.51"
"6/25/2026","6/25/2026","6/26/2026","ALAB","Astera Labs, Inc.
CUSIP: 04626A103
Recurring","Buy","0.074232","$404.14","($30.00)"
"6/25/2026","6/25/2026","6/26/2026","AMD","AMD 6/26/2026 Call $530.00","STC","1","$7.45","$744.93"
"6/25/2026","6/25/2026","6/26/2026","AMD","AMD 6/26/2026 Call $530.00","STC","1","$8.45","$844.93"
"6/25/2026","6/25/2026","6/26/2026","AMD","AMD 6/26/2026 Call $530.00","BTO","2","$8.00","($1,600.08)"
"6/25/2026","6/25/2026","6/26/2026","ALAB","ALAB 6/26/2026 Call $415.00","STC","1","$10.00","$999.92"
"6/25/2026","6/25/2026","6/26/2026","ALAB","ALAB 6/26/2026 Call $415.00","STC","1","$10.45","$1,044.92"
"6/25/2026","6/25/2026","6/26/2026","ALAB","ALAB 6/26/2026 Call $415.00","STC","1","$10.90","$1,089.92"
"6/25/2026","6/25/2026","6/26/2026","ALAB","ALAB 6/26/2026 Call $415.00","BTO","3","$9.25","($2,775.12)"
"6/25/2026","6/25/2026","6/25/2026","","Interest on Contribution (IRA Match)","MTCH","","","$0.30"
"6/25/2026","6/25/2026","6/26/2026","","Current Year Contribution","CFIR","","","$30.00"
"6/25/2026","6/25/2026","6/26/2026","ALAB","ALAB 6/26/2026 Call $410.00","STC","2","$10.00","$1,999.86"
"6/25/2026","6/25/2026","6/26/2026","ALAB","ALAB 6/26/2026 Call $410.00","STC","1","$10.40","$1,039.92"
"6/25/2026","6/25/2026","6/26/2026","ALAB","ALAB 6/26/2026 Call $410.00","BTO","1","$7.75","($775.04)"
"6/25/2026","6/25/2026","6/26/2026","ALAB","ALAB 6/26/2026 Call $410.00","BTO","2","$10.80","($2,160.08)"
"6/25/2026","6/25/2026","6/26/2026","NBIS","NBIS 7/2/2026 Put $250.00","STC","1","$14.25","$1,424.92"
"6/25/2026","6/25/2026","6/26/2026","NBIS","NBIS 7/2/2026 Put $250.00","STC","1","$15.20","$1,519.91"
"6/25/2026","6/25/2026","6/26/2026","NBIS","NBIS 7/2/2026 Put $250.00","BTO","1","$14.70","($1,470.04)"
"6/25/2026","6/25/2026","6/26/2026","NBIS","NBIS 7/2/2026 Put $250.00","BTO","1","$14.75","($1,475.04)"
"6/25/2026","6/25/2026","6/26/2026","HSAI","Hesai Group ADR
CUSIP: 428050108","Buy","10","$15.17","($151.70)"
"6/25/2026","6/25/2026","6/26/2026","MSFT","MSFT 7/1/2026 Call $365.00","STC","3","$4.20","$1,259.84"
"6/25/2026","6/25/2026","6/26/2026","MRVL","MRVL 6/26/2026 Call $272.50","STC","1","$7.50","$749.93"
"6/25/2026","6/25/2026","6/26/2026","MSFT","MSFT 7/1/2026 Call $365.00","BTO","3","$4.35","($1,305.12)"
"6/25/2026","6/25/2026","6/26/2026","MRVL","MRVL 6/26/2026 Call $272.50","STC","1","$6.90","$689.93"
"6/25/2026","6/25/2026","6/26/2026","MRVL","MRVL 6/26/2026 Call $272.50","BTO","2","$6.45","($1,290.08)"
"6/25/2026","6/25/2026","6/26/2026","AMD","AMD 6/26/2026 Put $530.00","STC","1","$11.80","$1,179.92"
"6/25/2026","6/25/2026","6/26/2026","AMD","AMD 6/26/2026 Put $530.00","STC","1","$9.90","$989.92"
"6/25/2026","6/25/2026","6/26/2026","AMD","AMD 6/26/2026 Put $530.00","BTO","2","$8.55","($1,710.08)"
"6/25/2026","6/25/2026","6/26/2026","AMD","AMD 7/10/2026 Put $450.00","STC","2","$4.60","$919.89"
"6/25/2026","6/25/2026","6/26/2026","AMD","AMD 7/10/2026 Put $450.00","BTO","2","$4.55","($910.08)"
"6/24/2026","6/24/2026","6/25/2026","NBIS","Nebius Group
CUSIP: N97284108
Recurring","Buy","0.378275","$251.14","($95.00)"
"6/24/2026","6/24/2026","6/25/2026","NBIS","Nebius Group
CUSIP: N97284108","Buy","1","$250.91","($250.91)"
"6/24/2026","6/24/2026","6/25/2026","MRVL","Marvell Technology
CUSIP: 573874104","Buy","1","$271.89","($271.89)"
"6/24/2026","6/24/2026","6/25/2026","KEEL","Keel Infrastructure
CUSIP: 486917107","Buy","25","$6.12","($152.92)"
"6/24/2026","6/24/2026","6/24/2026","","Interest on Contribution (IRA Match)","MTCH","","","$0.95"
"6/24/2026","6/24/2026","6/25/2026","","Current Year Contribution","CFIR","","","$95.00"
"6/24/2026","6/24/2026","6/25/2026","NBIS","NBIS 6/26/2026 Call $270.00","STC","3","$7.05","$2,114.82"
"6/24/2026","6/24/2026","6/25/2026","NBIS","Nebius Group
CUSIP: N97284108","Buy","1","$257.53","($257.53)"
"6/24/2026","6/24/2026","6/25/2026","NBIS","NBIS 6/26/2026 Call $270.00","BTO","1","$5.90","($590.04)"
"6/24/2026","6/24/2026","6/25/2026","NBIS","NBIS 6/26/2026 Call $270.00","BTO","2","$8.45","($1,690.08)"
"6/24/2026","6/24/2026","6/25/2026","GOOG","GOOG 6/26/2026 Call $355.00","STC","2","$2.32","$463.90"
"6/24/2026","6/24/2026","6/25/2026","GOOG","GOOG 6/26/2026 Call $355.00","BTO","2","$2.85","($570.08)"
"6/23/2026","6/23/2026","6/24/2026","MU","MU 6/26/2026 Call $1,120.00","STC","1","$59.00","$5,899.82"
"6/23/2026","6/23/2026","6/24/2026","MU","MU 6/26/2026 Call $1,120.00","BTO","1","$59.80","($5,980.04)"
"6/23/2026","6/23/2026","6/24/2026","DRAM","DRAM 9/18/2026 Call $80.00","STC","1","$10.50","$1,049.92"
"6/23/2026","6/23/2026","6/24/2026","DRAM","DRAM 9/18/2026 Call $80.00","STC","1","$10.50","$1,049.92"
"6/23/2026","6/23/2026","6/24/2026","DRAM","DRAM 9/18/2026 Call $80.00","BTO","2","$10.60","($2,120.08)"
"6/23/2026","6/23/2026","6/24/2026","KEEL","Keel Infrastructure
CUSIP: 486917107","Buy","25","$6.42","($160.63)"
"6/23/2026","6/23/2026","6/24/2026","NBIS","Nebius Group
CUSIP: N97284108","Buy","1","$256.99","($256.99)"
"6/23/2026","6/23/2026","6/24/2026","NBIS","Nebius Group
CUSIP: N97284108","Buy","1","$261.69","($261.69)"
"6/23/2026","6/23/2026","6/24/2026","HSAI","Hesai Group ADR
CUSIP: 428050108","Buy","5","$16.01","($80.05)"
"6/23/2026","6/23/2026","6/24/2026","NBIS","Nebius Group
CUSIP: N97284108","Buy","1","$274.95","($274.95)"
"6/22/2026","6/22/2026","6/23/2026","AUR","Aurora Innovation
CUSIP: 051774107
Recurring","Buy","0.753012","$6.64","($5.00)"
"6/22/2026","6/22/2026","6/23/2026","RKLB","Rocket Lab Corporation
CUSIP: 773121108
Recurring","Buy","0.101051","$98.96","($10.00)"
"6/22/2026","6/22/2026","6/22/2026","","Interest on Contribution (IRA Match)","MTCH","","","$0.15"
"6/22/2026","6/22/2026","6/23/2026","","Current Year Contribution","CFIR","","","$15.00"
"6/22/2026","6/22/2026","6/23/2026","DRAM","DRAM 7/31/2026 Call $90.00","STC","1","$6.35","$634.93"
"6/22/2026","6/22/2026","6/23/2026","META","META 6/26/2026 Call $570.00","STC","1","$7.05","$704.93"
"6/22/2026","6/22/2026","6/23/2026","META","META 6/26/2026 Call $570.00","BTO","1","$7.20","($720.04)"
"6/22/2026","6/22/2026","6/23/2026","DRAM","DRAM 7/31/2026 Call $90.00","BTO","1","$6.50","($650.04)"
"6/22/2026","6/22/2026","6/23/2026","SNDK","SNDK 6/26/2026 Put $2,200.00","STC","1","$84.50","$8,449.77"
"6/22/2026","6/22/2026","6/23/2026","TSLA","TSLA 7/2/2026 Put $380.00","STC","1","$3.10","$309.94"
"6/22/2026","6/22/2026","6/23/2026","TSLA","TSLA 7/2/2026 Put $380.00","BTO","1","$4.35","($435.04)"
"6/22/2026","6/22/2026","6/23/2026","SNDK","SNDK 6/26/2026 Put $2,200.00","BTO","1","$82.00","($8,200.04)"
"6/22/2026","6/22/2026","6/23/2026","DRAM","DRAM 6/26/2026 Put $79.00","STC","3","$3.60","$1,079.84"
"6/22/2026","6/22/2026","6/23/2026","DRAM","DRAM 6/26/2026 Put $79.00","BTO","3","$3.55","($1,065.12)"
"6/22/2026","6/22/2026","6/23/2026","DRAM","DRAM 8/21/2026 Call $90.00","STC","2","$9.00","$1,799.87"
"6/22/2026","6/22/2026","6/23/2026","DRAM","DRAM 8/21/2026 Call $90.00","BTO","2","$9.10","($1,820.08)"
"6/22/2026","6/22/2026","6/23/2026","MU","MU 6/26/2026 Put $1,100.00","STC","1","$41.50","$4,149.86"
"6/22/2026","6/22/2026","6/23/2026","IONQ","IONQ 7/10/2026 Put $50.00","STC","2","$1.60","$319.90"
"6/22/2026","6/22/2026","6/23/2026","MU","MU 6/26/2026 Put $1,100.00","BTO","1","$42.50","($4,250.04)"
"6/18/2026","6/18/2026","6/18/2026","SOXX","Cash Div: R/D 2026-06-15 P/D 2026-06-18 - 0.274553 shares at 0.282726","CDIV","","","$0.08"
"6/18/2026","6/18/2026","6/22/2026","KEEL","Keel Infrastructure
CUSIP: 486917107","Buy","50","$6.18","($309.00)"
"6/18/2026","6/18/2026","6/22/2026","KEEL","Keel Infrastructure
CUSIP: 486917107","Buy","20","$6.18","($123.50)"
"6/18/2026","6/18/2026","6/22/2026","NBIS","NBIS 6/18/2026 Call $290.00","STC","1","$1.35","$134.94"
"6/18/2026","6/18/2026","6/22/2026","NBIS","NBIS 6/18/2026 Call $290.00","STC","1","$1.35","$134.94"
"6/18/2026","6/18/2026","6/22/2026","NBIS","NBIS 6/18/2026 Call $290.00","BTO","2","$1.60","($320.08)"
"6/18/2026","6/18/2026","6/22/2026","NBIS","NBIS 6/18/2026 Call $290.00","STC","2","$1.85","$369.90"
"6/18/2026","6/18/2026","6/22/2026","NBIS","NBIS 6/18/2026 Call $290.00","BTO","2","$2.20","($440.08)"
"6/18/2026","6/18/2026","6/22/2026","ALAB","Astera Labs, Inc.
CUSIP: 04626A103
Recurring","Buy","0.071295","$420.78","($30.00)"
"6/18/2026","6/18/2026","6/22/2026","IONQ","IONQ 7/10/2026 Put $50.00","BTO","2","$2.68","($536.08)"
"6/18/2026","6/18/2026","6/18/2026","","Interest on Contribution (IRA Match)","MTCH","","","$0.30"
"6/18/2026","6/18/2026","6/22/2026","","Current Year Contribution","CFIR","","","$30.00"
"6/18/2026","6/18/2026","6/22/2026","MRVL","Marvell Technology
CUSIP: 573874104","Buy","2","$323.20","($646.40)"
"6/18/2026","6/18/2026","6/22/2026","NBIS","Nebius Group
CUSIP: N97284108","Buy","1","$278.18","($278.19)"
"6/18/2026","6/18/2026","6/22/2026","SNDK","SNDK 6/18/2026 Put $2,150.00","STC","1","$29.00","$2,899.89"
"6/18/2026","6/18/2026","6/22/2026","SNDK","SNDK 6/18/2026 Put $2,150.00","BTO","1","$25.00","($2,500.04)"
"6/18/2026","6/18/2026","6/22/2026","GOOGL","Alphabet Class A
CUSIP: 02079K305","Sell","0.27316","$365.96","$99.97"
"6/18/2026","6/18/2026","6/22/2026","SMH","VanEck Semiconductor ETF
CUSIP: 92189F676","Sell","0.289272","$649.11","$187.77"
"6/18/2026","6/18/2026","6/22/2026","OPTH","Optimi Health Corp.
CUSIP: 68405H308","Sell","80","$4.40","$351.98"
"6/18/2026","6/18/2026","6/22/2026","DRTS","Alpha Tau Medical
CUSIP: M0740A108","Sell","10","$9.80","$98.00"
"6/18/2026","6/18/2026","6/22/2026","SOXX","iShares Semiconductor ETF
CUSIP: 464287523","Sell","0.322304","$627.43","$202.22"
"6/18/2026","6/18/2026","6/22/2026","VOO","Vanguard S&P 500 ETF
CUSIP: 922908363","Sell","0.27783","$689.45","$191.55"
"6/18/2026","6/18/2026","6/22/2026","USO","United States Oil Fund
CUSIP: 91232N207","Sell","0.1","$112.47","$11.25"
"6/18/2026","6/18/2026","6/22/2026","QQQM","Invesco Exchange-Traded Fund Trust II Invesco NASDAQ 100 ETF
CUSIP: 46138G649","Sell","0.708374","$303.50","$214.99"
"6/18/2026","6/18/2026","6/22/2026","ALAB","Astera Labs, Inc.
CUSIP: 04626A103","Buy","1","$384.50","($384.50)"
"6/18/2026","6/18/2026","6/22/2026","ALAB","Astera Labs, Inc.
CUSIP: 04626A103","Buy","4","$384.20","($1,536.80)"
"6/18/2026","6/18/2026","6/22/2026","ALAB","Astera Labs, Inc.
CUSIP: 04626A103","Buy","2","$382.60","($765.20)"
"6/18/2026","6/18/2026","6/22/2026","NBIS","Nebius Group
CUSIP: N97284108","Buy","5","$290.45","($1,452.25)"
"6/18/2026","6/18/2026","6/22/2026","NBIS","Nebius Group
CUSIP: N97284108","Buy","1","$290.45","($290.45)"
"6/18/2026","6/18/2026","6/22/2026","NBIS","Nebius Group
CUSIP: N97284108","Buy","1","$290.45","($290.45)"
"6/18/2026","6/18/2026","6/22/2026","NBIS","Nebius Group
CUSIP: N97284108","Buy","1","$290.45","($290.45)"
"6/18/2026","6/18/2026","6/22/2026","NBIS","Nebius Group
CUSIP: N97284108","Buy","2","$290.45","($580.90)"
"6/17/2026","6/17/2026","6/18/2026","MSFT","Microsoft
CUSIP: 594918104","Buy","5","$377.39","($1,886.95)"
"6/17/2026","6/17/2026","6/18/2026","DRAM","DRAM 9/18/2026 Call $80.00","STC","3","$9.40","$2,819.81"
"6/17/2026","6/17/2026","6/18/2026","ROKU","Roku
CUSIP: 77543R102","Sell","5","$138.10","$690.46"
"6/17/2026","6/17/2026","6/18/2026","NBIS","Nebius Group
CUSIP: N97284108","Buy","2","$289.82","($579.64)"
"6/17/2026","6/17/2026","6/18/2026","DRAM","DRAM 9/18/2026 Call $70.00","STC","3","$13.35","$4,004.78"
"6/17/2026","6/17/2026","6/18/2026","DRAM","DRAM 9/18/2026 Call $80.00","BTO","3","$9.65","($2,895.12)"
"6/17/2026","6/17/2026","6/18/2026","DRAM","DRAM 9/18/2026 Call $70.00","BTO","3","$13.35","($4,005.12)"
"6/17/2026","6/17/2026","6/18/2026","APLD","Applied Digital
CUSIP: 038169207
Recurring","Buy","0.54054","$46.25","($25.00)"
"6/17/2026","6/17/2026","6/18/2026","NBIS","Nebius Group
CUSIP: N97284108
Recurring","Buy","0.189344","$290.48","($55.00)"
"6/17/2026","6/17/2026","6/17/2026","","Interest on Contribution (IRA Match)","MTCH","","","$0.25"
"6/17/2026","6/17/2026","6/17/2026","","Interest on Contribution (IRA Match)","MTCH","","","$0.55"
"6/17/2026","6/17/2026","6/18/2026","","Current Year Contribution","CFIR","","","$25.00"
"6/17/2026","6/17/2026","6/18/2026","","Current Year Contribution","CFIR","","","$55.00"
"6/17/2026","6/17/2026","6/18/2026","HSAI","Hesai Group ADR
CUSIP: 428050108","Buy","15","$17.32","($259.80)"
"6/17/2026","6/17/2026","6/18/2026","APLD","Applied Digital
CUSIP: 038169207","Buy","5","$46.46","($232.32)"
"6/17/2026","6/17/2026","6/18/2026","DRAM","DRAM 9/18/2026 Call $70.00","STC","1","$12.20","$1,219.92"
"6/17/2026","6/17/2026","6/18/2026","DRAM","DRAM 9/18/2026 Call $70.00","STC","1","$12.45","$1,244.92"
"6/17/2026","6/17/2026","6/18/2026","CRWV","CRWV 7/2/2026 Call $130.00","STC","1","$4.30","$429.94"
"6/17/2026","6/17/2026","6/18/2026","CRWV","CRWV 7/2/2026 Call $130.00","STC","1","$5.15","$514.93"
"6/17/2026","6/17/2026","6/18/2026","DRAM","DRAM 9/18/2026 Call $70.00","STC","1","$12.85","$1,284.92"
"6/17/2026","6/17/2026","6/18/2026","DRAM","DRAM 9/18/2026 Call $70.00","STC","1","$13.10","$1,309.92"
"6/17/2026","6/17/2026","6/18/2026","DRAM","DRAM 6/26/2026 Call $66.00","STC","1","$7.40","$739.93"
"6/17/2026","6/17/2026","6/18/2026","DRAM","DRAM 6/26/2026 Call $66.00","STC","1","$7.35","$734.93"
"6/17/2026","6/17/2026","6/18/2026","MU","MU 6/18/2026 Call $1,070.00","STC","1","$24.50","$2,449.89"
"6/17/2026","6/17/2026","6/18/2026","MU","MU 6/18/2026 Call $1,070.00","STC","1","$24.50","$2,449.89"
"6/17/2026","6/17/2026","6/18/2026","MU","MU 6/18/2026 Call $1,070.00","STC","1","$28.45","$2,844.89"
"6/16/2026","6/16/2026","6/17/2026","MU","MU 6/18/2026 Call $1,070.00","BTO","1","$20.98","($2,098.04)"
"6/16/2026","6/16/2026","6/17/2026","MU","MU 6/18/2026 Call $1,070.00","BTO","2","$25.50","($5,100.08)"
"6/16/2026","6/16/2026","6/17/2026","CRWV","CRWV 7/2/2026 Call $130.00","BTO","2","$4.40","($880.08)"
"6/16/2026","6/16/2026","6/17/2026","QQQ","QQQ 6/16/2026 Put $740.00","STC","1","$1.69","$168.94"
"6/16/2026","6/16/2026","6/17/2026","QQQ","QQQ 6/16/2026 Put $740.00","STC","1","$1.48","$147.94"
"6/16/2026","6/16/2026","6/17/2026","QQQ","QQQ 6/16/2026 Put $740.00","STC","1","$1.43","$142.94"
"6/16/2026","6/16/2026","6/17/2026","QQQ","QQQ 6/16/2026 Put $740.00","BTO","1","$1.35","($135.04)"
"6/16/2026","6/16/2026","6/17/2026","QQQ","QQQ 6/16/2026 Put $740.00","BTO","2","$1.35","($270.08)"
"6/16/2026","6/16/2026","6/17/2026","CRWV","CRWV 6/26/2026 Call $120.00","STC","1","$5.85","$584.93"
"6/16/2026","6/16/2026","6/17/2026","CRWV","CRWV 6/26/2026 Call $120.00","STC","1","$4.80","$479.94"
"6/16/2026","6/16/2026","6/17/2026","CRWV","CRWV 6/26/2026 Call $120.00","STC","1","$4.65","$464.94"
"6/16/2026","6/16/2026","6/17/2026","CRWV","CRWV 6/26/2026 Call $120.00","BTO","3","$4.10","($1,230.12)"
"6/16/2026","6/16/2026","6/17/2026","MRVL","MRVL 6/18/2026 Call $320.00","STC","1","$7.25","$724.93"
"6/16/2026","6/16/2026","6/17/2026","MRVL","MRVL 6/18/2026 Call $320.00","STC","1","$8.25","$824.93"
"6/16/2026","6/16/2026","6/17/2026","MRVL","MRVL 6/18/2026 Call $320.00","BTO","1","$7.25","($725.04)"
"6/16/2026","6/16/2026","6/17/2026","MRVL","MRVL 6/18/2026 Call $320.00","BTO","1","$7.25","($725.04)"
"6/15/2026","6/15/2026","6/15/2026","GOOGL","Cash Div: R/D 2026-06-08 P/D 2026-06-15 - 0.191661 shares at 0.22","CDIV","","","$0.04"
"6/15/2026","6/15/2026","6/16/2026","SOXX","iShares Semiconductor ETF
CUSIP: 464287523
Recurring","Buy","0.047751","$628.25","($30.00)"
"6/15/2026","6/15/2026","6/16/2026","MRVL","Marvell Technology
CUSIP: 573874104","Buy","3","$308.39","($925.17)"
"6/15/2026","6/15/2026","6/16/2026","MRVL","MRVL 6/18/2026 Call $340.00","STC","1","$4.55","$454.94"
"6/15/2026","6/15/2026","6/16/2026","VOO","Vanguard S&P 500 ETF
CUSIP: 922908363
Recurring","Buy","0.036003","$694.38","($25.00)"
"6/15/2026","6/15/2026","6/16/2026","MRVL","MRVL 6/18/2026 Call $340.00","BTO","1","$3.70","($370.04)"
"6/15/2026","6/15/2026","6/16/2026","AUR","Aurora Innovation
CUSIP: 051774107
Recurring","Buy","0.790513","$6.32","($5.00)"
"6/15/2026","6/15/2026","6/16/2026","GOOGL","Alphabet Class A
CUSIP: 02079K305
Recurring","Buy","0.040354","$371.70","($15.00)"
"6/15/2026","6/15/2026","6/16/2026","RKLB","Rocket Lab Corporation
CUSIP: 773121108
Recurring","Buy","0.090777","$110.16","($10.00)"
"6/15/2026","6/15/2026","6/16/2026","SMH","VanEck Semiconductor ETF
CUSIP: 92189F676
Recurring","Buy","0.038637","$647.05","($25.00)"
"6/15/2026","6/15/2026","6/16/2026","QQQM","Invesco Exchange-Traded Fund Trust II Invesco NASDAQ 100 ETF
CUSIP: 46138G649
Recurring","Buy","0.097978","$306.19","($30.00)"
"6/15/2026","6/15/2026","6/16/2026","META","META 6/26/2026 Call $630.00","STC","1","$3.80","$379.94"
"6/15/2026","6/15/2026","6/16/2026","DRAM","DRAM 6/26/2026 Call $66.00","STC","1","$7.10","$709.93"
"6/15/2026","6/15/2026","6/16/2026","DRAM","DRAM 9/18/2026 Call $70.00","STC","1","$12.75","$1,274.92"
"6/15/2026","6/15/2026","6/16/2026","META","META 6/26/2026 Call $630.00","STC","1","$4.30","$429.94"
"6/15/2026","6/15/2026","6/15/2026","","Interest on Contribution (IRA Match)","MTCH","","","$1.40"
"6/15/2026","6/15/2026","6/16/2026","","Current Year Contribution","CFIR","","","$140.00"
"6/15/2026","6/15/2026","6/16/2026","META","META 6/26/2026 Call $630.00","BTO","2","$3.80","($760.08)"
"6/15/2026","6/15/2026","6/16/2026","META","META 6/26/2026 Call $600.00","STC","1","$11.40","$1,139.92"
"6/15/2026","6/15/2026","6/16/2026","META","META 6/26/2026 Call $600.00","BTO","1","$11.35","($1,135.04)"
"6/12/2026","6/12/2026","6/15/2026","RDDT","Option Expiration for RDDT 6/12/2026 Call $180.00","OEXP","3S","",""
"6/12/2026","6/12/2026","6/15/2026","DRAM","DRAM 9/18/2026 Call $70.00","STC","1","$10.35","$1,034.92"
"6/12/2026","6/12/2026","6/15/2026","DRAM","DRAM 9/18/2026 Call $70.00","BTO","1","$10.30","($1,030.04)"
"6/12/2026","6/12/2026","6/15/2026","ROKU","Roku
CUSIP: 77543R102","Buy","5","$144.31","($721.55)"
"6/12/2026","6/12/2026","6/15/2026","DRAM","DRAM 6/26/2026 Call $66.00","STC","2","$5.15","$1,029.88"
"6/12/2026","6/12/2026","6/15/2026","AMD","AMD 6/12/2026 Call $515.00","STC","1","$4.10","$409.94"
"6/12/2026","6/12/2026","6/15/2026","AMD","AMD 6/12/2026 Call $515.00","STC","1","$5.45","$544.93"
"6/12/2026","6/12/2026","6/15/2026","AMD","AMD 6/12/2026 Call $515.00","BTO","2","$3.15","($630.08)"
"6/12/2026","6/12/2026","6/15/2026","COIN","COIN 6/26/2026 Call $170.00","STC","3","$5.45","$1,634.83"
"6/12/2026","6/12/2026","6/15/2026","SPY","SPY 6/12/2026 Call $740.00","STC","1","$2.97","$296.94"
"6/12/2026","6/12/2026","6/15/2026","SPY","SPY 6/12/2026 Call $740.00","STC","1","$2.75","$274.94"
"6/12/2026","6/12/2026","6/15/2026","SPY","SPY 6/12/2026 Call $740.00","STC","1","$2.76","$275.94"
"6/12/2026","6/12/2026","6/15/2026","SPY","SPY 6/12/2026 Call $740.00","STC","3","$2.08","$623.85"
"6/12/2026","6/12/2026","6/15/2026","SPY","SPY 6/12/2026 Call $740.00","STC","2","$2.19","$437.90"
"6/12/2026","6/12/2026","6/15/2026","SPY","SPY 6/12/2026 Call $740.00","STC","2","$2.05","$409.90"
"6/12/2026","6/12/2026","6/15/2026","SPY","SPY 6/12/2026 Call $740.00","BTO","10","$1.65","($1,650.40)"
"6/11/2026","6/11/2026","6/12/2026","MSFT","MSFT 6/26/2026 Put $370.00","STC","1","$3.35","$334.94"
"6/11/2026","6/11/2026","6/12/2026","RDDT","RDDT 6/12/2026 Call $180.00","BTO","3","$0.85","($255.12)"
"6/11/2026","6/11/2026","6/12/2026","COIN","COIN 6/26/2026 Call $170.00","BTO","3","$5.80","($1,740.12)"
"6/11/2026","6/11/2026","6/12/2026","META","META 6/26/2026 Put $520.00","STC","1","$2.28","$227.94"
"6/11/2026","6/11/2026","6/12/2026","META","META 6/26/2026 Put $520.00","STC","1","$2.28","$227.94"
"6/11/2026","6/11/2026","6/12/2026","META","META 6/26/2026 Put $520.00","STC","2","$2.28","$455.90"
"6/11/2026","6/11/2026","6/12/2026","DRAM","DRAM 6/26/2026 Call $66.00","BTO","5","$4.95","($2,475.20)"
"6/11/2026","6/11/2026","6/12/2026","TSLA","TSLA 6/26/2026 Put $360.00","STC","2","$3.65","$729.89"
"6/11/2026","6/11/2026","6/12/2026","SPY","SPY 6/12/2026 Put $730.00","STC","1","$0.97","$96.94"
"6/11/2026","6/11/2026","6/12/2026","SPY","SPY 6/12/2026 Put $730.00","STC","1","$0.97","$96.94"
"6/11/2026","6/11/2026","6/12/2026","SPY","SPY 6/12/2026 Put $730.00","STC","1","$0.97","$96.94"
"6/11/2026","6/11/2026","6/12/2026","DRAM","DRAM 9/18/2026 Call $70.00","BTO","2","$10.60","($2,120.08)"
"6/11/2026","6/11/2026","6/12/2026","DRAM","DRAM 9/18/2026 Call $70.00","BTO","3","$10.60","($3,180.12)"
"6/11/2026","6/11/2026","6/12/2026","SPY","SPY 6/11/2026 Put $730.00","STC","3","$0.24","$71.86"
"6/11/2026","6/11/2026","6/12/2026","SPY","SPY 6/12/2026 Put $730.00","BTO","3","$2.06","($618.12)"
"6/11/2026","6/11/2026","6/12/2026","SPY","SPY 6/11/2026 Put $730.00","BTO","3","$0.67","($201.12)"
"6/11/2026","6/11/2026","6/12/2026","INTC","INTC 6/26/2026 Put $95.00","STC","1","$2.09","$208.94"
"6/11/2026","6/11/2026","6/12/2026","MSFT","MSFT 6/26/2026 Put $370.00","BTO","1","$4.25","($425.04)"
"6/11/2026","6/11/2026","6/12/2026","TSLA","TSLA 6/26/2026 Put $360.00","BTO","2","$6.10","($1,220.08)"
"6/11/2026","6/11/2026","6/12/2026","TSLA","TSLA 6/26/2026 Put $360.00","STC","2","$6.40","$1,279.88"
"6/11/2026","6/11/2026","6/12/2026","TSLA","TSLA 6/12/2026 Put $385.00","STC","1","$7.25","$724.93"
"6/11/2026","6/11/2026","6/12/2026","TSLA","TSLA 6/12/2026 Put $385.00","STC","1","$6.62","$661.93"
"6/11/2026","6/11/2026","6/12/2026","TSLA","TSLA 6/12/2026 Put $385.00","STC","1","$6.55","$654.93"
"6/11/2026","6/11/2026","6/12/2026","TSLA","TSLA 6/12/2026 Put $385.00","BTO","3","$6.25","($1,875.12)"
"6/11/2026","6/11/2026","6/12/2026","TSLA","TSLA 6/12/2026 Put $385.00","STC","3","$5.40","$1,619.83"
"6/11/2026","6/11/2026","6/12/2026","TSLA","TSLA 6/12/2026 Put $385.00","BTO","3","$5.95","($1,785.12)"
"6/10/2026","6/10/2026","6/11/2026","CRWD","CRWD 6/26/2026 Put $600.00","STC","1","$10.95","$1,094.92"
"6/10/2026","6/10/2026","6/11/2026","INTC","INTC 6/26/2026 Put $95.00","STC","1","$3.05","$304.94"
"6/10/2026","6/10/2026","6/11/2026","AMZN","AMZN 6/18/2026 Put $230.00","STC","2","$1.72","$343.90"
"6/10/2026","6/10/2026","6/11/2026","INTC","INTC 6/12/2026 Put $102.00","STC","3","$2.10","$629.85"
"6/10/2026","6/10/2026","6/11/2026","INTC","INTC 6/12/2026 Put $102.00","STC","1","$2.11","$210.94"
"6/10/2026","6/10/2026","6/11/2026","INTC","INTC 6/12/2026 Put $102.00","STC","1","$2.18","$217.94"
"6/10/2026","6/10/2026","6/11/2026","INTC","INTC 6/12/2026 Put $102.00","BTO","1","$1.84","($184.04)"
"6/10/2026","6/10/2026","6/11/2026","INTC","INTC 6/12/2026 Put $102.00","BTO","4","$1.84","($736.16)"
"6/10/2026","6/10/2026","6/11/2026","INTC","INTC 6/12/2026 Put $102.00","STC","3","$1.80","$539.85"
"6/10/2026","6/10/2026","6/11/2026","INTC","INTC 6/12/2026 Put $102.00","STC","2","$2.12","$423.90"
"6/10/2026","6/10/2026","6/11/2026","INTC","INTC 6/12/2026 Put $102.00","BTO","5","$1.80","($900.20)"
"6/10/2026","6/10/2026","6/11/2026","AMZN","AMZN 6/18/2026 Put $230.00","BTO","2","$1.74","($348.08)"
"6/10/2026","6/10/2026","6/11/2026","META","META 6/26/2026 Put $520.00","BTO","1","$2.11","($211.04)"
"6/9/2026","6/9/2026","6/10/2026","AMZN","AMZN 6/18/2026 Put $230.00","STC","3","$1.32","$395.86"
"6/9/2026","6/9/2026","6/10/2026","AMZN","AMZN 6/18/2026 Put $230.00","BTO","3","$1.30","($390.12)"
"6/9/2026","6/9/2026","6/10/2026","SPY","SPY 6/9/2026 Put $734.00","STC","5","$1.04","$519.76"
"6/9/2026","6/9/2026","6/10/2026","SPY","SPY 6/9/2026 Put $734.00","BTO","5","$1.04","($520.20)"
"6/9/2026","6/9/2026","6/10/2026","SPY","SPY 6/9/2026 Put $734.00","STC","5","$0.82","$409.77"
"6/9/2026","6/9/2026","6/10/2026","SPY","SPY 6/9/2026 Put $734.00","BTO","5","$1.17","($585.20)"
"6/9/2026","6/9/2026","6/10/2026","GS","GS 6/26/2026 Put $950.00","STC","1","$11.00","$1,099.92"
"6/9/2026","6/9/2026","6/10/2026","GS","GS 6/26/2026 Put $950.00","BTO","1","$9.45","($945.04)"
"6/9/2026","6/9/2026","6/10/2026","INTC","INTC 6/26/2026 Put $80.00","STC","2","$1.02","$203.90"
"6/9/2026","6/9/2026","6/10/2026","INTC","INTC 6/26/2026 Put $80.00","BTO","2","$1.08","($216.08)"
"6/9/2026","6/9/2026","6/10/2026","AMZN","AMZN 6/18/2026 Put $230.00","STC","1","$1.41","$140.94"
"6/9/2026","6/9/2026","6/10/2026","AMZN","AMZN 6/18/2026 Put $230.00","STC","2","$1.46","$291.90"
"6/9/2026","6/9/2026","6/10/2026","AMD","AMD 6/18/2026 Put $460.00","STC","1","$19.90","$1,989.90"
"6/9/2026","6/9/2026","6/10/2026","TSLA","TSLA 6/26/2026 Put $360.00","STC","1","$4.95","$494.93"
"6/9/2026","6/9/2026","6/10/2026","TSLA","TSLA 6/10/2026 Put $390.00","STC","1","$4.05","$404.94"
"6/9/2026","6/9/2026","6/10/2026","KTOS","KTOS 6/26/2026 Put $50.00","STC","1","$1.42","$141.94"
"6/9/2026","6/9/2026","6/10/2026","KTOS","KTOS 6/26/2026 Put $50.00","STC","1","$1.42","$141.94"
"6/9/2026","6/9/2026","6/10/2026","KTOS","KTOS 6/26/2026 Put $50.00","STC","1","$1.40","$139.94"
"6/9/2026","6/9/2026","6/10/2026","AMZN","AMZN 6/18/2026 Put $230.00","BTO","3","$1.28","($384.12)"
"6/9/2026","6/9/2026","6/10/2026","TSLA","TSLA 6/10/2026 Put $390.00","STC","1","$2.80","$279.94"
"6/9/2026","6/9/2026","6/10/2026","XOM","XOM 6/18/2026 Put $145.00","STC","3","$1.55","$464.86"
"6/9/2026","6/9/2026","6/10/2026","TSLA","TSLA 6/10/2026 Put $390.00","STC","1","$2.23","$222.94"
"6/9/2026","6/9/2026","6/10/2026","LLY","LLY 6/12/2026 Call $1,200.00","STC","1","$6.15","$614.93"
"6/9/2026","6/9/2026","6/10/2026","LLY","LLY 6/12/2026 Call $1,200.00","STC","1","$6.15","$614.93"
"6/9/2026","6/9/2026","6/10/2026","XOM","XOM 6/18/2026 Put $145.00","STC","1","$1.80","$179.94"
"6/9/2026","6/9/2026","6/10/2026","AMD","AMD 6/18/2026 Put $460.00","BTO","1","$14.50","($1,450.04)"
"6/9/2026","6/9/2026","6/10/2026","TSLA","TSLA 6/10/2026 Put $390.00","BTO","1","$1.49","($149.04)"
"6/9/2026","6/9/2026","6/10/2026","TSLA","TSLA 6/10/2026 Put $390.00","BTO","2","$1.49","($298.08)"
"6/9/2026","6/9/2026","6/10/2026","XOM","XOM 6/18/2026 Put $145.00","BTO","4","$1.61","($644.16)"
"6/9/2026","6/9/2026","6/10/2026","KTOS","KTOS 6/26/2026 Put $50.00","BTO","3","$1.05","($315.12)"
"6/9/2026","6/9/2026","6/10/2026","CRWD","CRWD 6/26/2026 Put $600.00","BTO","1","$12.50","($1,250.04)"
"6/9/2026","6/9/2026","6/10/2026","META","META 6/26/2026 Put $520.00","BTO","1","$1.31","($131.04)"
"6/9/2026","6/9/2026","6/10/2026","LLY","LLY 6/12/2026 Call $1,200.00","BTO","2","$8.30","($1,660.08)"
"6/9/2026","6/9/2026","6/10/2026","KEEL","Keel Infrastructure
CUSIP: 486917107","Buy","20","$5.81","($116.20)"
"6/8/2026","6/8/2026","6/9/2026","MU","MU 6/12/2026 Put $880.00","STC","1","$20.00","$1,999.90"
"6/8/2026","6/8/2026","6/9/2026","MU","MU 6/12/2026 Put $880.00","STC","1","$20.10","$2,009.90"
"6/8/2026","6/8/2026","6/9/2026","MU","MU 6/12/2026 Put $880.00","STC","1","$20.05","$2,004.90"
"6/8/2026","6/8/2026","6/9/2026","SOXX","iShares Semiconductor ETF
CUSIP: 464287523
Recurring","Buy","0.051986","$577.07","($30.00)"
"6/8/2026","6/8/2026","6/9/2026","VGNT","VGNT 6/18/2026 Call $55.00","STC","3","$0.20","$59.86"
"6/8/2026","6/8/2026","6/9/2026","VOO","Vanguard S&P 500 ETF
CUSIP: 922908363
Recurring","Buy","0.036634","$682.41","($25.00)"
"6/8/2026","6/8/2026","6/9/2026","AAPL","AAPL 6/12/2026 Put $305.00","STC","1","$3.95","$394.94"
"6/8/2026","6/8/2026","6/9/2026","AAPL","AAPL 6/12/2026 Put $305.00","STC","1","$3.90","$389.94"
"6/8/2026","6/8/2026","6/9/2026","AUR","Aurora Innovation
CUSIP: 051774107
Recurring","Buy","0.798084","$6.26","($5.00)"
"6/8/2026","6/8/2026","6/9/2026","GOOGL","Alphabet Class A
CUSIP: 02079K305
Recurring","Buy","0.041145","$364.56","($15.00)"
"6/8/2026","6/8/2026","6/9/2026","RKLB","Rocket Lab Corporation
CUSIP: 773121108
Recurring","Buy","0.087888","$113.78","($10.00)"
"6/8/2026","6/8/2026","6/9/2026","SMH","VanEck Semiconductor ETF
CUSIP: 92189F676
Recurring","Buy","0.041687","$599.70","($25.00)"
"6/8/2026","6/8/2026","6/9/2026","QQQM","Invesco Exchange-Traded Fund Trust II Invesco NASDAQ 100 ETF
CUSIP: 46138G649
Recurring","Buy","0.101361","$295.97","($30.00)"
"6/8/2026","6/8/2026","6/9/2026","AAOI","AAOI 6/12/2026 Put $180.00","STC","1","$7.50","$749.93"
"6/8/2026","6/8/2026","6/9/2026","AAOI","AAOI 6/12/2026 Put $180.00","BTO","1","$7.30","($730.04)"
"6/8/2026","6/8/2026","6/9/2026","MU","MU 6/12/2026 Put $880.00","BTO","1","$16.00","($1,600.04)"
"6/8/2026","6/8/2026","6/9/2026","OPTH","Optimi Health Corp.
CUSIP: 68405H308","Buy","80","$5.73","($458.29)"
"6/8/2026","6/8/2026","6/8/2026","","Interest on Contribution (IRA Match)","MTCH","","","$1.40"
"6/8/2026","6/8/2026","6/9/2026","","Current Year Contribution","CFIR","","","$140.00"
"6/8/2026","6/8/2026","6/9/2026","MU","MU 6/12/2026 Put $880.00","BTO","2","$20.00","($4,000.08)"
"6/8/2026","6/8/2026","6/9/2026","TSLA","TSLA 6/26/2026 Put $360.00","BTO","1","$3.75","($375.04)"
"6/8/2026","6/8/2026","6/9/2026","AAPL","AAPL 6/12/2026 Put $305.00","STC","1","$2.58","$257.94"
"6/8/2026","6/8/2026","6/9/2026","AAPL","AAPL 6/12/2026 Put $305.00","STC","1","$2.58","$257.94"
"6/8/2026","6/8/2026","6/9/2026","MU","MU 6/12/2026 Put $880.00","STC","1","$25.20","$2,519.89"
"6/8/2026","6/8/2026","6/9/2026","MU","MU 6/12/2026 Put $880.00","STC","1","$25.50","$2,549.89"
"6/8/2026","6/8/2026","6/9/2026","AAPL","AAPL 6/12/2026 Put $305.00","STC","1","$2.65","$264.94"
"6/8/2026","6/8/2026","6/9/2026","INTC","INTC 6/26/2026 Put $95.00","BTO","2","$3.10","($620.08)"
"6/8/2026","6/8/2026","6/9/2026","MU","MU 6/12/2026 Put $880.00","BTO","2","$22.10","($4,420.08)"
"6/8/2026","6/8/2026","6/9/2026","AAPL","AAPL 6/12/2026 Put $305.00","BTO","5","$2.38","($1,190.20)"
"6/8/2026","6/8/2026","6/9/2026","META","META 6/26/2026 Put $520.00","BTO","2","$3.25","($650.08)"
"6/8/2026","6/8/2026","6/9/2026","TSLA","TSLA 6/26/2026 Put $360.00","BTO","2","$5.00","($1,000.08)"
"6/5/2026","6/5/2026","6/8/2026","HSAI","Hesai Group ADR
CUSIP: 428050108","Sell","150","$18.44","$2,765.91"
"6/5/2026","6/5/2026","6/8/2026","RDW","Redwire
CUSIP: 75776W103","Sell","20","$17.84","$356.90"
"6/5/2026","6/5/2026","6/8/2026","RKLB","Rocket Lab Corporation
CUSIP: 773121108","Sell","0.431977","$108.14","$46.71"
"6/5/2026","6/5/2026","6/8/2026","ASTS","AST SpaceMobile
CUSIP: 00217D100","Sell","4.17951","$91.92","$384.16"
"6/5/2026","6/5/2026","6/8/2026","RKLB","Rocket Lab Corporation
CUSIP: 773121108","Sell","5","$108.22","$541.11"
"6/5/2026","6/5/2026","6/8/2026","YSS","York Space Systems
CUSIP: 987084100","Sell","10","$28.24","$282.40"
"6/5/2026","6/5/2026","6/8/2026","RCAT","Red Cat
CUSIP: 75644T100","Sell","30","$12.50","$375.00"
"6/5/2026","6/5/2026","6/8/2026","NVDA","NVIDIA
CUSIP: 67066G104","Sell","5","$206.47","$1,032.32"
"6/5/2026","6/5/2026","6/8/2026","DRAM","Roundhill Memory ETF
CUSIP: 77926X320","Sell","31","$57.00","$1,766.96"
"6/5/2026","6/5/2026","6/8/2026","DRAM","DRAM 1/15/2027 Call $80.00","STC","1","$9.35","$934.93"
"6/5/2026","6/5/2026","6/8/2026","SPY","SPY 6/5/2026 Call $747.00","STC","7","$0.64","$447.69"
"6/5/2026","6/5/2026","6/8/2026","SPY","SPY 6/5/2026 Call $747.00","BTO","5","$0.90","($450.20)"
"6/5/2026","6/5/2026","6/8/2026","SPY","SPY 6/5/2026 Call $747.00","BTO","2","$0.90","($180.08)"
"6/5/2026","6/5/2026","6/5/2026","DRTS","Stock Lending","SLIP","","","$0.01"
"6/5/2026","6/5/2026","6/5/2026","AOSL","Stock Lending","SLIP","","","$0.01"
"6/5/2026","6/5/2026","6/5/2026","DRAM","Stock Lending","SLIP","","","$0.01"
"6/5/2026","6/5/2026","6/5/2026","BURU","Stock Lending","SLIP","","","$0.18"
"6/5/2026","6/5/2026","6/5/2026","KEEL","Stock Lending","SLIP","","","$0.01"
"6/5/2026","6/5/2026","6/5/2026","YSS","Stock Lending","SLIP","","","$0.13"
"6/5/2026","6/5/2026","6/5/2026","ALMU","Stock Lending","SLIP","","","$0.01"
"6/5/2026","6/5/2026","6/8/2026","AMD","AMD 6/5/2026 Call $505.00","STC","1","$1.00","$99.94"
"6/5/2026","6/5/2026","6/8/2026","MU","MU 6/5/2026 Call $955.00","STC","1","$7.70","$769.93"
"6/5/2026","6/5/2026","6/8/2026","MU","MU 6/5/2026 Call $955.00","STC","1","$8.70","$869.93"
"6/5/2026","6/5/2026","6/8/2026","AMD","AMD 6/5/2026 Call $505.00","BTO","1","$1.95","($195.04)"
"6/5/2026","6/5/2026","6/8/2026","MU","MU 6/5/2026 Call $955.00","BTO","2","$7.90","($1,580.08)"
"6/5/2026","6/5/2026","6/8/2026","MU","MU 6/5/2026 Put $920.00","STC","2","$6.25","$1,249.88"
"6/5/2026","6/5/2026","6/8/2026","MU","MU 6/5/2026 Put $920.00","BTO","2","$6.25","($1,250.08)"
"6/5/2026","6/5/2026","6/8/2026","RKLB","RKLB 6/12/2026 Call $130.00","STC","2","$2.35","$469.90"
"6/5/2026","6/5/2026","6/8/2026","MU","MU 6/5/2026 Call $940.00","STC","1","$10.00","$999.92"
"6/5/2026","6/5/2026","6/8/2026","MU","MU 6/5/2026 Call $940.00","STC","1","$11.00","$1,099.92"
"6/5/2026","6/5/2026","6/8/2026","MU","MU 6/5/2026 Call $940.00","STC","1","$10.30","$1,029.92"
"6/5/2026","6/5/2026","6/8/2026","MU","MU 6/5/2026 Call $940.00","BTO","3","$7.95","($2,385.12)"
"6/5/2026","6/5/2026","6/8/2026","RDDT","RDDT 6/26/2026 Call $210.00","STC","1","$4.50","$449.94"
"6/4/2026","6/4/2026","6/5/2026","MSTR","MSTR 6/18/2026 Put $115.00","STC","1","$2.85","$284.94"
"6/4/2026","6/4/2026","6/5/2026","RDDT","RDDT 6/26/2026 Call $210.00","BTO","1","$4.80","($480.04)"
"6/4/2026","6/4/2026","6/5/2026","AMZN","Amazon
CUSIP: 023135106","Sell","2","$253.76","$507.50"
"6/4/2026","6/4/2026","6/5/2026","HOOD","HOOD 6/18/2026 Put $76.00","STC","1","$1.01","$100.94"
"6/4/2026","6/4/2026","6/5/2026","RDDT","RDDT 6/12/2026 Call $190.00","STC","1","$5.60","$559.93"
"6/4/2026","6/4/2026","6/5/2026","RDDT","RDDT 6/12/2026 Call $190.00","STC","1","$7.70","$769.93"
"6/4/2026","6/4/2026","6/5/2026","AAPL","AAPL 6/12/2026 Put $300.00","STC","2","$1.52","$303.90"
"6/4/2026","6/4/2026","6/5/2026","AAPL","AAPL 6/12/2026 Put $300.00","STC","1","$1.52","$151.94"
"6/4/2026","6/4/2026","6/5/2026","MSTR","MSTR 6/18/2026 Put $115.00","BTO","1","$3.50","($350.04)"
"6/4/2026","6/4/2026","6/5/2026","RDDT","RDDT 6/12/2026 Call $190.00","BTO","2","$5.50","($1,100.08)"
"6/4/2026","6/4/2026","6/5/2026","DELL","DELL 6/18/2026 Put $350.00","STC","1","$3.70","$369.94"
"6/4/2026","6/4/2026","6/5/2026","RDW","Redwire
CUSIP: 75776W103","Sell","15","$21.32","$319.80"
"6/4/2026","6/4/2026","6/5/2026","RKLB","RKLB 6/12/2026 Call $130.00","BTO","2","$3.70","($740.08)"
"6/4/2026","6/4/2026","6/5/2026","DELL","DELL 6/18/2026 Put $350.00","BTO","1","$5.00","($500.04)"
"6/4/2026","6/4/2026","6/5/2026","SNDK","SNDK 6/5/2026 Put $1,700.00","STC","1","$27.00","$2,699.89"
"6/4/2026","6/4/2026","6/5/2026","SNDK","SNDK 6/5/2026 Put $1,700.00","BTO","1","$22.50","($2,250.04)"
"6/3/2026","6/3/2026","6/4/2026","HOOD","HOOD 6/18/2026 Put $76.00","STC","2","$1.72","$343.90"
"6/3/2026","6/3/2026","6/4/2026","MRVL","MRVL 6/5/2026 Put $300.00","STC","1","$14.60","$1,459.91"
"6/3/2026","6/3/2026","6/4/2026","SPY","SPY 6/3/2026 Put $755.00","STC","1","$1.25","$124.94"
"6/3/2026","6/3/2026","6/4/2026","AAPL","AAPL 6/12/2026 Put $300.00","BTO","3","$1.92","($576.12)"
"6/3/2026","6/3/2026","6/4/2026","SPY","SPY 6/3/2026 Put $755.00","STC","1","$1.61","$160.94"
"6/3/2026","6/3/2026","6/4/2026","SPY","SPY 6/3/2026 Put $755.00","STC","1","$1.65","$164.94"
"6/3/2026","6/3/2026","6/4/2026","SPY","SPY 6/3/2026 Put $755.00","BTO","2","$0.95","($190.08)"
"6/3/2026","6/3/2026","6/4/2026","SPY","SPY 6/3/2026 Put $755.00","BTO","1","$0.95","($95.04)"
"6/3/2026","6/3/2026","6/4/2026","HOOD","HOOD 6/18/2026 Put $76.00","BTO","3","$1.56","($468.12)"
"6/3/2026","6/3/2026","6/4/2026","NFLX","NFLX 6/26/2026 Put $80.00","STC","2","$1.60","$319.90"
"6/3/2026","6/3/2026","6/4/2026","SPY","SPY 6/5/2026 Put $750.00","STC","2","$1.65","$329.90"
"6/3/2026","6/3/2026","6/4/2026","NFLX","NFLX 6/26/2026 Put $80.00","STC","2","$1.60","$319.90"
"6/3/2026","6/3/2026","6/4/2026","SPY","SPY 6/5/2026 Put $750.00","STC","1","$1.54","$153.94"
"6/3/2026","6/3/2026","6/4/2026","SPY","SPY 6/5/2026 Put $750.00","BTO","2","$1.32","($264.08)"
"6/3/2026","6/3/2026","6/4/2026","SPY","SPY 6/5/2026 Put $750.00","BTO","1","$1.25","($125.04)"
"6/3/2026","6/3/2026","6/4/2026","MSFT","MSFT 6/18/2026 Call $480.00","STC","1","$1.37","$136.94"
"6/3/2026","6/3/2026","6/4/2026","CRWV","CRWV 6/12/2026 Call $130.00","STC","1","$2.55","$254.94"
"6/3/2026","6/3/2026","6/4/2026","CRWV","CRWV 6/12/2026 Call $130.00","STC","1","$2.55","$254.94"
"6/3/2026","6/3/2026","6/4/2026","MRVL","MRVL 6/5/2026 Put $300.00","BTO","1","$10.50","($1,050.04)"
"6/2/2026","6/2/2026","6/3/2026","NVDA","NVDA 6/3/2026 Call $225.00","STC","16","$1.11","$1,775.27"
"6/2/2026","6/2/2026","6/3/2026","NVDA","NVDA 6/3/2026 Call $225.00","STC","1","$1.11","$110.94"
"6/2/2026","6/2/2026","6/3/2026","NVDA","NVDA 6/3/2026 Call $225.00","BTO","17","$1.09","($1,853.68)"
"6/2/2026","6/2/2026","6/3/2026","SOFI","SOFI 6/26/2026 Call $19.00","STC","4","$0.70","$279.82"
"6/2/2026","6/2/2026","6/3/2026","NFLX","NFLX 6/26/2026 Put $80.00","BTO","4","$1.33","($532.16)"
"6/2/2026","6/2/2026","6/3/2026","HSAI","Hesai Group ADR
CUSIP: 428050108","Sell","20","$22.10","$442.10"
"6/2/2026","6/2/2026","6/3/2026","ASTS","ASTS 6/12/2026 Call $125.00","STC","1","$5.75","$574.93"
"6/2/2026","6/2/2026","6/3/2026","ASTS","ASTS 6/12/2026 Call $125.00","STC","1","$5.70","$569.93"
"6/2/2026","6/2/2026","6/3/2026","ADBE","ADBE 6/5/2026 Call $300.00","STC","3","$0.33","$98.86"
"6/2/2026","6/2/2026","6/3/2026","ASTS","ASTS 6/12/2026 Call $125.00","BTO","1","$5.80","($580.04)"
"6/2/2026","6/2/2026","6/3/2026","ASTS","ASTS 6/12/2026 Call $125.00","BTO","1","$5.80","($580.04)"
"6/2/2026","6/2/2026","6/3/2026","HSAI","Hesai Group ADR
CUSIP: 428050108","Sell","10","$21.76","$217.60"
"6/1/2026","6/1/2026","6/2/2026","NOW","NOW 6/18/2026 Call $170.00","STC","1","$2.00","$199.94"
"6/1/2026","6/1/2026","6/2/2026","SOXX","iShares Semiconductor ETF
CUSIP: 464287523
Recurring","Buy","0.052167","$575.07","($30.00)"
"6/1/2026","6/1/2026","6/2/2026","VOO","Vanguard S&P 500 ETF
CUSIP: 922908363
Recurring","Buy","0.03579","$698.51","($25.00)"
"6/1/2026","6/1/2026","6/2/2026","RKLB","RKLB 6/5/2026 Call $130.00","STC","1","$5.00","$499.93"
"6/1/2026","6/1/2026","6/2/2026","AUR","Aurora Innovation
CUSIP: 051774107
Recurring","Buy","0.680734","$7.34","($5.00)"
"6/1/2026","6/1/2026","6/2/2026","GOOGL","Alphabet Class A
CUSIP: 02079K305
Recurring","Buy","0.039665","$378.16","($15.00)"
"6/1/2026","6/1/2026","6/2/2026","NOW","NOW 6/18/2026 Call $170.00","STC","1","$2.20","$219.94"
"6/1/2026","6/1/2026","6/2/2026","RKLB","Rocket Lab Corporation
CUSIP: 773121108
Recurring","Buy","0.079514","$125.76","($10.00)"
"6/1/2026","6/1/2026","6/2/2026","SMH","VanEck Semiconductor ETF
CUSIP: 92189F676
Recurring","Buy","0.040962","$610.32","($25.00)"
"6/1/2026","6/1/2026","6/2/2026","QQQM","Invesco Exchange-Traded Fund Trust II Invesco NASDAQ 100 ETF
CUSIP: 46138G649
Recurring","Buy","0.098081","$305.87","($30.00)"
"6/1/2026","6/1/2026","6/2/2026","ALMU","Aeluma, Inc.
CUSIP: 00776X109","Sell","8","$25.33","$202.65"
"6/1/2026","6/1/2026","6/2/2026","UUUU","Energy Fuels
CUSIP: 292671708","Sell","15","$18.26","$273.90"
"6/1/2026","6/1/2026","6/2/2026","QQQ","Invesco QQQ
CUSIP: 46090E103","Sell","0.5","$742.12","$371.06"
"6/1/2026","6/1/2026","6/2/2026","ADBE","ADBE 6/5/2026 Call $300.00","BTO","3","$1.21","($363.12)"
"6/1/2026","6/1/2026","6/2/2026","RKLB","RKLB 6/5/2026 Call $130.00","BTO","1","$4.20","($420.04)"
"6/1/2026","6/1/2026","6/2/2026","NOW","NOW 6/18/2026 Call $170.00","BTO","2","$2.35","($470.08)"
"6/1/2026","6/1/2026","6/2/2026","MSFT","MSFT 6/18/2026 Call $480.00","BTO","1","$7.60","($760.04)"
"6/1/2026","6/1/2026","6/1/2026","","Interest on Contribution (IRA Match)","MTCH","","","$1.40"
"6/1/2026","6/1/2026","6/2/2026","","Current Year Contribution","CFIR","","","$140.00"
"6/1/2026","6/1/2026","6/2/2026","MRVL","MRVL 6/5/2026 Call $220.00","STC","1","$7.80","$779.93"
"6/1/2026","6/1/2026","6/2/2026","MRVL","MRVL 6/5/2026 Call $220.00","STC","1","$7.96","$795.93"
"6/1/2026","6/1/2026","6/2/2026","CRWV","CRWV 6/12/2026 Call $130.00","BTO","2","$5.10","($1,020.08)"
"6/1/2026","6/1/2026","6/2/2026","MRVL","MRVL 6/5/2026 Call $220.00","BTO","2","$6.30","($1,260.08)"
"5/29/2026","5/29/2026","6/1/2026","ASTS","ASTS 6/5/2026 Call $120.00","STC","1","$4.95","$494.93"
"5/29/2026","5/29/2026","6/1/2026","ASTS","ASTS 6/5/2026 Call $120.00","BTO","1","$5.00","($500.04)"
"5/29/2026","5/29/2026","6/1/2026","COIN","COIN 5/29/2026 Call $190.00","STC","1","$1.16","$115.94"
"5/29/2026","5/29/2026","6/1/2026","ADBE","ADBE 5/29/2026 Call $255.00","STC","2","$1.25","$249.90"
"5/29/2026","5/29/2026","6/1/2026","MSFT","MSFT 6/12/2026 Call $480.00","STC","1","$2.15","$214.94"
"5/29/2026","5/29/2026","6/1/2026","MSFT","MSFT 6/12/2026 Call $480.00","STC","1","$2.15","$214.94"
"5/29/2026","5/29/2026","6/1/2026","COIN","COIN 5/29/2026 Call $190.00","STC","1","$1.50","$149.94"
"5/29/2026","5/29/2026","6/1/2026","COIN","COIN 5/29/2026 Call $190.00","STC","1","$1.57","$156.94"
"5/29/2026","5/29/2026","6/1/2026","ADBE","ADBE 5/29/2026 Call $255.00","BTO","2","$1.30","($260.08)"
"5/29/2026","5/29/2026","6/1/2026","COIN","COIN 5/29/2026 Call $190.00","BTO","3","$1.20","($360.12)"
"5/29/2026","5/29/2026","6/1/2026","MSFT","MSFT 6/12/2026 Call $480.00","STC","1","$2.29","$228.94"
"5/29/2026","5/29/2026","6/1/2026","SOFI","SOFI 6/26/2026 Call $19.00","BTO","1","$0.96","($96.04)"
"5/29/2026","5/29/2026","6/1/2026","SOFI","SOFI 6/26/2026 Call $19.00","BTO","1","$0.96","($96.04)"
"5/29/2026","5/29/2026","6/1/2026","SOFI","SOFI 6/26/2026 Call $19.00","BTO","2","$0.96","($192.08)"
"5/29/2026","5/29/2026","6/1/2026","MSFT","MSFT 6/12/2026 Call $480.00","BTO","3","$2.23","($669.12)"
"5/29/2026","5/29/2026","6/1/2026","NOW","NOW 5/29/2026 Put $120.00","STC","1","$0.88","$87.94"
"5/29/2026","5/29/2026","6/1/2026","NOW","NOW 5/29/2026 Put $120.00","STC","1","$0.88","$87.94"
"5/29/2026","5/29/2026","6/1/2026","NOW","NOW 5/29/2026 Put $120.00","STC","1","$0.97","$96.94"
"5/29/2026","5/29/2026","6/1/2026","NOW","NOW 5/29/2026 Put $120.00","STC","1","$0.97","$96.94"
"5/29/2026","5/29/2026","6/1/2026","TSLA","TSLA 5/29/2026 Put $425.00","STC","1","$1.21","$120.94"
"5/29/2026","5/29/2026","6/1/2026","NOW","NOW 5/29/2026 Put $120.00","STC","1","$0.66","$65.94"
"5/29/2026","5/29/2026","6/1/2026","NOW","NOW 5/29/2026 Put $120.00","STC","1","$0.66","$65.94"
"5/29/2026","5/29/2026","6/1/2026","NOW","NOW 5/29/2026 Put $120.00","STC","2","$0.65","$129.90"
"5/29/2026","5/29/2026","6/1/2026","TSLA","TSLA 5/29/2026 Put $425.00","STC","1","$1.51","$150.94"
"5/29/2026","5/29/2026","6/1/2026","TSLA","TSLA 5/29/2026 Put $425.00","STC","1","$1.47","$146.94"
"5/29/2026","5/29/2026","6/1/2026","TSLA","TSLA 5/29/2026 Put $425.00","BTO","3","$1.21","($363.12)"
"5/29/2026","5/29/2026","6/1/2026","NOW","NOW 5/29/2026 Put $120.00","BTO","8","$0.50","($400.32)"
"5/29/2026","5/29/2026","6/1/2026","MRVL","MRVL 6/5/2026 Call $220.00","STC","2","$5.40","$1,079.88"
"5/29/2026","5/29/2026","6/1/2026","QCOM","QCOM 5/29/2026 Call $260.00","STC","1","$2.50","$249.94"
"5/29/2026","5/29/2026","6/1/2026","QCOM","QCOM 5/29/2026 Call $260.00","STC","1","$3.30","$329.94"
"5/29/2026","5/29/2026","6/1/2026","QCOM","QCOM 5/29/2026 Call $260.00","BTO","2","$2.50","($500.08)"
"5/29/2026","5/29/2026","6/1/2026","MRVL","MRVL 6/5/2026 Call $220.00","BTO","2","$6.90","($1,380.08)"
"5/28/2026","5/28/2026","5/29/2026","RCAT","Red Cat
CUSIP: 75644T100","Buy","30","$14.22","($426.60)"
"5/28/2026","5/28/2026","5/29/2026","IONQ","IONQ 6/12/2026 Call $70.00","STC","1","$6.70","$669.93"
"5/28/2026","5/28/2026","5/29/2026","NVDA","NVDA 6/12/2026 Call $230.00","STC","4","$1.49","$595.81"
"5/28/2026","5/28/2026","5/29/2026","MU","MU 5/29/2026 Call $950.00","STC","1","$16.65","$1,664.91"
"5/28/2026","5/28/2026","5/29/2026","MU","MU 5/29/2026 Call $950.00","BTO","1","$16.50","($1,650.04)"
"5/28/2026","5/28/2026","5/29/2026","IONQ","IONQ 6/12/2026 Call $70.00","STC","1","$4.70","$469.94"
"5/28/2026","5/28/2026","5/29/2026","MSFT","MSFT 5/29/2026 Call $422.50","STC","1","$3.45","$344.94"
"5/28/2026","5/28/2026","5/29/2026","MSFT","MSFT 5/29/2026 Call $422.50","STC","1","$2.45","$244.94"
"5/28/2026","5/28/2026","5/29/2026","MSFT","MSFT 5/29/2026 Call $422.50","BTO","2","$1.92","($384.08)"
"5/27/2026","5/27/2026","5/28/2026","NVDA","NVDA 6/12/2026 Call $230.00","BTO","1","$1.47","($147.04)"
"5/27/2026","5/27/2026","5/28/2026","SMCI","SMCI 6/12/2026 Call $45.00","STC","2","$0.91","$181.90"
"5/27/2026","5/27/2026","5/28/2026","AFRM","AFRM 6/18/2026 Call $80.00","STC","1","$1.75","$174.94"
"5/27/2026","5/27/2026","5/28/2026","NVDA","NVDA 6/12/2026 Call $230.00","BTO","1","$1.70","($170.04)"
"5/27/2026","5/27/2026","5/28/2026","SMCI","SMCI 6/12/2026 Call $45.00","STC","1","$0.85","$84.94"
"5/27/2026","5/27/2026","5/28/2026","HSAI","Hesai Group ADR
CUSIP: 428050108","Sell","20","$21.22","$424.40"
"5/26/2026","5/26/2026","5/27/2026","SMCI","SMCI 6/12/2026 Call $45.00","BTO","3","$0.68","($204.12)"
"5/26/2026","5/26/2026","5/27/2026","SOXX","iShares Semiconductor ETF
CUSIP: 464287523
Recurring","Buy","0.052693","$569.33","($30.00)"
"5/26/2026","5/26/2026","5/27/2026","DRAM","DRAM 1/15/2027 Call $80.00","BTO","1","$10.70","($1,070.04)"
"5/26/2026","5/26/2026","5/27/2026","VOO","Vanguard S&P 500 ETF
CUSIP: 922908363
Recurring","Buy","0.036266","$689.33","($25.00)"
"5/26/2026","5/26/2026","5/27/2026","AUR","Aurora Innovation
CUSIP: 051774107
Recurring","Buy","0.710732","$7.04","($5.00)"
"5/26/2026","5/26/2026","5/27/2026","GOOGL","Alphabet Class A
CUSIP: 02079K305
Recurring","Buy","0.038795","$386.65","($15.00)"
"5/26/2026","5/26/2026","5/27/2026","RKLB","Rocket Lab Corporation
CUSIP: 773121108
Recurring","Buy","0.069742","$143.38","($10.00)"
"5/26/2026","5/26/2026","5/27/2026","SMH","VanEck Semiconductor ETF
CUSIP: 92189F676
Recurring","Buy","0.0418","$598.08","($25.00)"
"5/26/2026","5/26/2026","5/27/2026","QQQM","Invesco Exchange-Traded Fund Trust II Invesco NASDAQ 100 ETF
CUSIP: 46138G649
Recurring","Buy","0.100078","$299.77","($30.00)"
"5/26/2026","5/26/2026","5/27/2026","AFRM","AFRM 6/18/2026 Call $80.00","BTO","1","$1.35","($135.04)"
"5/26/2026","5/26/2026","5/27/2026","IONQ","IONQ 6/12/2026 Call $70.00","BTO","1","$3.40","($340.04)"
"5/26/2026","5/26/2026","5/27/2026","IONQ","IONQ 6/12/2026 Call $70.00","BTO","1","$3.40","($340.04)"
"5/26/2026","5/26/2026","5/26/2026","","Interest on Contribution (IRA Match)","MTCH","","","$1.40"
"5/26/2026","5/26/2026","5/27/2026","","Current Year Contribution","CFIR","","","$140.00"
"5/26/2026","5/26/2026","5/27/2026","AMZN","AMZN 6/18/2026 Call $287.50","STC","1","$1.75","$174.94"
"5/26/2026","5/26/2026","5/27/2026","BULL","Webull
CUSIP: G9572D103","Sell","32","$6.34","$202.99"
"5/26/2026","5/26/2026","5/27/2026","NXXT","NextNRG
CUSIP: 652941105","Sell","275","$0.90","$247.48"
"5/26/2026","5/26/2026","5/27/2026","NVDA","NVDA 6/12/2026 Call $230.00","BTO","2","$2.68","($536.08)"
"5/26/2026","5/26/2026","5/27/2026","HSAI","Hesai Group ADR
CUSIP: 428050108","Buy","200","$21.00","($4,199.68)"
"5/26/2026","5/26/2026","5/27/2026","NXXT","NextNRG
CUSIP: 652941105","Sell","50","$1.02","$51.00"
"5/22/2026","5/22/2026","5/26/2026","IONQ","IONQ 6/12/2026 Call $70.00","STC","1","$3.50","$349.94"
"5/22/2026","5/22/2026","5/26/2026","SNDK","SNDK 5/22/2026 Put $1,450.00","STC","2","$0.30","$59.90"
"5/22/2026","5/22/2026","5/26/2026","SNDK","SNDK 5/22/2026 Put $1,450.00","BTO","1","$0.35","($35.04)"
"5/22/2026","5/22/2026","5/26/2026","SNDK","SNDK 5/22/2026 Put $1,450.00","BTO","1","$0.37","($37.04)"
"5/22/2026","5/22/2026","5/26/2026","NXXT","NextNRG
CUSIP: 652941105","Buy","325","$0.94","($305.22)"
"5/22/2026","5/22/2026","5/26/2026","IONQ","IONQ 6/12/2026 Call $70.00","BTO","1","$4.60","($460.04)"
"5/22/2026","5/22/2026","5/26/2026","META","META 5/22/2026 Call $615.00","STC","2","$0.36","$71.90"
"5/22/2026","5/22/2026","5/26/2026","META","META 5/22/2026 Call $615.00","BTO","2","$0.83","($166.08)"
"5/22/2026","5/22/2026","5/26/2026","INTC","INTC 5/29/2026 Put $105.00","STC","2","$0.79","$157.90"
"5/21/2026","5/21/2026","5/22/2026","IBM","IBM 6/5/2026 Call $250.00","STC","1","$4.13","$412.94"
"5/21/2026","5/21/2026","5/22/2026","AMZN","AMZN 6/18/2026 Call $287.50","BTO","1","$2.06","($206.04)"
"5/21/2026","5/21/2026","5/22/2026","IBM","IBM 6/5/2026 Call $250.00","BTO","1","$4.05","($405.04)"
"5/21/2026","5/21/2026","5/22/2026","INTC","INTC 5/29/2026 Put $105.00","BTO","2","$2.10","($420.08)"
"5/21/2026","5/21/2026","5/22/2026","IREN","IREN 6/5/2026 Put $42.00","STC","2","$0.67","$133.90"
"5/20/2026","5/20/2026","5/21/2026","RBLX","RBLX 5/29/2026 Call $47.00","STC","1","$1.36","$135.94"
"5/20/2026","5/20/2026","5/21/2026","RBLX","RBLX 5/29/2026 Call $47.00","STC","1","$1.36","$135.94"
"5/20/2026","5/20/2026","5/21/2026","RBLX","RBLX 5/29/2026 Call $47.00","BTO","2","$1.42","($284.08)"
"5/20/2026","5/20/2026","5/21/2026","UNH","UNH 5/29/2026 Put $370.00","STC","2","$2.17","$433.90"
"5/20/2026","5/20/2026","5/21/2026","HPE","HP Enterprise
CUSIP: 42824C109","Sell","10","$33.86","$338.64"
"5/20/2026","5/20/2026","5/21/2026","UNH","UNH 5/29/2026 Put $370.00","BTO","2","$2.15","($430.08)"
"5/19/2026","5/19/2026","5/20/2026","IREN","IREN 6/5/2026 Put $42.00","BTO","2","$1.66","($332.08)"
"5/19/2026","5/19/2026","5/20/2026","MSFT","MSFT 5/22/2026 Call $422.50","STC","2","$3.70","$739.89"
"5/19/2026","5/19/2026","5/20/2026","MSFT","MSFT 5/22/2026 Call $422.50","BTO","2","$4.00","($800.08)"
"5/19/2026","5/19/2026","5/20/2026","DRAM","DRAM 6/5/2026 Call $50.00","STC","3","$2.75","$824.85"
"5/19/2026","5/19/2026","5/20/2026","MU","MU 5/22/2026 Call $700.00","STC","1","$18.90","$1,889.91"
"5/19/2026","5/19/2026","5/20/2026","MU","MU 5/22/2026 Call $700.00","BTO","1","$16.70","($1,670.04)"
"5/19/2026","5/19/2026","5/20/2026","DRAM","DRAM 6/5/2026 Call $50.00","BTO","3","$3.30","($990.12)"
"5/19/2026","5/19/2026","5/20/2026","SBUX","SBUX 6/5/2026 Call $110.00","STC","2","$1.01","$201.90"
"5/19/2026","5/19/2026","5/20/2026","ADBE","ADBE 5/29/2026 Call $270.00","STC","2","$4.45","$889.89"
"5/18/2026","5/18/2026","5/19/2026","VGNT","VGNT 6/18/2026 Call $55.00","BTO","3","$0.70","($210.12)"
"5/18/2026","5/18/2026","5/19/2026","SOXX","iShares Semiconductor ETF
CUSIP: 464287523
Recurring","Buy","0.061362","$488.90","($30.00)"
"5/18/2026","5/18/2026","5/19/2026","VOO","Vanguard S&P 500 ETF
CUSIP: 922908363
Recurring","Buy","0.036955","$676.49","($25.00)"
"5/18/2026","5/18/2026","5/19/2026","AUR","Aurora Innovation
CUSIP: 051774107
Recurring","Buy","0.675219","$7.40","($5.00)"
"5/18/2026","5/18/2026","5/19/2026","GOOGL","Alphabet Class A
CUSIP: 02079K305
Recurring","Buy","0.037386","$401.22","($15.00)"
"5/18/2026","5/18/2026","5/19/2026","RKLB","Rocket Lab Corporation
CUSIP: 773121108
Recurring","Buy","0.078027","$128.16","($10.00)"
"5/18/2026","5/18/2026","5/19/2026","ADBE","ADBE 5/29/2026 Call $270.00","BTO","2","$2.55","($510.08)"
"5/18/2026","5/18/2026","5/19/2026","SMH","VanEck Semiconductor ETF
CUSIP: 92189F676
Recurring","Buy","0.046095","$542.35","($25.00)"
"5/18/2026","5/18/2026","5/19/2026","QQQM","Invesco Exchange-Traded Fund Trust II Invesco NASDAQ 100 ETF
CUSIP: 46138G649
Recurring","Buy","0.103649","$289.44","($30.00)"
"5/18/2026","5/18/2026","5/19/2026","SBUX","SBUX 6/5/2026 Call $110.00","BTO","2","$1.44","($288.08)"
"5/18/2026","5/18/2026","5/19/2026","MSFT","MSFT 5/18/2026 Call $422.50","STC","1","$0.82","$81.94"
"5/18/2026","5/18/2026","5/19/2026","MSFT","MSFT 5/18/2026 Call $422.50","STC","1","$0.94","$93.94"
"5/18/2026","5/18/2026","5/19/2026","MSFT","MSFT 5/18/2026 Call $422.50","BTO","2","$0.85","($170.08)"
"5/18/2026","5/18/2026","5/18/2026","","Interest on Contribution (IRA Match)","MTCH","","","$1.40"
"5/18/2026","5/18/2026","5/19/2026","","Current Year Contribution","CFIR","","","$140.00"
"5/18/2026","5/18/2026","5/19/2026","OKLO","OKLO 6/5/2026 Put $54.00","STC","1","$2.60","$259.94"
"5/18/2026","5/18/2026","5/19/2026","OKLO","OKLO 6/5/2026 Put $54.00","STC","1","$2.40","$239.94"
"5/18/2026","5/18/2026","5/19/2026","OKLO","OKLO 6/5/2026 Put $54.00","BTO","2","$2.20","($440.08)"
"5/18/2026","5/18/2026","5/19/2026","NOW","NOW 5/29/2026 Call $105.00","STC","1","$2.55","$254.94"
"5/18/2026","5/18/2026","5/19/2026","NOW","NOW 5/29/2026 Call $105.00","STC","1","$2.35","$234.94"
"5/18/2026","5/18/2026","5/19/2026","DRAM","Roundhill Memory ETF
CUSIP: 77926X320","Buy","5","$53.14","($265.70)"
"5/15/2026","5/15/2026","5/18/2026","NVDA","NVDA 5/15/2026 Call $230.00","STC","5","$0.30","$149.77"
"5/15/2026","5/15/2026","5/18/2026","NVDA","NVDA 5/15/2026 Call $230.00","STC","3","$0.37","$110.86"
"5/15/2026","5/15/2026","5/18/2026","NVDA","NVDA 5/15/2026 Call $230.00","BTO","8","$0.32","($256.32)"
"5/15/2026","5/15/2026","5/18/2026","NOW","NOW 5/29/2026 Call $105.00","BTO","1","$1.65","($165.04)"
"5/15/2026","5/15/2026","5/18/2026","NOW","NOW 5/29/2026 Call $105.00","BTO","1","$1.65","($165.04)"
"5/15/2026","5/15/2026","5/18/2026","AMZN","AMZN 5/18/2026 Put $257.50","STC","3","$0.67","$200.86"
"5/15/2026","5/15/2026","5/18/2026","BABA","BABA 5/22/2026 Put $130.00","STC","2","$1.85","$369.90"
"5/15/2026","5/15/2026","5/18/2026","BABA","BABA 5/22/2026 Put $130.00","BTO","2","$1.80","($360.08)"
"5/15/2026","5/15/2026","5/18/2026","NOW","NOW 5/29/2026 Call $103.00","STC","3","$1.65","$494.85"
"5/15/2026","5/15/2026","5/18/2026","AMZN","AMZN 5/18/2026 Put $257.50","BTO","3","$0.63","($189.12)"
"5/15/2026","5/15/2026","5/18/2026","NOW","NOW 5/29/2026 Call $103.00","BTO","3","$1.70","($510.12)"
"5/15/2026","5/15/2026","5/18/2026","AMD","AMD 5/15/2026 Put $410.00","STC","1","$0.18","$17.94"
"5/15/2026","5/15/2026","5/18/2026","AMD","AMD 5/15/2026 Put $410.00","BTO","1","$0.75","($75.04)"
"5/15/2026","5/15/2026","5/18/2026","HOOD","HOOD 5/29/2026 Call $90.00","STC","2","$0.63","$125.90"
"5/15/2026","5/15/2026","5/18/2026","NOW","NOW 5/29/2026 Call $95.00","STC","1","$3.90","$389.94"
"5/15/2026","5/15/2026","5/18/2026","NOW","NOW 5/29/2026 Call $95.00","STC","2","$3.70","$739.89"
"5/15/2026","5/15/2026","5/18/2026","DRTS","Alpha Tau Medical
CUSIP: M0740A108","Buy","10","$10.26","($102.60)"
"5/14/2026","5/14/2026","5/15/2026","HOOD","HOOD 5/29/2026 Call $90.00","BTO","2","$1.70","($340.08)"
"5/14/2026","5/14/2026","5/15/2026","NOW","NOW 5/29/2026 Call $95.00","BTO","1","$1.94","($194.04)"
"5/14/2026","5/14/2026","5/15/2026","NOW","NOW 5/29/2026 Call $95.00","BTO","2","$1.94","($388.08)"
"5/14/2026","5/14/2026","5/15/2026","CRWV","CRWV 5/22/2026 Call $120.00","STC","2","$3.50","$699.89"
"5/14/2026","5/14/2026","5/15/2026","CRWV","CRWV 5/22/2026 Call $120.00","BTO","2","$4.25","($850.08)"
"5/14/2026","5/14/2026","5/15/2026","AAPL","AAPL 5/26/2026 Put $285.00","STC","2","$1.14","$227.90"
"5/14/2026","5/14/2026","5/15/2026","ZS","ZS 5/22/2026 Call $170.00","STC","4","$0.80","$319.82"
"5/13/2026","5/13/2026","5/14/2026","APLD","Applied Digital
CUSIP: 038169207","Sell","5","$45.37","$226.83"
"5/13/2026","5/13/2026","5/14/2026","AAPL","AAPL 5/26/2026 Put $285.00","BTO","2","$1.08","($216.08)"
"5/13/2026","5/13/2026","5/14/2026","ZS","ZS 5/22/2026 Call $170.00","BTO","4","$1.41","($564.16)"
"5/13/2026","5/13/2026","5/14/2026","UNH","UNH 5/22/2026 Call $420.00","STC","1","$2.09","$208.94"
"5/13/2026","5/13/2026","5/14/2026","UNH","UNH 5/22/2026 Call $420.00","STC","1","$2.47","$246.94"
"5/13/2026","5/13/2026","5/14/2026","NFLX","NFLX 5/15/2026 Put $86.00","STC","1","$0.51","$50.94"
"5/13/2026","5/13/2026","5/14/2026","NFLX","NFLX 5/15/2026 Put $86.00","STC","1","$0.51","$50.94"
"5/13/2026","5/13/2026","5/14/2026","UNH","UNH 5/22/2026 Call $420.00","STC","1","$2.20","$219.94"
"5/12/2026","5/12/2026","5/13/2026","UNH","UNH 5/22/2026 Call $420.00","BTO","3","$1.50","($450.12)"
"5/12/2026","5/12/2026","5/13/2026","SNDK","SNDK 5/15/2026 Call $1,600.00","STC","1","$24.50","$2,449.89"
"5/12/2026","5/12/2026","5/13/2026","CNC","CNC 5/22/2026 Call $61.00","STC","1","$0.85","$84.94"
"5/12/2026","5/12/2026","5/13/2026","SNDK","SNDK 5/15/2026 Call $1,600.00","BTO","1","$22.00","($2,200.04)"
"5/12/2026","5/12/2026","5/13/2026","NVDA","NVDA 5/13/2026 Call $225.00","STC","1","$0.72","$71.94"
"5/12/2026","5/12/2026","5/13/2026","NVDA","NVDA 5/13/2026 Call $225.00","STC","1","$0.71","$70.94"
"5/12/2026","5/12/2026","5/13/2026","NVDA","NVDA 5/13/2026 Call $225.00","STC","1","$0.71","$70.94"
"5/12/2026","5/12/2026","5/13/2026","NVDA","NVDA 5/13/2026 Call $225.00","BTO","1","$0.69","($69.04)"
"5/12/2026","5/12/2026","5/13/2026","NVDA","NVDA 5/13/2026 Call $225.00","BTO","1","$0.69","($69.04)"
"5/12/2026","5/12/2026","5/13/2026","NVDA","NVDA 5/13/2026 Call $225.00","BTO","1","$0.69","($69.04)"
"5/12/2026","5/12/2026","5/13/2026","CNC","CNC 5/22/2026 Call $61.00","STC","1","$1.00","$99.94"
"5/12/2026","5/12/2026","5/13/2026","TSLA","TSLA 5/15/2026 Call $440.00","STC","1","$6.75","$674.93"
"5/12/2026","5/12/2026","5/13/2026","RDDT","RDDT 5/15/2026 Put $145.00","STC","1","$1.37","$136.94"
"5/12/2026","5/12/2026","5/13/2026","TSLA","TSLA 5/15/2026 Call $440.00","BTO","1","$6.35","($635.04)"
"5/12/2026","5/12/2026","5/13/2026","CNC","CNC 5/22/2026 Call $61.00","STC","1","$0.95","$94.94"
"5/12/2026","5/12/2026","5/13/2026","NFLX","NFLX 5/15/2026 Put $86.00","STC","1","$0.48","$47.94"
"5/12/2026","5/12/2026","5/13/2026","RDDT","RDDT 5/15/2026 Put $145.00","STC","1","$1.35","$134.94"
"5/12/2026","5/12/2026","5/13/2026","NFLX","NFLX 5/15/2026 Put $86.00","BTO","1","$0.50","($50.04)"
"5/12/2026","5/12/2026","5/13/2026","NFLX","NFLX 5/15/2026 Put $86.00","BTO","2","$0.50","($100.08)"
"5/12/2026","5/12/2026","5/13/2026","RDDT","RDDT 5/15/2026 Put $145.00","BTO","2","$1.30","($260.08)"
"5/12/2026","5/12/2026","5/13/2026","AUR","Aurora Innovation
CUSIP: 051774107","Buy","30","$7.28","($218.25)"
"5/12/2026","5/12/2026","5/13/2026","CNC","CNC 5/22/2026 Call $61.00","BTO","3","$0.85","($255.12)"
"5/12/2026","5/12/2026","5/13/2026","UNH","UNH 5/22/2026 Call $410.00","STC","1","$2.31","$230.94"
"5/12/2026","5/12/2026","5/13/2026","CVS","CVS 6/5/2026 Call $96.00","STC","1","$2.34","$233.94"
"5/12/2026","5/12/2026","5/13/2026","UNH","UNH 5/22/2026 Call $410.00","STC","1","$2.59","$258.94"
"5/12/2026","5/12/2026","5/13/2026","ORCL","ORCL 5/22/2026 Put $165.00","STC","1","$1.42","$141.94"
"5/12/2026","5/12/2026","5/13/2026","ORCL","ORCL 5/22/2026 Put $165.00","STC","1","$1.45","$144.94"
"5/12/2026","5/12/2026","5/13/2026","UNH","UNH 5/22/2026 Call $410.00","BTO","2","$2.31","($462.08)"
"5/12/2026","5/12/2026","5/13/2026","ORCL","ORCL 5/22/2026 Put $165.00","BTO","2","$1.60","($320.08)"
"5/12/2026","5/12/2026","5/13/2026","CVS","CVS 6/5/2026 Call $96.00","STC","1","$1.94","$193.94"
"5/12/2026","5/12/2026","5/13/2026","NFLX","NFLX 5/22/2026 Put $83.00","STC","3","$0.27","$80.86"
"5/11/2026","5/11/2026","5/12/2026","SOXX","iShares Semiconductor ETF
CUSIP: 464287523
Recurring","Buy","0.056345","$532.42","($30.00)"
"5/11/2026","5/11/2026","5/12/2026","VOO","Vanguard S&P 500 ETF
CUSIP: 922908363
Recurring","Buy","0.036715","$680.91","($25.00)"
"5/11/2026","5/11/2026","5/12/2026","AUR","Aurora Innovation
CUSIP: 051774107
Recurring","Buy","0.674308","$7.42","($5.00)"
"5/11/2026","5/11/2026","5/12/2026","GOOGL","Alphabet Class A
CUSIP: 02079K305
Recurring","Buy","0.038119","$393.50","($15.00)"
"5/11/2026","5/11/2026","5/12/2026","RKLB","Rocket Lab Corporation
CUSIP: 773121108
Recurring","Buy","0.083892","$119.20","($10.00)"
"5/11/2026","5/11/2026","5/12/2026","SMH","VanEck Semiconductor ETF
CUSIP: 92189F676
Recurring","Buy","0.043336","$576.88","($25.00)"
"5/11/2026","5/11/2026","5/12/2026","QQQM","Invesco Exchange-Traded Fund Trust II Invesco NASDAQ 100 ETF
CUSIP: 46138G649
Recurring","Buy","0.102075","$293.90","($30.00)"
"5/11/2026","5/11/2026","5/12/2026","NFLX","NFLX 5/22/2026 Put $83.00","BTO","2","$0.86","($172.08)"
"5/11/2026","5/11/2026","5/12/2026","NFLX","NFLX 5/22/2026 Put $83.00","BTO","1","$0.86","($86.04)"
"5/11/2026","5/11/2026","5/12/2026","CVS","CVS 6/5/2026 Call $96.00","BTO","2","$1.47","($294.08)"
"5/11/2026","5/11/2026","5/11/2026","","Interest on Contribution (IRA Match)","MTCH","","","$1.40"
"5/11/2026","5/11/2026","5/12/2026","","Current Year Contribution","CFIR","","","$140.00"
"5/8/2026","5/8/2026","5/11/2026","ADBE","ADBE 5/15/2026 Call $265.00","STC","1","$1.68","$167.94"
"5/8/2026","5/8/2026","5/11/2026","ADBE","ADBE 5/15/2026 Call $265.00","STC","1","$1.73","$172.94"
"5/8/2026","5/8/2026","5/11/2026","INTC","INTC 5/15/2026 Call $130.00","STC","1","$7.80","$779.93"
"5/8/2026","5/8/2026","5/11/2026","INTC","INTC 5/15/2026 Call $130.00","STC","1","$8.30","$829.93"
"5/8/2026","5/8/2026","5/11/2026","INTC","INTC 5/15/2026 Call $130.00","BTO","2","$7.85","($1,570.08)"
"5/8/2026","5/8/2026","5/11/2026","ADBE","ADBE 5/15/2026 Call $265.00","BTO","2","$1.65","($330.08)"
"5/8/2026","5/8/2026","5/11/2026","PANW","PANW 5/15/2026 Call $210.00","STC","1","$2.55","$254.94"
"5/8/2026","5/8/2026","5/11/2026","DRAM","Roundhill Memory ETF
CUSIP: 77926X320","Sell","2","$51.14","$102.27"
"5/8/2026","5/8/2026","5/11/2026","PANW","PANW 5/15/2026 Call $210.00","STC","1","$1.82","$181.94"
"5/8/2026","5/8/2026","5/11/2026","PANW","PANW 5/15/2026 Call $210.00","BTO","2","$1.55","($310.08)"
"5/8/2026","5/8/2026","5/11/2026","ADBE","ADBE 5/29/2026 Call $290.00","STC","2","$0.75","$149.90"
"5/8/2026","5/8/2026","5/11/2026","TSLA","TSLA 5/22/2026 Call $430.00","STC","1","$10.30","$1,029.92"
"5/7/2026","5/7/2026","5/8/2026","TSLA","TSLA 5/11/2026 Call $410.00","STC","1","$6.70","$669.93"
"5/7/2026","5/7/2026","5/8/2026","TSLA","TSLA 5/11/2026 Call $410.00","STC","1","$6.25","$624.93"
"5/7/2026","5/7/2026","5/8/2026","TSLA","TSLA 5/11/2026 Call $410.00","STC","3","$5.95","$1,784.83"
"5/7/2026","5/7/2026","5/8/2026","TSLA","TSLA 5/11/2026 Call $410.00","STC","4","$6.05","$2,419.78"
"5/7/2026","5/7/2026","5/8/2026","TSLA","TSLA 5/11/2026 Call $410.00","BTO","9","$4.80","($4,320.36)"
"5/7/2026","5/7/2026","5/8/2026","UUUU","UUUU 6/5/2026 Call $24.00","STC","1","$2.15","$214.94"
"5/7/2026","5/7/2026","5/8/2026","SNDK","SNDK 5/8/2026 Call $1,500.00","STC","3","$0.80","$239.86"
"5/7/2026","5/7/2026","5/8/2026","ADBE","ADBE 5/29/2026 Call $290.00","BTO","1","$1.95","($195.04)"
"5/7/2026","5/7/2026","5/8/2026","ADBE","ADBE 5/29/2026 Call $290.00","BTO","1","$1.95","($195.04)"
"5/7/2026","5/7/2026","5/8/2026","SNDK","SNDK 5/8/2026 Call $1,500.00","BTO","1","$4.00","($400.04)"
"5/7/2026","5/7/2026","5/8/2026","TSLA","TSLA 5/22/2026 Call $430.00","BTO","1","$8.80","($880.04)"
"5/7/2026","5/7/2026","5/8/2026","AAOI","AAOI 5/15/2026 Put $140.00","STC","1","$6.70","$669.93"
"5/7/2026","5/7/2026","5/8/2026","SNDK","SNDK 5/8/2026 Call $1,500.00","BTO","1","$6.90","($690.04)"
"5/7/2026","5/7/2026","5/8/2026","SNDK","SNDK 5/8/2026 Call $1,500.00","BTO","1","$9.00","($900.04)"
"5/7/2026","5/7/2026","5/8/2026","AAOI","AAOI 5/15/2026 Put $140.00","BTO","1","$7.20","($720.04)"
"5/7/2026","5/7/2026","5/8/2026","UBER","UBER 5/29/2026 Call $80.00","STC","1","$2.32","$231.94"
"5/7/2026","5/7/2026","5/8/2026","UUUU","UUUU 6/5/2026 Call $24.00","STC","1","$2.50","$249.94"
"5/7/2026","5/7/2026","5/8/2026","AOSL","Alpha & Omega Semiconductor
CUSIP: G6331P104","Sell","5","$39.00","$195.00"
"5/7/2026","5/7/2026","5/8/2026","BURU","Nuburu, Inc.
CUSIP: 67021W400","Sell","820","$0.25","$203.36"
"5/7/2026","5/7/2026","5/8/2026","BURU","Nuburu, Inc.
CUSIP: 67021W400","Sell","180","$0.25","$44.64"
"5/7/2026","5/7/2026","5/7/2026","","Reversal of Interest on Contribution (IRA Match)","MTCH","","","($1.30)"
"5/7/2026","5/7/2026","5/7/2026","","Reversal of Current Year Contribution as of 2026-05-05","CFIR","","","($130.00)"
"5/6/2026","5/6/2026","5/7/2026","APLD","Applied Digital
CUSIP: 038169207","Buy","5","$43.36","($216.80)"
"5/6/2026","5/6/2026","5/7/2026","ALMU","Aeluma, Inc.
CUSIP: 00776X109","Buy","8","$27.23","($217.84)"
"5/6/2026","5/6/2026","5/7/2026","UBER","UBER 5/29/2026 Call $80.00","STC","1","$2.80","$279.94"
"5/6/2026","5/6/2026","5/7/2026","UUUU","Energy Fuels
CUSIP: 292671708","Buy","15","$23.30","($349.58)"
"5/6/2026","5/6/2026","5/7/2026","HPE","HP Enterprise
CUSIP: 42824C109","Buy","10","$30.18","($301.75)"
"5/6/2026","5/6/2026","5/7/2026","YSS","York Space Systems
CUSIP: 987084100","Buy","10","$37.53","($375.30)"
"5/6/2026","5/6/2026","5/7/2026","UUUU","UUUU 6/5/2026 Call $24.00","BTO","2","$2.15","($430.08)"
"5/6/2026","5/6/2026","5/7/2026","UBER","UBER 5/29/2026 Call $80.00","BTO","2","$2.30","($460.08)"
"5/6/2026","5/6/2026","5/7/2026","QQQM","Invesco Exchange-Traded Fund Trust II Invesco NASDAQ 100 ETF
CUSIP: 46138G649
Recurring","Buy","0.105152","$285.30","($30.00)"
"5/6/2026","5/6/2026","5/7/2026","SMH","VanEck Semiconductor ETF
CUSIP: 92189F676
Recurring","Buy","0.036755","$544.13","($20.00)"
"5/6/2026","5/6/2026","5/7/2026","GOOGL","Alphabet Class A
CUSIP: 02079K305
Recurring","Buy","0.037696","$397.92","($15.00)"
"5/6/2026","5/6/2026","5/7/2026","RKLB","Rocket Lab Corporation
CUSIP: 773121108
Recurring","Buy","0.120802","$82.78","($10.00)"
"5/6/2026","5/6/2026","5/7/2026","AUR","Aurora Innovation
CUSIP: 051774107
Recurring","Buy","0.702361","$7.12","($5.00)"
"5/6/2026","5/6/2026","5/7/2026","VOO","Vanguard S&P 500 ETF
CUSIP: 922908363
Recurring","Buy","0.059467","$672.64","($40.00)"
"5/6/2026","5/6/2026","5/7/2026","AOSL","Alpha & Omega Semiconductor
CUSIP: G6331P104","Sell","4","$48.52","$194.08"
"5/6/2026","5/6/2026","5/6/2026","ASPI","Stock Lending","SLIP","","","$0.01"
"5/6/2026","5/6/2026","5/6/2026","BURU","Stock Lending","SLIP","","","$0.25"
"5/6/2026","5/6/2026","5/6/2026","KDK","Stock Lending","SLIP","","","$0.08"
"5/6/2026","5/6/2026","5/6/2026","SVCO","Stock Lending","SLIP","","","$0.01"
"5/6/2026","5/6/2026","5/6/2026","IMPP","Stock Lending","SLIP","","","$0.01"
"5/6/2026","5/6/2026","5/6/2026","ATEN","Stock Lending","SLIP","","","$0.01"
"5/6/2026","5/6/2026","5/7/2026","NFLX","NFLX 5/29/2026 Put $85.00","STC","1","$1.21","$120.94"
"5/6/2026","5/6/2026","5/7/2026","NFLX","NFLX 5/29/2026 Put $85.00","STC","1","$1.21","$120.94"
"5/6/2026","5/6/2026","5/7/2026","NVDA","NVDA 5/11/2026 Call $210.00","STC","3","$1.37","$410.86"
"5/6/2026","5/6/2026","5/7/2026","NVDA","NVDA 5/11/2026 Call $210.00","BTO","1","$1.79","($179.04)"
"5/6/2026","5/6/2026","5/7/2026","NVDA","NVDA 5/11/2026 Call $210.00","BTO","2","$1.79","($358.08)"
"5/6/2026","5/6/2026","5/7/2026","AAPL","AAPL 5/29/2026 Call $290.00","STC","1","$5.00","$499.93"
"5/6/2026","5/6/2026","5/7/2026","MRVL","MRVL 5/22/2026 Call $180.00","STC","1","$7.90","$789.93"
"5/6/2026","5/6/2026","5/7/2026","COIN","COIN 5/22/2026 Put $180.00","STC","1","$5.95","$594.93"
"5/6/2026","5/6/2026","5/7/2026","AUR","Aurora Innovation
CUSIP: 051774107","Buy","5","$6.99","($34.95)"
"5/6/2026","5/6/2026","5/6/2026","","Reversal of Interest on Contribution (IRA Match)","MTCH","","","($1.40)"
"5/6/2026","5/6/2026","5/6/2026","","Reversal of Current Year Contribution as of 2026-05-04","CFIR","","","($140.00)"
"5/5/2026","5/5/2026","5/6/2026","AAPL","AAPL 5/29/2026 Call $290.00","BTO","1","$4.38","($438.04)"
"5/5/2026","5/5/2026","5/6/2026","MRVL","MRVL 5/22/2026 Call $180.00","BTO","1","$7.30","($730.04)"
"5/5/2026","5/5/2026","5/6/2026","KEEL","Keel Infrastructure
CUSIP: 486917107","Sell","20","$3.44","$68.70"
"5/5/2026","5/5/2026","5/6/2026","SKM","SK Telecom Co., Ltd. American Depositary Shares (Each representing 5/9th of a Ordinary Share of SK Telecom Co., LTD.)
CUSIP: 78440P306","Sell","5","$37.52","$187.58"
"5/5/2026","5/5/2026","5/6/2026","DRAM","Roundhill Memory ETF
CUSIP: 77926X320","Buy","8","$46.42","($371.36)"
"5/5/2026","5/5/2026","5/6/2026","DRAM","Roundhill Memory ETF
CUSIP: 77926X320","Buy","5","$46.21","($231.05)"
"5/5/2026","5/5/2026","5/6/2026","","Current Year Contribution","CFIR","","","$130.00"
"5/5/2026","5/5/2026","5/5/2026","","Interest on Contribution (IRA Match)","MTCH","","","$1.30"
"5/5/2026","5/5/2026","5/6/2026","META","META 5/11/2026 Put $580.00","STC","2","$1.75","$349.90"
"5/5/2026","5/5/2026","5/6/2026","NFLX","NFLX 5/29/2026 Put $85.00","STC","3","$1.38","$413.86"
"5/5/2026","5/5/2026","5/6/2026","META","META 5/11/2026 Put $580.00","BTO","2","$1.98","($396.08)"
"5/5/2026","5/5/2026","5/6/2026","AMZN","AMZN 5/8/2026 Call $280.00","STC","2","$2.15","$429.90"
"5/5/2026","5/5/2026","5/6/2026","DRAM","Roundhill Memory ETF
CUSIP: 77926X320","Sell","4","$46.23","$184.92"
"5/5/2026","5/5/2026","5/6/2026","AMZN","AMZN 5/8/2026 Call $280.00","BTO","2","$2.37","($474.08)"
"5/5/2026","5/5/2026","5/6/2026","COIN","COIN 5/22/2026 Put $180.00","BTO","1","$6.85","($685.04)"
"5/5/2026","5/5/2026","5/6/2026","NFLX","NFLX 5/29/2026 Put $85.00","BTO","2","$1.23","($246.08)"
"5/5/2026","5/5/2026","5/6/2026","NFLX","NFLX 5/29/2026 Put $85.00","BTO","3","$1.19","($357.12)"
"5/5/2026","5/5/2026","5/6/2026","AMZN","AMZN 5/29/2026 Call $280.00","STC","1","$7.50","$749.93"
"5/5/2026","5/5/2026","5/6/2026","META","META 6/5/2026 Call $660.00","STC","1","$5.80","$579.93"
"5/5/2026","5/5/2026","5/6/2026","AMZN","AMZN 5/29/2026 Call $280.00","STC","1","$7.50","$749.93"
"5/5/2026","5/5/2026","5/6/2026","AMZN","AMZN 5/29/2026 Call $280.00","STC","1","$7.95","$794.93"
"5/4/2026","5/4/2026","5/5/2026","QQQ","Invesco QQQ
CUSIP: 46090E103","Buy","0.5","$673.29","($336.65)"
"5/4/2026","5/4/2026","5/5/2026","DRAM","Roundhill Memory ETF
CUSIP: 77926X320","Buy","15","$42.48","($637.20)"
"5/4/2026","5/4/2026","5/4/2026","","Interest on Contribution (IRA Match)","MTCH","","","$1.40"
"5/4/2026","5/4/2026","5/5/2026","","Current Year Contribution","CFIR","","","$140.00"
"5/4/2026","5/4/2026","5/4/2026","","Interest on Contribution (IRA Match)","MTCH","","","$10.00"
"5/4/2026","5/4/2026","5/5/2026","","Current Year Contribution","CFIR","","","$1,000.00"
"5/4/2026","5/4/2026","5/5/2026","DRAM","Roundhill Memory ETF
CUSIP: 77926X320","Buy","4","$42.34","($169.38)"
"5/4/2026","5/4/2026","5/5/2026","META","META 6/5/2026 Call $660.00","BTO","1","$7.29","($729.04)"
"5/4/2026","5/4/2026","5/5/2026","GOOG","GOOG 5/8/2026 Call $380.00","STC","1","$5.45","$544.93"
"5/4/2026","5/4/2026","5/5/2026","GOOG","GOOG 5/8/2026 Call $380.00","STC","1","$5.60","$559.93"
"5/4/2026","5/4/2026","5/5/2026","GOOG","GOOG 5/8/2026 Call $380.00","STC","1","$5.65","$564.93"
"5/4/2026","5/4/2026","5/5/2026","AMZN","AMZN 5/29/2026 Call $280.00","BTO","3","$5.05","($1,515.12)"
"5/4/2026","5/4/2026","5/5/2026","GOOG","GOOG 5/8/2026 Call $380.00","BTO","3","$5.10","($1,530.12)"
"5/4/2026","5/4/2026","5/5/2026","USO","USO 5/6/2026 Call $150.00","STC","3","$3.50","$1,049.84"
"5/4/2026","5/4/2026","5/5/2026","HOOD","HOOD 5/15/2026 Call $80.00","STC","3","$2.01","$602.85"
"5/4/2026","5/4/2026","5/5/2026","USO","USO 5/6/2026 Call $150.00","BTO","3","$3.80","($1,140.12)"
"5/4/2026","5/4/2026","5/5/2026","AMZN","AMZN 5/6/2026 Put $270.00","STC","3","$1.40","$419.86"
"5/4/2026","5/4/2026","5/5/2026","AMZN","AMZN 5/6/2026 Put $270.00","BTO","2","$1.70","($340.08)"
"5/4/2026","5/4/2026","5/5/2026","AMZN","AMZN 5/6/2026 Put $270.00","BTO","1","$1.70","($170.04)"
"5/4/2026","5/4/2026","5/5/2026","MSTR","MSTR 5/8/2026 Call $190.00","STC","1","$5.05","$504.93"
"5/4/2026","5/4/2026","5/5/2026","MSTR","MSTR 5/8/2026 Call $190.00","STC","1","$5.50","$549.93"
"5/4/2026","5/4/2026","5/5/2026","MSTR","MSTR 5/8/2026 Call $190.00","BTO","2","$5.05","($1,010.08)"
"5/4/2026","5/4/2026","5/5/2026","UAL","UAL 5/22/2026 Call $100.00","STC","2","$2.05","$409.90"
"5/4/2026","5/4/2026","5/5/2026","CAR","CAR 5/15/2026 Put $130.00","STC","3","$0.60","$179.86"
"5/4/2026","5/4/2026","5/5/2026","INTC","INTC 5/29/2026 Put $90.00","STC","1","$4.05","$404.94"
"5/4/2026","5/4/2026","5/5/2026","HOOD","HOOD 5/15/2026 Call $80.00","BTO","3","$2.63","($789.12)"
"5/4/2026","5/4/2026","5/5/2026","CRWV","CRWV 5/8/2026 Put $125.00","STC","3","$7.40","$2,219.82"
"5/4/2026","5/4/2026","5/5/2026","CRWV","CRWV 5/8/2026 Put $125.00","BTO","3","$7.40","($2,220.12)"
"5/1/2026","5/1/2026","5/4/2026","INTC","INTC 5/29/2026 Put $90.00","BTO","1","$4.55","($455.04)"
"5/1/2026","5/1/2026","5/4/2026","UAL","UAL 5/22/2026 Call $100.00","BTO","1","$2.65","($265.04)"
"5/1/2026","5/1/2026","5/4/2026","UAL","UAL 5/22/2026 Call $100.00","BTO","1","$2.80","($280.04)"
"5/1/2026","5/1/2026","5/4/2026","MU","MU 5/1/2026 Put $535.00","STC","1","$5.10","$509.93"
"5/1/2026","5/1/2026","5/4/2026","GOOG","GOOG 5/29/2026 Call $400.00","STC","1","$4.85","$484.94"
"5/1/2026","5/1/2026","5/4/2026","MSTR","MSTR 5/8/2026 Call $182.50","STC","2","$5.20","$1,039.88"
"5/1/2026","5/1/2026","5/4/2026","MU","MU 5/1/2026 Put $535.00","STC","1","$5.15","$514.93"
"5/1/2026","5/1/2026","5/4/2026","MSTR","MSTR 5/8/2026 Call $182.50","STC","1","$5.25","$524.93"
"5/1/2026","5/1/2026","5/4/2026","MU","MU 5/1/2026 Put $535.00","STC","1","$4.80","$479.94"
"5/1/2026","5/1/2026","5/4/2026","MU","MU 5/1/2026 Put $535.00","BTO","3","$3.70","($1,110.12)"
"5/1/2026","5/1/2026","5/4/2026","MSTR","MSTR 5/8/2026 Call $182.50","BTO","3","$5.25","($1,575.12)"
"5/1/2026","5/1/2026","5/4/2026","CAR","CAR 5/15/2026 Put $130.00","BTO","3","$1.40","($420.12)"
"4/30/2026","4/30/2026","4/30/2026","SPY","Cash Div: R/D 2026-03-20 P/D 2026-04-30 - 0.5 shares at 1.796999","CDIV","","","$0.90"
"4/30/2026","4/30/2026","5/1/2026","MU","MU 5/1/2026 Call $520.00","STC","1","$8.10","$809.93"
"4/30/2026","4/30/2026","5/1/2026","MU","MU 5/1/2026 Call $520.00","STC","1","$8.20","$819.93"
"4/30/2026","4/30/2026","5/1/2026","MU","MU 5/1/2026 Call $520.00","BTO","2","$7.45","($1,490.08)"
"4/30/2026","4/30/2026","5/1/2026","GOOG","GOOG 5/29/2026 Call $400.00","BTO","1","$6.96","($696.04)"
"4/30/2026","4/30/2026","5/1/2026","AOSL","Alpha & Omega Semiconductor
CUSIP: G6331P104","Buy","9","$43.04","($387.36)"
"4/30/2026","4/30/2026","5/1/2026","MU","MU 5/1/2026 Call $520.00","STC","2","$7.05","$1,409.88"
"4/30/2026","4/30/2026","5/1/2026","MU","MU 5/1/2026 Call $520.00","STC","1","$7.45","$744.93"
"4/30/2026","4/30/2026","5/1/2026","NVDA","NVDA 5/15/2026 Call $210.00","STC","3","$2.65","$794.85"
"4/30/2026","4/30/2026","5/1/2026","MU","MU 5/1/2026 Call $520.00","BTO","1","$7.35","($735.04)"
"4/30/2026","4/30/2026","5/1/2026","MU","MU 5/1/2026 Call $520.00","BTO","2","$8.40","($1,680.08)"
"4/30/2026","4/30/2026","5/1/2026","SPY","SPY 4/30/2026 Call $714.00","STC","2","$1.07","$213.90"
"4/30/2026","4/30/2026","5/1/2026","SPY","SPY 4/30/2026 Call $714.00","STC","1","$1.14","$113.94"
"4/30/2026","4/30/2026","5/1/2026","SPY","SPY 4/30/2026 Call $714.00","BTO","3","$1.03","($309.12)"
"4/30/2026","4/30/2026","5/1/2026","NVDA","NVDA 5/15/2026 Call $210.00","BTO","3","$3.33","($999.12)"
"4/30/2026","4/30/2026","5/1/2026","INTC","INTC 5/22/2026 Put $85.00","STC","2","$3.55","$709.89"
"4/30/2026","4/30/2026","5/1/2026","GOOG","GOOG 5/1/2026 Call $372.50","STC","1","$2.55","$254.94"
"4/30/2026","4/30/2026","5/1/2026","INTC","INTC 5/22/2026 Put $85.00","STC","1","$3.80","$379.94"
"4/30/2026","4/30/2026","5/1/2026","GOOG","GOOG 5/1/2026 Call $372.50","STC","2","$3.00","$599.89"
"4/30/2026","4/30/2026","5/1/2026","GOOG","GOOG 5/1/2026 Call $372.50","BTO","3","$2.70","($810.12)"
"4/30/2026","4/30/2026","5/1/2026","INTC","INTC 5/22/2026 Put $85.00","BTO","3","$3.65","($1,095.12)"
"4/29/2026","4/29/2026","4/30/2026","SKM","SK Telecom Co., Ltd. American Depositary Shares (Each representing 5/9th of a Ordinary Share of SK Telecom Co., LTD.)
CUSIP: 78440P306","Buy","5","$36.36","($181.80)"
"4/28/2026","4/28/2026","4/29/2026","AMD","AMD 5/1/2026 Call $330.00","STC","1","$7.30","$729.93"
"4/28/2026","4/28/2026","4/29/2026","AMD","AMD 5/1/2026 Call $330.00","STC","1","$7.90","$789.93"
"4/28/2026","4/28/2026","4/29/2026","AMD","AMD 5/1/2026 Call $330.00","BTO","2","$7.35","($1,470.08)"
"4/27/2026","4/27/2026","4/28/2026","INTC","INTC 5/8/2026 Put $78.00","STC","3","$2.46","$737.85"
"4/27/2026","4/27/2026","4/28/2026","INTC","INTC 5/8/2026 Put $78.00","BTO","3","$2.52","($756.12)"
"4/24/2026","4/24/2026","4/27/2026","CAR","Option Expiration for CAR 4/24/2026 Put $100.00","OEXP","2S","",""
"4/23/2026","4/23/2026","4/24/2026","KEEL","Keel Infrastructure
CUSIP: 486917107","Buy","80","$3.24","($259.20)"
"4/23/2026","4/23/2026","4/24/2026","SPY","SPY 4/23/2026 Put $710.00","STC","2","$0.64","$127.90"
"4/23/2026","4/23/2026","4/24/2026","SPY","SPY 4/23/2026 Put $710.00","STC","1","$0.93","$92.94"
"4/23/2026","4/23/2026","4/24/2026","SPY","SPY 4/23/2026 Put $710.00","STC","1","$0.81","$80.94"
"4/23/2026","4/23/2026","4/24/2026","SPY","SPY 4/23/2026 Put $710.00","STC","1","$0.75","$74.94"
"4/23/2026","4/23/2026","4/24/2026","MSFT","MSFT 4/27/2026 Put $415.00","STC","1","$2.85","$284.94"
"4/23/2026","4/23/2026","4/24/2026","MSFT","MSFT 4/27/2026 Put $415.00","STC","1","$2.98","$297.94"
"4/23/2026","4/23/2026","4/24/2026","MSFT","MSFT 4/27/2026 Put $415.00","BTO","2","$2.85","($570.08)"
"4/23/2026","4/23/2026","4/24/2026","SPY","SPY 4/23/2026 Put $710.00","BTO","5","$0.67","($335.20)"
"4/23/2026","4/23/2026","4/24/2026","CAR","CAR 4/24/2026 Put $100.00","BTO","1","$0.20","($20.04)"
"4/23/2026","4/23/2026","4/24/2026","CAR","CAR 4/24/2026 Put $100.00","BTO","1","$0.20","($20.04)"
"4/23/2026","4/23/2026","4/24/2026","BURU","Nuburu, Inc.
CUSIP: 67021W400","Sell","397","$0.34","$134.42"
"4/23/2026","4/23/2026","4/24/2026","BURU","Nuburu, Inc.
CUSIP: 67021W400","Sell","100","$0.34","$33.87"
"4/23/2026","4/23/2026","4/24/2026","BURU","Nuburu, Inc.
CUSIP: 67021W400","Sell","3","$0.34","$1.02"
"4/22/2026","4/22/2026","4/23/2026","CRCL","CRCL 5/15/2026 Put $80.00","STC","2","$2.18","$435.90"
"4/21/2026","4/21/2026","4/22/2026","AFRM","Affirm
CUSIP: 00827B106","Sell","3","$65.84","$197.51"
"4/21/2026","4/21/2026","4/22/2026","PLTR","PLTR 4/24/2026 Put $145.00","STC","1","$2.28","$227.94"
"4/21/2026","4/21/2026","4/22/2026","MSFT","MSFT 4/22/2026 Put $422.50","STC","1","$2.46","$245.94"
"4/21/2026","4/21/2026","4/22/2026","PLTR","PLTR 4/24/2026 Put $145.00","STC","1","$2.60","$259.94"
"4/21/2026","4/21/2026","4/22/2026","CRCL","CRCL 5/15/2026 Put $80.00","BTO","2","$2.42","($484.08)"
"4/21/2026","4/21/2026","4/22/2026","PLTR","PLTR 4/24/2026 Put $145.00","STC","1","$2.57","$256.94"
"4/21/2026","4/21/2026","4/22/2026","MSFT","MSFT 4/22/2026 Put $422.50","STC","1","$2.74","$273.94"
"4/21/2026","4/21/2026","4/22/2026","MSFT","MSFT 4/22/2026 Put $422.50","STC","1","$2.60","$259.94"
"4/21/2026","4/21/2026","4/22/2026","PLTR","PLTR 4/24/2026 Put $145.00","BTO","3","$2.20","($660.12)"
"4/21/2026","4/21/2026","4/22/2026","MSFT","MSFT 4/22/2026 Put $422.50","BTO","3","$2.15","($645.12)"
"4/21/2026","4/21/2026","4/22/2026","BURU","Nuburu, Inc.
CUSIP: 67021W400","Buy","1500","$0.24","($362.85)"
"4/20/2026","4/20/2026","4/21/2026","META","META 4/24/2026 Put $640.00","STC","2","$1.95","$389.90"
"4/20/2026","4/20/2026","4/21/2026","META","META 4/24/2026 Put $640.00","BTO","2","$2.24","($448.08)"
"4/20/2026","4/20/2026","4/21/2026","SPY","SPY 4/20/2026 Put $708.00","STC","1","$0.85","$84.94"
"4/20/2026","4/20/2026","4/21/2026","SPY","SPY 4/20/2026 Put $708.00","STC","1","$0.85","$84.94"
"4/20/2026","4/20/2026","4/21/2026","SPY","SPY 4/20/2026 Put $708.00","STC","2","$0.91","$181.90"
"4/20/2026","4/20/2026","4/21/2026","SPY","SPY 4/20/2026 Put $708.00","STC","1","$1.06","$105.94"
"4/20/2026","4/20/2026","4/21/2026","AVGO","AVGO 4/24/2026 Put $380.00","STC","1","$1.70","$169.94"
"4/20/2026","4/20/2026","4/21/2026","SPY","SPY 4/20/2026 Put $708.00","BTO","4","$0.86","($344.16)"
"4/20/2026","4/20/2026","4/21/2026","SPY","SPY 4/20/2026 Put $708.00","BTO","1","$0.86","($86.04)"
"4/20/2026","4/20/2026","4/21/2026","META","META 4/24/2026 Put $630.00","STC","2","$0.77","$153.90"
"4/20/2026","4/20/2026","4/21/2026","META","META 4/24/2026 Put $630.00","BTO","2","$0.84","($168.08)"
"4/20/2026","4/20/2026","4/21/2026","AVGO","AVGO 4/24/2026 Put $380.00","BTO","1","$1.55","($155.04)"
"4/17/2026","4/17/2026","4/20/2026","SPY","SPY 4/17/2026 Put $709.00","STC","5","$0.75","$374.77"
"4/17/2026","4/17/2026","4/20/2026","SPY","SPY 4/17/2026 Put $709.00","BTO","5","$0.91","($455.20)"
"4/17/2026","4/17/2026","4/20/2026","SPY","SPY 4/17/2026 Put $710.00","STC","1","$1.15","$114.94"
"4/17/2026","4/17/2026","4/20/2026","SPY","SPY 4/17/2026 Put $710.00","STC","1","$1.15","$114.94"
"4/17/2026","4/17/2026","4/20/2026","SPY","SPY 4/17/2026 Put $710.00","STC","1","$1.15","$114.94"
"4/17/2026","4/17/2026","4/20/2026","SPY","SPY 4/17/2026 Put $710.00","STC","2","$1.15","$229.90"
"4/17/2026","4/17/2026","4/20/2026","SPY","SPY 4/17/2026 Put $710.00","BTO","5","$1.15","($575.20)"
"4/17/2026","4/17/2026","4/20/2026","MSTR","MSTR 4/17/2026 Put $170.00","STC","2","$2.22","$443.90"
"4/17/2026","4/17/2026","4/20/2026","MSTR","MSTR 4/17/2026 Put $170.00","STC","1","$2.45","$244.94"
"4/17/2026","4/17/2026","4/20/2026","MSTR","MSTR 4/17/2026 Put $170.00","BTO","3","$2.25","($675.12)"
"4/15/2026","4/15/2026","4/16/2026","AFRM","Affirm
CUSIP: 00827B106","Sell","4","$58.52","$234.06"
"4/13/2026","4/13/2026","4/14/2026","PYPL","PYPL 4/24/2026 Call $48.00","STC","1","$1.09","$108.94"
"4/13/2026","4/13/2026","4/14/2026","PLTR","PLTR 5/1/2026 Put $118.00","STC","1","$1.48","$147.94"
"4/13/2026","4/13/2026","4/14/2026","ARM","ARM 4/24/2026 Call $170.00","STC","1","$2.45","$244.94"
"4/13/2026","4/13/2026","4/14/2026","PLTR","PLTR 5/1/2026 Put $118.00","STC","1","$1.55","$154.94"
"4/13/2026","4/13/2026","4/14/2026","PYPL","PYPL 4/24/2026 Call $48.00","STC","2","$1.05","$209.90"
"4/13/2026","4/13/2026","4/14/2026","GS","GS 4/24/2026 Put $790.00","STC","2","$1.25","$249.90"
"4/13/2026","4/13/2026","4/14/2026","ARM","ARM 4/24/2026 Call $170.00","STC","1","$2.14","$213.94"
"4/13/2026","4/13/2026","4/14/2026","ARM","ARM 4/24/2026 Call $170.00","BTO","2","$1.99","($398.08)"
"4/13/2026","4/13/2026","4/14/2026","GS","GS 4/24/2026 Put $790.00","BTO","2","$1.40","($280.08)"
"4/13/2026","4/13/2026","4/14/2026","PYPL","PYPL 4/24/2026 Call $48.00","BTO","3","$0.95","($285.12)"
"4/13/2026","4/13/2026","4/14/2026","AFRM","Affirm
CUSIP: 00827B106","Buy","7","$50.64","($354.45)"
"4/13/2026","4/13/2026","4/14/2026","PLTR","PLTR 5/1/2026 Put $118.00","BTO","2","$1.60","($320.08)"
"4/13/2026","4/13/2026","4/14/2026","AAPL","AAPL 4/24/2026 Put $250.00","STC","2","$1.97","$393.90"
"4/13/2026","4/13/2026","4/14/2026","AAPL","AAPL 4/24/2026 Put $250.00","STC","1","$2.10","$209.94"
"4/13/2026","4/13/2026","4/14/2026","AAPL","AAPL 4/24/2026 Put $250.00","BTO","3","$2.00","($600.12)"
"4/9/2026","4/9/2026","4/10/2026","COIN","COIN 4/24/2026 Put $140.00","STC","1","$1.30","$129.94"
"4/9/2026","4/9/2026","4/10/2026","SPY","SPY 4/9/2026 Put $673.00","STC","5","$0.82","$409.77"
"4/9/2026","4/9/2026","4/10/2026","COIN","COIN 4/17/2026 Put $150.00","STC","2","$1.93","$385.90"
"4/9/2026","4/9/2026","4/10/2026","ADBE","ADBE 4/24/2026 Put $220.00","STC","2","$4.00","$799.89"
"4/9/2026","4/9/2026","4/10/2026","ZS","ZS 5/1/2026 Put $90.00","STC","7","$0.35","$244.69"
"4/9/2026","4/9/2026","4/10/2026","SPY","SPY 4/9/2026 Put $673.00","BTO","4","$0.84","($336.16)"
"4/9/2026","4/9/2026","4/10/2026","SPY","SPY 4/9/2026 Put $673.00","BTO","1","$0.84","($84.04)"
"4/9/2026","4/9/2026","4/10/2026","ADBE","ADBE 4/24/2026 Put $220.00","BTO","2","$4.00","($800.08)"
"4/9/2026","4/9/2026","4/10/2026","ZS","ZS 5/1/2026 Put $90.00","BTO","1","$0.25","($25.04)"
"4/9/2026","4/9/2026","4/10/2026","ZS","ZS 5/1/2026 Put $90.00","BTO","1","$0.35","($35.04)"
"4/9/2026","4/9/2026","4/10/2026","ZS","ZS 5/1/2026 Put $90.00","BTO","5","$0.45","($225.20)"
"4/8/2026","4/8/2026","4/9/2026","COIN","COIN 4/24/2026 Put $140.00","BTO","1","$1.37","($137.04)"
"4/8/2026","4/8/2026","4/9/2026","COIN","COIN 4/17/2026 Put $150.00","BTO","2","$1.30","($260.08)"
"4/8/2026","4/8/2026","4/9/2026","USO","USO 4/10/2026 Call $125.00","STC","1","$3.79","$378.94"
"4/8/2026","4/8/2026","4/9/2026","USO","USO 4/10/2026 Call $125.00","STC","2","$3.90","$779.89"
"4/8/2026","4/8/2026","4/9/2026","SPY","SPY 4/8/2026 Put $675.00","STC","2","$0.86","$171.90"
"4/8/2026","4/8/2026","4/9/2026","SPY","SPY 4/8/2026 Put $675.00","STC","1","$0.86","$85.94"
"4/8/2026","4/8/2026","4/9/2026","SPY","SPY 4/8/2026 Put $675.00","STC","2","$1.10","$219.90"
"4/8/2026","4/8/2026","4/9/2026","SPY","SPY 4/8/2026 Put $675.00","BTO","2","$0.87","($174.08)"
"4/8/2026","4/8/2026","4/9/2026","SPY","SPY 4/8/2026 Put $675.00","BTO","3","$0.87","($261.12)"
"4/8/2026","4/8/2026","4/9/2026","LLY","LLY 4/24/2026 Call $1,050.00","STC","2","$3.10","$619.89"
"4/8/2026","4/8/2026","4/9/2026","META","META 4/8/2026 Put $615.00","STC","1","$1.00","$99.94"
"4/8/2026","4/8/2026","4/9/2026","META","META 4/8/2026 Put $615.00","STC","1","$1.12","$111.94"
"4/8/2026","4/8/2026","4/9/2026","META","META 4/8/2026 Put $615.00","BTO","2","$1.20","($240.08)"
"4/8/2026","4/8/2026","4/9/2026","LLY","LLY 4/24/2026 Call $1,050.00","BTO","1","$3.49","($349.04)"
"4/8/2026","4/8/2026","4/9/2026","LLY","LLY 4/24/2026 Call $1,050.00","BTO","1","$3.49","($349.04)"
"4/8/2026","4/8/2026","4/9/2026","CAR","CAR 4/10/2026 Put $200.00","STC","1","$4.60","$459.94"
"4/8/2026","4/8/2026","4/9/2026","CAR","CAR 4/10/2026 Put $200.00","BTO","1","$5.00","($500.04)"
"4/8/2026","4/8/2026","4/9/2026","TSLA","TSLA 4/24/2026 Put $300.00","STC","1","$2.48","$247.94"
"4/8/2026","4/8/2026","4/8/2026","RNXT","Stock Lending","SLIP","","","$0.01"
"4/8/2026","4/8/2026","4/8/2026","KDK","Stock Lending","SLIP","","","$0.02"
"4/8/2026","4/8/2026","4/8/2026","ASPI","Stock Lending","SLIP","","","$0.01"
"4/8/2026","4/8/2026","4/8/2026","SVCO","Stock Lending","SLIP","","","$0.01"
"4/8/2026","4/8/2026","4/8/2026","ATEN","Stock Lending","SLIP","","","$0.01"
"4/8/2026","4/8/2026","4/8/2026","IMPP","Stock Lending","SLIP","","","$0.01"
"4/8/2026","4/8/2026","4/8/2026","RDW","Stock Lending","SLIP","","","$0.01"
"4/8/2026","4/8/2026","4/9/2026","AAPL","AAPL 5/1/2026 Put $220.00","STC","3","$0.72","$215.86"
"4/8/2026","4/8/2026","4/9/2026","SPY","SPY 4/8/2026 Put $670.00","STC","3","$0.61","$182.86"
"4/8/2026","4/8/2026","4/9/2026","USO","United States Oil Fund
CUSIP: 91232N207","Buy","0.1","$122.70","($12.27)"
"4/8/2026","4/8/2026","4/9/2026","SPY","SPY 4/8/2026 Put $670.00","BTO","3","$0.81","($243.12)"
"4/8/2026","4/8/2026","4/9/2026","USO","USO 4/10/2026 Call $125.00","BTO","3","$3.00","($900.12)"
"4/8/2026","4/8/2026","4/9/2026","USO","USO 4/10/2026 Call $125.00","STC","3","$2.97","$890.85"
"4/8/2026","4/8/2026","4/9/2026","USO","USO 4/10/2026 Call $125.00","BTO","3","$2.94","($882.12)"
"4/8/2026","4/8/2026","4/9/2026","CAT","CAT 4/17/2026 Call $820.00","STC","3","$2.40","$719.85"
"4/8/2026","4/8/2026","4/9/2026","CAT","CAT 4/17/2026 Call $820.00","BTO","3","$2.73","($819.12)"
"4/8/2026","4/8/2026","4/9/2026","ATEN","A10 Networks
CUSIP: 002121101","Sell","20","$25.13","$502.58"
"4/8/2026","4/8/2026","4/9/2026","ASPI","ASP Isotopes Inc
CUSIP: 00218A105","Sell","50","$4.38","$219.25"
"4/8/2026","4/8/2026","4/9/2026","KDK","Kodiak AI
CUSIP: 500081104","Sell","40","$8.06","$322.60"
"4/8/2026","4/8/2026","4/9/2026","SVCO","Silvaco Group
CUSIP: 82728C102","Sell","50","$7.40","$369.75"
"4/8/2026","4/8/2026","4/9/2026","IMPP","Imperial Petroleum
CUSIP: Y3894J187","Sell","80","$4.22","$337.40"
"4/7/2026","4/7/2026","4/8/2026","RNXT","RenovoRx
CUSIP: 75989R107","Sell","200","$0.90","$179.96"
"4/7/2026","4/7/2026","4/8/2026","CVS","CVS 4/10/2026 Put $75.00","STC","3","$0.41","$122.86"
"4/7/2026","4/7/2026","4/8/2026","UNH","UNH 5/1/2026 Call $345.00","STC","1","$2.30","$229.94"
"4/7/2026","4/7/2026","4/8/2026","UNH","UNH 5/1/2026 Call $345.00","STC","1","$2.30","$229.94"
"4/7/2026","4/7/2026","4/8/2026","TSLA","TSLA 4/24/2026 Put $300.00","BTO","1","$3.95","($395.04)"
"4/7/2026","4/7/2026","4/8/2026","CVS","CVS 4/10/2026 Put $75.00","BTO","3","$0.38","($114.12)"
"4/7/2026","4/7/2026","4/8/2026","UNH","UNH 5/1/2026 Call $345.00","BTO","2","$2.60","($520.08)"
"4/7/2026","4/7/2026","4/8/2026","AAPL","AAPL 5/1/2026 Put $220.00","BTO","3","$1.82","($546.12)"
"4/6/2026","4/6/2026","4/7/2026","KTOS","KTOS 4/17/2026 Call $80.00","STC","1","$1.85","$184.94"
"4/6/2026","4/6/2026","4/7/2026","KTOS","KTOS 4/17/2026 Call $80.00","STC","1","$1.80","$179.94"
"4/6/2026","4/6/2026","4/7/2026","KTOS","KTOS 4/17/2026 Call $80.00","STC","1","$1.75","$174.94"
"4/6/2026","4/6/2026","4/7/2026","SBUX","SBUX 5/1/2026 Call $100.00","STC","1","$1.60","$159.94"
"4/6/2026","4/6/2026","4/7/2026","DDOG","DDOG 4/17/2026 Put $100.00","STC","3","$0.80","$239.86"
"4/6/2026","4/6/2026","4/7/2026","SBUX","SBUX 5/1/2026 Call $100.00","STC","1","$1.62","$161.94"
"4/6/2026","4/6/2026","4/7/2026","MRVL","MRVL 4/24/2026 Call $118.00","STC","2","$2.60","$519.89"
"4/6/2026","4/6/2026","4/7/2026","MRVL","MRVL 4/24/2026 Call $118.00","BTO","2","$2.65","($530.08)"
"4/6/2026","4/6/2026","4/7/2026","DDOG","DDOG 4/17/2026 Put $100.00","BTO","3","$1.00","($300.12)"
"4/6/2026","4/6/2026","4/7/2026","SBUX","SBUX 5/1/2026 Call $100.00","BTO","2","$1.55","($310.08)"
"4/6/2026","4/6/2026","4/7/2026","KTOS","KTOS 4/17/2026 Call $80.00","BTO","3","$1.60","($480.12)"
"4/2/2026","4/2/2026","4/6/2026","CVNA","Option Expiration for CVNA 4/2/2026 Put $220.00","OEXP","1S","",""
"4/2/2026","4/2/2026","4/6/2026","AMZN","AMZN 4/2/2026 Put $207.50","STC","3","$0.16","$47.87"
"4/2/2026","4/2/2026","4/6/2026","MU","MU 4/2/2026 Put $350.00","STC","2","$0.33","$65.91"
"4/2/2026","4/2/2026","4/6/2026","MU","MU 4/2/2026 Put $350.00","BTO","2","$0.55","($110.08)"
"4/2/2026","4/2/2026","4/6/2026","AMZN","AMZN 4/2/2026 Put $207.50","BTO","3","$0.25","($75.12)"
"4/1/2026","4/1/2026","4/1/2026","NVDA","Cash Div: R/D 2026-03-11 P/D 2026-04-01 - 5 shares at 0.01","CDIV","","","$0.05"
"4/1/2026","4/1/2026","4/2/2026","TSLA","TSLA 4/2/2026 Put $370.00","STC","2","$1.77","$353.91"
"4/1/2026","4/1/2026","4/2/2026","TSLA","TSLA 4/2/2026 Put $370.00","BTO","2","$1.92","($384.08)"
"4/1/2026","4/1/2026","4/2/2026","META","META 4/1/2026 Put $585.00","STC","1","$3.50","$349.95"
"4/1/2026","4/1/2026","4/2/2026","META","META 4/1/2026 Put $585.00","STC","1","$2.35","$234.95"
"4/1/2026","4/1/2026","4/2/2026","META","META 4/1/2026 Put $585.00","STC","1","$2.20","$219.95"
"4/1/2026","4/1/2026","4/2/2026","AMZN","AMZN 4/6/2026 Put $207.50","STC","2","$1.30","$259.91"
"4/1/2026","4/1/2026","4/2/2026","AMZN","AMZN 4/6/2026 Put $207.50","BTO","2","$1.42","($284.08)"
"4/1/2026","4/1/2026","4/2/2026","META","META 4/1/2026 Put $585.00","BTO","3","$1.75","($525.12)"
"4/1/2026","4/1/2026","4/2/2026","CVNA","CVNA 4/2/2026 Call $310.00","STC","1","$6.50","$649.95"
"4/1/2026","4/1/2026","4/2/2026","CVNA","CVNA 4/2/2026 Call $310.00","STC","1","$6.00","$599.95"
"4/1/2026","4/1/2026","4/2/2026","CVNA","CVNA 4/2/2026 Call $310.00","BTO","2","$5.00","($1,000.08)"
"3/31/2026","3/31/2026","4/1/2026","ARM","ARM 4/10/2026 Call $152.50","STC","5","$4.30","$2,149.78"
"3/31/2026","3/31/2026","4/1/2026","META","META 4/2/2026 Call $577.50","STC","1","$5.70","$569.95"
"3/31/2026","3/31/2026","4/1/2026","SLV","SLV 5/1/2026 Put $40.00","STC","5","$0.16","$79.78"
"3/31/2026","3/31/2026","4/1/2026","CRCL","CRCL 5/1/2026 Put $60.00","STC","1","$0.63","$62.95"
"3/31/2026","3/31/2026","4/1/2026","CRCL","CRCL 5/1/2026 Put $60.00","STC","1","$0.63","$62.95"
"3/31/2026","3/31/2026","4/1/2026","CRCL","CRCL 5/1/2026 Put $60.00","STC","1","$0.66","$65.95"
"3/31/2026","3/31/2026","4/1/2026","META","META 4/2/2026 Call $577.50","STC","2","$5.40","$1,079.91"
"3/31/2026","3/31/2026","4/1/2026","META","META 4/2/2026 Call $577.50","STC","2","$5.30","$1,059.91"
"3/31/2026","3/31/2026","4/1/2026","META","META 4/2/2026 Call $577.50","BTO","5","$4.20","($2,100.20)"
"3/31/2026","3/31/2026","4/1/2026","ARM","ARM 4/10/2026 Call $152.50","BTO","5","$4.70","($2,350.20)"
"3/31/2026","3/31/2026","4/1/2026","COIN","COIN 4/10/2026 Put $150.00","STC","2","$2.06","$411.91"
"3/31/2026","3/31/2026","4/1/2026","INTC","INTC 4/17/2026 Put $41.00","STC","3","$1.27","$380.87"
"3/31/2026","3/31/2026","4/1/2026","INTC","INTC 4/17/2026 Put $41.00","BTO","1","$1.60","($160.04)"
"3/31/2026","3/31/2026","4/1/2026","INTC","INTC 4/17/2026 Put $41.00","BTO","2","$1.60","($320.08)"
"3/31/2026","3/31/2026","4/1/2026","GOOG","GOOG 4/2/2026 Put $275.00","STC","4","$1.22","$487.83"
"3/31/2026","3/31/2026","4/1/2026","AMZN","AMZN 4/2/2026 Put $202.50","STC","1","$1.55","$154.95"
"3/31/2026","3/31/2026","4/1/2026","AMZN","AMZN 4/2/2026 Put $202.50","STC","1","$1.59","$158.95"
"3/31/2026","3/31/2026","4/1/2026","GOOG","GOOG 4/2/2026 Put $275.00","STC","1","$1.34","$133.95"
"3/31/2026","3/31/2026","4/1/2026","AMZN","AMZN 4/2/2026 Put $202.50","STC","1","$1.70","$169.95"
"3/31/2026","3/31/2026","4/1/2026","AMZN","AMZN 4/2/2026 Put $202.50","BTO","3","$1.60","($480.12)"
"3/31/2026","3/31/2026","4/1/2026","GOOG","GOOG 4/2/2026 Put $275.00","BTO","5","$1.26","($630.20)"
"3/31/2026","3/31/2026","4/1/2026","INTC","INTC 4/10/2026 Put $42.00","STC","4","$1.46","$583.83"
"3/31/2026","3/31/2026","4/1/2026","CVNA","CVNA 4/2/2026 Put $270.00","STC","2","$2.00","$399.91"
"3/31/2026","3/31/2026","4/1/2026","INTC","INTC 4/10/2026 Put $42.00","BTO","4","$1.50","($600.16)"
"3/31/2026","3/31/2026","4/1/2026","CVNA","CVNA 4/2/2026 Put $270.00","BTO","1","$2.84","($284.04)"
"3/31/2026","3/31/2026","4/1/2026","CVNA","CVNA 4/2/2026 Put $270.00","BTO","1","$2.84","($284.04)"
"3/31/2026","3/31/2026","4/1/2026","MSFT","MSFT 4/1/2026 Call $370.00","STC","4","$1.50","$599.83"
"3/31/2026","3/31/2026","4/1/2026","SNDK","SNDK 4/2/2026 Put $500.00","STC","1","$0.80","$79.95"
"3/31/2026","3/31/2026","4/1/2026","SNDK","SNDK 4/2/2026 Put $500.00","STC","1","$0.85","$84.95"
"3/31/2026","3/31/2026","4/1/2026","MSFT","MSFT 4/1/2026 Call $370.00","BTO","4","$1.95","($780.16)"
"3/31/2026","3/31/2026","4/1/2026","COIN","COIN 4/10/2026 Put $150.00","BTO","2","$2.85","($570.08)"
"3/31/2026","3/31/2026","4/1/2026","SNDK","SNDK 4/2/2026 Put $500.00","BTO","2","$1.60","($320.08)"
"3/30/2026","3/30/2026","3/31/2026","CIEN","CIEN 4/2/2026 Put $320.00","STC","1","$1.80","$179.95"
"3/30/2026","3/30/2026","3/31/2026","INTC","INTC 4/17/2026 Put $40.00","STC","1","$2.02","$201.95"
"3/30/2026","3/30/2026","3/31/2026","PLTR","PLTR 4/24/2026 Put $125.00","STC","1","$2.85","$284.95"
"3/30/2026","3/30/2026","3/31/2026","SNDK","SNDK 4/2/2026 Put $500.00","STC","1","$2.45","$244.95"
"3/30/2026","3/30/2026","3/31/2026","INTC","INTC 4/17/2026 Put $40.00","STC","1","$1.62","$161.95"
"3/30/2026","3/30/2026","3/31/2026","CVNA","CVNA 4/2/2026 Put $220.00","BTO","1","$0.45","($45.04)"
"3/30/2026","3/30/2026","3/31/2026","COIN","COIN 4/24/2026 Put $130.00","STC","1","$3.10","$309.95"
"3/30/2026","3/30/2026","3/31/2026","INTC","INTC 4/17/2026 Put $40.00","BTO","2","$1.43","($286.08)"
"3/30/2026","3/30/2026","3/31/2026","SMCI","SMCI 4/2/2026 Put $20.00","STC","3","$0.22","$65.87"
"3/30/2026","3/30/2026","3/31/2026","SMCI","SMCI 4/2/2026 Put $20.00","BTO","3","$0.25","($75.12)"
"3/30/2026","3/30/2026","3/31/2026","PLTR","PLTR 4/24/2026 Put $125.00","STC","1","$2.72","$271.95"
"3/30/2026","3/30/2026","3/31/2026","SNDK","SNDK 4/2/2026 Put $500.00","BTO","1","$1.80","($180.04)"
"3/30/2026","3/30/2026","3/31/2026","CIEN","CIEN 4/2/2026 Put $320.00","BTO","1","$1.00","($100.04)"
"3/30/2026","3/30/2026","3/31/2026","COIN","COIN 4/24/2026 Put $130.00","BTO","1","$2.70","($270.04)"
"3/27/2026","3/27/2026","3/30/2026","SNDK","Option Expiration for SNDK 3/27/2026 Put $595.00","OEXP","2S","",""
"3/27/2026","3/27/2026","3/30/2026","XOM","Option Expiration for XOM 3/27/2026 Put $165.00","OEXP","10S","",""
"3/27/2026","3/27/2026","3/30/2026","SNDK","SNDK 3/27/2026 Put $595.00","BTO","2","$0.60","($120.08)"
"3/27/2026","3/27/2026","3/30/2026","SPY","SPY 3/27/2026 Call $645.00","STC","3","$0.49","$146.87"
"3/27/2026","3/27/2026","3/30/2026","V","V 4/10/2026 Put $280.00","STC","2","$1.90","$379.91"
"3/27/2026","3/27/2026","3/30/2026","V","V 4/2/2026 Put $290.00","STC","2","$2.10","$419.91"
"3/27/2026","3/27/2026","3/30/2026","SPY","SPY 3/27/2026 Call $645.00","BTO","3","$0.48","($144.12)"
"3/27/2026","3/27/2026","3/30/2026","AMD","AMD 4/2/2026 Put $192.50","STC","3","$2.78","$833.87"
"3/27/2026","3/27/2026","3/30/2026","AMD","AMD 3/27/2026 Put $195.00","STC","3","$0.15","$44.87"
"3/27/2026","3/27/2026","3/30/2026","SNDK","SNDK 3/27/2026 Put $560.00","STC","1","$0.16","$15.95"
"3/27/2026","3/27/2026","3/30/2026","AMD","AMD 3/27/2026 Put $195.00","BTO","3","$0.48","($144.12)"
"3/27/2026","3/27/2026","3/30/2026","AMD","AMD 4/2/2026 Put $192.50","BTO","3","$3.55","($1,065.12)"
"3/27/2026","3/27/2026","3/30/2026","XOM","XOM 3/27/2026 Put $165.00","BTO","2","$0.07","($14.08)"
"3/27/2026","3/27/2026","3/30/2026","XOM","XOM 3/27/2026 Put $165.00","BTO","3","$0.07","($21.12)"
"3/27/2026","3/27/2026","3/30/2026","XOM","XOM 3/27/2026 Put $165.00","BTO","5","$0.07","($35.20)"
"3/27/2026","3/27/2026","3/30/2026","TSLA","TSLA 4/2/2026 Put $350.00","STC","2","$3.95","$789.91"
"3/27/2026","3/27/2026","3/30/2026","V","V 4/2/2026 Put $290.00","BTO","2","$2.70","($540.08)"
"3/26/2026","3/26/2026","3/27/2026","SNDK","SNDK 3/27/2026 Put $560.00","STC","1","$2.40","$239.95"
"3/26/2026","3/26/2026","3/27/2026","GOOG","GOOG 4/2/2026 Put $280.00","STC","2","$4.15","$829.91"
"3/26/2026","3/26/2026","3/27/2026","SNDK","SNDK 3/27/2026 Put $600.00","STC","1","$3.90","$389.95"
"3/26/2026","3/26/2026","3/27/2026","META","META 3/30/2026 Put $550.00","STC","1","$7.20","$719.95"
"3/26/2026","3/26/2026","3/27/2026","LLY","LLY 3/27/2026 Put $895.00","STC","1","$4.90","$489.95"
"3/26/2026","3/26/2026","3/27/2026","LLY","LLY 3/27/2026 Put $895.00","BTO","1","$4.85","($485.04)"
"3/26/2026","3/26/2026","3/27/2026","SNDK","SNDK 3/27/2026 Put $600.00","BTO","1","$6.20","($620.04)"
"3/26/2026","3/26/2026","3/27/2026","META","META 3/30/2026 Put $550.00","BTO","1","$6.40","($640.04)"
"3/26/2026","3/26/2026","3/27/2026","GOOG","GOOG 4/2/2026 Put $280.00","BTO","2","$3.55","($710.08)"
"3/26/2026","3/26/2026","3/27/2026","NFLX","NFLX 4/17/2026 Put $85.00","STC","1","$1.48","$147.95"
"3/26/2026","3/26/2026","3/27/2026","SNDK","SNDK 3/27/2026 Put $560.00","BTO","2","$0.85","($170.08)"
"3/26/2026","3/26/2026","3/27/2026","SNDK","SNDK 3/27/2026 Put $620.00","STC","3","$8.40","$2,519.87"
"3/25/2026","3/25/2026","3/26/2026","SPY","SPY 3/25/2026 Put $655.00","STC","5","$0.10","$49.78"
"3/25/2026","3/25/2026","3/26/2026","SPY","SPY 3/25/2026 Put $655.00","STC","5","$0.10","$49.78"
"3/25/2026","3/25/2026","3/26/2026","SPY","SPY 3/25/2026 Put $655.00","BTO","10","$0.70","($700.40)"
"3/25/2026","3/25/2026","3/26/2026","SVCO","Silvaco Group
CUSIP: 82728C102","Buy","50","$7.07","($353.50)"
"3/25/2026","3/25/2026","3/26/2026","ATEN","A10 Networks
CUSIP: 002121101","Buy","20","$23.20","($463.92)"
"3/25/2026","3/25/2026","3/26/2026","SNDK","SNDK 3/27/2026 Put $620.00","BTO","1","$4.50","($450.04)"
"3/25/2026","3/25/2026","3/26/2026","SPY","SPY 3/25/2026 Put $655.00","STC","1","$0.71","$70.95"
"3/25/2026","3/25/2026","3/26/2026","SPY","SPY 3/25/2026 Put $655.00","STC","4","$0.71","$283.83"
"3/25/2026","3/25/2026","3/26/2026","SPY","SPY 3/25/2026 Put $655.00","BTO","5","$0.80","($400.20)"
"3/25/2026","3/25/2026","3/26/2026","SNDK","SNDK 3/27/2026 Put $620.00","BTO","1","$5.30","($530.04)"
"3/25/2026","3/25/2026","3/26/2026","SNDK","SNDK 3/27/2026 Put $620.00","BTO","1","$9.00","($900.04)"
"3/25/2026","3/25/2026","3/26/2026","PLTR","PLTR 4/2/2026 Put $152.50","STC","1","$2.50","$249.95"
"3/25/2026","3/25/2026","3/26/2026","KDK","Kodiak AI
CUSIP: 500081104","Buy","40","$8.88","($355.20)"
"3/24/2026","3/24/2026","3/25/2026","CRCL","CRCL 5/1/2026 Put $60.00","BTO","3","$0.70","($210.12)"
"3/24/2026","3/24/2026","3/25/2026","SPY","SPY 3/25/2026 Put $647.00","STC","1","$1.63","$162.95"
"3/24/2026","3/24/2026","3/25/2026","PLTR","PLTR 4/2/2026 Put $152.50","STC","1","$4.85","$484.95"
"3/24/2026","3/24/2026","3/25/2026","SPY","SPY 3/24/2026 Put $650.00","STC","2","$0.79","$157.91"
"3/24/2026","3/24/2026","3/25/2026","SPY","SPY 3/24/2026 Put $650.00","STC","1","$0.79","$78.95"
"3/24/2026","3/24/2026","3/25/2026","SPY","SPY 3/25/2026 Put $647.00","BTO","1","$2.00","($200.04)"
"3/24/2026","3/24/2026","3/25/2026","SPY","SPY 3/24/2026 Put $650.00","BTO","3","$0.89","($267.12)"
"3/24/2026","3/24/2026","3/25/2026","MU","MU 4/2/2026 Put $380.00","STC","1","$12.20","$1,219.95"
"3/24/2026","3/24/2026","3/25/2026","PLTR","PLTR 4/2/2026 Put $152.50","STC","1","$4.05","$404.95"
"3/24/2026","3/24/2026","3/25/2026","MU","MU 4/2/2026 Put $380.00","BTO","1","$11.90","($1,190.04)"
"3/24/2026","3/24/2026","3/25/2026","PLTR","PLTR 4/2/2026 Put $152.50","BTO","1","$3.15","($315.04)"
"3/24/2026","3/24/2026","3/25/2026","PLTR","PLTR 4/2/2026 Put $152.50","BTO","2","$3.15","($630.08)"
"3/23/2026","3/23/2026","3/24/2026","SPY","SPY 3/23/2026 Put $657.00","STC","1","$2.45","$244.95"
"3/23/2026","3/23/2026","3/24/2026","META","META 4/2/2026 Put $560.00","STC","1","$2.69","$268.95"
"3/23/2026","3/23/2026","3/24/2026","PLTR","PLTR 4/24/2026 Put $125.00","STC","1","$1.33","$132.95"
"3/23/2026","3/23/2026","3/24/2026","GOOG","GOOG 4/2/2026 Put $290.00","STC","1","$3.00","$299.95"
"3/23/2026","3/23/2026","3/24/2026","MU","MU 3/27/2026 Put $400.00","STC","1","$12.00","$1,199.95"
"3/23/2026","3/23/2026","3/24/2026","SPY","SPY 3/23/2026 Put $657.00","STC","1","$2.00","$199.95"
"3/23/2026","3/23/2026","3/24/2026","PLTR","PLTR 4/24/2026 Put $125.00","BTO","1","$1.36","($136.04)"
"3/23/2026","3/23/2026","3/24/2026","SPY","SPY 3/23/2026 Put $657.00","STC","1","$1.75","$174.95"
"3/23/2026","3/23/2026","3/24/2026","SPY","SPY 3/23/2026 Put $657.00","BTO","2","$0.90","($180.08)"
"3/23/2026","3/23/2026","3/24/2026","SPY","SPY 3/23/2026 Put $657.00","BTO","1","$0.90","($90.04)"
"3/23/2026","3/23/2026","3/24/2026","MU","MU 3/27/2026 Put $400.00","BTO","1","$8.80","($880.04)"
"3/23/2026","3/23/2026","3/24/2026","TSLA","TSLA 4/2/2026 Put $350.00","BTO","1","$3.20","($320.04)"
"3/20/2026","3/20/2026","3/23/2026","GOOG","GOOG 4/2/2026 Put $290.00","BTO","1","$3.50","($350.04)"
"3/20/2026","3/20/2026","3/23/2026","WMT","WMT 4/2/2026 Put $116.00","STC","1","$1.15","$114.95"
"3/20/2026","3/20/2026","3/23/2026","WMT","WMT 4/2/2026 Put $116.00","STC","1","$1.16","$115.95"
"3/20/2026","3/20/2026","3/23/2026","SNDK","SNDK 3/20/2026 Put $690.00","STC","2","$0.75","$149.91"
"3/20/2026","3/20/2026","3/23/2026","CRCL","CRCL 3/20/2026 Put $122.00","STC","3","$0.11","$32.87"
"3/20/2026","3/20/2026","3/23/2026","SNDK","SNDK 3/20/2026 Put $690.00","BTO","2","$0.80","($160.08)"
"3/20/2026","3/20/2026","3/23/2026","CRCL","CRCL 3/20/2026 Put $122.00","BTO","2","$0.16","($32.08)"
"3/20/2026","3/20/2026","3/23/2026","CRCL","CRCL 3/20/2026 Put $122.00","BTO","1","$0.16","($16.04)"
"3/20/2026","3/20/2026","3/23/2026","V","V 4/10/2026 Put $280.00","BTO","2","$1.80","($360.08)"
"3/20/2026","3/20/2026","3/23/2026","TSLA","TSLA 3/20/2026 Put $375.00","STC","1","$1.41","$140.95"
"3/20/2026","3/20/2026","3/23/2026","TSLA","TSLA 3/20/2026 Put $375.00","STC","1","$1.41","$140.95"
"3/20/2026","3/20/2026","3/23/2026","WMT","WMT 4/2/2026 Put $116.00","BTO","2","$1.25","($250.08)"
"3/20/2026","3/20/2026","3/23/2026","PLTR","PLTR 4/24/2026 Put $125.00","BTO","2","$1.78","($356.08)"
"3/20/2026","3/20/2026","3/23/2026","TSLA","TSLA 3/20/2026 Put $375.00","BTO","2","$1.46","($292.08)"
"3/20/2026","3/20/2026","3/23/2026","META","META 4/2/2026 Put $560.00","BTO","1","$4.35","($435.04)"
"3/20/2026","3/20/2026","3/23/2026","TSLA","TSLA 4/2/2026 Put $350.00","BTO","1","$4.10","($410.04)"
"3/19/2026","3/19/2026","3/20/2026","TSLA","TSLA 4/2/2026 Put $350.00","STC","1","$3.02","$301.95"
"3/19/2026","3/19/2026","3/20/2026","META","META 4/2/2026 Put $560.00","STC","1","$2.95","$294.95"
"3/19/2026","3/19/2026","3/20/2026","NFLX","NFLX 4/17/2026 Put $85.00","BTO","1","$1.95","($195.04)"
"3/19/2026","3/19/2026","3/20/2026","SLV","SLV 5/1/2026 Put $40.00","BTO","5","$0.24","($120.20)"
"3/19/2026","3/19/2026","3/20/2026","GOOG","GOOG 4/2/2026 Put $290.00","STC","1","$2.75","$274.95"
"3/19/2026","3/19/2026","3/20/2026","SPY","SPY 3/19/2026 Put $655.00","STC","1","$0.80","$79.95"
"3/19/2026","3/19/2026","3/20/2026","SPY","SPY 3/19/2026 Put $655.00","BTO","1","$1.20","($120.04)"
"3/19/2026","3/19/2026","3/20/2026","DB","DB 7/17/2026 Put $20.00","STC","3","$0.60","$179.87"
"3/19/2026","3/19/2026","3/20/2026","DB","DB 7/17/2026 Put $20.00","BTO","3","$0.60","($180.12)"
"3/19/2026","3/19/2026","3/20/2026","DELL","DELL 4/2/2026 Put $148.00","STC","1","$4.85","$484.95"
"3/19/2026","3/19/2026","3/20/2026","TSLA","TSLA 4/2/2026 Put $350.00","STC","1","$4.20","$419.95"
"3/19/2026","3/19/2026","3/20/2026","META","META 4/2/2026 Put $560.00","STC","1","$3.75","$374.95"
"3/19/2026","3/19/2026","3/20/2026","NVDA","NVDA 3/20/2026 Put $177.50","STC","1","$2.35","$234.95"
"3/18/2026","3/18/2026","3/19/2026","JPM","JPM 4/2/2026 Put $275.00","STC","1","$3.10","$309.95"
"3/18/2026","3/18/2026","3/19/2026","GOOG","GOOG 4/2/2026 Put $290.00","STC","1","$2.42","$241.95"
"3/18/2026","3/18/2026","3/19/2026","NVDA","NVDA 3/20/2026 Put $177.50","STC","1","$1.04","$103.95"
"3/18/2026","3/18/2026","3/19/2026","LLY","LLY 3/20/2026 Put $900.00","STC","1","$8.50","$849.95"
"3/18/2026","3/18/2026","3/19/2026","LLY","LLY 3/20/2026 Put $900.00","STC","1","$8.80","$879.95"
"3/18/2026","3/18/2026","3/19/2026","LLY","LLY 3/20/2026 Put $900.00","BTO","2","$5.50","($1,100.08)"
"3/17/2026","3/17/2026","3/18/2026","DELL","DELL 4/2/2026 Put $148.00","BTO","1","$4.20","($420.04)"
"3/17/2026","3/17/2026","3/18/2026","CVNA","CVNA 3/20/2026 Put $295.00","STC","2","$3.40","$679.91"
"3/17/2026","3/17/2026","3/18/2026","LLY","LLY 3/20/2026 Put $950.00","STC","1","$24.00","$2,399.95"
"3/17/2026","3/17/2026","3/18/2026","LLY","LLY 3/20/2026 Put $950.00","STC","1","$21.70","$2,169.95"
"3/17/2026","3/17/2026","3/18/2026","LLY","LLY 3/20/2026 Put $950.00","BTO","1","$20.80","($2,080.04)"
"3/17/2026","3/17/2026","3/18/2026","LLY","LLY 3/20/2026 Put $950.00","STC","1","$21.00","$2,099.95"
"3/17/2026","3/17/2026","3/18/2026","META","META 4/2/2026 Put $560.00","BTO","2","$2.17","($434.08)"
"3/17/2026","3/17/2026","3/18/2026","RDDT","RDDT 4/2/2026 Put $110.00","STC","2","$0.63","$125.91"
"3/16/2026","3/16/2026","3/17/2026","SPY","SPY 3/16/2026 Put $665.00","STC","25","$0.01","$23.92"
"3/16/2026","3/16/2026","3/17/2026","SPY","SPY 3/17/2026 Put $666.00","STC","12","$1.73","$2,075.48"
"3/16/2026","3/16/2026","3/17/2026","SPY","SPY 3/17/2026 Put $666.00","BTO","11","$1.72","($1,892.44)"
"3/16/2026","3/16/2026","3/17/2026","SPY","SPY 3/17/2026 Put $666.00","BTO","1","$1.72","($172.04)"
"3/16/2026","3/16/2026","3/17/2026","RNXT","RenovoRx
CUSIP: 75989R107","Sell","250","$0.96","$240.28"
"3/16/2026","3/16/2026","3/17/2026","CVNA","CVNA 3/20/2026 Put $295.00","BTO","2","$6.45","($1,290.08)"
"3/16/2026","3/16/2026","3/17/2026","SPY","SPY 3/16/2026 Put $665.00","STC","5","$0.80","$399.78"
"3/16/2026","3/16/2026","3/17/2026","SPY","SPY 3/16/2026 Put $665.00","STC","5","$0.70","$349.78"
"3/16/2026","3/16/2026","3/17/2026","SPY","SPY 3/16/2026 Put $665.00","BTO","15","$0.41","($615.60)"
"3/16/2026","3/16/2026","3/17/2026","LLY","LLY 3/20/2026 Put $950.00","BTO","2","$5.75","($1,150.08)"
"3/16/2026","3/16/2026","3/17/2026","SPY","SPY 3/16/2026 Put $665.00","BTO","10","$0.80","($800.40)"
"3/16/2026","3/16/2026","3/17/2026","SPY","SPY 3/16/2026 Put $665.00","BTO","10","$0.80","($800.40)"
"3/13/2026","3/13/2026","3/16/2026","CVNA","Option Expiration for CVNA 3/13/2026 Put $275.00","OEXP","2S","",""
"3/13/2026","3/13/2026","3/16/2026","SNDK","SNDK 3/20/2026 Put $580.00","STC","1","$10.80","$1,079.95"
"3/13/2026","3/13/2026","3/16/2026","NVDA","NVDA 3/20/2026 Put $177.50","BTO","2","$3.23","($646.08)"
"3/13/2026","3/13/2026","3/16/2026","SPY","SPY 3/16/2026 Put $669.00","STC","1","$7.15","$714.95"
"3/13/2026","3/13/2026","3/16/2026","SNDK","SNDK 3/20/2026 Put $580.00","STC","1","$16.39","$1,638.95"
"3/13/2026","3/13/2026","3/16/2026","SPY","SPY 3/13/2026 Put $665.00","STC","2","$1.88","$375.91"
"3/13/2026","3/13/2026","3/16/2026","SPY","SPY 3/16/2026 Put $669.00","STC","1","$6.05","$604.95"
"3/13/2026","3/13/2026","3/16/2026","SNDK","SNDK 3/20/2026 Put $580.00","BTO","2","$15.50","($3,100.08)"
"3/13/2026","3/13/2026","3/16/2026","SPY","SPY 3/13/2026 Put $665.00","BTO","2","$0.89","($178.08)"
"3/13/2026","3/13/2026","3/16/2026","SPY","SPY 3/16/2026 Put $669.00","BTO","2","$3.95","($790.08)"
"3/12/2026","3/12/2026","3/13/2026","CVNA","CVNA 3/13/2026 Put $275.00","BTO","1","$1.30","($130.04)"
"3/12/2026","3/12/2026","3/13/2026","CVNA","CVNA 3/13/2026 Put $275.00","STC","2","$1.50","$299.91"
"3/12/2026","3/12/2026","3/13/2026","INTC","INTC 3/20/2026 Put $46.00","STC","1","$2.12","$211.95"
"3/12/2026","3/12/2026","3/13/2026","GOOG","GOOG 4/2/2026 Put $290.00","BTO","2","$4.70","($940.08)"
"3/12/2026","3/12/2026","3/13/2026","GOOG","GOOG 4/2/2026 Put $290.00","STC","1","$4.75","$474.95"
"3/12/2026","3/12/2026","3/13/2026","MSFT","MSFT 3/16/2026 Put $395.00","STC","1","$1.23","$122.95"
"3/12/2026","3/12/2026","3/13/2026","MSFT","MSFT 3/16/2026 Put $395.00","STC","2","$1.35","$269.91"
"3/12/2026","3/12/2026","3/13/2026","GOOG","GOOG 4/2/2026 Put $290.00","BTO","1","$4.95","($495.04)"
"3/12/2026","3/12/2026","3/13/2026","CVNA","CVNA 3/13/2026 Put $275.00","BTO","1","$0.95","($95.04)"
"3/12/2026","3/12/2026","3/13/2026","INTC","INTC 3/20/2026 Put $46.00","STC","1","$1.68","$167.95"
"3/12/2026","3/12/2026","3/13/2026","LULU","LULU 3/27/2026 Put $150.00","STC","1","$5.40","$539.95"
"3/12/2026","3/12/2026","3/13/2026","JPM","JPM 4/2/2026 Put $275.00","STC","1","$6.45","$644.95"
"3/12/2026","3/12/2026","3/13/2026","INTC","INTC 3/20/2026 Put $46.00","STC","1","$1.37","$136.95"
"3/11/2026","3/11/2026","3/12/2026","INTC","INTC 3/20/2026 Put $46.00","BTO","3","$1.13","($339.12)"
"3/11/2026","3/11/2026","3/12/2026","ORCL","ORCL 3/13/2026 Put $157.50","STC","1","$1.94","$193.95"
"3/11/2026","3/11/2026","3/12/2026","ORCL","ORCL 3/13/2026 Put $157.50","BTO","1","$1.95","($195.04)"
"3/11/2026","3/11/2026","3/12/2026","SPY","SPY 3/11/2026 Put $676.00","STC","2","$2.62","$523.91"
"3/11/2026","3/11/2026","3/12/2026","LULU","LULU 3/27/2026 Put $150.00","BTO","1","$4.65","($465.04)"
"3/11/2026","3/11/2026","3/12/2026","RDDT","RDDT 4/2/2026 Put $110.00","BTO","2","$2.20","($440.08)"
"3/11/2026","3/11/2026","3/12/2026","BABA","BABA 3/20/2026 Put $130.00","STC","2","$2.50","$499.91"
"3/10/2026","3/10/2026","3/11/2026","BA","BA 4/2/2026 Put $210.00","STC","1","$4.90","$489.95"
"3/10/2026","3/10/2026","3/11/2026","BABA","BABA 3/20/2026 Put $130.00","BTO","2","$2.42","($484.08)"
"3/10/2026","3/10/2026","3/11/2026","SPY","SPY 3/11/2026 Put $676.00","STC","3","$3.10","$929.87"
"3/10/2026","3/10/2026","3/11/2026","SPY","SPY 3/11/2026 Put $676.00","STC","5","$3.15","$1,574.78"
"3/10/2026","3/10/2026","3/11/2026","SPY","SPY 3/11/2026 Put $676.00","BTO","10","$2.61","($2,610.40)"
"3/10/2026","3/10/2026","3/11/2026","CVNA","CVNA 3/13/2026 Put $275.00","BTO","1","$0.77","($77.04)"
"3/10/2026","3/10/2026","3/11/2026","CVNA","CVNA 3/13/2026 Put $275.00","BTO","1","$0.77","($77.04)"
"3/9/2026","3/9/2026","3/10/2026","SPY","SPY 3/9/2026 Put $669.00","STC","1","$0.36","$35.95"
"3/9/2026","3/9/2026","3/10/2026","SPY","SPY 3/9/2026 Put $669.00","STC","1","$0.36","$35.95"
"3/9/2026","3/9/2026","3/10/2026","SPY","SPY 3/9/2026 Put $669.00","STC","1","$0.36","$35.95"
"3/9/2026","3/9/2026","3/10/2026","SPY","SPY 3/9/2026 Put $669.00","BTO","2","$0.48","($96.08)"
"3/9/2026","3/9/2026","3/10/2026","SPY","SPY 3/9/2026 Put $669.00","BTO","1","$0.48","($48.04)"
"3/9/2026","3/9/2026","3/10/2026","BA","BA 4/2/2026 Put $210.00","STC","1","$4.25","$424.95"
"3/9/2026","3/9/2026","3/10/2026","BA","BA 4/2/2026 Put $210.00","BTO","2","$3.85","($770.08)"
"3/9/2026","3/9/2026","3/10/2026","MSFT","MSFT 3/16/2026 Put $395.00","BTO","3","$3.45","($1,035.12)"
"3/9/2026","3/9/2026","3/10/2026","TSLA","TSLA 3/20/2026 Put $350.00","STC","2","$3.00","$599.91"
"3/9/2026","3/9/2026","3/10/2026","TSLA","TSLA 4/2/2026 Put $350.00","BTO","2","$6.34","($1,268.08)"
"3/9/2026","3/9/2026","3/10/2026","JPM","JPM 3/27/2026 Put $270.00","STC","2","$3.63","$725.91"
"3/9/2026","3/9/2026","3/10/2026","JPM","JPM 4/2/2026 Put $275.00","BTO","2","$5.70","($1,140.08)"
"3/9/2026","3/9/2026","3/10/2026","JPM","JPM 3/27/2026 Put $270.00","BTO","2","$3.60","($720.08)"
"3/9/2026","3/9/2026","3/10/2026","TSLA","TSLA 3/20/2026 Put $350.00","BTO","2","$3.05","($610.08)"
"3/9/2026","3/9/2026","3/10/2026","JPM","JPM 3/27/2026 Put $265.00","STC","2","$3.80","$759.91"
"3/9/2026","3/9/2026","3/10/2026","JPM","JPM 3/27/2026 Put $265.00","BTO","2","$3.85","($770.08)"
"3/9/2026","3/9/2026","3/10/2026","GOOG","GOOG 3/27/2026 Put $270.00","STC","2","$2.05","$409.91"
"3/9/2026","3/9/2026","3/10/2026","GOOG","GOOG 3/27/2026 Put $270.00","BTO","2","$2.05","($410.08)"
"3/6/2026","3/6/2026","3/9/2026","ADBE","Option Expiration for ADBE 3/6/2026 Put $220.00","OEXP","3S","",""
"3/6/2026","3/6/2026","3/9/2026","SPY","SPY 3/6/2026 Put $670.00","STC","10","$0.09","$89.57"
"3/6/2026","3/6/2026","3/9/2026","SPY","SPY 3/6/2026 Put $673.00","STC","5","$1.05","$524.78"
"3/6/2026","3/6/2026","3/9/2026","SPY","SPY 3/6/2026 Put $673.00","STC","5","$0.96","$479.78"
"3/6/2026","3/6/2026","3/9/2026","SPY","SPY 3/6/2026 Put $673.00","BTO","10","$0.58","($580.40)"
"3/6/2026","3/6/2026","3/9/2026","SPY","SPY 3/6/2026 Put $670.00","BTO","10","$0.77","($770.40)"
"3/6/2026","3/6/2026","3/9/2026","SPY","SPY 3/6/2026 Put $670.00","STC","3","$0.74","$221.87"
"3/6/2026","3/6/2026","3/9/2026","SPY","SPY 3/6/2026 Put $670.00","STC","7","$0.74","$517.70"
"3/6/2026","3/6/2026","3/9/2026","GOOG","GOOG 3/6/2026 Put $297.50","STC","2","$0.64","$127.91"
"3/6/2026","3/6/2026","3/9/2026","GOOG","GOOG 3/6/2026 Put $297.50","STC","3","$0.64","$191.87"
"3/6/2026","3/6/2026","3/9/2026","AMD","AMD 3/6/2026 Put $197.50","STC","3","$0.99","$296.87"
"3/6/2026","3/6/2026","3/9/2026","GOOG","GOOG 3/6/2026 Put $297.50","BTO","5","$0.75","($375.20)"
"3/6/2026","3/6/2026","3/9/2026","AMD","AMD 3/6/2026 Put $197.50","BTO","3","$1.05","($315.12)"
"3/6/2026","3/6/2026","3/9/2026","SPY","SPY 3/6/2026 Put $670.00","BTO","10","$0.80","($800.40)"
"3/6/2026","3/6/2026","3/9/2026","AMD","AMD 3/6/2026 Put $197.50","STC","3","$0.49","$146.87"
"3/6/2026","3/6/2026","3/9/2026","AMD","AMD 3/6/2026 Put $197.50","STC","1","$0.49","$48.95"
"3/6/2026","3/6/2026","3/9/2026","AMD","AMD 3/6/2026 Put $197.50","STC","1","$0.49","$48.95"
"3/6/2026","3/6/2026","3/9/2026","AMD","AMD 3/6/2026 Put $197.50","STC","5","$0.49","$244.78"
"3/6/2026","3/6/2026","3/6/2026","CCCX","Stock Lending","SLIP","","","$0.01"
"3/6/2026","3/6/2026","3/6/2026","RDW","Stock Lending","SLIP","","","$0.01"
"3/6/2026","3/6/2026","3/9/2026","AMD","AMD 3/6/2026 Put $197.50","BTO","3","$0.49","($147.12)"
"3/6/2026","3/6/2026","3/9/2026","AMD","AMD 3/6/2026 Put $197.50","BTO","7","$0.49","($343.28)"
"3/6/2026","3/6/2026","3/9/2026","AMD","AMD 3/6/2026 Put $197.50","STC","3","$0.78","$233.87"
"3/6/2026","3/6/2026","3/9/2026","AMD","AMD 3/6/2026 Put $197.50","STC","1","$0.78","$77.95"
"3/6/2026","3/6/2026","3/9/2026","AMD","AMD 3/6/2026 Put $197.50","STC","6","$0.78","$467.74"
"3/6/2026","3/6/2026","3/9/2026","AMD","AMD 3/6/2026 Put $197.50","BTO","1","$0.82","($82.04)"
"3/6/2026","3/6/2026","3/9/2026","AMD","AMD 3/6/2026 Put $197.50","BTO","9","$0.82","($738.36)"
"3/6/2026","3/6/2026","3/9/2026","GS","GS 3/20/2026 Put $780.00","STC","1","$11.95","$1,194.95"
"3/6/2026","3/6/2026","3/9/2026","AMD","AMD 3/13/2026 Put $195.00","STC","1","$4.65","$464.95"
"3/6/2026","3/6/2026","3/9/2026","AMD","AMD 3/13/2026 Put $195.00","STC","2","$4.65","$929.91"
"3/6/2026","3/6/2026","3/9/2026","SPY","SPY 3/6/2026 Put $670.00","STC","2","$0.99","$197.91"
"3/6/2026","3/6/2026","3/9/2026","SPY","SPY 3/6/2026 Put $670.00","STC","1","$0.99","$98.95"
"3/6/2026","3/6/2026","3/9/2026","SPY","SPY 3/6/2026 Put $670.00","BTO","3","$1.00","($300.12)"
"3/6/2026","3/6/2026","3/9/2026","RCAT","RCAT 3/6/2026 Call $20.00","STC","5","$0.11","$54.78"
"3/6/2026","3/6/2026","3/9/2026","LLY","LLY 3/6/2026 Put $950.00","STC","2","$0.25","$49.91"
"3/6/2026","3/6/2026","3/9/2026","SPY","SPY 3/6/2026 Put $669.00","STC","3","$0.80","$239.87"
"3/6/2026","3/6/2026","3/9/2026","SPY","SPY 3/6/2026 Put $669.00","BTO","3","$1.03","($309.12)"
"3/6/2026","3/6/2026","3/9/2026","RCAT","RCAT 3/6/2026 Call $20.00","BTO","5","$0.19","($95.20)"
"3/6/2026","3/6/2026","3/9/2026","LLY","LLY 3/6/2026 Put $950.00","BTO","2","$0.45","($90.08)"
"3/6/2026","3/6/2026","3/9/2026","AMD","AMD 3/13/2026 Put $195.00","BTO","3","$5.20","($1,560.12)"
"3/6/2026","3/6/2026","3/9/2026","TSLA","TSLA 3/13/2026 Put $350.00","STC","2","$1.05","$209.91"
"3/6/2026","3/6/2026","3/9/2026","LLY","LLY 3/13/2026 Put $935.00","STC","1","$6.80","$679.95"
"3/6/2026","3/6/2026","3/9/2026","JPM","JPM 3/27/2026 Put $270.00","STC","2","$4.20","$839.91"
"3/6/2026","3/6/2026","3/9/2026","ASPI","ASP Isotopes Inc
CUSIP: 00218A105","Buy","50","$5.24","($262.25)"
"3/6/2026","3/6/2026","3/9/2026","IMPP","Imperial Petroleum
CUSIP: Y3894J187","Buy","80","$4.49","($359.10)"
"3/6/2026","3/6/2026","3/9/2026","JPM","JPM 3/27/2026 Put $270.00","BTO","2","$4.60","($920.08)"
"3/6/2026","3/6/2026","3/9/2026","TSLA","TSLA 3/13/2026 Put $350.00","BTO","1","$1.12","($112.04)"
"3/6/2026","3/6/2026","3/9/2026","TSLA","TSLA 3/13/2026 Put $350.00","BTO","1","$1.12","($112.04)"
"3/5/2026","3/5/2026","3/6/2026","SPY","Option Expiration for SPY 3/5/2026 Put $670.00","OEXP","2S","",""
"3/5/2026","3/5/2026","3/6/2026","LLY","LLY 3/6/2026 Put $925.00","STC","2","$0.50","$99.91"
"3/5/2026","3/5/2026","3/6/2026","GS","GS 3/20/2026 Put $780.00","BTO","1","$10.50","($1,050.04)"
"3/5/2026","3/5/2026","3/6/2026","SPY","SPY 3/5/2026 Put $670.00","BTO","2","$0.23","($46.08)"
"3/5/2026","3/5/2026","3/6/2026","LLY","LLY 3/6/2026 Put $925.00","BTO","2","$0.90","($180.08)"
"3/5/2026","3/5/2026","3/6/2026","BULL","Webull
CUSIP: G9572D103","Buy","15","$5.89","($88.32)"
"3/5/2026","3/5/2026","3/6/2026","RNXT","RenovoRx
CUSIP: 75989R107","Buy","450","$0.89","($402.66)"
"3/5/2026","3/5/2026","3/6/2026","ORCL","ORCL 3/6/2026 Call $160.00","STC","2","$1.25","$249.91"
"3/5/2026","3/5/2026","3/6/2026","LLY","LLY 3/13/2026 Put $935.00","STC","1","$6.50","$649.95"
"3/5/2026","3/5/2026","3/6/2026","ORCL","ORCL 3/6/2026 Call $160.00","BTO","2","$1.49","($298.08)"
"3/5/2026","3/5/2026","3/6/2026","LLY","LLY 3/13/2026 Put $935.00","STC","1","$7.20","$719.95"
"3/5/2026","3/5/2026","3/6/2026","LLY","LLY 3/13/2026 Put $935.00","STC","1","$7.00","$699.95"
"3/5/2026","3/5/2026","3/6/2026","CRCL","CRCL 3/13/2026 Call $120.00","STC","1","$2.35","$234.95"
"3/5/2026","3/5/2026","3/6/2026","CRCL","CRCL 3/13/2026 Call $120.00","BTO","1","$2.85","($285.04)"
"3/5/2026","3/5/2026","3/6/2026","LLY","LLY 3/13/2026 Put $935.00","STC","1","$6.50","$649.95"
"3/5/2026","3/5/2026","3/6/2026","LLY","LLY 3/13/2026 Put $935.00","BTO","1","$6.29","($629.04)"
"3/4/2026","3/4/2026","3/5/2026","AMZN","Option Expiration for AMZN 3/4/2026 Call $220.00","OEXP","2S","",""
"3/4/2026","3/4/2026","3/5/2026","LLY","LLY 3/13/2026 Put $935.00","BTO","1","$4.50","($450.04)"
"3/4/2026","3/4/2026","3/5/2026","LLY","LLY 3/13/2026 Put $935.00","BTO","1","$4.50","($450.04)"
"3/4/2026","3/4/2026","3/5/2026","NFLX","NFLX 3/20/2026 Call $104.00","STC","2","$1.30","$259.91"
"3/4/2026","3/4/2026","3/5/2026","AMZN","AMZN 3/4/2026 Call $220.00","BTO","2","$0.12","($24.08)"
"3/4/2026","3/4/2026","3/5/2026","TSLA","TSLA 3/13/2026 Put $350.00","STC","2","$1.14","$227.91"
"3/4/2026","3/4/2026","3/5/2026","NBIS","NBIS 3/13/2026 Call $100.00","STC","2","$3.30","$659.91"
"3/4/2026","3/4/2026","3/5/2026","LLY","LLY 3/13/2026 Put $935.00","BTO","2","$5.35","($1,070.08)"
"3/4/2026","3/4/2026","3/5/2026","NBIS","NBIS 3/13/2026 Call $100.00","BTO","2","$3.30","($660.08)"
"3/4/2026","3/4/2026","3/5/2026","NFLX","NFLX 3/20/2026 Call $104.00","STC","2","$1.57","$313.91"
"3/4/2026","3/4/2026","3/5/2026","NFLX","NFLX 3/20/2026 Call $104.00","BTO","4","$1.57","($628.16)"
"3/4/2026","3/4/2026","3/5/2026","MSTR","MSTR 3/6/2026 Call $160.00","STC","3","$0.52","$155.87"
"3/4/2026","3/4/2026","3/5/2026","MSTR","MSTR 3/6/2026 Call $160.00","BTO","3","$0.50","($150.12)"
"3/3/2026","3/3/2026","3/4/2026","SPY","SPY 3/3/2026 Put $673.00","STC","2","$0.01","$1.91"
"3/3/2026","3/3/2026","3/4/2026","SLV","SLV 3/9/2026 Put $72.00","STC","2","$1.96","$391.91"
"3/3/2026","3/3/2026","3/4/2026","SLV","SLV 3/9/2026 Put $72.00","BTO","2","$2.45","($490.08)"
"3/3/2026","3/3/2026","3/4/2026","TSLA","TSLA 3/13/2026 Put $350.00","BTO","2","$2.39","($478.08)"
"3/3/2026","3/3/2026","3/4/2026","SPY","SPY 3/3/2026 Put $673.00","BTO","1","$0.51","($51.04)"
"3/3/2026","3/3/2026","3/4/2026","SPY","SPY 3/3/2026 Put $673.00","BTO","1","$0.51","($51.04)"
"3/2/2026","3/2/2026","3/3/2026","TXN","TXN 3/13/2026 Put $200.00","STC","1","$1.75","$174.95"
"3/2/2026","3/2/2026","3/3/2026","NFLX","NFLX 3/13/2026 Call $100.00","STC","1","$1.80","$179.95"
"3/2/2026","3/2/2026","3/3/2026","NFLX","NFLX 3/13/2026 Call $100.00","STC","1","$1.87","$186.95"
"3/2/2026","3/2/2026","3/3/2026","GS","GS 3/6/2026 Put $800.00","STC","1","$4.60","$459.95"
"3/2/2026","3/2/2026","3/3/2026","TXN","TXN 3/13/2026 Put $200.00","STC","1","$2.40","$239.95"
"3/2/2026","3/2/2026","3/3/2026","NFLX","NFLX 3/13/2026 Call $100.00","STC","2","$2.10","$419.91"
"3/2/2026","3/2/2026","3/3/2026","GS","GS 3/6/2026 Put $800.00","STC","1","$6.50","$649.95"
"2/27/2026","2/27/2026","3/2/2026","ADBE","ADBE 3/6/2026 Call $265.00","STC","2","$4.60","$919.91"
"2/27/2026","2/27/2026","3/2/2026","ADBE","ADBE 3/6/2026 Call $265.00","STC","8","$4.66","$3,727.65"
"2/27/2026","2/27/2026","3/2/2026","NFLX","NFLX 3/13/2026 Call $100.00","BTO","4","$1.86","($744.16)"
"2/27/2026","2/27/2026","3/2/2026","GS","GS 3/6/2026 Put $800.00","BTO","2","$4.70","($940.08)"
"2/27/2026","2/27/2026","3/2/2026","ADBE","ADBE 3/6/2026 Call $265.00","BTO","10","$4.80","($4,800.40)"
"2/27/2026","2/27/2026","3/2/2026","TXN","TXN 3/13/2026 Put $200.00","BTO","2","$2.20","($440.08)"
"2/27/2026","2/27/2026","3/2/2026","GS","GS 3/6/2026 Put $800.00","STC","1","$4.90","$489.95"
"2/27/2026","2/27/2026","3/2/2026","CVNA","CVNA 2/27/2026 Put $320.00","STC","1","$0.61","$60.95"
"2/27/2026","2/27/2026","3/2/2026","CVNA","CVNA 2/27/2026 Put $320.00","STC","1","$0.61","$60.95"
"2/27/2026","2/27/2026","3/2/2026","GS","GS 3/6/2026 Put $800.00","STC","1","$5.75","$574.95"
"2/27/2026","2/27/2026","3/2/2026","GS","GS 2/27/2026 Put $850.00","STC","2","$2.00","$399.91"
"2/27/2026","2/27/2026","3/2/2026","GS","GS 3/6/2026 Put $800.00","STC","1","$5.95","$594.95"
"2/27/2026","2/27/2026","3/2/2026","CVNA","CVNA 2/27/2026 Put $320.00","STC","1","$0.90","$89.95"
"2/27/2026","2/27/2026","3/2/2026","CVNA","CVNA 2/27/2026 Put $320.00","BTO","3","$0.49","($147.12)"
"2/27/2026","2/27/2026","3/2/2026","GS","GS 3/6/2026 Put $800.00","BTO","3","$3.25","($975.12)"
"2/27/2026","2/27/2026","3/2/2026","EWY","EWY 3/20/2026 Put $135.00","STC","1","$3.70","$369.95"
"2/27/2026","2/27/2026","3/2/2026","EWY","EWY 3/20/2026 Put $135.00","STC","1","$3.70","$369.95"
"2/27/2026","2/27/2026","3/2/2026","GS","GS 2/27/2026 Put $850.00","BTO","2","$0.47","($94.08)"
"2/27/2026","2/27/2026","3/2/2026","SNDK","SNDK 2/27/2026 Put $605.00","STC","2","$0.60","$119.91"
"2/27/2026","2/27/2026","3/2/2026","JPM","JPM 3/6/2026 Put $285.00","STC","3","$1.65","$494.87"
"2/27/2026","2/27/2026","3/2/2026","UAL","UAL 3/6/2026 Put $105.00","STC","1","$2.50","$249.95"
"2/27/2026","2/27/2026","3/2/2026","JPM","JPM 2/27/2026 Put $290.00","STC","2","$0.31","$61.91"
"2/27/2026","2/27/2026","3/2/2026","UAL","UAL 3/6/2026 Put $105.00","STC","1","$2.45","$244.95"
"2/27/2026","2/27/2026","3/2/2026","UAL","UAL 3/6/2026 Put $105.00","BTO","1","$2.35","($235.04)"
"2/27/2026","2/27/2026","3/2/2026","SNDK","SNDK 2/27/2026 Put $605.00","BTO","2","$2.70","($540.08)"
"2/27/2026","2/27/2026","3/2/2026","JPM","JPM 3/6/2026 Put $285.00","BTO","1","$1.86","($186.04)"
"2/27/2026","2/27/2026","3/2/2026","JPM","JPM 3/6/2026 Put $285.00","BTO","1","$1.86","($186.04)"
"2/27/2026","2/27/2026","3/2/2026","JPM","JPM 3/6/2026 Put $285.00","BTO","1","$1.95","($195.04)"
"2/27/2026","2/27/2026","3/2/2026","UAL","UAL 3/6/2026 Put $105.00","STC","1","$2.20","$219.95"
"2/27/2026","2/27/2026","3/2/2026","UAL","UAL 3/6/2026 Put $105.00","BTO","2","$2.07","($414.08)"
"2/26/2026","2/26/2026","2/27/2026","LLY","LLY 2/27/2026 Put $990.00","STC","3","$0.65","$194.87"
"2/26/2026","2/26/2026","2/27/2026","SNOW","SNOW 2/27/2026 Put $170.00","STC","1","$3.76","$375.95"
"2/26/2026","2/26/2026","2/27/2026","SNOW","SNOW 2/27/2026 Put $170.00","STC","1","$3.11","$310.95"
"2/26/2026","2/26/2026","2/27/2026","SNOW","SNOW 2/27/2026 Put $170.00","STC","1","$2.85","$284.95"
"2/26/2026","2/26/2026","2/27/2026","SNOW","SNOW 2/27/2026 Put $170.00","BTO","3","$2.05","($615.12)"
"2/26/2026","2/26/2026","2/27/2026","META","META 3/2/2026 Put $650.00","STC","1","$6.85","$684.95"
"2/26/2026","2/26/2026","2/27/2026","SPY","SPY 2/26/2026 Put $690.00","STC","1","$5.05","$504.95"
"2/26/2026","2/26/2026","2/27/2026","SPY","SPY 2/26/2026 Put $690.00","STC","1","$4.96","$495.95"
"2/26/2026","2/26/2026","2/27/2026","EWY","EWY 3/20/2026 Put $135.00","STC","1","$3.90","$389.95"
"2/26/2026","2/26/2026","2/27/2026","META","META 3/2/2026 Put $650.00","STC","1","$6.15","$614.95"
"2/26/2026","2/26/2026","2/27/2026","SPY","SPY 2/26/2026 Put $690.00","STC","1","$2.92","$291.95"
"2/26/2026","2/26/2026","2/27/2026","EWY","EWY 3/20/2026 Put $135.00","BTO","3","$3.70","($1,110.12)"
"2/26/2026","2/26/2026","2/27/2026","META","META 3/2/2026 Put $650.00","STC","1","$5.50","$549.95"
"2/26/2026","2/26/2026","2/27/2026","META","META 3/2/2026 Put $650.00","BTO","3","$5.15","($1,545.12)"
"2/26/2026","2/26/2026","2/27/2026","LLY","LLY 2/27/2026 Put $990.00","STC","1","$3.00","$299.95"
"2/26/2026","2/26/2026","2/27/2026","SPY","SPY 2/26/2026 Put $690.00","STC","2","$1.21","$241.91"
"2/26/2026","2/26/2026","2/27/2026","SPY","SPY 2/26/2026 Put $690.00","BTO","3","$1.01","($303.12)"
"2/26/2026","2/26/2026","2/27/2026","SPY","SPY 2/26/2026 Put $690.00","BTO","2","$1.01","($202.08)"
"2/25/2026","2/25/2026","2/26/2026","CRWV","CRWV 2/27/2026 Call $105.00","STC","3","$5.70","$1,709.87"
"2/25/2026","2/25/2026","2/26/2026","CVNA","CVNA 2/27/2026 Put $305.00","STC","3","$1.25","$374.87"
"2/25/2026","2/25/2026","2/26/2026","CRCL","CRCL 2/27/2026 Call $80.00","STC","5","$2.31","$1,154.78"
"2/25/2026","2/25/2026","2/26/2026","CRCL","CRCL 2/27/2026 Call $80.00","BTO","5","$2.33","($1,165.20)"
"2/25/2026","2/25/2026","2/26/2026","NFLX","NFLX 3/6/2026 Call $82.00","STC","1","$1.96","$195.95"
"2/25/2026","2/25/2026","2/26/2026","MSFT","MSFT 2/25/2026 Call $397.50","STC","1","$2.21","$220.95"
"2/25/2026","2/25/2026","2/26/2026","MSFT","MSFT 2/25/2026 Call $397.50","STC","1","$1.65","$164.95"
"2/25/2026","2/25/2026","2/26/2026","MSFT","MSFT 2/25/2026 Call $397.50","STC","1","$1.25","$124.95"
"2/25/2026","2/25/2026","2/26/2026","MSFT","MSFT 2/25/2026 Call $397.50","STC","2","$1.27","$253.91"
"2/25/2026","2/25/2026","2/26/2026","NFLX","NFLX 3/6/2026 Call $82.00","STC","1","$2.24","$223.95"
"2/25/2026","2/25/2026","2/26/2026","NFLX","NFLX 3/6/2026 Call $82.00","STC","1","$2.28","$227.95"
"2/25/2026","2/25/2026","2/26/2026","SNDK","SNDK 2/27/2026 Call $700.00","STC","1","$8.00","$799.95"
"2/25/2026","2/25/2026","2/26/2026","SNDK","SNDK 2/27/2026 Call $700.00","STC","1","$8.50","$849.95"
"2/25/2026","2/25/2026","2/26/2026","SNDK","SNDK 2/27/2026 Call $700.00","STC","1","$11.00","$1,099.95"
"2/25/2026","2/25/2026","2/26/2026","SNDK","SNDK 2/27/2026 Call $700.00","STC","1","$8.40","$839.95"
"2/25/2026","2/25/2026","2/26/2026","NFLX","NFLX 3/6/2026 Call $82.00","BTO","3","$1.92","($576.12)"
"2/25/2026","2/25/2026","2/26/2026","SNDK","SNDK 2/27/2026 Call $700.00","BTO","1","$5.70","($570.04)"
"2/25/2026","2/25/2026","2/26/2026","MSFT","MSFT 2/25/2026 Call $397.50","BTO","2","$0.57","($114.08)"
"2/25/2026","2/25/2026","2/26/2026","MSFT","MSFT 2/25/2026 Call $397.50","BTO","3","$0.57","($171.12)"
"2/25/2026","2/25/2026","2/26/2026","CRWV","CRWV 2/27/2026 Call $105.00","BTO","3","$6.35","($1,905.12)"
"2/25/2026","2/25/2026","2/26/2026","SNDK","SNDK 2/27/2026 Call $700.00","BTO","2","$7.00","($1,400.08)"
"2/24/2026","2/24/2026","2/25/2026","SNDK","SNDK 2/27/2026 Call $700.00","BTO","1","$9.60","($960.04)"
"2/24/2026","2/24/2026","2/25/2026","AAPL","AAPL 2/27/2026 Put $267.50","STC","4","$1.40","$559.83"
"2/24/2026","2/24/2026","2/25/2026","SPY","SPY 2/24/2026 Put $686.00","STC","20","$0.05","$99.13"
"2/24/2026","2/24/2026","2/25/2026","COIN","COIN 3/13/2026 Put $145.00","STC","2","$3.90","$779.91"
"2/24/2026","2/24/2026","2/25/2026","INTC","INTC 3/6/2026 Put $44.50","STC","1","$1.19","$118.95"
"2/24/2026","2/24/2026","2/25/2026","INTC","INTC 3/6/2026 Put $44.50","STC","1","$1.19","$118.95"
"2/24/2026","2/24/2026","2/25/2026","INTC","INTC 3/6/2026 Put $44.50","STC","2","$1.19","$237.91"
"2/24/2026","2/24/2026","2/25/2026","COIN","COIN 3/13/2026 Put $145.00","BTO","2","$4.05","($810.08)"
"2/24/2026","2/24/2026","2/25/2026","SPY","SPY 2/24/2026 Put $686.00","BTO","5","$0.17","($85.20)"
"2/24/2026","2/24/2026","2/25/2026","JPM","JPM 2/27/2026 Put $290.00","BTO","2","$1.05","($210.08)"
"2/24/2026","2/24/2026","2/25/2026","AAPL","AAPL 2/27/2026 Put $267.50","BTO","4","$1.57","($628.16)"
"2/24/2026","2/24/2026","2/25/2026","SPY","SPY 2/24/2026 Put $686.00","BTO","13","$0.38","($494.52)"
"2/24/2026","2/24/2026","2/25/2026","SPY","SPY 2/24/2026 Put $686.00","BTO","1","$0.38","($38.04)"
"2/24/2026","2/24/2026","2/25/2026","SPY","SPY 2/24/2026 Put $686.00","BTO","1","$0.38","($38.04)"
"2/24/2026","2/24/2026","2/25/2026","LLY","LLY 2/27/2026 Put $990.00","BTO","1","$1.55","($155.04)"
"2/24/2026","2/24/2026","2/25/2026","INTC","INTC 3/6/2026 Put $44.50","BTO","4","$1.70","($680.16)"
"2/24/2026","2/24/2026","2/25/2026","CVNA","CVNA 2/27/2026 Put $305.00","BTO","3","$2.90","($870.12)"
"2/24/2026","2/24/2026","2/25/2026","LLY","LLY 2/27/2026 Put $990.00","BTO","1","$1.53","($153.04)"
"2/24/2026","2/24/2026","2/25/2026","GOOG","GOOG 3/6/2026 Put $290.00","STC","2","$1.91","$381.91"
"2/24/2026","2/24/2026","2/25/2026","JPM","JPM 2/27/2026 Put $290.00","STC","1","$2.92","$291.95"
"2/24/2026","2/24/2026","2/25/2026","JPM","JPM 2/27/2026 Put $290.00","STC","2","$2.92","$583.91"
"2/24/2026","2/24/2026","2/25/2026","COIN","COIN 3/13/2026 Put $145.00","STC","1","$5.17","$516.95"
"2/24/2026","2/24/2026","2/25/2026","GOOG","GOOG 3/6/2026 Put $290.00","STC","1","$2.17","$216.95"
"2/24/2026","2/24/2026","2/25/2026","CVNA","CVNA 2/27/2026 Put $310.00","STC","2","$3.50","$699.91"
"2/24/2026","2/24/2026","2/25/2026","SPY","SPY 2/24/2026 Put $680.00","STC","2","$0.80","$159.91"
"2/24/2026","2/24/2026","2/25/2026","SPY","SPY 2/24/2026 Put $680.00","STC","3","$0.90","$269.87"
"2/24/2026","2/24/2026","2/25/2026","CVNA","CVNA 2/27/2026 Put $310.00","STC","1","$4.30","$429.95"
"2/24/2026","2/24/2026","2/25/2026","CVNA","CVNA 2/27/2026 Put $310.00","BTO","3","$3.40","($1,020.12)"
"2/24/2026","2/24/2026","2/25/2026","SPY","SPY 2/24/2026 Put $680.00","BTO","5","$0.78","($390.20)"
"2/24/2026","2/24/2026","2/25/2026","OXY","OXY 3/27/2026 Call $55.00","STC","1","$0.87","$86.95"
"2/24/2026","2/24/2026","2/25/2026","ROKU","ROKU 3/6/2026 Put $82.00","STC","1","$1.87","$186.95"
"2/24/2026","2/24/2026","2/25/2026","GOOG","GOOG 3/6/2026 Put $290.00","BTO","3","$1.95","($585.12)"
"2/24/2026","2/24/2026","2/25/2026","LLY","LLY 2/27/2026 Put $990.00","BTO","2","$4.40","($880.08)"
"2/24/2026","2/24/2026","2/25/2026","COIN","COIN 3/13/2026 Put $145.00","STC","1","$6.50","$649.95"
"2/24/2026","2/24/2026","2/25/2026","JPM","JPM 2/27/2026 Put $290.00","BTO","3","$2.90","($870.12)"
"2/23/2026","2/23/2026","2/24/2026","MSTR","MSTR 2/27/2026 Put $120.00","STC","3","$3.30","$989.87"
"2/23/2026","2/23/2026","2/24/2026","DDOG","DDOG 2/27/2026 Put $100.00","STC","3","$2.80","$839.87"
"2/23/2026","2/23/2026","2/24/2026","ADBE","ADBE 3/6/2026 Put $220.00","BTO","3","$1.62","($486.12)"
"2/23/2026","2/23/2026","2/24/2026","MSTR","MSTR 2/27/2026 Put $120.00","BTO","3","$3.40","($1,020.12)"
"2/23/2026","2/23/2026","2/24/2026","DDOG","DDOG 2/27/2026 Put $100.00","BTO","3","$2.80","($840.12)"
"2/23/2026","2/23/2026","2/24/2026","SNDK","SNDK 2/27/2026 Put $630.00","STC","2","$15.00","$2,999.91"
"2/23/2026","2/23/2026","2/24/2026","GS","GS 2/27/2026 Put $850.00","STC","2","$4.25","$849.91"
"2/23/2026","2/23/2026","2/24/2026","JPM","JPM 2/27/2026 Put $290.00","STC","2","$2.16","$431.91"
"2/23/2026","2/23/2026","2/24/2026","OXY","OXY 3/27/2026 Call $55.00","STC","2","$1.25","$249.91"
"2/23/2026","2/23/2026","2/24/2026","JPM","JPM 2/27/2026 Put $290.00","STC","1","$2.85","$284.95"
"2/23/2026","2/23/2026","2/24/2026","JPM","JPM 2/27/2026 Put $290.00","STC","2","$2.75","$549.91"
"2/23/2026","2/23/2026","2/24/2026","GS","GS 2/27/2026 Put $850.00","BTO","2","$4.65","($930.08)"
"2/23/2026","2/23/2026","2/24/2026","JPM","JPM 2/27/2026 Put $290.00","BTO","4","$2.22","($888.16)"
"2/23/2026","2/23/2026","2/24/2026","JPM","JPM 2/27/2026 Put $290.00","BTO","1","$2.22","($222.04)"
"2/23/2026","2/23/2026","2/24/2026","ROKU","ROKU 3/6/2026 Put $82.00","STC","1","$2.50","$249.95"
"2/23/2026","2/23/2026","2/24/2026","COIN","COIN 3/13/2026 Put $145.00","BTO","2","$3.70","($740.08)"
"2/23/2026","2/23/2026","2/24/2026","ROKU","ROKU 3/6/2026 Put $82.00","STC","1","$1.95","$194.95"
"2/23/2026","2/23/2026","2/24/2026","SNDK","SNDK 2/27/2026 Put $630.00","BTO","2","$16.50","($3,300.08)"
"2/23/2026","2/23/2026","2/24/2026","ROKU","ROKU 3/6/2026 Put $82.00","BTO","3","$1.60","($480.12)"
"2/20/2026","2/20/2026","2/23/2026","MSFT","Option Expiration for MSFT 2/20/2026 Call $402.50","OEXP","3S","",""
"2/20/2026","2/20/2026","2/23/2026","CVNA","Option Expiration for CVNA 2/20/2026 Put $300.00","OEXP","10S","",""
"2/20/2026","2/20/2026","2/23/2026","MSFT","MSFT 2/20/2026 Call $402.50","BTO","1","$0.06","($6.04)"
"2/20/2026","2/20/2026","2/23/2026","MSFT","MSFT 2/20/2026 Call $402.50","BTO","1","$0.06","($6.04)"
"2/20/2026","2/20/2026","2/23/2026","MSFT","MSFT 2/20/2026 Call $402.50","BTO","1","$0.06","($6.04)"
"2/20/2026","2/20/2026","2/23/2026","SPY","SPY 2/20/2026 Put $684.00","STC","2","$0.43","$85.91"
"2/20/2026","2/20/2026","2/23/2026","CRWD","CRWD 2/20/2026 Put $390.00","STC","1","$3.00","$299.95"
"2/20/2026","2/20/2026","2/23/2026","CRWD","CRWD 2/20/2026 Put $390.00","STC","1","$2.60","$259.95"
"2/20/2026","2/20/2026","2/23/2026","CRWD","CRWD 2/20/2026 Put $390.00","STC","1","$1.95","$194.95"
"2/20/2026","2/20/2026","2/23/2026","CRWD","CRWD 2/20/2026 Put $390.00","BTO","3","$1.85","($555.12)"
"2/20/2026","2/20/2026","2/23/2026","SPY","SPY 2/20/2026 Put $684.00","BTO","2","$0.44","($88.08)"
"2/20/2026","2/20/2026","2/23/2026","AMD","AMD 2/20/2026 Put $200.00","STC","2","$1.57","$313.91"
"2/20/2026","2/20/2026","2/23/2026","AMD","AMD 2/20/2026 Put $200.00","STC","1","$1.61","$160.95"
"2/20/2026","2/20/2026","2/23/2026","AMD","AMD 2/20/2026 Put $200.00","STC","1","$1.54","$153.95"
"2/20/2026","2/20/2026","2/23/2026","AMD","AMD 2/20/2026 Put $200.00","STC","1","$1.57","$156.95"
"2/20/2026","2/20/2026","2/23/2026","AMD","AMD 2/20/2026 Put $200.00","STC","2","$1.10","$219.91"
"2/20/2026","2/20/2026","2/23/2026","AMD","AMD 2/20/2026 Put $200.00","STC","3","$1.00","$299.87"
"2/20/2026","2/20/2026","2/23/2026","AMD","AMD 2/20/2026 Put $200.00","STC","10","$0.81","$809.57"
"2/20/2026","2/20/2026","2/23/2026","AMD","AMD 2/20/2026 Put $200.00","STC","2","$0.84","$167.91"
"2/20/2026","2/20/2026","2/23/2026","AMD","AMD 2/20/2026 Put $200.00","STC","3","$0.84","$251.87"
"2/20/2026","2/20/2026","2/23/2026","AMD","AMD 2/20/2026 Put $200.00","STC","5","$0.83","$414.78"
"2/20/2026","2/20/2026","2/23/2026","AMD","AMD 2/20/2026 Put $200.00","BTO","23","$0.43","($989.92)"
"2/20/2026","2/20/2026","2/23/2026","AMD","AMD 2/20/2026 Put $200.00","BTO","7","$0.43","($301.28)"
"2/20/2026","2/20/2026","2/23/2026","GS","GS 2/20/2026 Put $890.00","STC","3","$0.50","$149.87"
"2/20/2026","2/20/2026","2/23/2026","GS","GS 2/20/2026 Put $890.00","BTO","3","$2.50","($750.12)"
"2/19/2026","2/19/2026","2/20/2026","OXY","OXY 3/27/2026 Call $55.00","STC","2","$1.20","$239.91"
"2/19/2026","2/19/2026","2/20/2026","CVNA","CVNA 2/20/2026 Put $300.00","BTO","5","$0.80","($400.20)"
"2/19/2026","2/19/2026","2/20/2026","SPY","SPY 2/19/2026 Put $682.00","STC","10","$0.20","$199.57"
"2/19/2026","2/19/2026","2/20/2026","SPY","SPY 2/19/2026 Put $682.00","BTO","10","$0.43","($430.40)"
"2/19/2026","2/19/2026","2/20/2026","CVNA","CVNA 2/20/2026 Put $300.00","BTO","1","$0.84","($84.04)"
"2/19/2026","2/19/2026","2/20/2026","SPY","SPY 2/19/2026 Put $680.00","STC","5","$0.51","$254.78"
"2/19/2026","2/19/2026","2/20/2026","SPY","SPY 2/19/2026 Put $680.00","BTO","1","$0.72","($72.04)"
"2/19/2026","2/19/2026","2/20/2026","SPY","SPY 2/19/2026 Put $680.00","BTO","4","$0.72","($288.16)"
"2/19/2026","2/19/2026","2/20/2026","TSLA","TSLA 2/20/2026 Put $400.00","STC","2","$1.35","$269.91"
"2/19/2026","2/19/2026","2/20/2026","CVNA","CVNA 2/20/2026 Put $300.00","BTO","1","$2.35","($235.04)"
"2/19/2026","2/19/2026","2/20/2026","TSLA","TSLA 2/20/2026 Put $400.00","STC","1","$1.53","$152.95"
"2/19/2026","2/19/2026","2/20/2026","TSLA","TSLA 2/20/2026 Put $400.00","STC","1","$1.53","$152.95"
"2/19/2026","2/19/2026","2/20/2026","MSFT","MSFT 2/23/2026 Put $395.00","STC","2","$2.86","$571.91"
"2/19/2026","2/19/2026","2/20/2026","MSFT","MSFT 2/23/2026 Put $395.00","STC","1","$2.86","$285.95"
"2/19/2026","2/19/2026","2/20/2026","CVNA","CVNA 2/20/2026 Put $300.00","BTO","3","$2.95","($885.12)"
"2/19/2026","2/19/2026","2/20/2026","TSLA","TSLA 2/20/2026 Put $400.00","BTO","4","$1.38","($552.16)"
"2/19/2026","2/19/2026","2/20/2026","AMD","AMD 2/20/2026 Put $200.00","STC","1","$2.48","$247.95"
"2/19/2026","2/19/2026","2/20/2026","AMD","AMD 2/20/2026 Put $200.00","STC","1","$2.48","$247.95"
"2/19/2026","2/19/2026","2/20/2026","MSFT","MSFT 2/23/2026 Put $395.00","BTO","3","$2.90","($870.12)"
"2/19/2026","2/19/2026","2/20/2026","AMD","AMD 2/20/2026 Put $200.00","STC","1","$2.65","$264.95"
"2/19/2026","2/19/2026","2/20/2026","AMD","AMD 2/20/2026 Put $200.00","STC","2","$2.73","$545.91"
"2/19/2026","2/19/2026","2/20/2026","AMD","AMD 2/20/2026 Put $200.00","BTO","5","$2.50","($1,250.20)"
"2/19/2026","2/19/2026","2/20/2026","OXY","OXY 3/27/2026 Call $55.00","BTO","5","$0.98","($490.20)"
"2/19/2026","2/19/2026","2/20/2026","MSFT","MSFT 2/23/2026 Put $395.00","STC","3","$2.53","$758.87"
"2/19/2026","2/19/2026","2/20/2026","MSFT","MSFT 2/23/2026 Put $395.00","BTO","3","$2.69","($807.12)"
"2/19/2026","2/19/2026","2/20/2026","MSTR","MSTR 2/27/2026 Put $120.00","STC","3","$4.05","$1,214.87"
"2/19/2026","2/19/2026","2/20/2026","MSTR","MSTR 2/27/2026 Put $120.00","BTO","3","$4.75","($1,425.12)"
"2/19/2026","2/19/2026","2/20/2026","COIN","COIN 2/27/2026 Put $150.00","STC","1","$2.27","$226.95"
"2/19/2026","2/19/2026","2/20/2026","COIN","COIN 2/27/2026 Put $150.00","STC","2","$2.27","$453.91"
"2/19/2026","2/19/2026","2/20/2026","COIN","COIN 2/27/2026 Put $150.00","BTO","3","$2.45","($735.12)"
"2/18/2026","2/18/2026","2/19/2026","AMD","AMD 2/27/2026 Call $205.00","STC","1","$5.70","$569.95"
"2/18/2026","2/18/2026","2/19/2026","MSFT","MSFT 2/27/2026 Call $405.00","STC","1","$4.80","$479.95"
"2/18/2026","2/18/2026","2/19/2026","MSFT","MSFT 2/27/2026 Call $405.00","STC","1","$5.50","$549.95"
"2/18/2026","2/18/2026","2/19/2026","AMD","AMD 2/27/2026 Call $205.00","STC","1","$6.25","$624.95"
"2/18/2026","2/18/2026","2/19/2026","MSFT","MSFT 2/27/2026 Call $405.00","STC","1","$5.05","$504.95"
"2/18/2026","2/18/2026","2/19/2026","AMD","AMD 2/27/2026 Call $205.00","BTO","2","$5.60","($1,120.08)"
"2/18/2026","2/18/2026","2/19/2026","MSFT","MSFT 2/27/2026 Call $405.00","BTO","3","$4.75","($1,425.12)"
"2/18/2026","2/18/2026","2/19/2026","GS","GS 2/27/2026 Call $955.00","STC","1","$13.00","$1,299.95"
"2/18/2026","2/18/2026","2/19/2026","ORCL","ORCL 2/20/2026 Call $160.00","STC","1","$1.53","$152.95"
"2/18/2026","2/18/2026","2/19/2026","COIN","COIN 2/27/2026 Call $175.00","STC","1","$6.10","$609.95"
"2/18/2026","2/18/2026","2/19/2026","COIN","COIN 2/27/2026 Call $175.00","STC","1","$6.80","$679.95"
"2/18/2026","2/18/2026","2/19/2026","COIN","COIN 2/27/2026 Call $175.00","BTO","2","$6.35","($1,270.08)"
"2/18/2026","2/18/2026","2/19/2026","COIN","COIN 2/27/2026 Put $130.00","STC","5","$0.27","$134.78"
"2/18/2026","2/18/2026","2/19/2026","ORCL","ORCL 2/20/2026 Call $160.00","BTO","1","$1.48","($148.04)"
"2/18/2026","2/18/2026","2/19/2026","GS","GS 2/27/2026 Call $955.00","STC","1","$15.50","$1,549.95"
"2/18/2026","2/18/2026","2/19/2026","GS","GS 2/27/2026 Call $955.00","BTO","2","$12.00","($2,400.08)"
"2/17/2026","2/17/2026","2/18/2026","GLD","GLD 2/18/2026 Put $446.00","STC","2","$2.00","$399.91"
"2/17/2026","2/17/2026","2/18/2026","GLD","GLD 2/18/2026 Put $446.00","STC","1","$2.00","$199.95"
"2/17/2026","2/17/2026","2/18/2026","GLD","GLD 2/18/2026 Put $446.00","BTO","1","$2.15","($215.04)"
"2/17/2026","2/17/2026","2/18/2026","GLD","GLD 2/18/2026 Put $446.00","BTO","1","$2.15","($215.04)"
"2/17/2026","2/17/2026","2/18/2026","GLD","GLD 2/18/2026 Put $446.00","BTO","1","$2.15","($215.04)"
"2/17/2026","2/17/2026","2/18/2026","SNDK","SNDK 2/20/2026 Call $650.00","STC","1","$12.00","$1,199.95"
"2/17/2026","2/17/2026","2/18/2026","SNDK","SNDK 2/20/2026 Call $650.00","STC","1","$13.30","$1,329.95"
"2/17/2026","2/17/2026","2/18/2026","SNDK","SNDK 2/20/2026 Call $650.00","STC","1","$12.82","$1,281.95"
"2/17/2026","2/17/2026","2/18/2026","SNDK","SNDK 2/20/2026 Call $650.00","BTO","3","$12.00","($3,600.12)"
"2/13/2026","2/13/2026","2/17/2026","SNOW","Option Expiration for SNOW 2/13/2026 Call $190.00","OEXP","3S","",""
"2/13/2026","2/13/2026","2/17/2026","META","META 2/18/2026 Put $630.00","STC","1","$4.75","$474.95"
"2/13/2026","2/13/2026","2/17/2026","META","META 2/18/2026 Put $630.00","STC","1","$5.10","$509.95"
"2/13/2026","2/13/2026","2/17/2026","META","META 2/18/2026 Put $630.00","STC","3","$5.00","$1,499.87"
"2/13/2026","2/13/2026","2/17/2026","META","META 2/18/2026 Put $630.00","STC","5","$4.80","$2,399.78"
"2/13/2026","2/13/2026","2/17/2026","META","META 2/18/2026 Put $630.00","BTO","10","$4.70","($4,700.40)"
"2/13/2026","2/13/2026","2/17/2026","SNOW","SNOW 2/13/2026 Call $185.00","STC","2","$0.64","$127.91"
"2/13/2026","2/13/2026","2/17/2026","SNOW","SNOW 2/13/2026 Call $190.00","BTO","3","$0.15","($45.12)"
"2/13/2026","2/13/2026","2/17/2026","DDOG","DDOG 2/13/2026 Call $130.00","STC","4","$0.75","$299.83"
"2/13/2026","2/13/2026","2/17/2026","SNOW","SNOW 2/13/2026 Call $185.00","STC","1","$1.10","$109.95"
"2/13/2026","2/13/2026","2/17/2026","DDOG","DDOG 2/13/2026 Call $130.00","STC","1","$0.95","$94.95"
"2/13/2026","2/13/2026","2/17/2026","SNOW","SNOW 2/13/2026 Call $185.00","BTO","3","$0.79","($237.12)"
"2/13/2026","2/13/2026","2/17/2026","DDOG","DDOG 2/13/2026 Call $130.00","BTO","5","$0.80","($400.20)"
"2/13/2026","2/13/2026","2/17/2026","AMZN","AMZN 2/18/2026 Call $202.50","STC","3","$1.67","$500.87"
"2/13/2026","2/13/2026","2/17/2026","AMZN","AMZN 2/18/2026 Call $202.50","BTO","1","$1.82","($182.04)"
"2/13/2026","2/13/2026","2/17/2026","AMZN","AMZN 2/18/2026 Call $202.50","BTO","1","$1.82","($182.04)"
"2/13/2026","2/13/2026","2/17/2026","AMZN","AMZN 2/18/2026 Call $202.50","BTO","1","$1.82","($182.04)"
"2/13/2026","2/13/2026","2/17/2026","CVNA","CVNA 2/13/2026 Put $330.00","STC","2","$1.29","$257.91"
"2/13/2026","2/13/2026","2/17/2026","CVNA","CVNA 2/13/2026 Put $330.00","STC","1","$1.90","$189.95"
"2/13/2026","2/13/2026","2/17/2026","CVNA","CVNA 2/13/2026 Put $330.00","STC","1","$2.26","$225.95"
"2/13/2026","2/13/2026","2/17/2026","CVNA","CVNA 2/13/2026 Put $330.00","STC","1","$2.26","$225.95"
"2/13/2026","2/13/2026","2/17/2026","CVNA","CVNA 2/13/2026 Put $330.00","STC","5","$2.00","$999.78"
"2/13/2026","2/13/2026","2/17/2026","CVNA","CVNA 2/13/2026 Put $330.00","BTO","8","$0.75","($600.32)"
"2/13/2026","2/13/2026","2/17/2026","CVNA","CVNA 2/13/2026 Put $330.00","BTO","1","$0.75","($75.04)"
"2/13/2026","2/13/2026","2/17/2026","CVNA","CVNA 2/13/2026 Put $330.00","BTO","1","$0.75","($75.04)"
"2/13/2026","2/13/2026","2/17/2026","HOOD","HOOD 2/20/2026 Call $80.00","STC","3","$1.28","$383.87"
"2/13/2026","2/13/2026","2/17/2026","META","META 2/13/2026 Call $655.00","STC","2","$0.35","$69.91"
"2/13/2026","2/13/2026","2/17/2026","META","META 2/13/2026 Call $655.00","STC","3","$0.35","$104.87"
"2/13/2026","2/13/2026","2/17/2026","HOOD","HOOD 2/20/2026 Call $80.00","BTO","3","$1.59","($477.12)"
"2/13/2026","2/13/2026","2/17/2026","META","META 2/13/2026 Call $655.00","BTO","5","$1.37","($685.20)"
"2/13/2026","2/13/2026","2/17/2026","COIN","COIN 2/27/2026 Put $130.00","BTO","1","$1.40","($140.04)"
"2/13/2026","2/13/2026","2/17/2026","COIN","COIN 2/27/2026 Put $130.00","BTO","1","$1.75","($175.04)"
"2/13/2026","2/13/2026","2/17/2026","META","META 2/13/2026 Put $630.00","STC","1","$1.55","$154.95"
"2/13/2026","2/13/2026","2/17/2026","META","META 2/13/2026 Put $630.00","STC","1","$3.05","$304.95"
"2/13/2026","2/13/2026","2/17/2026","META","META 2/13/2026 Put $630.00","STC","1","$2.95","$294.95"
"2/13/2026","2/13/2026","2/17/2026","META","META 2/13/2026 Put $630.00","BTO","1","$2.07","($207.04)"
"2/13/2026","2/13/2026","2/17/2026","META","META 2/13/2026 Put $630.00","BTO","2","$2.07","($414.08)"
"2/13/2026","2/13/2026","2/17/2026","META","META 2/20/2026 Put $620.00","STC","1","$5.60","$559.95"
"2/13/2026","2/13/2026","2/17/2026","META","META 2/20/2026 Put $620.00","STC","1","$5.70","$569.95"
"2/13/2026","2/13/2026","2/17/2026","COIN","COIN 2/27/2026 Put $130.00","BTO","3","$2.45","($735.12)"
"2/13/2026","2/13/2026","2/17/2026","META","META 2/20/2026 Put $620.00","BTO","2","$5.40","($1,080.08)"
"2/12/2026","2/12/2026","2/13/2026","INTC","INTC 2/20/2026 Put $45.00","STC","4","$1.05","$419.83"
"2/12/2026","2/12/2026","2/13/2026","INTC","INTC 2/20/2026 Put $45.00","BTO","4","$1.14","($456.16)"
"2/12/2026","2/12/2026","2/13/2026","SPY","SPY 2/12/2026 Call $686.00","STC","3","$0.46","$137.87"
"2/12/2026","2/12/2026","2/13/2026","NVDA","NVDA 2/18/2026 Call $192.50","STC","3","$2.18","$653.87"
"2/12/2026","2/12/2026","2/13/2026","GLD","GLD 2/13/2026 Put $445.00","STC","3","$1.93","$578.87"
"2/12/2026","2/12/2026","2/13/2026","GLD","GLD 2/13/2026 Put $445.00","BTO","3","$1.93","($579.12)"
"2/12/2026","2/12/2026","2/13/2026","CVNA","CVNA 2/13/2026 Call $360.00","STC","1","$2.76","$275.95"
"2/12/2026","2/12/2026","2/13/2026","CVNA","CVNA 2/13/2026 Call $360.00","STC","1","$2.76","$275.95"
"2/12/2026","2/12/2026","2/13/2026","CVNA","CVNA 2/13/2026 Call $360.00","BTO","2","$2.25","($450.08)"
"2/12/2026","2/12/2026","2/13/2026","NVDA","NVDA 2/18/2026 Call $192.50","BTO","3","$2.32","($696.12)"
"2/12/2026","2/12/2026","2/13/2026","SPY","SPY 2/12/2026 Call $686.00","BTO","3","$1.06","($318.12)"
"2/12/2026","2/12/2026","2/13/2026","DDOG","DDOG 2/20/2026 Put $117.00","STC","3","$2.40","$719.87"
"2/12/2026","2/12/2026","2/13/2026","INTC","INTC 2/20/2026 Put $46.00","STC","3","$1.13","$338.87"
"2/12/2026","2/12/2026","2/13/2026","JPM","JPM 2/13/2026 Put $297.50","STC","3","$1.59","$476.87"
"2/12/2026","2/12/2026","2/13/2026","DDOG","DDOG 2/20/2026 Put $117.00","BTO","3","$2.45","($735.12)"
"2/12/2026","2/12/2026","2/13/2026","JPM","JPM 2/13/2026 Put $297.50","BTO","3","$1.85","($555.12)"
"2/12/2026","2/12/2026","2/13/2026","INTC","INTC 2/20/2026 Put $46.00","STC","2","$1.40","$279.91"
"2/12/2026","2/12/2026","2/13/2026","AMD","AMD 2/20/2026 Put $200.00","STC","1","$4.00","$399.95"
"2/12/2026","2/12/2026","2/13/2026","AMD","AMD 2/20/2026 Put $200.00","STC","1","$4.00","$399.95"
"2/12/2026","2/12/2026","2/13/2026","AMD","AMD 2/20/2026 Put $200.00","STC","1","$4.35","$434.95"
"2/12/2026","2/12/2026","2/13/2026","AMD","AMD 2/20/2026 Put $200.00","BTO","3","$4.00","($1,200.12)"
"2/12/2026","2/12/2026","2/13/2026","INTC","INTC 2/20/2026 Put $46.00","STC","5","$1.26","$629.78"
"2/12/2026","2/12/2026","2/13/2026","INTC","INTC 2/20/2026 Put $46.00","STC","10","$1.17","$1,169.57"
"2/12/2026","2/12/2026","2/13/2026","AMZN","AMZN 2/13/2026 Put $192.50","STC","3","$0.57","$170.87"
"2/12/2026","2/12/2026","2/13/2026","AMZN","AMZN 2/13/2026 Put $192.50","BTO","3","$0.37","($111.12)"
"2/12/2026","2/12/2026","2/13/2026","CVNA","CVNA 2/13/2026 Put $310.00","STC","4","$2.45","$979.83"
"2/12/2026","2/12/2026","2/13/2026","CVNA","CVNA 2/13/2026 Put $310.00","STC","1","$2.90","$289.95"
"2/12/2026","2/12/2026","2/13/2026","CVNA","CVNA 2/13/2026 Put $310.00","STC","1","$2.75","$274.95"
"2/12/2026","2/12/2026","2/13/2026","CVNA","CVNA 2/13/2026 Put $310.00","BTO","1","$2.65","($265.04)"
"2/12/2026","2/12/2026","2/13/2026","CVNA","CVNA 2/13/2026 Put $310.00","STC","1","$2.75","$274.95"
"2/12/2026","2/12/2026","2/13/2026","CVNA","CVNA 2/13/2026 Put $310.00","STC","1","$2.70","$269.95"
"2/12/2026","2/12/2026","2/13/2026","CVNA","CVNA 2/13/2026 Put $310.00","STC","1","$2.55","$254.95"
"2/12/2026","2/12/2026","2/13/2026","CVNA","CVNA 2/13/2026 Put $310.00","BTO","1","$2.25","($225.04)"
"2/12/2026","2/12/2026","2/13/2026","CVNA","CVNA 2/13/2026 Put $310.00","BTO","7","$2.30","($1,610.28)"
"2/12/2026","2/12/2026","2/13/2026","SPY","SPY 2/12/2026 Put $692.00","STC","4","$1.03","$411.83"
"2/12/2026","2/12/2026","2/13/2026","SPY","SPY 2/12/2026 Put $692.00","STC","1","$1.40","$139.95"
"2/12/2026","2/12/2026","2/13/2026","SPY","SPY 2/12/2026 Put $692.00","STC","2","$1.24","$247.91"
"2/12/2026","2/12/2026","2/13/2026","SPY","SPY 2/12/2026 Put $692.00","STC","1","$1.15","$114.95"
"2/12/2026","2/12/2026","2/13/2026","SPY","SPY 2/12/2026 Put $692.00","STC","1","$1.15","$114.95"
"2/12/2026","2/12/2026","2/13/2026","SPY","SPY 2/12/2026 Put $692.00","STC","1","$1.15","$114.95"
"2/12/2026","2/12/2026","2/13/2026","SPY","SPY 2/12/2026 Put $692.00","BTO","10","$1.03","($1,030.40)"
"2/11/2026","2/11/2026","2/12/2026","SPY","SPY 2/11/2026 Put $692.00","STC","10","$0.18","$179.57"
"2/11/2026","2/11/2026","2/12/2026","SPY","SPY 2/11/2026 Put $692.00","STC","10","$0.18","$179.57"
"2/11/2026","2/11/2026","2/12/2026","CVNA","CVNA 2/13/2026 Put $300.00","STC","4","$0.92","$367.83"
"2/11/2026","2/11/2026","2/12/2026","SPY","SPY 2/11/2026 Put $692.00","BTO","20","$0.13","($260.80)"
"2/11/2026","2/11/2026","2/12/2026","CVNA","CVNA 2/13/2026 Put $300.00","BTO","1","$2.00","($200.04)"
"2/11/2026","2/11/2026","2/12/2026","LMT","LMT 2/13/2026 Put $600.00","STC","3","$0.60","$179.87"
"2/11/2026","2/11/2026","2/12/2026","LMT","LMT 2/13/2026 Put $600.00","STC","1","$0.60","$59.95"
"2/11/2026","2/11/2026","2/12/2026","LMT","LMT 2/13/2026 Put $600.00","STC","1","$0.60","$59.95"
"2/11/2026","2/11/2026","2/12/2026","SPY","SPY 2/11/2026 Put $693.00","STC","1","$1.21","$120.95"
"2/11/2026","2/11/2026","2/12/2026","SPY","SPY 2/11/2026 Put $693.00","STC","1","$1.21","$120.95"
"2/11/2026","2/11/2026","2/12/2026","CVNA","CVNA 2/13/2026 Put $300.00","STC","1","$2.30","$229.95"
"2/11/2026","2/11/2026","2/12/2026","SPY","SPY 2/11/2026 Put $693.00","STC","1","$1.67","$166.95"
"2/11/2026","2/11/2026","2/12/2026","SPY","SPY 2/11/2026 Put $693.00","STC","1","$1.40","$139.95"
"2/11/2026","2/11/2026","2/12/2026","SPY","SPY 2/11/2026 Put $693.00","STC","1","$1.24","$123.95"
"2/11/2026","2/11/2026","2/12/2026","CVNA","CVNA 2/13/2026 Put $300.00","BTO","1","$2.05","($205.04)"
"2/11/2026","2/11/2026","2/12/2026","LMT","LMT 2/13/2026 Put $600.00","BTO","5","$0.70","($350.20)"
"2/11/2026","2/11/2026","2/12/2026","SPY","SPY 2/11/2026 Put $693.00","BTO","5","$0.85","($425.20)"
"2/11/2026","2/11/2026","2/12/2026","CVNA","CVNA 2/13/2026 Put $300.00","BTO","3","$2.30","($690.12)"
"2/11/2026","2/11/2026","2/12/2026","CVNA","CVNA 2/13/2026 Put $300.00","STC","5","$1.86","$929.78"
"2/11/2026","2/11/2026","2/12/2026","COST","COST 2/20/2026 Call $1,025.00","STC","3","$1.95","$584.87"
"2/11/2026","2/11/2026","2/12/2026","AMZN","AMZN 2/11/2026 Put $200.00","STC","5","$0.18","$89.78"
"2/11/2026","2/11/2026","2/12/2026","COST","COST 2/20/2026 Call $1,025.00","BTO","3","$1.95","($585.12)"
"2/11/2026","2/11/2026","2/12/2026","CVNA","CVNA 2/13/2026 Put $300.00","BTO","5","$2.40","($1,200.20)"
"2/11/2026","2/11/2026","2/12/2026","CVNA","CVNA 2/13/2026 Put $300.00","STC","5","$2.40","$1,199.78"
"2/11/2026","2/11/2026","2/12/2026","AMZN","AMZN 2/11/2026 Put $200.00","BTO","5","$0.12","($60.20)"
"2/11/2026","2/11/2026","2/12/2026","CVNA","CVNA 2/13/2026 Put $300.00","BTO","5","$1.35","($675.20)"
"2/11/2026","2/11/2026","2/12/2026","INTC","INTC 2/20/2026 Put $46.00","BTO","20","$1.00","($2,000.80)"
"2/11/2026","2/11/2026","2/12/2026","INTC","INTC 2/20/2026 Put $46.00","STC","10","$1.00","$999.57"
"2/11/2026","2/11/2026","2/12/2026","SPY","SPY 2/11/2026 Put $687.00","STC","10","$0.24","$239.57"
"2/11/2026","2/11/2026","2/12/2026","INTC","INTC 2/20/2026 Put $46.00","BTO","10","$1.30","($1,300.40)"
"2/11/2026","2/11/2026","2/12/2026","SPY","SPY 2/11/2026 Put $687.00","BTO","10","$1.09","($1,090.40)"
"2/11/2026","2/11/2026","2/12/2026","INTC","INTC 2/20/2026 Call $50.00","STC","1","$1.18","$117.95"
"2/11/2026","2/11/2026","2/12/2026","SNOW","SNOW 2/20/2026 Put $175.00","STC","1","$5.00","$499.95"
"2/11/2026","2/11/2026","2/12/2026","SNOW","SNOW 2/20/2026 Put $175.00","STC","1","$5.00","$499.95"
"2/11/2026","2/11/2026","2/12/2026","SNOW","SNOW 2/20/2026 Put $175.00","BTO","2","$4.60","($920.08)"
"2/11/2026","2/11/2026","2/12/2026","INTC","INTC 2/20/2026 Call $50.00","STC","1","$1.47","$146.95"
"2/11/2026","2/11/2026","2/12/2026","INTC","INTC 2/20/2026 Call $50.00","STC","1","$1.35","$134.95"
"2/11/2026","2/11/2026","2/12/2026","GOOG","GOOG 2/20/2026 Call $325.00","STC","2","$3.10","$619.91"
"2/11/2026","2/11/2026","2/12/2026","INTC","INTC 2/20/2026 Call $50.00","STC","1","$1.40","$139.95"
"2/11/2026","2/11/2026","2/12/2026","INTC","INTC 2/20/2026 Call $50.00","STC","1","$1.30","$129.95"
"2/11/2026","2/11/2026","2/12/2026","INTC","INTC 2/20/2026 Call $50.00","BTO","5","$1.20","($600.20)"
"2/10/2026","2/10/2026","2/11/2026","LOW","LOW 2/20/2026 Call $290.00","STC","1","$2.52","$251.95"
"2/10/2026","2/10/2026","2/11/2026","LOW","LOW 2/20/2026 Call $290.00","STC","1","$2.60","$259.95"
"2/10/2026","2/10/2026","2/11/2026","MSFT","MSFT 2/13/2026 Put $410.00","STC","1","$3.08","$307.95"
"2/10/2026","2/10/2026","2/11/2026","MSFT","MSFT 2/13/2026 Put $410.00","STC","2","$3.08","$615.91"
"2/10/2026","2/10/2026","2/11/2026","MSFT","MSFT 2/13/2026 Put $410.00","STC","1","$3.25","$324.95"
"2/10/2026","2/10/2026","2/11/2026","MSFT","MSFT 2/13/2026 Put $410.00","STC","1","$3.20","$319.95"
"2/10/2026","2/10/2026","2/11/2026","MSFT","MSFT 2/13/2026 Put $410.00","BTO","5","$3.05","($1,525.20)"
"2/10/2026","2/10/2026","2/11/2026","MSFT","MSFT 2/11/2026 Put $410.00","STC","3","$1.29","$386.87"
"2/10/2026","2/10/2026","2/11/2026","CVNA","CVNA 2/20/2026 Put $380.00","STC","1","$24.70","$2,469.95"
"2/10/2026","2/10/2026","2/11/2026","MSFT","MSFT 2/11/2026 Put $410.00","BTO","3","$1.57","($471.12)"
"2/10/2026","2/10/2026","2/11/2026","COST","COST 2/20/2026 Call $1,050.00","STC","12","$0.57","$683.48"
"2/10/2026","2/10/2026","2/11/2026","COST","COST 2/20/2026 Call $1,050.00","STC","1","$0.60","$59.95"
"2/10/2026","2/10/2026","2/11/2026","CVNA","CVNA 2/20/2026 Put $380.00","BTO","1","$22.95","($2,295.04)"
"2/10/2026","2/10/2026","2/11/2026","LOW","LOW 2/20/2026 Call $290.00","STC","1","$2.80","$279.95"
"2/10/2026","2/10/2026","2/11/2026","BIDU","BIDU 2/20/2026 Call $150.00","STC","1","$3.90","$389.95"
"2/10/2026","2/10/2026","2/11/2026","MSFT","MSFT 2/20/2026 Call $430.00","STC","2","$3.15","$629.91"
"2/10/2026","2/10/2026","2/11/2026","TSLA","TSLA 2/13/2026 Call $435.00","STC","1","$3.45","$344.95"
"2/10/2026","2/10/2026","2/11/2026","TSLA","TSLA 2/13/2026 Call $435.00","STC","2","$3.85","$769.91"
"2/10/2026","2/10/2026","2/11/2026","COST","COST 2/20/2026 Call $1,050.00","BTO","1","$0.72","($72.04)"
"2/10/2026","2/10/2026","2/11/2026","COST","COST 2/20/2026 Call $1,050.00","BTO","1","$0.74","($74.04)"
"2/10/2026","2/10/2026","2/11/2026","LOW","LOW 2/20/2026 Call $290.00","BTO","1","$2.35","($235.04)"
"2/10/2026","2/10/2026","2/11/2026","LOW","LOW 2/20/2026 Call $290.00","BTO","1","$2.35","($235.04)"
"2/10/2026","2/10/2026","2/11/2026","LOW","LOW 2/20/2026 Call $290.00","BTO","1","$2.40","($240.04)"
"2/10/2026","2/10/2026","2/11/2026","COST","COST 2/20/2026 Call $1,050.00","BTO","7","$0.74","($518.28)"
"2/10/2026","2/10/2026","2/11/2026","GOOG","GOOG 2/20/2026 Call $325.00","STC","1","$3.70","$369.95"
"2/10/2026","2/10/2026","2/11/2026","GOOG","GOOG 2/20/2026 Call $325.00","BTO","3","$3.30","($990.12)"
"2/10/2026","2/10/2026","2/11/2026","BABA","BABA 2/20/2026 Call $170.00","STC","1","$2.85","$284.95"
"2/10/2026","2/10/2026","2/11/2026","BABA","BABA 2/20/2026 Call $170.00","STC","1","$3.30","$329.95"
"2/10/2026","2/10/2026","2/11/2026","BIDU","BIDU 2/20/2026 Call $150.00","STC","1","$3.50","$349.95"
"2/10/2026","2/10/2026","2/11/2026","MSFT","MSFT 2/20/2026 Call $430.00","STC","1","$4.20","$419.95"
"2/10/2026","2/10/2026","2/11/2026","BABA","BABA 2/20/2026 Call $170.00","STC","1","$2.72","$271.95"
"2/10/2026","2/10/2026","2/11/2026","MSFT","MSFT 2/20/2026 Call $430.00","BTO","3","$3.20","($960.12)"
"2/10/2026","2/10/2026","2/11/2026","TSLA","TSLA 2/13/2026 Call $435.00","BTO","3","$3.50","($1,050.12)"
"2/9/2026","2/9/2026","2/10/2026","BIDU","BIDU 2/20/2026 Call $150.00","BTO","2","$3.35","($670.08)"
"2/9/2026","2/9/2026","2/10/2026","GOOG","GOOG 2/13/2026 Put $322.50","STC","3","$3.74","$1,121.87"
"2/9/2026","2/9/2026","2/10/2026","CAT","CAT 2/13/2026 Call $750.00","STC","1","$8.30","$829.95"
"2/9/2026","2/9/2026","2/10/2026","BABA","BABA 2/20/2026 Call $170.00","BTO","3","$2.57","($771.12)"
"2/9/2026","2/9/2026","2/10/2026","GOOG","GOOG 2/13/2026 Put $322.50","BTO","3","$4.00","($1,200.12)"
"2/9/2026","2/9/2026","2/10/2026","CRWD","CRWD 2/13/2026 Call $415.00","STC","1","$7.30","$729.95"
"2/9/2026","2/9/2026","2/10/2026","CAT","CAT 2/13/2026 Call $750.00","STC","1","$8.20","$819.95"
"2/9/2026","2/9/2026","2/10/2026","CRWD","CRWD 2/13/2026 Call $415.00","STC","1","$7.50","$749.95"
"2/9/2026","2/9/2026","2/10/2026","CAT","CAT 2/13/2026 Call $750.00","STC","1","$7.90","$789.95"
"2/9/2026","2/9/2026","2/10/2026","CRWD","CRWD 2/13/2026 Call $415.00","STC","1","$7.80","$779.95"
"2/9/2026","2/9/2026","2/10/2026","CRWD","CRWD 2/13/2026 Call $415.00","BTO","3","$7.40","($2,220.12)"
"2/9/2026","2/9/2026","2/10/2026","CAT","CAT 2/13/2026 Call $750.00","BTO","3","$7.85","($2,355.12)"
"2/9/2026","2/9/2026","2/10/2026","PLTR","PLTR 2/27/2026 Call $155.00","STC","1","$2.86","$285.95"
"2/9/2026","2/9/2026","2/10/2026","PLTR","PLTR 2/27/2026 Call $155.00","STC","1","$2.86","$285.95"
"2/9/2026","2/9/2026","2/10/2026","PLTR","PLTR 2/27/2026 Call $155.00","STC","1","$2.86","$285.95"
"2/9/2026","2/9/2026","2/10/2026","PLTR","PLTR 2/27/2026 Call $155.00","STC","1","$3.10","$309.95"
"2/9/2026","2/9/2026","2/10/2026","COST","COST 2/20/2026 Call $1,050.00","BTO","1","$1.80","($180.04)"
"2/9/2026","2/9/2026","2/10/2026","PLTR","PLTR 2/27/2026 Call $155.00","BTO","4","$2.99","($1,196.16)"
"2/6/2026","2/6/2026","2/9/2026","GOOG","GOOG 2/13/2026 Call $330.00","STC","2","$2.88","$575.91"
"2/6/2026","2/6/2026","2/9/2026","AAPL","AAPL 2/13/2026 Call $280.00","STC","1","$2.73","$272.95"
"2/6/2026","2/6/2026","2/9/2026","AAPL","AAPL 2/13/2026 Call $280.00","STC","1","$2.73","$272.95"
"2/6/2026","2/6/2026","2/9/2026","AAPL","AAPL 2/6/2026 Call $277.50","STC","3","$1.00","$299.87"
"2/6/2026","2/6/2026","2/9/2026","GOOG","GOOG 2/13/2026 Call $330.00","BTO","2","$2.90","($580.08)"
"2/6/2026","2/6/2026","2/9/2026","AAPL","AAPL 2/6/2026 Call $277.50","BTO","1","$1.23","($123.04)"
"2/6/2026","2/6/2026","2/9/2026","AAPL","AAPL 2/6/2026 Call $277.50","BTO","2","$1.23","($246.08)"
"2/6/2026","2/6/2026","2/9/2026","LLY","LLY 2/6/2026 Call $1,055.00","STC","1","$4.00","$399.95"
"2/6/2026","2/6/2026","2/9/2026","LLY","LLY 2/6/2026 Call $1,055.00","STC","1","$4.00","$399.95"
"2/6/2026","2/6/2026","2/9/2026","LLY","LLY 2/6/2026 Call $1,055.00","STC","1","$3.30","$329.95"
"2/6/2026","2/6/2026","2/9/2026","META","META 2/6/2026 Put $657.50","STC","5","$0.87","$434.78"
"2/6/2026","2/6/2026","2/9/2026","META","META 2/6/2026 Put $657.50","STC","7","$0.97","$678.70"
"2/6/2026","2/6/2026","2/9/2026","META","META 2/6/2026 Put $657.50","STC","3","$0.97","$290.87"
"2/6/2026","2/6/2026","2/9/2026","META","META 2/6/2026 Put $657.50","STC","2","$1.11","$221.91"
"2/6/2026","2/6/2026","2/9/2026","META","META 2/6/2026 Put $657.50","STC","3","$1.11","$332.87"
"2/6/2026","2/6/2026","2/9/2026","META","META 2/6/2026 Put $657.50","BTO","20","$0.87","($1,740.80)"
"2/6/2026","2/6/2026","2/9/2026","GOOG","GOOG 2/6/2026 Call $327.50","STC","4","$0.19","$75.83"
"2/6/2026","2/6/2026","2/9/2026","GOOG","GOOG 2/6/2026 Call $327.50","STC","4","$0.19","$75.83"
"2/6/2026","2/6/2026","2/9/2026","LLY","LLY 2/6/2026 Call $1,055.00","BTO","3","$1.50","($450.12)"
"2/6/2026","2/6/2026","2/9/2026","LLY","LLY 2/6/2026 Put $1,030.00","STC","2","$0.40","$79.91"
"2/6/2026","2/6/2026","2/9/2026","AMZN","AMZN 2/6/2026 Call $212.50","STC","5","$0.48","$239.78"
"2/6/2026","2/6/2026","2/9/2026","GOOG","GOOG 2/6/2026 Call $327.50","STC","2","$0.53","$105.91"
"2/6/2026","2/6/2026","2/9/2026","AMZN","AMZN 2/6/2026 Call $212.50","BTO","5","$0.80","($400.20)"
"2/6/2026","2/6/2026","2/9/2026","GOOG","GOOG 2/6/2026 Call $327.50","BTO","5","$0.37","($185.20)"
"2/6/2026","2/6/2026","2/9/2026","GOOG","GOOG 2/6/2026 Call $327.50","BTO","5","$0.37","($185.20)"
"2/6/2026","2/6/2026","2/9/2026","MSFT","MSFT 2/6/2026 Call $400.00","STC","4","$0.62","$247.83"
"2/6/2026","2/6/2026","2/9/2026","MSFT","MSFT 2/6/2026 Call $400.00","BTO","4","$1.01","($404.16)"
"2/6/2026","2/6/2026","2/6/2026","TBMC","Stock Lending","SLIP","","","$0.01"
"2/6/2026","2/6/2026","2/6/2026","RDW","Stock Lending","SLIP","","","$0.01"
"2/6/2026","2/6/2026","2/6/2026","AGPU","Stock Lending","SLIP","","","$0.07"
"2/6/2026","2/6/2026","2/6/2026","FIG","Stock Lending","SLIP","","","$0.01"
"2/6/2026","2/6/2026","2/6/2026","AIRS","Stock Lending","SLIP","","","$0.01"
"2/6/2026","2/6/2026","2/9/2026","SNOW","SNOW 2/6/2026 Call $170.00","STC","3","$0.75","$224.87"
"2/6/2026","2/6/2026","2/9/2026","COIN","COIN 2/6/2026 Call $162.50","STC","1","$0.82","$81.95"
"2/6/2026","2/6/2026","2/9/2026","COIN","COIN 2/6/2026 Call $162.50","STC","1","$1.18","$117.95"
"2/6/2026","2/6/2026","2/9/2026","COIN","COIN 2/6/2026 Call $162.50","STC","1","$1.16","$115.95"
"2/6/2026","2/6/2026","2/9/2026","ASTS","ASTS 2/6/2026 Call $105.00","STC","1","$0.34","$33.95"
"2/6/2026","2/6/2026","2/9/2026","INTC","INTC 2/6/2026 Call $51.00","STC","1","$0.31","$30.95"
"2/6/2026","2/6/2026","2/9/2026","INTC","INTC 2/6/2026 Call $51.00","STC","1","$0.31","$30.95"
"2/6/2026","2/6/2026","2/9/2026","COIN","COIN 2/6/2026 Call $162.50","BTO","3","$0.75","($225.12)"
"2/6/2026","2/6/2026","2/9/2026","INTC","INTC 2/6/2026 Call $51.00","STC","1","$0.42","$41.95"
"2/6/2026","2/6/2026","2/9/2026","INTC","INTC 2/6/2026 Call $51.00","STC","1","$0.41","$40.95"
"2/6/2026","2/6/2026","2/9/2026","INTC","INTC 2/6/2026 Call $51.00","STC","1","$0.41","$40.95"
"2/6/2026","2/6/2026","2/9/2026","ASTS","ASTS 2/6/2026 Call $105.00","STC","2","$0.57","$113.91"
"2/6/2026","2/6/2026","2/9/2026","SNOW","SNOW 2/6/2026 Call $170.00","BTO","3","$1.18","($354.12)"
"2/6/2026","2/6/2026","2/9/2026","HOOD","HOOD 2/6/2026 Call $84.00","STC","4","$0.50","$199.83"
"2/6/2026","2/6/2026","2/9/2026","ASTS","ASTS 2/6/2026 Call $105.00","BTO","3","$0.47","($141.12)"
"2/6/2026","2/6/2026","2/9/2026","LLY","LLY 2/6/2026 Put $1,030.00","BTO","2","$1.20","($240.08)"
"2/6/2026","2/6/2026","2/9/2026","HOOD","HOOD 2/6/2026 Call $84.00","STC","1","$0.83","$82.95"
"2/6/2026","2/6/2026","2/9/2026","INTC","INTC 2/6/2026 Call $51.00","BTO","5","$0.31","($155.20)"
"2/6/2026","2/6/2026","2/9/2026","HOOD","HOOD 2/6/2026 Call $84.00","BTO","5","$0.67","($335.20)"
"2/6/2026","2/6/2026","2/9/2026","RBLX","RBLX 2/20/2026 Put $60.00","STC","1","$1.32","$131.95"
"2/6/2026","2/6/2026","2/9/2026","GOOG","GOOG 2/6/2026 Put $320.00","STC","1","$0.92","$91.95"
"2/6/2026","2/6/2026","2/9/2026","GOOG","GOOG 2/6/2026 Put $320.00","STC","1","$1.30","$129.95"
"2/6/2026","2/6/2026","2/9/2026","GOOG","GOOG 2/6/2026 Put $320.00","STC","1","$1.45","$144.95"
"2/6/2026","2/6/2026","2/9/2026","GOOG","GOOG 2/6/2026 Put $320.00","STC","2","$1.25","$249.91"
"2/6/2026","2/6/2026","2/9/2026","GOOG","GOOG 2/6/2026 Put $320.00","BTO","5","$0.93","($465.20)"
"2/6/2026","2/6/2026","2/9/2026","CAT","CAT 2/6/2026 Call $715.00","STC","1","$2.50","$249.95"
"2/6/2026","2/6/2026","2/9/2026","ORCL","ORCL 2/6/2026 Call $145.00","STC","6","$0.17","$101.74"
"2/6/2026","2/6/2026","2/9/2026","CAT","CAT 2/6/2026 Call $715.00","STC","1","$3.40","$339.95"
"2/6/2026","2/6/2026","2/9/2026","CAT","CAT 2/6/2026 Call $715.00","STC","1","$3.15","$314.95"
"2/6/2026","2/6/2026","2/9/2026","CAT","CAT 2/6/2026 Call $715.00","BTO","3","$0.75","($225.12)"
"2/6/2026","2/6/2026","2/9/2026","AAPL","AAPL 2/13/2026 Call $280.00","STC","1","$4.20","$419.95"
"2/6/2026","2/6/2026","2/9/2026","AMD","AMD 2/6/2026 Call $205.00","STC","1","$2.26","$225.95"
"2/6/2026","2/6/2026","2/9/2026","AMD","AMD 2/6/2026 Call $205.00","STC","1","$2.70","$269.95"
"2/6/2026","2/6/2026","2/9/2026","AMD","AMD 2/6/2026 Call $205.00","STC","1","$2.62","$261.95"
"2/6/2026","2/6/2026","2/9/2026","ORCL","ORCL 2/6/2026 Call $145.00","BTO","1","$0.74","($74.04)"
"2/6/2026","2/6/2026","2/9/2026","ORCL","ORCL 2/6/2026 Call $145.00","BTO","1","$0.74","($74.04)"
"2/6/2026","2/6/2026","2/9/2026","ORCL","ORCL 2/6/2026 Call $145.00","BTO","1","$0.74","($74.04)"
"2/6/2026","2/6/2026","2/9/2026","ORCL","ORCL 2/6/2026 Call $145.00","BTO","1","$0.74","($74.04)"
"2/6/2026","2/6/2026","2/9/2026","ORCL","ORCL 2/6/2026 Call $145.00","BTO","1","$0.74","($74.04)"
"2/6/2026","2/6/2026","2/9/2026","ORCL","ORCL 2/6/2026 Call $145.00","BTO","1","$0.74","($74.04)"
"2/6/2026","2/6/2026","2/9/2026","AMD","AMD 2/6/2026 Call $205.00","BTO","1","$2.16","($216.04)"
"2/6/2026","2/6/2026","2/9/2026","AMD","AMD 2/6/2026 Call $205.00","BTO","2","$2.16","($432.08)"
"2/5/2026","2/5/2026","2/6/2026","GOOG","GOOG 2/13/2026 Call $330.00","STC","2","$7.70","$1,539.91"
"2/5/2026","2/5/2026","2/6/2026","AMD","AMD 2/6/2026 Call $200.00","STC","2","$0.78","$155.91"
"2/5/2026","2/5/2026","2/6/2026","AAPL","AAPL 2/11/2026 Call $280.00","STC","2","$2.48","$495.91"
"2/5/2026","2/5/2026","2/6/2026","LLY","LLY 2/6/2026 Put $1,020.00","STC","1","$10.50","$1,049.95"
"2/5/2026","2/5/2026","2/6/2026","LLY","LLY 2/6/2026 Put $1,020.00","STC","1","$10.20","$1,019.95"
"2/5/2026","2/5/2026","2/6/2026","AAPL","AAPL 2/11/2026 Call $280.00","STC","2","$2.27","$453.91"
"2/5/2026","2/5/2026","2/6/2026","AAPL","AAPL 2/11/2026 Call $280.00","STC","1","$2.22","$221.95"
"2/5/2026","2/5/2026","2/6/2026","LLY","LLY 2/6/2026 Put $1,020.00","BTO","2","$9.20","($1,840.08)"
"2/5/2026","2/5/2026","2/6/2026","UBER","UBER 2/6/2026 Call $78.00","STC","10","$0.19","$189.57"
"2/5/2026","2/5/2026","2/6/2026","AAPL","AAPL 2/11/2026 Call $280.00","BTO","5","$1.98","($990.20)"
"2/5/2026","2/5/2026","2/6/2026","UBER","UBER 2/6/2026 Call $78.00","BTO","10","$0.58","($580.40)"
"2/5/2026","2/5/2026","2/6/2026","AMD","AMD 2/6/2026 Call $200.00","BTO","2","$2.37","($474.08)"
"2/5/2026","2/5/2026","2/6/2026","GOOG","GOOG 2/13/2026 Call $330.00","BTO","2","$3.95","($790.08)"
"2/5/2026","2/5/2026","2/6/2026","COST","COST 2/20/2026 Call $1,050.00","BTO","1","$4.50","($450.04)"
"2/5/2026","2/5/2026","2/6/2026","COST","COST 2/20/2026 Call $1,050.00","BTO","1","$5.13","($513.04)"
"2/5/2026","2/5/2026","2/6/2026","COST","COST 2/20/2026 Call $1,050.00","BTO","1","$5.15","($515.04)"
"2/5/2026","2/5/2026","2/6/2026","AAPL","AAPL 2/13/2026 Call $280.00","BTO","1","$3.22","($322.04)"
"2/5/2026","2/5/2026","2/6/2026","AAPL","AAPL 2/13/2026 Call $280.00","BTO","1","$3.22","($322.04)"
"2/5/2026","2/5/2026","2/6/2026","AAPL","AAPL 2/13/2026 Call $280.00","BTO","1","$3.25","($325.04)"
"2/5/2026","2/5/2026","2/6/2026","CCCX","Churchill Capital Corp X Class A
CUSIP: G2130T108","Sell","25","$11.85","$296.32"
"2/5/2026","2/5/2026","2/6/2026","MSFT","MSFT 2/20/2026 Put $390.00","STC","1","$5.40","$539.95"
"2/5/2026","2/5/2026","2/6/2026","MSFT","MSFT 2/20/2026 Put $390.00","STC","1","$5.62","$561.95"
"2/5/2026","2/5/2026","2/6/2026","MSFT","MSFT 2/20/2026 Put $390.00","STC","1","$5.40","$539.95"
"2/5/2026","2/5/2026","2/6/2026","MSFT","MSFT 2/20/2026 Put $390.00","BTO","3","$4.80","($1,440.12)"
"2/4/2026","2/4/2026","2/5/2026","SPY","SPY 2/4/2026 Call $687.00","STC","3","$0.52","$155.87"
"2/4/2026","2/4/2026","2/5/2026","SPY","SPY 2/4/2026 Call $687.00","STC","5","$0.52","$259.78"
"2/4/2026","2/4/2026","2/5/2026","SPY","SPY 2/4/2026 Call $687.00","STC","2","$0.80","$159.91"
"2/4/2026","2/4/2026","2/5/2026","SPY","SPY 2/4/2026 Call $687.00","STC","1","$0.73","$72.95"
"2/4/2026","2/4/2026","2/5/2026","SPY","SPY 2/4/2026 Call $687.00","BTO","11","$0.63","($693.44)"
"2/4/2026","2/4/2026","2/5/2026","SPY","SPY 2/4/2026 Call $686.00","STC","4","$0.70","$279.83"
"2/4/2026","2/4/2026","2/5/2026","SPY","SPY 2/4/2026 Call $686.00","STC","6","$0.70","$419.74"
"2/4/2026","2/4/2026","2/5/2026","SPY","SPY 2/4/2026 Call $686.00","BTO","10","$0.96","($960.40)"
"2/4/2026","2/4/2026","2/5/2026","PLTR","PLTR 2/6/2026 Put $132.00","STC","3","$2.03","$608.87"
"2/4/2026","2/4/2026","2/5/2026","TSLA","TSLA 2/4/2026 Put $390.00","STC","10","$0.18","$179.57"
"2/4/2026","2/4/2026","2/5/2026","PLTR","PLTR 2/6/2026 Put $132.00","BTO","1","$2.52","($252.04)"
"2/4/2026","2/4/2026","2/5/2026","PLTR","PLTR 2/6/2026 Put $132.00","BTO","2","$2.52","($504.08)"
"2/4/2026","2/4/2026","2/5/2026","CVNA","CVNA 2/6/2026 Put $370.00","STC","2","$5.80","$1,159.91"
"2/4/2026","2/4/2026","2/5/2026","CVNA","CVNA 2/6/2026 Put $370.00","STC","2","$6.00","$1,199.91"
"2/4/2026","2/4/2026","2/5/2026","CVNA","CVNA 2/6/2026 Put $370.00","BTO","1","$4.80","($480.04)"
"2/4/2026","2/4/2026","2/5/2026","TSLA","TSLA 2/4/2026 Put $390.00","BTO","10","$0.10","($100.40)"
"2/4/2026","2/4/2026","2/5/2026","DDOG","DDOG 2/6/2026 Call $120.00","STC","6","$2.43","$1,457.74"
"2/4/2026","2/4/2026","2/5/2026","ASTS","ASTS 2/6/2026 Put $98.00","STC","3","$2.50","$749.87"
"2/4/2026","2/4/2026","2/5/2026","CVNA","CVNA 2/6/2026 Put $370.00","STC","1","$6.00","$599.95"
"2/4/2026","2/4/2026","2/5/2026","ASTS","ASTS 2/6/2026 Put $98.00","BTO","3","$2.90","($870.12)"
"2/4/2026","2/4/2026","2/5/2026","CVNA","CVNA 2/6/2026 Put $370.00","BTO","2","$5.15","($1,030.08)"
"2/4/2026","2/4/2026","2/5/2026","CVNA","CVNA 2/6/2026 Put $370.00","BTO","2","$5.15","($1,030.08)"
"2/4/2026","2/4/2026","2/5/2026","DDOG","DDOG 2/6/2026 Call $120.00","BTO","6","$2.43","($1,458.24)"
"2/4/2026","2/4/2026","2/5/2026","CVNA","CVNA 2/6/2026 Put $370.00","STC","5","$6.10","$3,049.78"
"2/4/2026","2/4/2026","2/5/2026","CVNA","CVNA 2/6/2026 Put $370.00","BTO","2","$6.09","($1,218.08)"
"2/4/2026","2/4/2026","2/5/2026","CVNA","CVNA 2/6/2026 Put $370.00","BTO","3","$6.09","($1,827.12)"
"2/3/2026","2/3/2026","2/4/2026","FBTC","Fidelity Wise Origin Bitcoin Fund
CUSIP: 315948109","Sell","9","$64.46","$580.19"
"2/3/2026","2/3/2026","2/4/2026","ASTS","ASTS 2/13/2026 Call $120.00","STC","2","$6.70","$1,339.91"
"2/3/2026","2/3/2026","2/4/2026","BABA","BABA 2/13/2026 Call $170.00","STC","2","$1.80","$359.91"
"2/3/2026","2/3/2026","2/4/2026","MU","MU 2/6/2026 Call $450.00","STC","2","$4.05","$809.91"
"2/3/2026","2/3/2026","2/4/2026","BABA","BABA 2/13/2026 Call $170.00","BTO","1","$2.14","($214.04)"
"2/3/2026","2/3/2026","2/4/2026","BABA","BABA 2/13/2026 Call $170.00","BTO","1","$2.14","($214.04)"
"2/3/2026","2/3/2026","2/4/2026","DELL","DELL 2/6/2026 Call $125.00","STC","5","$0.82","$409.78"
"2/3/2026","2/3/2026","2/4/2026","DELL","DELL 2/6/2026 Call $125.00","BTO","5","$0.85","($425.20)"
"2/3/2026","2/3/2026","2/4/2026","ASTS","ASTS 2/13/2026 Call $120.00","BTO","2","$6.90","($1,380.08)"
"2/3/2026","2/3/2026","2/4/2026","MU","MU 2/6/2026 Call $450.00","BTO","2","$5.45","($1,090.08)"
"2/3/2026","2/3/2026","2/4/2026","CVNA","CVNA 2/6/2026 Put $360.00","STC","2","$2.70","$539.91"
"2/3/2026","2/3/2026","2/4/2026","MU","MU 2/6/2026 Put $410.00","STC","1","$8.90","$889.95"
"2/3/2026","2/3/2026","2/4/2026","CVNA","CVNA 2/6/2026 Put $360.00","STC","1","$2.85","$284.95"
"2/3/2026","2/3/2026","2/4/2026","AAPL","AAPL 2/11/2026 Call $275.00","STC","2","$1.93","$385.91"
"2/3/2026","2/3/2026","2/4/2026","AAPL","AAPL 2/11/2026 Call $275.00","STC","1","$2.25","$224.95"
"2/3/2026","2/3/2026","2/4/2026","MU","MU 2/6/2026 Put $410.00","BTO","1","$7.20","($720.04)"
"2/3/2026","2/3/2026","2/4/2026","AAPL","AAPL 2/11/2026 Call $275.00","BTO","1","$2.03","($203.04)"
"2/3/2026","2/3/2026","2/4/2026","AAPL","AAPL 2/11/2026 Call $275.00","BTO","2","$2.03","($406.08)"
"2/3/2026","2/3/2026","2/4/2026","CVNA","CVNA 2/6/2026 Put $360.00","BTO","3","$2.70","($810.12)"
"2/3/2026","2/3/2026","2/4/2026","PLTR","PLTR 2/6/2026 Put $155.00","STC","2","$3.32","$663.91"
"2/3/2026","2/3/2026","2/4/2026","PLTR","PLTR 2/6/2026 Put $155.00","STC","1","$3.90","$389.95"
"2/3/2026","2/3/2026","2/4/2026","PLTR","PLTR 2/6/2026 Put $155.00","BTO","3","$3.70","($1,110.12)"
"2/3/2026","2/3/2026","2/4/2026","U","U 2/13/2026 Call $32.00","STC","3","$1.20","$359.87"
"2/2/2026","2/2/2026","2/3/2026","CCCX","Churchill Capital Corp X Class A
CUSIP: G2130T108","Buy","25","$14.36","($359.00)"
"2/2/2026","2/2/2026","2/3/2026","U","U 2/13/2026 Call $32.00","BTO","1","$1.37","($137.04)"
"2/2/2026","2/2/2026","2/3/2026","U","U 2/13/2026 Call $32.00","BTO","2","$1.40","($280.08)"
"2/2/2026","2/2/2026","2/3/2026","TSLA","TSLA 2/2/2026 Put $422.50","STC","2","$0.80","$159.91"
"2/2/2026","2/2/2026","2/3/2026","TSLA","TSLA 2/2/2026 Put $422.50","STC","3","$1.00","$299.87"
"2/2/2026","2/2/2026","2/3/2026","TSLA","TSLA 2/2/2026 Put $422.50","BTO","5","$0.38","($190.20)"
"2/2/2026","2/2/2026","2/3/2026","PLTR","PLTR 2/20/2026 Put $130.00","STC","2","$2.40","$479.91"
"1/30/2026","1/30/2026","2/2/2026","PLTR","PLTR 2/20/2026 Put $130.00","BTO","2","$3.05","($610.08)"
"1/30/2026","1/30/2026","2/2/2026","ASTS","ASTS 1/30/2026 Call $113.00","STC","3","$1.42","$425.87"
"1/30/2026","1/30/2026","2/2/2026","ASTS","ASTS 1/30/2026 Call $113.00","STC","1","$1.60","$159.95"
"1/30/2026","1/30/2026","2/2/2026","ASTS","ASTS 1/30/2026 Call $113.00","BTO","4","$0.80","($320.16)"
"1/30/2026","1/30/2026","2/2/2026","RBLX","RBLX 2/20/2026 Put $60.00","STC","1","$3.20","$319.95"
"1/30/2026","1/30/2026","2/2/2026","SPY","SPY 1/30/2026 Put $687.00","STC","3","$0.35","$104.87"
"1/30/2026","1/30/2026","2/2/2026","TSLA","TSLA 1/30/2026 Put $430.00","STC","4","$0.80","$319.83"
"1/30/2026","1/30/2026","2/2/2026","SPY","SPY 1/30/2026 Put $687.00","STC","2","$0.85","$169.91"
"1/30/2026","1/30/2026","2/2/2026","SPY","SPY 1/30/2026 Put $687.00","STC","3","$0.70","$209.87"
"1/30/2026","1/30/2026","2/2/2026","TSLA","TSLA 1/30/2026 Put $430.00","BTO","4","$1.02","($408.16)"
"1/30/2026","1/30/2026","2/2/2026","SOFI","SOFI 2/13/2026 Put $23.50","STC","2","$1.28","$255.91"
"1/30/2026","1/30/2026","2/2/2026","SPY","SPY 1/30/2026 Put $687.00","BTO","3","$0.23","($69.12)"
"1/30/2026","1/30/2026","2/2/2026","SPY","SPY 1/30/2026 Put $687.00","BTO","5","$0.37","($185.20)"
"1/30/2026","1/30/2026","2/2/2026","RBLX","RBLX 2/20/2026 Put $60.00","BTO","2","$2.95","($590.08)"
"1/30/2026","1/30/2026","2/2/2026","SOFI","SOFI 2/13/2026 Put $23.50","STC","1","$1.15","$114.95"
"1/30/2026","1/30/2026","2/2/2026","SOFI","SOFI 2/13/2026 Put $23.50","STC","1","$1.18","$117.95"
"1/30/2026","1/30/2026","2/2/2026","CVNA","CVNA 1/30/2026 Put $400.00","STC","1","$4.00","$399.95"
"1/30/2026","1/30/2026","2/2/2026","CVNA","CVNA 1/30/2026 Put $400.00","STC","1","$2.85","$284.95"
"1/30/2026","1/30/2026","2/2/2026","CVNA","CVNA 1/30/2026 Put $400.00","STC","1","$2.25","$224.95"
"1/30/2026","1/30/2026","2/2/2026","CVNA","CVNA 1/30/2026 Put $400.00","BTO","3","$1.80","($540.12)"
"1/30/2026","1/30/2026","2/2/2026","SOFI","SOFI 2/13/2026 Put $23.50","BTO","4","$0.85","($340.16)"
"1/30/2026","1/30/2026","2/2/2026","SNDK","SNDK 1/30/2026 Put $610.00","STC","1","$7.20","$719.95"
"1/30/2026","1/30/2026","2/2/2026","SNDK","SNDK 1/30/2026 Put $610.00","STC","1","$7.70","$769.95"
"1/30/2026","1/30/2026","2/2/2026","SNDK","SNDK 1/30/2026 Put $610.00","BTO","2","$7.00","($1,400.08)"
"1/29/2026","1/29/2026","1/30/2026","SLV","SLV 1/30/2026 Call $106.00","STC","3","$2.05","$614.87"
"1/29/2026","1/29/2026","1/30/2026","SPY","SPY 1/29/2026 Call $690.00","STC","2","$1.59","$317.91"
"1/29/2026","1/29/2026","1/30/2026","SLV","SLV 1/30/2026 Call $106.00","BTO","3","$2.27","($681.12)"
"1/29/2026","1/29/2026","1/30/2026","SPY","SPY 1/29/2026 Call $690.00","STC","1","$1.80","$179.95"
"1/29/2026","1/29/2026","1/30/2026","SPY","SPY 1/29/2026 Call $690.00","STC","1","$1.75","$174.95"
"1/29/2026","1/29/2026","1/30/2026","SPY","SPY 1/29/2026 Call $690.00","STC","1","$1.50","$149.95"
"1/29/2026","1/29/2026","1/30/2026","SPY","SPY 1/29/2026 Call $690.00","STC","2","$1.27","$253.91"
"1/29/2026","1/29/2026","1/30/2026","SPY","SPY 1/29/2026 Call $690.00","STC","3","$1.31","$392.87"
"1/29/2026","1/29/2026","1/30/2026","SPY","SPY 1/29/2026 Call $690.00","BTO","5","$1.06","($530.20)"
"1/29/2026","1/29/2026","1/30/2026","SPY","SPY 1/29/2026 Call $690.00","BTO","5","$1.06","($530.20)"
"1/29/2026","1/29/2026","1/30/2026","SPY","SPY 1/29/2026 Call $689.00","STC","8","$1.15","$919.65"
"1/29/2026","1/29/2026","1/30/2026","MU","MU 1/30/2026 Call $450.00","STC","2","$2.50","$499.91"
"1/29/2026","1/29/2026","1/30/2026","MU","MU 1/30/2026 Call $450.00","STC","1","$2.80","$279.95"
"1/29/2026","1/29/2026","1/30/2026","SPY","SPY 1/29/2026 Call $689.00","STC","2","$1.55","$309.91"
"1/29/2026","1/29/2026","1/30/2026","MU","MU 1/30/2026 Call $450.00","BTO","1","$2.56","($256.04)"
"1/29/2026","1/29/2026","1/30/2026","MU","MU 1/30/2026 Call $450.00","BTO","2","$2.56","($512.08)"
"1/29/2026","1/29/2026","1/30/2026","SPY","SPY 1/29/2026 Call $689.00","BTO","10","$1.36","($1,360.40)"
"1/29/2026","1/29/2026","1/30/2026","SPY","SPY 1/29/2026 Put $683.00","STC","10","$1.25","$1,249.57"
"1/29/2026","1/29/2026","1/30/2026","SPY","SPY 1/29/2026 Put $683.00","STC","5","$1.36","$679.78"
"1/29/2026","1/29/2026","1/30/2026","SPY","SPY 1/29/2026 Put $683.00","BTO","15","$1.32","($1,980.60)"
"1/29/2026","1/29/2026","1/30/2026","ORCL","ORCL 2/6/2026 Put $160.00","STC","2","$3.15","$629.91"
"1/29/2026","1/29/2026","1/30/2026","ORCL","ORCL 2/6/2026 Put $160.00","STC","1","$3.20","$319.95"
"1/29/2026","1/29/2026","1/30/2026","ORCL","ORCL 2/6/2026 Put $160.00","BTO","3","$3.10","($930.12)"
"1/28/2026","1/28/2026","1/29/2026","SLV","SLV 1/28/2026 Put $100.00","STC","10","$0.58","$579.57"
"1/28/2026","1/28/2026","1/29/2026","SLV","SLV 1/28/2026 Put $100.00","BTO","10","$0.63","($630.40)"
"1/28/2026","1/28/2026","1/29/2026","CVNA","CVNA 1/30/2026 Put $360.00","STC","2","$4.70","$939.91"
"1/28/2026","1/28/2026","1/29/2026","CVNA","CVNA 1/30/2026 Put $360.00","STC","1","$5.21","$520.95"
"1/28/2026","1/28/2026","1/29/2026","CVNA","CVNA 1/30/2026 Put $360.00","STC","1","$5.70","$569.95"
"1/28/2026","1/28/2026","1/29/2026","CVNA","CVNA 1/30/2026 Put $360.00","STC","4","$5.00","$1,999.83"
"1/28/2026","1/28/2026","1/29/2026","CVNA","CVNA 1/30/2026 Put $360.00","BTO","8","$3.50","($2,800.32)"
"1/28/2026","1/28/2026","1/29/2026","CVNA","CVNA 1/30/2026 Call $480.00","STC","2","$0.80","$159.91"
"1/28/2026","1/28/2026","1/29/2026","CVNA","CVNA 1/30/2026 Call $480.00","STC","8","$0.80","$639.65"
"1/28/2026","1/28/2026","1/29/2026","CVNA","CVNA 1/30/2026 Call $480.00","BTO","10","$1.85","($1,850.40)"
"1/28/2026","1/28/2026","1/29/2026","LYB","LyondellBasell
CUSIP: N53745100","Sell","2","$49.85","$99.71"
"1/28/2026","1/28/2026","1/29/2026","AIRS","AirSculpt Technologies
CUSIP: 009496100","Sell","150","$2.94","$440.22"
"1/28/2026","1/28/2026","1/29/2026","AGPU","Axe Compute
CUSIP: 74039M408","Sell","65","$4.67","$303.54"
"1/28/2026","1/28/2026","1/29/2026","SPY","SPY 1/28/2026 Call $698.00","STC","5","$1.04","$519.78"
"1/28/2026","1/28/2026","1/29/2026","NBIS","NBIS 1/30/2026 Call $101.00","STC","3","$2.04","$611.87"
"1/28/2026","1/28/2026","1/29/2026","AMZN","AMZN 2/4/2026 Call $250.00","STC","3","$2.35","$704.87"
"1/28/2026","1/28/2026","1/29/2026","SPY","SPY 1/28/2026 Call $698.00","BTO","5","$1.08","($540.20)"
"1/28/2026","1/28/2026","1/29/2026","NBIS","NBIS 1/30/2026 Call $101.00","BTO","3","$2.55","($765.12)"
"1/28/2026","1/28/2026","1/29/2026","PLTR","PLTR 1/30/2026 Put $160.00","STC","3","$1.41","$422.87"
"1/28/2026","1/28/2026","1/29/2026","INTC","INTC 1/30/2026 Call $50.00","STC","1","$0.58","$57.95"
"1/28/2026","1/28/2026","1/29/2026","INTC","INTC 1/30/2026 Call $50.00","STC","1","$0.58","$57.95"
"1/28/2026","1/28/2026","1/29/2026","INTC","INTC 1/30/2026 Call $50.00","STC","5","$0.58","$289.78"
"1/28/2026","1/28/2026","1/29/2026","PLTR","PLTR 1/30/2026 Put $160.00","BTO","3","$2.15","($645.12)"
"1/28/2026","1/28/2026","1/29/2026","INTC","INTC 1/30/2026 Call $50.00","BTO","7","$0.93","($651.28)"
"1/28/2026","1/28/2026","1/29/2026","CRWD","CRWD 1/30/2026 Call $500.00","STC","1","$1.45","$144.95"
"1/28/2026","1/28/2026","1/29/2026","CRWD","CRWD 1/30/2026 Call $500.00","STC","1","$1.62","$161.95"
"1/28/2026","1/28/2026","1/29/2026","CRWD","CRWD 1/30/2026 Call $500.00","STC","1","$1.75","$174.95"
"1/28/2026","1/28/2026","1/29/2026","CRWD","CRWD 1/30/2026 Call $500.00","BTO","3","$1.50","($450.12)"
"1/27/2026","1/27/2026","1/28/2026","CNC","Centene
CUSIP: 15135B101","Sell","0.139738","$41.36","$5.78"
"1/27/2026","1/27/2026","1/28/2026","CNC","Centene
CUSIP: 15135B101","Sell","10","$41.36","$413.62"
"1/27/2026","1/27/2026","1/28/2026","AMZN","AMZN 2/4/2026 Call $250.00","BTO","3","$2.35","($705.12)"
"1/27/2026","1/27/2026","1/28/2026","SPY","SPY 1/27/2026 Put $695.00","STC","15","$0.52","$779.35"
"1/27/2026","1/27/2026","1/28/2026","SPY","SPY 1/27/2026 Put $695.00","STC","7","$0.62","$433.70"
"1/27/2026","1/27/2026","1/28/2026","SPY","SPY 1/27/2026 Put $695.00","STC","2","$0.62","$123.91"
"1/27/2026","1/27/2026","1/28/2026","SPY","SPY 1/27/2026 Put $695.00","STC","1","$0.62","$61.95"
"1/27/2026","1/27/2026","1/28/2026","SPY","SPY 1/27/2026 Put $695.00","STC","3","$0.49","$146.87"
"1/27/2026","1/27/2026","1/28/2026","SPY","SPY 1/27/2026 Put $695.00","STC","1","$0.49","$48.95"
"1/27/2026","1/27/2026","1/28/2026","SPY","SPY 1/27/2026 Put $695.00","STC","1","$0.49","$48.95"
"1/27/2026","1/27/2026","1/28/2026","SPY","SPY 1/27/2026 Put $695.00","STC","10","$0.48","$479.57"
"1/27/2026","1/27/2026","1/28/2026","SPY","SPY 1/27/2026 Put $695.00","BTO","14","$0.39","($546.56)"
"1/27/2026","1/27/2026","1/28/2026","SPY","SPY 1/27/2026 Put $695.00","BTO","21","$0.39","($819.84)"
"1/27/2026","1/27/2026","1/28/2026","SPY","SPY 1/27/2026 Put $695.00","BTO","1","$0.39","($39.04)"
"1/27/2026","1/27/2026","1/28/2026","SPY","SPY 1/27/2026 Put $695.00","BTO","2","$0.39","($78.08)"
"1/27/2026","1/27/2026","1/28/2026","SPY","SPY 1/27/2026 Put $695.00","BTO","1","$0.39","($39.04)"
"1/27/2026","1/27/2026","1/28/2026","SPY","SPY 1/27/2026 Put $695.00","BTO","1","$0.39","($39.04)"
"1/27/2026","1/27/2026","1/28/2026","SLV","SLV 1/28/2026 Call $100.00","STC","12","$1.48","$1,775.48"
"1/27/2026","1/27/2026","1/28/2026","ONDS","ONDS 2/6/2026 Put $11.50","STC","1","$0.68","$67.95"
"1/27/2026","1/27/2026","1/28/2026","ONDS","ONDS 2/6/2026 Put $11.50","STC","9","$0.68","$611.61"
"1/27/2026","1/27/2026","1/28/2026","SLV","SLV 1/28/2026 Call $100.00","BTO","5","$1.55","($775.20)"
"1/27/2026","1/27/2026","1/28/2026","ONDS","ONDS 2/6/2026 Put $11.50","BTO","10","$0.67","($670.40)"
"1/27/2026","1/27/2026","1/28/2026","SLV","SLV 1/28/2026 Call $100.00","STC","3","$2.53","$758.87"
"1/27/2026","1/27/2026","1/28/2026","SLV","SLV 1/28/2026 Call $100.00","BTO","10","$2.45","($2,450.40)"
"1/27/2026","1/27/2026","1/28/2026","CRWD","CRWD 1/30/2026 Call $505.00","STC","5","$1.10","$549.78"
"1/27/2026","1/27/2026","1/28/2026","CRWD","CRWD 1/30/2026 Call $505.00","BTO","1","$1.32","($132.04)"
"1/27/2026","1/27/2026","1/28/2026","RKLB","RKLB 2/6/2026 Call $90.00","STC","2","$3.40","$679.91"
"1/27/2026","1/27/2026","1/28/2026","RKLB","RKLB 2/6/2026 Call $90.00","STC","1","$3.45","$344.95"
"1/27/2026","1/27/2026","1/28/2026","CRWD","CRWD 1/30/2026 Call $505.00","BTO","1","$1.65","($165.04)"
"1/27/2026","1/27/2026","1/28/2026","CRWD","CRWD 1/30/2026 Call $505.00","BTO","3","$2.50","($750.12)"
"1/27/2026","1/27/2026","1/28/2026","UNH","UnitedHealth
CUSIP: 91324P102","Sell","0.90839","$283.28","$257.32"
"1/27/2026","1/27/2026","1/28/2026","UNH","UnitedHealth
CUSIP: 91324P102","Sell","1","$283.28","$283.28"
"1/27/2026","1/27/2026","1/28/2026","UNH","UNH 1/30/2026 Put $265.00","STC","1","$1.38","$137.95"
"1/27/2026","1/27/2026","1/28/2026","UNH","UNH 1/30/2026 Put $265.00","STC","1","$1.63","$162.95"
"1/27/2026","1/27/2026","1/28/2026","UNH","UNH 1/30/2026 Put $265.00","STC","1","$1.84","$183.95"
"1/27/2026","1/27/2026","1/28/2026","UNH","UNH 1/30/2026 Put $265.00","BTO","3","$1.60","($480.12)"
"1/27/2026","1/27/2026","1/28/2026","RKLB","RKLB 2/6/2026 Call $90.00","BTO","3","$2.50","($750.12)"
"1/26/2026","1/26/2026","1/27/2026","AAPL","AAPL 2/4/2026 Call $260.00","STC","3","$4.05","$1,214.87"
"1/26/2026","1/26/2026","1/27/2026","SLV","SLV 2/2/2026 Put $85.00","STC","5","$2.01","$1,004.78"
"1/26/2026","1/26/2026","1/27/2026","SLV","SLV 2/2/2026 Put $85.00","BTO","2","$1.70","($340.08)"
"1/26/2026","1/26/2026","1/27/2026","SLV","SLV 2/2/2026 Put $85.00","BTO","3","$2.20","($660.12)"
"1/26/2026","1/26/2026","1/27/2026","SLV","SLV 2/4/2026 Put $83.00","STC","4","$1.84","$735.83"
"1/26/2026","1/26/2026","1/27/2026","SLV","SLV 2/4/2026 Put $83.00","STC","4","$1.88","$751.83"
"1/26/2026","1/26/2026","1/27/2026","SLV","SLV 2/4/2026 Call $120.00","STC","3","$4.50","$1,349.87"
"1/26/2026","1/26/2026","1/27/2026","SLV","SLV 2/4/2026 Put $83.00","BTO","8","$1.43","($1,144.32)"
"1/26/2026","1/26/2026","1/27/2026","SLV","SLV 2/4/2026 Call $120.00","BTO","3","$5.70","($1,710.12)"
"1/26/2026","1/26/2026","1/27/2026","RBLX","RBLX 2/6/2026 Put $70.00","STC","1","$3.90","$389.95"
"1/26/2026","1/26/2026","1/27/2026","RBLX","RBLX 2/6/2026 Put $70.00","STC","1","$3.90","$389.95"
"1/26/2026","1/26/2026","1/27/2026","SLV","SLV 2/4/2026 Put $90.00","STC","2","$2.67","$533.91"
"1/26/2026","1/26/2026","1/27/2026","SLV","SLV 2/4/2026 Put $90.00","STC","3","$2.52","$755.87"
"1/26/2026","1/26/2026","1/27/2026","ORCL","ORCL 1/30/2026 Put $175.00","STC","1","$1.68","$167.95"
"1/26/2026","1/26/2026","1/27/2026","ORCL","ORCL 1/30/2026 Put $175.00","STC","1","$1.68","$167.95"
"1/26/2026","1/26/2026","1/27/2026","ORCL","ORCL 1/30/2026 Put $175.00","STC","1","$1.68","$167.95"
"1/26/2026","1/26/2026","1/27/2026","AAPL","AAPL 2/4/2026 Call $260.00","BTO","3","$3.50","($1,050.12)"
"1/26/2026","1/26/2026","1/27/2026","ORCL","ORCL 1/30/2026 Put $175.00","BTO","3","$2.25","($675.12)"
"1/26/2026","1/26/2026","1/27/2026","SLV","SLV 2/4/2026 Put $90.00","BTO","5","$2.00","($1,000.20)"
"1/23/2026","1/23/2026","1/26/2026","CVNA","Option Expiration for CVNA 1/23/2026 Put $455.00","OEXP","2S","",""
"1/23/2026","1/23/2026","1/26/2026","CVNA","Option Expiration for CVNA 1/23/2026 Put $460.00","OEXP","3S","",""
"1/23/2026","1/23/2026","1/26/2026","SNDK","SNDK 1/23/2026 Call $490.00","STC","2","$1.50","$299.91"
"1/23/2026","1/23/2026","1/26/2026","SNDK","SNDK 1/23/2026 Call $490.00","BTO","2","$2.40","($480.08)"
"1/23/2026","1/23/2026","1/26/2026","CVNA","CVNA 1/23/2026 Put $455.00","BTO","2","$0.10","($20.08)"
"1/23/2026","1/23/2026","1/26/2026","MSFT","MSFT 1/23/2026 Call $470.00","STC","1","$0.84","$83.95"
"1/23/2026","1/23/2026","1/26/2026","MSFT","MSFT 1/23/2026 Call $470.00","STC","1","$1.03","$102.95"
"1/23/2026","1/23/2026","1/26/2026","MSFT","MSFT 1/23/2026 Call $470.00","STC","1","$1.03","$102.95"
"1/23/2026","1/23/2026","1/26/2026","MSFT","MSFT 1/23/2026 Call $470.00","BTO","1","$0.83","($83.04)"
"1/23/2026","1/23/2026","1/26/2026","MSFT","MSFT 1/23/2026 Call $470.00","BTO","2","$0.83","($166.08)"
"1/23/2026","1/23/2026","1/26/2026","CVNA","CVNA 1/23/2026 Put $460.00","BTO","3","$0.12","($36.12)"
"1/23/2026","1/23/2026","1/26/2026","SNDK","SNDK 1/23/2026 Put $470.00","STC","2","$3.80","$759.91"
"1/23/2026","1/23/2026","1/26/2026","SNDK","SNDK 1/23/2026 Put $470.00","STC","1","$6.00","$599.95"
"1/23/2026","1/23/2026","1/26/2026","SNDK","SNDK 1/23/2026 Put $470.00","STC","1","$4.60","$459.95"
"1/23/2026","1/23/2026","1/26/2026","SNDK","SNDK 1/23/2026 Put $470.00","BTO","4","$3.40","($1,360.16)"
"1/22/2026","1/22/2026","1/23/2026","SPY","SPY 1/22/2026 Put $687.00","STC","1","$0.09","$8.95"
"1/22/2026","1/22/2026","1/23/2026","SPY","SPY 1/22/2026 Put $687.00","STC","7","$0.09","$62.70"
"1/22/2026","1/22/2026","1/23/2026","SPY","SPY 1/22/2026 Put $687.00","STC","2","$0.09","$17.91"
"1/22/2026","1/22/2026","1/23/2026","SPY","SPY 1/22/2026 Put $687.00","STC","11","$0.09","$98.52"
"1/22/2026","1/22/2026","1/23/2026","SPY","SPY 1/22/2026 Put $687.00","STC","9","$0.09","$80.61"
"1/22/2026","1/22/2026","1/23/2026","SPY","SPY 1/22/2026 Put $687.00","BTO","30","$0.29","($871.20)"
"1/22/2026","1/22/2026","1/23/2026","NVDA","NVDA 1/23/2026 Call $187.50","STC","1","$0.77","$76.95"
"1/22/2026","1/22/2026","1/23/2026","NVDA","NVDA 1/23/2026 Call $190.00","STC","1","$0.23","$22.95"
"1/22/2026","1/22/2026","1/23/2026","NVDA","NVDA 1/23/2026 Call $190.00","STC","5","$0.23","$114.78"
"1/22/2026","1/22/2026","1/23/2026","NVDA","NVDA 1/23/2026 Call $190.00","STC","2","$0.23","$45.91"
"1/22/2026","1/22/2026","1/23/2026","NVDA","NVDA 1/23/2026 Call $190.00","STC","2","$0.23","$45.91"
"1/22/2026","1/22/2026","1/23/2026","NVDA","NVDA 1/23/2026 Call $187.50","STC","1","$0.78","$77.95"
"1/22/2026","1/22/2026","1/23/2026","NVDA","NVDA 1/23/2026 Call $187.50","BTO","1","$0.89","($89.04)"
"1/22/2026","1/22/2026","1/23/2026","NVDA","NVDA 1/23/2026 Call $187.50","BTO","1","$0.89","($89.04)"
"1/22/2026","1/22/2026","1/23/2026","NVDA","NVDA 1/23/2026 Call $190.00","BTO","1","$0.28","($28.04)"
"1/22/2026","1/22/2026","1/23/2026","NVDA","NVDA 1/23/2026 Call $190.00","BTO","9","$0.28","($252.36)"
"1/22/2026","1/22/2026","1/23/2026","RBLX","RBLX 2/6/2026 Put $70.00","BTO","2","$4.15","($830.08)"
"1/22/2026","1/22/2026","1/23/2026","DDOG","DDOG 1/30/2026 Call $135.00","STC","4","$2.35","$939.83"
"1/22/2026","1/22/2026","1/23/2026","CVNA","CVNA 2/6/2026 Put $430.00","STC","3","$6.10","$1,829.87"
"1/22/2026","1/22/2026","1/23/2026","DDOG","DDOG 1/30/2026 Call $135.00","BTO","4","$2.65","($1,060.16)"
"1/22/2026","1/22/2026","1/23/2026","CVNA","CVNA 2/6/2026 Put $430.00","BTO","3","$6.50","($1,950.12)"
"1/22/2026","1/22/2026","1/23/2026","SNDK","SNDK 1/23/2026 Put $450.00","STC","1","$5.50","$549.95"
"1/22/2026","1/22/2026","1/23/2026","SNDK","SNDK 1/23/2026 Put $450.00","STC","1","$3.70","$369.95"
"1/22/2026","1/22/2026","1/23/2026","SNDK","SNDK 1/23/2026 Put $450.00","BTO","1","$3.40","($340.04)"
"1/22/2026","1/22/2026","1/23/2026","SNDK","SNDK 1/23/2026 Put $450.00","BTO","1","$3.40","($340.04)"
"1/21/2026","1/21/2026","1/22/2026","SPY","SPY 1/21/2026 Put $685.00","STC","3","$0.77","$230.87"
"1/21/2026","1/21/2026","1/22/2026","SPY","SPY 1/21/2026 Put $685.00","STC","3","$0.78","$233.87"
"1/21/2026","1/21/2026","1/22/2026","SPY","SPY 1/21/2026 Put $685.00","BTO","6","$0.45","($270.24)"
"1/21/2026","1/21/2026","1/22/2026","ASTS","ASTS 1/23/2026 Call $108.00","STC","6","$2.30","$1,379.74"
"1/21/2026","1/21/2026","1/22/2026","ASTS","ASTS 1/23/2026 Call $108.00","BTO","6","$2.90","($1,740.24)"
"1/21/2026","1/21/2026","1/22/2026","SPY","SPY 1/22/2026 Call $690.00","STC","1","$1.07","$106.95"
"1/21/2026","1/21/2026","1/22/2026","SPY","SPY 1/22/2026 Call $690.00","STC","2","$1.24","$247.91"
"1/21/2026","1/21/2026","1/22/2026","SPY","SPY 1/22/2026 Call $690.00","STC","5","$1.15","$574.78"
"1/21/2026","1/21/2026","1/22/2026","SPY","SPY 1/22/2026 Call $690.00","STC","1","$1.15","$114.95"
"1/21/2026","1/21/2026","1/22/2026","SPY","SPY 1/22/2026 Call $690.00","STC","1","$1.15","$114.95"
"1/21/2026","1/21/2026","1/22/2026","SPY","SPY 1/22/2026 Call $690.00","BTO","10","$0.71","($710.40)"
"1/21/2026","1/21/2026","1/22/2026","PLTR","PLTR 2/6/2026 Put $150.00","STC","2","$4.05","$809.91"
"1/21/2026","1/21/2026","1/22/2026","SPY","SPY 1/21/2026 Put $679.00","STC","2","$1.32","$263.91"
"1/21/2026","1/21/2026","1/22/2026","SPY","SPY 1/21/2026 Put $679.00","STC","3","$1.71","$512.87"
"1/21/2026","1/21/2026","1/22/2026","SPY","SPY 1/21/2026 Put $679.00","STC","5","$1.81","$904.78"
"1/21/2026","1/21/2026","1/22/2026","SPY","SPY 1/21/2026 Put $679.00","STC","10","$1.30","$1,299.57"
"1/21/2026","1/21/2026","1/22/2026","PLTR","PLTR 2/6/2026 Put $150.00","BTO","1","$4.89","($489.04)"
"1/21/2026","1/21/2026","1/22/2026","PLTR","PLTR 2/6/2026 Put $150.00","BTO","1","$4.89","($489.04)"
"1/21/2026","1/21/2026","1/22/2026","SPY","SPY 1/21/2026 Put $679.00","BTO","20","$0.69","($1,380.80)"
"1/21/2026","1/21/2026","1/22/2026","CVNA","CVNA 2/6/2026 Put $380.00","STC","3","$2.70","$809.87"
"1/21/2026","1/21/2026","1/22/2026","SLV","SLV 1/21/2026 Put $83.50","STC","20","$0.12","$239.13"
"1/21/2026","1/21/2026","1/22/2026","CVNA","CVNA 2/6/2026 Put $380.00","BTO","1","$2.69","($269.04)"
"1/21/2026","1/21/2026","1/22/2026","CVNA","CVNA 2/6/2026 Put $380.00","BTO","2","$2.69","($538.08)"
"1/21/2026","1/21/2026","1/22/2026","SLV","SLV 1/21/2026 Put $83.50","BTO","18","$0.65","($1,170.72)"
"1/21/2026","1/21/2026","1/22/2026","SLV","SLV 1/21/2026 Put $83.50","BTO","2","$0.65","($130.08)"
"1/21/2026","1/21/2026","1/22/2026","SNDK","SNDK 1/23/2026 Put $390.00","STC","2","$1.50","$299.91"
"1/21/2026","1/21/2026","1/22/2026","SNDK","SNDK 1/23/2026 Put $390.00","STC","1","$2.00","$199.95"
"1/21/2026","1/21/2026","1/22/2026","SNDK","SNDK 1/23/2026 Put $390.00","STC","2","$1.65","$329.91"
"1/21/2026","1/21/2026","1/22/2026","SNDK","SNDK 1/23/2026 Put $390.00","BTO","5","$1.35","($675.20)"
"1/20/2026","1/20/2026","1/21/2026","SNDK","SNDK 1/23/2026 Put $390.00","STC","9","$2.05","$1,844.61"
"1/20/2026","1/20/2026","1/21/2026","AIRS","AirSculpt Technologies
CUSIP: 009496100","Buy","150","$2.83","($424.29)"
"1/20/2026","1/20/2026","1/21/2026","NBIS","NBIS 1/30/2026 Call $115.00","STC","3","$2.59","$776.87"
"1/20/2026","1/20/2026","1/21/2026","SNDK","SNDK 1/23/2026 Put $390.00","BTO","1","$2.60","($260.04)"
"1/20/2026","1/20/2026","1/21/2026","NBIS","NBIS 1/30/2026 Call $115.00","STC","2","$2.67","$533.91"
"1/20/2026","1/20/2026","1/21/2026","SNDK","SNDK 1/23/2026 Put $390.00","BTO","4","$2.66","($1,064.16)"
"1/20/2026","1/20/2026","1/21/2026","SNDK","SNDK 1/23/2026 Put $390.00","BTO","4","$2.66","($1,064.16)"
"1/20/2026","1/20/2026","1/21/2026","GOOG","GOOG 1/23/2026 Call $330.00","STC","5","$2.57","$1,284.78"
"1/20/2026","1/20/2026","1/21/2026","NBIS","NBIS 1/30/2026 Call $115.00","BTO","5","$2.55","($1,275.20)"
"1/20/2026","1/20/2026","1/21/2026","GOOG","GOOG 1/23/2026 Call $330.00","BTO","5","$3.05","($1,525.20)"
"1/20/2026","1/20/2026","1/21/2026","NBIS","NBIS 1/30/2026 Call $115.00","STC","3","$2.30","$689.87"
"1/20/2026","1/20/2026","1/21/2026","GOOG","GOOG 1/30/2026 Call $337.50","STC","3","$2.27","$680.87"
"1/20/2026","1/20/2026","1/21/2026","INTC","INTC 2/6/2026 Call $50.00","STC","1","$3.30","$329.95"
"1/20/2026","1/20/2026","1/21/2026","GOOG","GOOG 1/30/2026 Call $337.50","BTO","3","$2.69","($807.12)"
"1/20/2026","1/20/2026","1/21/2026","GOOG","GOOG 1/30/2026 Call $335.00","STC","3","$2.95","$884.87"
"1/20/2026","1/20/2026","1/21/2026","INTC","INTC 2/6/2026 Call $50.00","STC","2","$2.90","$579.91"
"1/20/2026","1/20/2026","1/21/2026","GOOG","GOOG 1/30/2026 Call $335.00","BTO","3","$2.82","($846.12)"
"1/20/2026","1/20/2026","1/21/2026","INTC","INTC 2/6/2026 Call $50.00","BTO","3","$2.50","($750.12)"
"1/20/2026","1/20/2026","1/21/2026","U","U 1/23/2026 Put $37.00","STC","8","$0.30","$239.65"
"1/16/2026","1/16/2026","1/20/2026","MSFT","MSFT 1/16/2026 Call $462.50","STC","5","$0.95","$474.78"
"1/16/2026","1/16/2026","1/20/2026","MSFT","MSFT 1/16/2026 Call $462.50","BTO","5","$1.06","($530.20)"
"1/16/2026","1/16/2026","1/20/2026","CVNA","CVNA 1/16/2026 Put $452.50","STC","2","$1.90","$379.91"
"1/16/2026","1/16/2026","1/20/2026","CVNA","CVNA 1/16/2026 Put $452.50","STC","1","$1.24","$123.95"
"1/16/2026","1/16/2026","1/20/2026","CVNA","CVNA 1/16/2026 Put $452.50","BTO","3","$0.85","($255.12)"
"1/16/2026","1/16/2026","1/20/2026","SNDK","SNDK 1/16/2026 Put $395.00","STC","3","$1.75","$524.87"
"1/16/2026","1/16/2026","1/20/2026","SNDK","SNDK 1/16/2026 Put $395.00","BTO","1","$2.00","($200.04)"
"1/16/2026","1/16/2026","1/20/2026","SNDK","SNDK 1/16/2026 Put $395.00","BTO","1","$2.00","($200.04)"
"1/16/2026","1/16/2026","1/20/2026","SNDK","SNDK 1/16/2026 Put $395.00","BTO","1","$2.00","($200.04)"
"1/16/2026","1/16/2026","1/20/2026","RKLB","RKLB 1/30/2026 Call $105.00","STC","1","$3.20","$319.95"
"1/16/2026","1/16/2026","1/20/2026","SNDK","SNDK 1/16/2026 Put $395.00","STC","8","$1.75","$1,399.65"
"1/16/2026","1/16/2026","1/20/2026","SNDK","SNDK 1/16/2026 Put $395.00","BTO","2","$1.00","($200.08)"
"1/16/2026","1/16/2026","1/20/2026","SNDK","SNDK 1/16/2026 Put $395.00","BTO","1","$1.00","($100.04)"
"1/16/2026","1/16/2026","1/20/2026","SNDK","SNDK 1/16/2026 Put $395.00","BTO","2","$1.95","($390.08)"
"1/16/2026","1/16/2026","1/20/2026","SNDK","SNDK 1/16/2026 Put $395.00","BTO","1","$2.29","($229.04)"
"1/16/2026","1/16/2026","1/20/2026","SNDK","SNDK 1/16/2026 Put $395.00","BTO","1","$2.29","($229.04)"
"1/16/2026","1/16/2026","1/20/2026","SNDK","SNDK 1/16/2026 Put $395.00","BTO","1","$2.30","($230.04)"
"1/16/2026","1/16/2026","1/20/2026","SNDK","SNDK 1/16/2026 Call $420.00","STC","2","$1.75","$349.91"
"1/16/2026","1/16/2026","1/20/2026","SNDK","SNDK 1/16/2026 Call $420.00","BTO","1","$2.90","($290.04)"
"1/16/2026","1/16/2026","1/20/2026","SNDK","SNDK 1/16/2026 Call $420.00","BTO","1","$2.90","($290.04)"
"1/16/2026","1/16/2026","1/20/2026","SNDK","SNDK 1/16/2026 Put $395.00","STC","3","$0.60","$179.87"
"1/16/2026","1/16/2026","1/20/2026","SLV","SLV 1/21/2026 Put $78.50","STC","2","$2.20","$439.91"
"1/16/2026","1/16/2026","1/20/2026","SNDK","SNDK 1/16/2026 Put $395.00","BTO","3","$1.85","($555.12)"
"1/16/2026","1/16/2026","1/20/2026","SLV","SLV 1/21/2026 Put $78.50","STC","1","$2.58","$257.95"
"1/16/2026","1/16/2026","1/20/2026","SLV","SLV 1/21/2026 Put $78.50","BTO","3","$2.28","($684.12)"
"1/16/2026","1/16/2026","1/20/2026","APP","APP 1/16/2026 Put $580.00","STC","1","$3.60","$359.95"
"1/16/2026","1/16/2026","1/20/2026","CVNA","CVNA 1/16/2026 Put $452.50","STC","2","$1.80","$359.91"
"1/16/2026","1/16/2026","1/20/2026","APP","APP 1/16/2026 Put $580.00","STC","1","$5.10","$509.95"
"1/16/2026","1/16/2026","1/20/2026","APP","APP 1/16/2026 Put $580.00","STC","1","$5.00","$499.95"
"1/16/2026","1/16/2026","1/20/2026","APP","APP 1/16/2026 Put $580.00","STC","2","$4.70","$939.91"
"1/16/2026","1/16/2026","1/20/2026","CVNA","CVNA 1/16/2026 Put $452.50","BTO","2","$2.70","($540.08)"
"1/16/2026","1/16/2026","1/20/2026","RKLB","RKLB 1/30/2026 Call $105.00","BTO","1","$3.70","($370.04)"
"1/16/2026","1/16/2026","1/20/2026","APP","APP 1/16/2026 Put $580.00","BTO","2","$3.10","($620.08)"
"1/16/2026","1/16/2026","1/20/2026","APP","APP 1/16/2026 Put $580.00","BTO","3","$4.50","($1,350.12)"
"1/16/2026","1/16/2026","1/20/2026","APP","APP 1/16/2026 Put $580.00","STC","2","$2.85","$569.91"
"1/16/2026","1/16/2026","1/20/2026","APP","APP 1/16/2026 Put $580.00","STC","1","$2.85","$284.95"
"1/16/2026","1/16/2026","1/20/2026","APP","APP 1/16/2026 Put $580.00","BTO","3","$2.80","($840.12)"
"1/16/2026","1/16/2026","1/20/2026","NBIS","NBIS 1/30/2026 Call $115.00","BTO","3","$3.20","($960.12)"
"1/15/2026","1/15/2026","1/16/2026","NBIS","NBIS 1/30/2026 Call $115.00","STC","2","$4.40","$879.91"
"1/15/2026","1/15/2026","1/16/2026","NBIS","NBIS 1/30/2026 Call $115.00","STC","1","$4.40","$439.95"
"1/15/2026","1/15/2026","1/16/2026","RKLB","RKLB 1/16/2026 Call $91.00","STC","2","$2.20","$439.91"
"1/15/2026","1/15/2026","1/16/2026","RKLB","RKLB 1/16/2026 Call $91.00","STC","1","$2.40","$239.95"
"1/15/2026","1/15/2026","1/16/2026","RKLB","RKLB 1/16/2026 Call $91.00","STC","2","$2.22","$443.91"
"1/15/2026","1/15/2026","1/16/2026","RKLB","RKLB 1/16/2026 Call $91.00","BTO","5","$2.15","($1,075.20)"
"1/15/2026","1/15/2026","1/16/2026","TSM","TSM 1/16/2026 Put $340.00","STC","1","$1.65","$164.95"
"1/15/2026","1/15/2026","1/16/2026","SPOT","SPOT 1/16/2026 Put $500.00","STC","5","$1.41","$704.78"
"1/15/2026","1/15/2026","1/16/2026","TSM","TSM 1/16/2026 Put $340.00","STC","1","$1.59","$158.95"
"1/15/2026","1/15/2026","1/16/2026","TSM","TSM 1/16/2026 Put $340.00","STC","1","$1.47","$146.95"
"1/15/2026","1/15/2026","1/16/2026","TSM","TSM 1/16/2026 Put $340.00","BTO","3","$1.32","($396.12)"
"1/15/2026","1/15/2026","1/16/2026","SPOT","SPOT 1/16/2026 Put $500.00","BTO","2","$1.80","($360.08)"
"1/15/2026","1/15/2026","1/16/2026","SPOT","SPOT 1/16/2026 Put $500.00","BTO","3","$1.95","($585.12)"
"1/15/2026","1/15/2026","1/16/2026","LLY","LLY 1/16/2026 Put $990.00","STC","1","$0.80","$79.95"
"1/15/2026","1/15/2026","1/16/2026","LLY","LLY 1/16/2026 Put $990.00","STC","3","$0.80","$239.87"
"1/15/2026","1/15/2026","1/16/2026","LLY","LLY 1/16/2026 Put $990.00","BTO","1","$1.20","($120.04)"
"1/15/2026","1/15/2026","1/16/2026","TEM","TEM 1/16/2026 Call $75.00","STC","2","$0.47","$93.91"
"1/15/2026","1/15/2026","1/16/2026","TEM","TEM 1/16/2026 Call $75.00","STC","1","$0.57","$56.95"
"1/15/2026","1/15/2026","1/16/2026","TEM","TEM 1/16/2026 Call $75.00","STC","1","$0.61","$60.95"
"1/15/2026","1/15/2026","1/16/2026","TEM","TEM 1/16/2026 Call $75.00","STC","4","$0.39","$155.83"
"1/15/2026","1/15/2026","1/16/2026","LLY","LLY 1/16/2026 Put $990.00","BTO","3","$1.70","($510.12)"
"1/15/2026","1/15/2026","1/16/2026","CVNA","CVNA 1/16/2026 Put $445.00","STC","2","$1.55","$309.91"
"1/15/2026","1/15/2026","1/16/2026","CVNA","CVNA 1/16/2026 Put $445.00","STC","1","$1.55","$154.95"
"1/15/2026","1/15/2026","1/16/2026","NBIS","NBIS 1/30/2026 Call $115.00","STC","1","$3.30","$329.95"
"1/15/2026","1/15/2026","1/16/2026","TEM","TEM 1/16/2026 Call $75.00","BTO","8","$0.35","($280.32)"
"1/15/2026","1/15/2026","1/16/2026","CVNA","CVNA 1/16/2026 Put $445.00","BTO","3","$2.05","($615.12)"
"1/15/2026","1/15/2026","1/16/2026","LLY","LLY 1/16/2026 Put $990.00","STC","3","$1.65","$494.87"
"1/15/2026","1/15/2026","1/16/2026","TSM","TSM 1/16/2026 Put $342.50","STC","2","$1.93","$385.91"
"1/15/2026","1/15/2026","1/16/2026","TSM","TSM 1/16/2026 Put $342.50","STC","1","$2.15","$214.95"
"1/15/2026","1/15/2026","1/16/2026","LLY","LLY 1/16/2026 Put $990.00","BTO","3","$2.55","($765.12)"
"1/15/2026","1/15/2026","1/16/2026","TSM","TSM 1/16/2026 Put $342.50","BTO","3","$1.73","($519.12)"
"1/15/2026","1/15/2026","1/16/2026","LLY","LLY 1/16/2026 Put $990.00","STC","3","$2.00","$599.87"
"1/15/2026","1/15/2026","1/16/2026","LLY","LLY 1/16/2026 Put $990.00","STC","2","$2.80","$559.91"
"1/15/2026","1/15/2026","1/16/2026","LLY","LLY 1/16/2026 Put $990.00","BTO","5","$1.50","($750.20)"
"1/15/2026","1/15/2026","1/16/2026","NBIS","NBIS 1/30/2026 Call $115.00","BTO","1","$3.10","($310.04)"
"1/15/2026","1/15/2026","1/16/2026","GLD","GLD 1/30/2026 Put $410.00","STC","3","$2.20","$659.87"
"1/15/2026","1/15/2026","1/16/2026","SPY","SPDR S&P 500 ETF Trust
CUSIP: 78462F103","Buy","0.5","$693.32","($346.66)"
"1/15/2026","1/15/2026","1/16/2026","AGPU","Axe Compute
CUSIP: 74039M408","Buy","65","$7.93","($515.38)"
"1/14/2026","1/14/2026","1/15/2026","GLD","GLD 1/14/2026 Put $426.00","STC","10","$0.23","$229.57"
"1/14/2026","1/14/2026","1/15/2026","GLD","GLD 1/14/2026 Put $426.00","BTO","10","$0.40","($400.40)"
"1/14/2026","1/14/2026","1/15/2026","SLV","SLV 1/14/2026 Put $83.50","STC","10","$0.35","$349.57"
"1/14/2026","1/14/2026","1/15/2026","SLV","SLV 1/14/2026 Put $83.50","BTO","4","$0.37","($148.16)"
"1/14/2026","1/14/2026","1/15/2026","SLV","SLV 1/14/2026 Put $83.50","BTO","6","$0.37","($222.24)"
"1/14/2026","1/14/2026","1/15/2026","GLD","GLD 1/14/2026 Put $426.00","STC","10","$0.36","$359.57"
"1/14/2026","1/14/2026","1/15/2026","GLD","GLD 1/30/2026 Put $410.00","BTO","3","$2.37","($711.12)"
"1/14/2026","1/14/2026","1/15/2026","GLD","GLD 1/14/2026 Put $426.00","BTO","10","$0.54","($540.40)"
"1/14/2026","1/14/2026","1/15/2026","SPY","SPY 1/14/2026 Call $688.00","STC","2","$0.68","$135.91"
"1/14/2026","1/14/2026","1/15/2026","NBIS","NBIS 1/30/2026 Call $115.00","STC","2","$3.15","$629.91"
"1/14/2026","1/14/2026","1/15/2026","SPY","SPY 1/14/2026 Call $688.00","STC","2","$0.65","$129.91"
"1/14/2026","1/14/2026","1/15/2026","SPY","SPY 1/14/2026 Call $688.00","STC","1","$0.63","$62.95"
"1/14/2026","1/14/2026","1/15/2026","SPY","SPY 1/14/2026 Call $688.00","BTO","5","$0.44","($220.20)"
"1/14/2026","1/14/2026","1/15/2026","LYB","LyondellBasell
CUSIP: N53745100","Sell","2","$52.05","$104.10"
"1/14/2026","1/14/2026","1/15/2026","U","U 1/23/2026 Put $37.00","BTO","8","$0.25","($200.32)"
"1/14/2026","1/14/2026","1/15/2026","NBIS","NBIS 1/30/2026 Call $115.00","BTO","2","$2.92","($584.08)"
"1/14/2026","1/14/2026","1/15/2026","NBIS","NBIS 1/30/2026 Call $115.00","BTO","3","$2.92","($876.12)"
"1/14/2026","1/14/2026","1/15/2026","COIN","COIN 1/16/2026 Call $270.00","STC","2","$2.95","$589.91"
"1/14/2026","1/14/2026","1/15/2026","COIN","COIN 1/16/2026 Call $270.00","STC","1","$2.95","$294.95"
"1/14/2026","1/14/2026","1/15/2026","COIN","COIN 1/16/2026 Call $270.00","BTO","3","$2.91","($873.12)"
"1/14/2026","1/14/2026","1/15/2026","APP","APP 1/16/2026 Put $590.00","STC","2","$6.50","$1,299.91"
"1/14/2026","1/14/2026","1/15/2026","APP","APP 1/16/2026 Put $590.00","STC","1","$6.20","$619.95"
"1/14/2026","1/14/2026","1/15/2026","APP","APP 1/16/2026 Put $590.00","BTO","3","$5.80","($1,740.12)"
"1/14/2026","1/14/2026","1/15/2026","APP","APP 1/16/2026 Put $600.00","STC","1","$4.80","$479.95"
"1/14/2026","1/14/2026","1/15/2026","APP","APP 1/16/2026 Put $600.00","STC","1","$4.80","$479.95"
"1/14/2026","1/14/2026","1/15/2026","APP","APP 1/16/2026 Put $600.00","STC","1","$5.40","$539.95"
"1/14/2026","1/14/2026","1/15/2026","APP","APP 1/16/2026 Put $600.00","BTO","3","$4.80","($1,440.12)"
"1/13/2026","1/13/2026","1/14/2026","SLV","SLV 1/14/2026 Put $76.50","STC","5","$0.60","$299.78"
"1/13/2026","1/13/2026","1/14/2026","SPY","SPY 1/14/2026 Put $688.00","STC","5","$0.54","$269.78"
"1/13/2026","1/13/2026","1/14/2026","SLV","SLV 1/14/2026 Put $76.50","BTO","5","$0.80","($400.20)"
"1/13/2026","1/13/2026","1/14/2026","SPY","SPY 1/14/2026 Put $688.00","BTO","5","$0.91","($455.20)"
"1/13/2026","1/13/2026","1/14/2026","COIN","COIN 1/16/2026 Call $260.00","STC","4","$3.30","$1,319.83"
"1/13/2026","1/13/2026","1/14/2026","COIN","COIN 1/16/2026 Call $260.00","BTO","4","$3.30","($1,320.16)"
"1/13/2026","1/13/2026","1/14/2026","NBIS","NBIS 1/30/2026 Call $130.00","STC","2","$1.47","$293.91"
"1/13/2026","1/13/2026","1/14/2026","HON","HON 2/13/2026 Call $225.00","STC","3","$1.70","$509.87"
"1/13/2026","1/13/2026","1/14/2026","SLV","SLV 1/14/2026 Put $76.00","STC","5","$0.53","$264.78"
"1/13/2026","1/13/2026","1/14/2026","SLV","SLV 1/14/2026 Put $76.00","BTO","3","$0.50","($150.12)"
"1/13/2026","1/13/2026","1/14/2026","AMZN","AMZN 1/16/2026 Call $250.00","STC","4","$0.88","$351.83"
"1/13/2026","1/13/2026","1/14/2026","NRG","NRG 2/20/2026 Call $170.00","STC","3","$1.95","$584.87"
"1/13/2026","1/13/2026","1/14/2026","AMD","AMD 1/16/2026 Call $225.00","STC","4","$3.30","$1,319.83"
"1/13/2026","1/13/2026","1/14/2026","GOOG","GOOG 1/16/2026 Call $340.00","STC","2","$3.37","$673.91"
"1/13/2026","1/13/2026","1/14/2026","GOOG","GOOG 1/16/2026 Call $340.00","BTO","2","$3.60","($720.08)"
"1/13/2026","1/13/2026","1/14/2026","AMZN","AMZN 1/16/2026 Call $250.00","BTO","1","$0.78","($78.04)"
"1/13/2026","1/13/2026","1/14/2026","AMZN","AMZN 1/16/2026 Call $250.00","BTO","3","$0.78","($234.12)"
"1/13/2026","1/13/2026","1/14/2026","SPY","SPY 1/13/2026 Call $694.00","STC","3","$0.76","$227.87"
"1/13/2026","1/13/2026","1/14/2026","TEM","TEM 1/23/2026 Call $75.00","STC","3","$0.57","$170.87"
"1/13/2026","1/13/2026","1/14/2026","SPY","SPY 1/13/2026 Call $694.00","STC","7","$0.85","$594.70"
"1/13/2026","1/13/2026","1/14/2026","SPY","SPY 1/13/2026 Call $694.00","BTO","5","$0.78","($390.20)"
"1/13/2026","1/13/2026","1/14/2026","SPY","SPY 1/13/2026 Call $694.00","BTO","5","$0.79","($395.20)"
"1/13/2026","1/13/2026","1/14/2026","SPY","SPY 1/13/2026 Call $694.00","STC","5","$0.81","$404.78"
"1/13/2026","1/13/2026","1/14/2026","SPY","SPY 1/13/2026 Call $694.00","STC","5","$0.81","$404.78"
"1/13/2026","1/13/2026","1/14/2026","SPY","SPY 1/13/2026 Call $694.00","STC","1","$0.78","$77.95"
"1/13/2026","1/13/2026","1/14/2026","SPY","SPY 1/13/2026 Call $694.00","STC","1","$0.78","$77.95"
"1/13/2026","1/13/2026","1/14/2026","SPY","SPY 1/13/2026 Call $694.00","STC","3","$0.78","$233.87"
"1/13/2026","1/13/2026","1/14/2026","SPY","SPY 1/13/2026 Call $694.00","BTO","15","$0.74","($1,110.60)"
"1/13/2026","1/13/2026","1/14/2026","FIG","Figma
CUSIP: 316841105","Sell","0.952874","$34.01","$32.41"
"1/13/2026","1/13/2026","1/14/2026","FIG","Figma
CUSIP: 316841105","Sell","9","$34.01","$306.12"
"1/13/2026","1/13/2026","1/14/2026","NRG","NRG 2/20/2026 Call $170.00","BTO","1","$2.60","($260.04)"
"1/13/2026","1/13/2026","1/14/2026","SPY","SPY 1/13/2026 Call $694.00","STC","2","$0.72","$143.91"
"1/13/2026","1/13/2026","1/14/2026","SPY","SPY 1/13/2026 Call $694.00","STC","3","$0.71","$212.87"
"1/13/2026","1/13/2026","1/14/2026","SPY","SPY 1/13/2026 Call $694.00","STC","5","$0.71","$354.78"
"1/13/2026","1/13/2026","1/14/2026","SPY","SPY 1/13/2026 Call $694.00","STC","10","$0.81","$809.57"
"1/13/2026","1/13/2026","1/14/2026","SPY","SPY 1/13/2026 Call $694.00","BTO","20","$0.72","($1,440.80)"
"1/13/2026","1/13/2026","1/14/2026","AMD","AMD 1/16/2026 Call $225.00","BTO","4","$3.35","($1,340.16)"
"1/12/2026","1/12/2026","1/13/2026","NBIS","NBIS 1/30/2026 Call $130.00","STC","1","$2.15","$214.95"
"1/12/2026","1/12/2026","1/13/2026","TEM","TEM 1/23/2026 Call $75.00","BTO","3","$1.38","($414.12)"
"1/12/2026","1/12/2026","1/13/2026","TBMC","Trailblazer Merger
CUSIP: 89278D109","Sell","15","$12.50","$187.50"
"1/12/2026","1/12/2026","1/13/2026","NRG","NRG 2/20/2026 Call $170.00","BTO","2","$1.80","($360.08)"
"1/12/2026","1/12/2026","1/13/2026","HON","HON 2/13/2026 Call $225.00","STC","1","$1.40","$139.95"
"1/12/2026","1/12/2026","1/13/2026","SLV","SLV 1/14/2026 Put $76.00","STC","1","$1.37","$136.95"
"1/12/2026","1/12/2026","1/13/2026","NBIS","NBIS 1/30/2026 Call $130.00","STC","1","$2.34","$233.95"
"1/12/2026","1/12/2026","1/13/2026","SLV","SLV 1/14/2026 Put $76.00","BTO","3","$1.21","($363.12)"
"1/12/2026","1/12/2026","1/13/2026","NBIS","NBIS 1/30/2026 Call $130.00","BTO","4","$2.20","($880.16)"
"1/12/2026","1/12/2026","1/13/2026","RKLB","RKLB 1/16/2026 Call $88.00","STC","2","$3.25","$649.91"
"1/12/2026","1/12/2026","1/13/2026","RKLB","RKLB 1/16/2026 Call $88.00","STC","2","$3.25","$649.91"
"1/12/2026","1/12/2026","1/13/2026","RKLB","RKLB 1/16/2026 Call $88.00","STC","1","$3.25","$324.95"
"1/12/2026","1/12/2026","1/13/2026","RKLB","RKLB 1/16/2026 Call $88.00","BTO","5","$3.35","($1,675.20)"
"1/12/2026","1/12/2026","1/13/2026","NBIS","NBIS 1/30/2026 Call $130.00","STC","1","$2.28","$227.95"
"1/12/2026","1/12/2026","1/13/2026","NBIS","NBIS 1/30/2026 Call $130.00","STC","1","$2.28","$227.95"
"1/12/2026","1/12/2026","1/13/2026","NBIS","NBIS 1/30/2026 Call $130.00","STC","1","$2.28","$227.95"
"1/12/2026","1/12/2026","1/13/2026","NBIS","NBIS 1/30/2026 Call $130.00","BTO","3","$2.27","($681.12)"
"1/12/2026","1/12/2026","1/13/2026","HON","HON 2/13/2026 Call $225.00","BTO","2","$1.35","($270.08)"
"1/12/2026","1/12/2026","1/13/2026","HON","HON 2/13/2026 Call $225.00","BTO","2","$1.35","($270.08)"
"1/12/2026","1/12/2026","1/13/2026","SPY","SPY 1/12/2026 Put $692.00","STC","10","$0.34","$339.57"
"1/12/2026","1/12/2026","1/13/2026","SPY","SPY 1/12/2026 Put $692.00","BTO","10","$0.55","($550.40)"
"1/12/2026","1/12/2026","1/13/2026","ASTS","ASTS 1/16/2026 Put $90.00","STC","3","$2.65","$794.87"
"1/12/2026","1/12/2026","1/13/2026","SPY","SPY 1/12/2026 Put $693.00","STC","10","$0.78","$779.57"
"1/12/2026","1/12/2026","1/13/2026","ASTS","ASTS 1/16/2026 Put $90.00","BTO","1","$2.05","($205.04)"
"1/12/2026","1/12/2026","1/13/2026","ASTS","ASTS 1/16/2026 Put $90.00","BTO","1","$2.05","($205.04)"
"1/12/2026","1/12/2026","1/13/2026","ASTS","ASTS 1/16/2026 Put $90.00","BTO","1","$2.05","($205.04)"
"1/12/2026","1/12/2026","1/13/2026","SPY","SPY 1/12/2026 Put $693.00","BTO","1","$0.76","($76.04)"
"1/12/2026","1/12/2026","1/13/2026","SPY","SPY 1/12/2026 Put $693.00","BTO","9","$0.76","($684.36)"
"1/12/2026","1/12/2026","1/13/2026","ASTS","ASTS 1/16/2026 Put $96.00","STC","2","$3.70","$739.91"
"1/12/2026","1/12/2026","1/13/2026","ASTS","ASTS 1/16/2026 Put $96.00","STC","1","$3.70","$369.95"
"1/12/2026","1/12/2026","1/13/2026","ASTS","ASTS 1/16/2026 Put $96.00","BTO","3","$4.00","($1,200.12)"
"1/12/2026","1/12/2026","1/13/2026","SPY","SPY 1/12/2026 Call $694.00","STC","9","$0.55","$494.61"
"1/12/2026","1/12/2026","1/13/2026","SPY","SPY 1/12/2026 Call $694.00","STC","1","$0.55","$54.95"
"1/12/2026","1/12/2026","1/13/2026","SPY","SPY 1/12/2026 Call $694.00","BTO","10","$0.48","($480.40)"
"1/12/2026","1/12/2026","1/13/2026","GOOG","GOOG 1/16/2026 Call $330.00","STC","2","$4.00","$799.91"
"1/12/2026","1/12/2026","1/13/2026","GOOG","GOOG 1/16/2026 Call $330.00","STC","1","$4.50","$449.95"
"1/12/2026","1/12/2026","1/13/2026","GOOG","GOOG 1/16/2026 Call $330.00","BTO","3","$4.30","($1,290.12)"
"1/9/2026","1/9/2026","1/12/2026","CVNA","CVNA 1/9/2026 Put $452.50","STC","4","$0.55","$219.83"
"1/9/2026","1/9/2026","1/12/2026","NVDA","NVDA 1/16/2026 Call $187.50","STC","4","$2.65","$1,059.83"
"1/9/2026","1/9/2026","1/12/2026","NVDA","NVDA 1/16/2026 Call $187.50","STC","1","$2.65","$264.95"
"1/9/2026","1/9/2026","1/12/2026","NVDA","NVDA 1/16/2026 Call $187.50","BTO","5","$2.81","($1,405.20)"
"1/9/2026","1/9/2026","1/12/2026","CVNA","CVNA 1/9/2026 Put $452.50","BTO","4","$1.35","($540.16)"
"1/9/2026","1/9/2026","1/12/2026","CVNA","CVNA 1/9/2026 Put $455.00","STC","3","$1.45","$434.87"
"1/9/2026","1/9/2026","1/12/2026","SLV","SLV 1/12/2026 Put $71.00","STC","5","$0.81","$404.78"
"1/9/2026","1/9/2026","1/12/2026","INTC","INTC 1/16/2026 Call $46.00","STC","4","$1.28","$511.83"
"1/9/2026","1/9/2026","1/12/2026","SLV","SLV 1/12/2026 Put $71.00","BTO","5","$0.91","($455.20)"
"1/9/2026","1/9/2026","1/12/2026","INTC","INTC 1/16/2026 Call $46.00","BTO","4","$1.37","($548.16)"
"1/9/2026","1/9/2026","1/12/2026","CVNA","CVNA 1/9/2026 Put $455.00","BTO","3","$1.18","($354.12)"
"1/9/2026","1/9/2026","1/12/2026","CVNA","CVNA 1/23/2026 Put $400.00","STC","4","$2.20","$879.83"
"1/9/2026","1/9/2026","1/12/2026","AVGO","AVGO 1/9/2026 Call $342.50","STC","1","$0.87","$86.95"
"1/9/2026","1/9/2026","1/12/2026","AVGO","AVGO 1/9/2026 Call $342.50","STC","1","$0.87","$86.95"
"1/9/2026","1/9/2026","1/12/2026","AVGO","AVGO 1/9/2026 Call $342.50","BTO","2","$1.15","($230.08)"
"1/9/2026","1/9/2026","1/12/2026","HAL","HAL 1/30/2026 Call $33.00","STC","1","$0.86","$85.95"
"1/9/2026","1/9/2026","1/12/2026","HAL","HAL 1/30/2026 Call $33.00","STC","1","$0.86","$85.95"
"1/9/2026","1/9/2026","1/12/2026","HAL","HAL 1/30/2026 Call $33.00","STC","2","$0.86","$171.91"
"1/9/2026","1/9/2026","1/12/2026","CAT","CAT 1/9/2026 Call $620.00","STC","2","$3.40","$679.91"
"1/9/2026","1/9/2026","1/12/2026","CAT","CAT 1/9/2026 Call $620.00","STC","1","$3.40","$339.95"
"1/9/2026","1/9/2026","1/12/2026","CAT","CAT 1/9/2026 Call $620.00","BTO","3","$2.95","($885.12)"
"1/9/2026","1/9/2026","1/12/2026","CVNA","CVNA 1/23/2026 Put $400.00","BTO","2","$2.74","($548.08)"
"1/9/2026","1/9/2026","1/12/2026","CVNA","CVNA 1/23/2026 Put $400.00","BTO","2","$2.74","($548.08)"
"1/9/2026","1/9/2026","1/12/2026","RKLB","RKLB 1/16/2026 Call $88.00","STC","2","$3.60","$719.91"
"1/9/2026","1/9/2026","1/12/2026","SNDK","SNDK 1/9/2026 Call $380.00","STC","2","$1.75","$349.91"
"1/9/2026","1/9/2026","1/12/2026","RKLB","RKLB 1/16/2026 Call $88.00","STC","1","$4.38","$437.95"
"1/9/2026","1/9/2026","1/12/2026","SNDK","SNDK 1/9/2026 Call $380.00","BTO","2","$2.10","($420.08)"
"1/9/2026","1/9/2026","1/12/2026","RKLB","RKLB 1/16/2026 Call $88.00","BTO","3","$3.55","($1,065.12)"
"1/9/2026","1/9/2026","1/12/2026","CAT","CAT 1/9/2026 Call $620.00","STC","2","$2.40","$479.91"
"1/9/2026","1/9/2026","1/12/2026","CAT","CAT 1/9/2026 Call $620.00","BTO","2","$3.00","($600.08)"
"1/8/2026","1/8/2026","1/9/2026","DOW","DOW 2/27/2026 Call $29.00","STC","3","$0.75","$224.87"
"1/8/2026","1/8/2026","1/9/2026","CVNA","CVNA 1/23/2026 Put $380.00","STC","3","$2.40","$719.87"
"1/8/2026","1/8/2026","1/9/2026","DOW","DOW 2/27/2026 Call $29.00","BTO","3","$0.93","($279.12)"
"1/8/2026","1/8/2026","1/9/2026","CVNA","CVNA 1/23/2026 Put $380.00","BTO","3","$2.80","($840.12)"
"1/8/2026","1/8/2026","1/9/2026","HAL","HAL 1/30/2026 Call $33.00","BTO","2","$0.89","($178.08)"
"1/8/2026","1/8/2026","1/9/2026","HAL","HAL 1/30/2026 Call $33.00","BTO","2","$0.89","($178.08)"
"1/8/2026","1/8/2026","1/9/2026","CAT","CAT 1/9/2026 Call $620.00","STC","1","$1.06","$105.95"
"1/8/2026","1/8/2026","1/9/2026","CAT","CAT 1/9/2026 Call $620.00","BTO","1","$1.10","($110.04)"
"1/8/2026","1/8/2026","1/9/2026","RBLX","RBLX 1/16/2026 Put $70.00","STC","1","$1.24","$123.95"
"1/8/2026","1/8/2026","1/9/2026","RBLX","RBLX 1/16/2026 Put $70.00","STC","1","$1.49","$148.95"
"1/8/2026","1/8/2026","1/9/2026","GOOG","GOOG 1/9/2026 Call $330.00","STC","4","$1.83","$731.83"
"1/8/2026","1/8/2026","1/9/2026","GOOG","GOOG 1/9/2026 Call $330.00","BTO","4","$1.89","($756.16)"
"1/8/2026","1/8/2026","1/9/2026","SNDK","SNDK 1/9/2026 Put $320.00","STC","2","$5.20","$1,039.91"
"1/8/2026","1/8/2026","1/9/2026","SNDK","SNDK 1/9/2026 Put $320.00","BTO","2","$5.00","($1,000.08)"
"1/8/2026","1/8/2026","1/9/2026","RBLX","RBLX 1/16/2026 Put $70.00","STC","2","$0.90","$179.91"
"1/7/2026","1/7/2026","1/8/2026","ASTS","ASTS 1/9/2026 Put $85.00","STC","3","$2.60","$779.87"
"1/7/2026","1/7/2026","1/8/2026","ASTS","ASTS 1/9/2026 Put $85.00","STC","2","$2.58","$515.91"
"1/7/2026","1/7/2026","1/8/2026","ASTS","ASTS 1/9/2026 Put $85.00","BTO","5","$2.42","($1,210.20)"
"1/7/2026","1/7/2026","1/7/2026","RR","Stock Lending","SLIP","","","$0.01"
"1/7/2026","1/7/2026","1/7/2026","FIG","Stock Lending","SLIP","","","$0.01"
"1/7/2026","1/7/2026","1/7/2026","IMMX","Stock Lending","SLIP","","","$0.01"
"1/7/2026","1/7/2026","1/7/2026","RDW","Stock Lending","SLIP","","","$0.01"
"1/7/2026","1/7/2026","1/7/2026","TBMC","Stock Lending","SLIP","","","$0.01"
"1/7/2026","1/7/2026","1/8/2026","DDOG","DDOG 1/23/2026 Call $145.00","STC","2","$3.15","$629.91"
"1/7/2026","1/7/2026","1/8/2026","ASTS","ASTS 1/16/2026 Call $95.00","STC","2","$6.10","$1,219.91"
"1/7/2026","1/7/2026","1/8/2026","NVDA","NVDA 1/16/2026 Call $192.50","STC","3","$3.05","$914.87"
"1/7/2026","1/7/2026","1/8/2026","ASTS","ASTS 1/16/2026 Call $95.00","STC","1","$6.15","$614.95"
"1/7/2026","1/7/2026","1/8/2026","ASTS","ASTS 1/16/2026 Call $95.00","BTO","3","$5.75","($1,725.12)"
"1/7/2026","1/7/2026","1/8/2026","DDOG","DDOG 1/23/2026 Call $145.00","STC","1","$2.83","$282.95"
"1/7/2026","1/7/2026","1/8/2026","INTC","INTC 1/16/2026 Call $44.00","STC","1","$1.90","$189.95"
"1/7/2026","1/7/2026","1/8/2026","INTC","INTC 1/16/2026 Call $44.00","STC","1","$1.95","$194.95"
"1/7/2026","1/7/2026","1/8/2026","INTC","INTC 1/16/2026 Call $44.00","STC","1","$2.04","$203.95"
"1/7/2026","1/7/2026","1/8/2026","INTC","INTC 1/16/2026 Call $44.00","STC","1","$2.04","$203.95"
"1/7/2026","1/7/2026","1/8/2026","NVDA","NVDA 1/16/2026 Call $192.50","BTO","3","$3.80","($1,140.12)"
"1/7/2026","1/7/2026","1/8/2026","DDOG","DDOG 1/23/2026 Call $145.00","BTO","3","$2.55","($765.12)"
"1/7/2026","1/7/2026","1/8/2026","INTC","INTC 1/16/2026 Call $44.00","BTO","4","$1.69","($676.16)"
"1/7/2026","1/7/2026","1/8/2026","OXY","OXY 3/20/2026 Call $45.00","STC","3","$1.04","$311.87"
"1/7/2026","1/7/2026","1/8/2026","AFRM","AFRM 1/23/2026 Call $85.00","STC","1","$2.70","$269.95"
"1/7/2026","1/7/2026","1/8/2026","AFRM","AFRM 1/23/2026 Call $85.00","STC","2","$2.70","$539.91"
"1/7/2026","1/7/2026","1/8/2026","OXY","OXY 1/16/2026 Call $42.50","STC","4","$0.40","$159.83"
"1/6/2026","1/6/2026","1/7/2026","TBMC","Trailblazer Merger
CUSIP: 89278D109","Sell","15","$14.20","$213.00"
"1/6/2026","1/6/2026","1/7/2026","AFRM","AFRM 1/23/2026 Call $85.00","BTO","3","$2.57","($771.12)"
"1/6/2026","1/6/2026","1/7/2026","COIN","COIN 1/23/2026 Call $280.00","STC","3","$2.90","$869.87"
"1/6/2026","1/6/2026","1/7/2026","COIN","COIN 1/23/2026 Call $280.00","BTO","3","$3.05","($915.12)"
"1/6/2026","1/6/2026","1/7/2026","AMD","AMD 1/9/2026 Call $217.50","STC","3","$2.56","$767.87"
"1/6/2026","1/6/2026","1/7/2026","AMD","AMD 1/9/2026 Call $217.50","BTO","3","$2.71","($813.12)"
"1/6/2026","1/6/2026","1/7/2026","NBIS","NBIS 1/16/2026 Call $102.00","STC","1","$4.85","$484.95"
"1/6/2026","1/6/2026","1/7/2026","NBIS","NBIS 1/16/2026 Call $102.00","STC","1","$5.15","$514.95"
"1/6/2026","1/6/2026","1/7/2026","NBIS","NBIS 1/16/2026 Call $102.00","STC","1","$4.85","$484.95"
"1/6/2026","1/6/2026","1/7/2026","NBIS","NBIS 1/16/2026 Call $102.00","BTO","3","$4.00","($1,200.12)"
"1/5/2026","1/5/2026","1/6/2026","OXY","OXY 3/20/2026 Call $45.00","BTO","3","$0.99","($297.12)"
"1/2/2026","1/2/2026","1/5/2026","OXY","OXY 1/16/2026 Call $42.50","STC","1","$0.80","$79.97"
"12/31/2025","12/31/2025","1/2/2026","TBMC","Trailblazer Merger
CUSIP: 89278D109","Sell","20","$13.38","$267.60"
"12/30/2025","12/30/2025","12/31/2025","SLV","SLV 12/31/2025 Put $67.00","STC","4","$0.62","$247.91"
"12/30/2025","12/30/2025","12/31/2025","SLV","SLV 12/31/2025 Put $67.00","STC","4","$0.67","$267.91"
"12/30/2025","12/30/2025","12/31/2025","SLV","SLV 12/31/2025 Put $67.00","BTO","8","$0.62","($496.16)"
"12/30/2025","12/30/2025","12/31/2025","OXY","OXY 1/16/2026 Call $42.50","BTO","5","$0.60","($300.10)"
"12/29/2025","12/29/2025","12/30/2025","CRWV","CRWV 1/2/2026 Call $78.00","STC","3","$2.10","$629.93"
"12/29/2025","12/29/2025","12/30/2025","CRWV","CRWV 1/2/2026 Call $78.00","BTO","3","$2.25","($675.06)"
"12/26/2025","12/26/2025","12/26/2025","NVDA","Cash Div: R/D 2025-12-04 P/D 2025-12-26 - 5 shares at 0.01","CDIV","","","$0.05"
"12/26/2025","12/26/2025","12/29/2025","GLD","GLD 12/26/2025 Put $416.00","STC","1","$0.39","$38.97"
"12/26/2025","12/26/2025","12/29/2025","GLD","GLD 12/26/2025 Put $416.00","STC","2","$0.39","$77.95"
"12/26/2025","12/26/2025","12/29/2025","GLD","GLD 12/26/2025 Put $416.00","STC","2","$0.39","$77.95"
"12/26/2025","12/26/2025","12/29/2025","GLD","GLD 12/26/2025 Put $416.00","STC","5","$0.41","$204.89"
"12/26/2025","12/26/2025","12/29/2025","GLD","GLD 12/26/2025 Put $416.00","STC","10","$0.25","$249.77"
"12/26/2025","12/26/2025","12/29/2025","GLD","GLD 12/26/2025 Put $416.00","STC","20","$0.27","$539.54"
"12/26/2025","12/26/2025","12/29/2025","GLD","GLD 12/26/2025 Put $416.00","STC","40","$0.25","$999.09"
"12/26/2025","12/26/2025","12/29/2025","GLD","GLD 12/26/2025 Put $416.00","BTO","30","$0.07","($210.60)"
"12/26/2025","12/26/2025","12/29/2025","GLD","GLD 12/26/2025 Put $416.00","BTO","50","$0.21","($1,051.00)"
"12/26/2025","12/26/2025","12/29/2025","SPY","SPY 12/26/2025 Put $690.00","STC","2","$0.68","$135.95"
"12/26/2025","12/26/2025","12/29/2025","SPY","SPY 12/26/2025 Put $690.00","STC","18","$0.59","$1,061.59"
"12/26/2025","12/26/2025","12/29/2025","SPY","SPY 12/26/2025 Put $690.00","BTO","20","$0.54","($1,080.40)"
"12/26/2025","12/26/2025","12/29/2025","TSLA","TSLA 12/26/2025 Call $480.00","STC","10","$1.66","$1,659.77"
"12/26/2025","12/26/2025","12/29/2025","TSLA","TSLA 12/26/2025 Call $480.00","BTO","10","$1.62","($1,620.20)"
"12/26/2025","12/26/2025","12/29/2025","SPY","SPY 12/26/2025 Put $689.00","STC","10","$0.60","$599.77"
"12/26/2025","12/26/2025","12/29/2025","SPY","SPY 12/26/2025 Put $689.00","STC","20","$0.60","$1,199.54"
"12/26/2025","12/26/2025","12/29/2025","SPY","SPY 12/26/2025 Put $689.00","BTO","5","$0.55","($275.10)"
"12/26/2025","12/26/2025","12/29/2025","SPY","SPY 12/26/2025 Put $689.00","BTO","25","$0.55","($1,375.50)"
"12/26/2025","12/26/2025","12/29/2025","RKLB","RKLB 12/26/2025 Call $74.00","STC","10","$0.29","$289.77"
"12/26/2025","12/26/2025","12/29/2025","RKLB","RKLB 12/26/2025 Call $74.00","BTO","9","$0.72","($648.18)"
"12/26/2025","12/26/2025","12/29/2025","RKLB","RKLB 12/26/2025 Call $74.00","BTO","1","$0.72","($72.02)"
"12/26/2025","12/26/2025","12/29/2025","SPY","SPY 12/26/2025 Call $692.00","STC","10","$0.29","$289.77"
"12/26/2025","12/26/2025","12/29/2025","SPY","SPY 12/26/2025 Call $692.00","BTO","5","$0.54","($270.10)"
"12/26/2025","12/26/2025","12/29/2025","SPY","SPY 12/26/2025 Call $692.00","BTO","5","$0.54","($270.10)"
"12/24/2025","12/24/2025","12/26/2025","TSLA","TSLA 12/26/2025 Call $487.50","STC","10","$2.55","$2,549.77"
"12/24/2025","12/24/2025","12/26/2025","TSLA","TSLA 12/26/2025 Call $487.50","BTO","10","$2.45","($2,450.20)"
"12/24/2025","12/24/2025","12/26/2025","UNH","UNH 1/2/2026 Call $340.00","STC","1","$1.15","$114.97"
"12/24/2025","12/24/2025","12/26/2025","UNH","UNH 1/2/2026 Call $340.00","STC","1","$1.15","$114.97"
"12/24/2025","12/24/2025","12/26/2025","TSM","TSM 1/2/2026 Call $305.00","STC","5","$2.10","$1,049.89"
"12/24/2025","12/24/2025","12/26/2025","SPY","SPY 12/26/2025 Call $691.00","STC","10","$0.73","$729.77"
"12/24/2025","12/24/2025","12/26/2025","SPY","SPY 12/26/2025 Call $691.00","BTO","6","$0.74","($444.12)"
"12/24/2025","12/24/2025","12/26/2025","SPY","SPY 12/26/2025 Call $691.00","BTO","4","$0.74","($296.08)"
"12/24/2025","12/24/2025","12/26/2025","SPY","SPY 12/26/2025 Call $690.00","STC","10","$0.99","$989.77"
"12/24/2025","12/24/2025","12/26/2025","SPY","SPY 12/26/2025 Call $690.00","BTO","10","$0.98","($980.20)"
"12/24/2025","12/24/2025","12/26/2025","TSM","TSM 1/2/2026 Call $305.00","BTO","5","$2.17","($1,085.10)"
"12/24/2025","12/24/2025","12/26/2025","NVDA","NVDA 12/26/2025 Call $187.50","STC","8","$1.21","$967.82"
"12/24/2025","12/24/2025","12/26/2025","NVDA","NVDA 12/26/2025 Call $187.50","BTO","7","$1.09","($763.14)"
"12/24/2025","12/24/2025","12/26/2025","NVDA","NVDA 12/26/2025 Call $187.50","BTO","1","$1.08","($108.02)"
"12/24/2025","12/24/2025","12/26/2025","NVDA","NVDA 12/26/2025 Call $190.00","STC","10","$0.39","$389.77"
"12/24/2025","12/24/2025","12/26/2025","NVDA","NVDA 12/26/2025 Call $190.00","BTO","10","$0.64","($640.20)"
"12/24/2025","12/24/2025","12/26/2025","NVDA","NVDA 12/26/2025 Call $190.00","STC","2","$0.50","$99.95"
"12/24/2025","12/24/2025","12/26/2025","NVDA","NVDA 12/26/2025 Call $190.00","STC","5","$0.50","$249.89"
"12/24/2025","12/24/2025","12/26/2025","NVDA","NVDA 12/26/2025 Call $190.00","BTO","1","$0.57","($57.02)"
"12/24/2025","12/24/2025","12/26/2025","NVDA","NVDA 12/26/2025 Call $190.00","BTO","1","$0.57","($57.02)"
"12/24/2025","12/24/2025","12/26/2025","UNH","UNH 1/2/2026 Call $340.00","STC","2","$1.22","$243.95"
"12/24/2025","12/24/2025","12/26/2025","UNH","UNH 12/26/2025 Call $327.50","STC","1","$2.05","$204.97"
"12/24/2025","12/24/2025","12/26/2025","UNH","UNH 12/26/2025 Call $327.50","STC","1","$2.05","$204.97"
"12/24/2025","12/24/2025","12/26/2025","UNH","UNH 12/26/2025 Call $327.50","STC","1","$1.78","$177.97"
"12/24/2025","12/24/2025","12/26/2025","NVDA","NVDA 12/26/2025 Call $190.00","BTO","5","$0.76","($380.10)"
"12/24/2025","12/24/2025","12/26/2025","UNH","UNH 12/26/2025 Call $327.50","BTO","3","$1.67","($501.06)"
"12/23/2025","12/23/2025","12/24/2025","HOOD","HOOD 12/26/2025 Call $121.00","STC","5","$1.73","$864.89"
"12/23/2025","12/23/2025","12/24/2025","HOOD","HOOD 12/26/2025 Call $121.00","BTO","5","$1.85","($925.10)"
"12/23/2025","12/23/2025","12/24/2025","RKLB","RKLB 12/26/2025 Call $80.00","STC","1","$1.35","$134.97"
"12/23/2025","12/23/2025","12/24/2025","RKLB","RKLB 12/26/2025 Call $80.00","STC","1","$1.35","$134.97"
"12/23/2025","12/23/2025","12/24/2025","RKLB","RKLB 12/26/2025 Call $80.00","STC","1","$1.35","$134.97"
"12/23/2025","12/23/2025","12/24/2025","RKLB","RKLB 12/26/2025 Call $80.00","STC","1","$1.35","$134.97"
"12/23/2025","12/23/2025","12/24/2025","RKLB","RKLB 12/26/2025 Call $80.00","BTO","4","$1.37","($548.08)"
"12/23/2025","12/23/2025","12/24/2025","HOOD","HOOD 12/26/2025 Call $122.00","STC","3","$1.29","$386.93"
"12/23/2025","12/23/2025","12/24/2025","HOOD","HOOD 12/26/2025 Call $122.00","BTO","3","$1.50","($450.06)"
"12/23/2025","12/23/2025","12/24/2025","RKLB","RKLB 1/2/2026 Call $80.00","STC","2","$2.80","$559.95"
"12/23/2025","12/23/2025","12/24/2025","RKLB","RKLB 1/2/2026 Call $80.00","STC","1","$2.87","$286.97"
"12/23/2025","12/23/2025","12/24/2025","RKLB","RKLB 1/2/2026 Call $80.00","STC","1","$2.87","$286.97"
"12/23/2025","12/23/2025","12/24/2025","RKLB","RKLB 1/2/2026 Call $80.00","BTO","4","$2.68","($1,072.08)"
"12/23/2025","12/23/2025","12/24/2025","IREN","IREN 12/26/2025 Call $44.00","STC","4","$0.78","$311.91"
"12/23/2025","12/23/2025","12/24/2025","U","U 12/26/2025 Call $45.50","STC","8","$0.43","$343.82"
"12/23/2025","12/23/2025","12/24/2025","U","U 12/26/2025 Call $45.50","BTO","3","$0.49","($147.06)"
"12/23/2025","12/23/2025","12/24/2025","U","U 12/26/2025 Call $45.50","BTO","5","$0.49","($245.10)"
"12/23/2025","12/23/2025","12/24/2025","IREN","IREN 12/26/2025 Call $44.00","BTO","4","$0.97","($388.08)"
"12/23/2025","12/23/2025","12/24/2025","TBMC","Trailblazer Merger
CUSIP: 89278D109","Sell","30","$12.40","$372.00"
"12/23/2025","12/23/2025","12/24/2025","TBMC","Trailblazer Merger
CUSIP: 89278D109","Buy","80","$12.59","($1,007.20)"
"12/23/2025","12/23/2025","12/24/2025","GOOG","GOOG 12/26/2025 Call $315.00","STC","3","$2.85","$854.93"
"12/23/2025","12/23/2025","12/24/2025","GOOG","GOOG 12/26/2025 Call $315.00","STC","1","$2.90","$289.97"
"12/23/2025","12/23/2025","12/24/2025","GOOG","GOOG 12/26/2025 Call $315.00","BTO","4","$2.28","($912.08)"
"12/23/2025","12/23/2025","12/24/2025","PANW","Palo Alto Networks
CUSIP: 697435105","Sell","2","$187.90","$375.80"
"12/23/2025","12/23/2025","12/24/2025","RR","Richtech Robotics
CUSIP: 765504105","Sell","100","$3.43","$343.06"
"12/23/2025","12/23/2025","12/24/2025","RKLB","RKLB 12/26/2025 Call $80.00","STC","3","$2.08","$623.93"
"12/23/2025","12/23/2025","12/24/2025","RKLB","RKLB 12/26/2025 Call $80.00","STC","2","$2.10","$419.95"
"12/23/2025","12/23/2025","12/24/2025","RKLB","RKLB 12/26/2025 Call $80.00","BTO","4","$1.82","($728.08)"
"12/23/2025","12/23/2025","12/24/2025","RKLB","RKLB 12/26/2025 Call $80.00","BTO","1","$1.82","($182.02)"
"12/23/2025","12/23/2025","12/24/2025","MSTR","MSTR 1/2/2026 Put $150.00","STC","4","$3.00","$1,199.91"
"12/23/2025","12/23/2025","12/24/2025","MSTR","MSTR 1/2/2026 Put $150.00","BTO","4","$3.15","($1,260.08)"
"12/23/2025","12/23/2025","12/24/2025","RKLB","RKLB 12/26/2025 Call $80.00","STC","2","$1.84","$367.95"
"12/23/2025","12/23/2025","12/24/2025","RKLB","RKLB 12/26/2025 Call $80.00","STC","1","$2.25","$224.97"
"12/23/2025","12/23/2025","12/24/2025","GLD","GLD 12/29/2025 Put $395.00","STC","4","$0.42","$167.91"
"12/23/2025","12/23/2025","12/24/2025","RKLB","RKLB 12/26/2025 Call $80.00","BTO","3","$2.00","($600.06)"
"12/22/2025","12/22/2025","12/23/2025","UNH","UNH 1/2/2026 Call $340.00","BTO","1","$1.45","($145.02)"
"12/22/2025","12/22/2025","12/23/2025","GLD","GLD 12/29/2025 Put $395.00","BTO","4","$0.62","($248.08)"
"12/22/2025","12/22/2025","12/23/2025","RKLB","RKLB 1/2/2026 Call $80.00","STC","1","$3.70","$369.97"
"12/22/2025","12/22/2025","12/23/2025","RKLB","RKLB 1/2/2026 Call $80.00","STC","2","$3.70","$739.95"
"12/22/2025","12/22/2025","12/23/2025","RKLB","RKLB 1/2/2026 Call $80.00","STC","1","$3.95","$394.97"
"12/22/2025","12/22/2025","12/23/2025","RKLB","RKLB 1/2/2026 Call $80.00","BTO","4","$3.60","($1,440.08)"
"12/22/2025","12/22/2025","12/23/2025","UNH","UNH 1/2/2026 Call $340.00","BTO","3","$2.39","($717.06)"
"12/22/2025","12/22/2025","12/23/2025","CVNA","CVNA 12/26/2025 Put $425.00","STC","1","$3.60","$359.97"
"12/22/2025","12/22/2025","12/23/2025","CVNA","CVNA 12/26/2025 Put $425.00","STC","1","$4.00","$399.97"
"12/22/2025","12/22/2025","12/23/2025","CVNA","CVNA 12/26/2025 Put $425.00","STC","1","$4.05","$404.97"
"12/22/2025","12/22/2025","12/23/2025","CVNA","CVNA 12/26/2025 Put $425.00","BTO","3","$3.75","($1,125.06)"
"12/22/2025","12/22/2025","12/23/2025","ARM","ARM 1/16/2026 Put $90.00","STC","3","$0.20","$59.93"
"12/22/2025","12/22/2025","12/23/2025","PLTR","PLTR 1/2/2026 Put $160.00","STC","3","$0.29","$86.93"
"12/22/2025","12/22/2025","12/23/2025","GLD","GLD 12/29/2025 Put $390.00","STC","3","$0.26","$77.93"
"12/19/2025","12/19/2025","12/22/2025","RBLX","RBLX 1/16/2026 Put $70.00","BTO","4","$0.73","($292.08)"
"12/19/2025","12/19/2025","12/22/2025","ORCL","ORCL 1/9/2026 Put $160.00","STC","1","$0.51","$50.97"
"12/19/2025","12/19/2025","12/22/2025","GLD","GLD 12/29/2025 Put $390.00","BTO","3","$0.89","($267.06)"
"12/19/2025","12/19/2025","12/22/2025","BLND","Blend Labs
CUSIP: 09352U108","Sell","65","$3.08","$200.52"
"12/19/2025","12/19/2025","12/22/2025","LYB","LyondellBasell
CUSIP: N53745100","Buy","4","$43.34","($173.35)"
"12/19/2025","12/19/2025","12/22/2025","MSTR","MSTR 12/26/2025 Put $130.00","STC","1","$0.26","$25.97"
"12/19/2025","12/19/2025","12/22/2025","MSTR","MSTR 12/26/2025 Put $130.00","STC","1","$0.26","$25.97"
"12/19/2025","12/19/2025","12/22/2025","ASTS","ASTS 1/2/2026 Put $58.00","STC","1","$0.85","$84.97"
"12/19/2025","12/19/2025","12/22/2025","COIN","COIN 12/26/2025 Put $225.00","STC","1","$1.21","$120.97"
"12/18/2025","12/18/2025","12/19/2025","PLTR","PLTR 1/2/2026 Put $160.00","STC","1","$0.77","$76.97"
"12/18/2025","12/18/2025","12/19/2025","MSTR","MSTR 12/26/2025 Put $130.00","STC","1","$0.54","$53.97"
"12/18/2025","12/18/2025","12/19/2025","MSTR","MSTR 12/26/2025 Put $130.00","STC","1","$0.54","$53.97"
"12/18/2025","12/18/2025","12/19/2025","ORCL","ORCL 1/9/2026 Put $160.00","STC","1","$1.61","$160.97"
"12/18/2025","12/18/2025","12/19/2025","COIN","COIN 12/26/2025 Put $225.00","STC","1","$1.83","$182.97"
"12/18/2025","12/18/2025","12/19/2025","SPY","SPY 12/18/2025 Put $673.00","STC","10","$0.59","$589.77"
"12/18/2025","12/18/2025","12/19/2025","COIN","COIN 12/26/2025 Put $225.00","STC","2","$1.47","$293.95"
"12/18/2025","12/18/2025","12/19/2025","SPY","SPY 12/18/2025 Put $673.00","BTO","10","$0.62","($620.20)"
"12/18/2025","12/18/2025","12/19/2025","SPY","SPY 12/18/2025 Put $673.00","STC","10","$0.73","$729.77"
"12/18/2025","12/18/2025","12/19/2025","SPY","SPY 12/18/2025 Put $673.00","BTO","10","$0.56","($560.20)"
"12/18/2025","12/18/2025","12/19/2025","SPY","SPY 12/18/2025 Put $678.00","STC","2","$2.01","$401.95"
"12/18/2025","12/18/2025","12/19/2025","SPY","SPY 12/18/2025 Put $678.00","STC","2","$1.61","$321.95"
"12/18/2025","12/18/2025","12/19/2025","SPY","SPY 12/18/2025 Put $678.00","STC","6","$1.46","$875.86"
"12/18/2025","12/18/2025","12/19/2025","SPY","SPY 12/18/2025 Put $678.00","STC","5","$1.05","$524.89"
"12/18/2025","12/18/2025","12/19/2025","SPY","SPY 12/18/2025 Put $678.00","STC","5","$1.05","$524.89"
"12/18/2025","12/18/2025","12/19/2025","SPY","SPY 12/18/2025 Put $678.00","BTO","20","$0.77","($1,540.40)"
"12/18/2025","12/18/2025","12/19/2025","PLTR","PLTR 1/2/2026 Put $160.00","BTO","1","$0.73","($73.02)"
"12/18/2025","12/18/2025","12/19/2025","SPY","SPY 12/18/2025 Call $680.00","STC","1","$1.02","$101.97"
"12/18/2025","12/18/2025","12/19/2025","SPY","SPY 12/18/2025 Call $680.00","STC","1","$1.02","$101.97"
"12/18/2025","12/18/2025","12/19/2025","SPY","SPY 12/18/2025 Call $680.00","STC","1","$1.02","$101.97"
"12/18/2025","12/18/2025","12/19/2025","SPY","SPY 12/18/2025 Call $680.00","STC","1","$1.02","$101.97"
"12/18/2025","12/18/2025","12/19/2025","SPY","SPY 12/18/2025 Call $680.00","STC","1","$1.02","$101.97"
"12/18/2025","12/18/2025","12/19/2025","SPY","SPY 12/18/2025 Call $680.00","STC","1","$1.02","$101.97"
"12/18/2025","12/18/2025","12/19/2025","SPY","SPY 12/18/2025 Call $680.00","STC","4","$1.02","$407.91"
"12/18/2025","12/18/2025","12/19/2025","SPY","SPY 12/18/2025 Call $680.00","STC","10","$1.02","$1,019.77"
"12/18/2025","12/18/2025","12/19/2025","SPY","SPY 12/18/2025 Call $680.00","BTO","10","$0.86","($860.20)"
"12/18/2025","12/18/2025","12/19/2025","SPY","SPY 12/18/2025 Call $680.00","BTO","10","$0.86","($860.20)"
"12/18/2025","12/18/2025","12/19/2025","SPY","SPY 12/18/2025 Put $675.00","STC","10","$0.58","$579.77"
"12/18/2025","12/18/2025","12/19/2025","SPY","SPY 12/18/2025 Put $675.00","BTO","10","$0.99","($990.20)"
"12/18/2025","12/18/2025","12/19/2025","COIN","COIN 12/26/2025 Put $225.00","BTO","4","$1.20","($480.08)"
"12/18/2025","12/18/2025","12/19/2025","ASTS","ASTS 12/19/2025 Put $63.00","STC","5","$1.05","$524.89"
"12/18/2025","12/18/2025","12/19/2025","JPM","JPM 12/19/2025 Put $312.50","STC","4","$0.92","$367.91"
"12/18/2025","12/18/2025","12/19/2025","ASTS","ASTS 12/19/2025 Put $63.00","BTO","5","$1.28","($640.10)"
"12/18/2025","12/18/2025","12/19/2025","JPM","JPM 12/19/2025 Put $312.50","BTO","4","$1.20","($480.08)"
"12/18/2025","12/18/2025","12/19/2025","SPY","SPY 12/18/2025 Call $681.00","STC","9","$0.41","$368.79"
"12/18/2025","12/18/2025","12/19/2025","SPY","SPY 12/18/2025 Call $681.00","STC","1","$0.41","$40.97"
"12/18/2025","12/18/2025","12/19/2025","SPY","SPY 12/18/2025 Call $681.00","BTO","10","$0.69","($690.20)"
"12/17/2025","12/17/2025","12/18/2025","MSTR","MSTR 12/19/2025 Put $156.00","STC","5","$2.12","$1,059.89"
"12/17/2025","12/17/2025","12/18/2025","NFLX","NFLX 12/19/2025 Put $95.00","STC","5","$0.94","$469.89"
"12/17/2025","12/17/2025","12/18/2025","NFLX","NFLX 12/19/2025 Put $95.00","STC","1","$1.00","$99.97"
"12/17/2025","12/17/2025","12/18/2025","NFLX","NFLX 12/19/2025 Put $95.00","BTO","6","$0.96","($576.12)"
"12/17/2025","12/17/2025","12/18/2025","MSTR","MSTR 12/19/2025 Put $156.00","BTO","5","$2.42","($1,210.10)"
"12/17/2025","12/17/2025","12/18/2025","PLTR","PLTR 1/2/2026 Put $160.00","BTO","1","$1.62","($162.02)"
"12/17/2025","12/17/2025","12/18/2025","ASTS","ASTS 1/2/2026 Put $58.00","STC","2","$2.58","$515.95"
"12/17/2025","12/17/2025","12/18/2025","ORCL","ORCL 1/9/2026 Put $160.00","BTO","2","$1.78","($356.04)"
"12/17/2025","12/17/2025","12/18/2025","ARM","ARM 1/16/2026 Put $90.00","STC","2","$0.56","$111.95"
"12/17/2025","12/17/2025","12/18/2025","ARM","ARM 1/16/2026 Put $90.00","BTO","1","$0.50","($50.02)"
"12/17/2025","12/17/2025","12/18/2025","ARM","ARM 1/16/2026 Put $90.00","BTO","4","$0.48","($192.08)"
"12/17/2025","12/17/2025","12/18/2025","PLTR","PLTR 1/2/2026 Put $160.00","BTO","2","$1.82","($364.04)"
"12/17/2025","12/17/2025","12/18/2025","ORCL","ORCL 1/9/2026 Put $160.00","STC","1","$2.02","$201.97"
"12/17/2025","12/17/2025","12/18/2025","ORCL","ORCL 1/9/2026 Put $160.00","STC","1","$2.17","$216.97"
"12/17/2025","12/17/2025","12/18/2025","ORCL","ORCL 1/9/2026 Put $160.00","STC","1","$2.07","$206.97"
"12/17/2025","12/17/2025","12/18/2025","ARM","ARM 12/26/2025 Put $115.00","STC","1","$1.38","$137.97"
"12/17/2025","12/17/2025","12/18/2025","ORCL","ORCL 1/9/2026 Put $160.00","STC","2","$1.55","$309.95"
"12/17/2025","12/17/2025","12/18/2025","ASTS","ASTS 1/2/2026 Put $58.00","BTO","3","$2.15","($645.06)"
"12/17/2025","12/17/2025","12/18/2025","ORCL","ORCL 12/26/2025 Put $175.00","STC","3","$2.50","$749.93"
"12/17/2025","12/17/2025","12/18/2025","ORCL","ORCL 12/26/2025 Put $175.00","BTO","3","$2.68","($804.06)"
"12/17/2025","12/17/2025","12/18/2025","ORCL","ORCL 12/26/2025 Put $182.50","STC","3","$4.85","$1,454.93"
"12/16/2025","12/16/2025","12/16/2025","UNH","Cash Div: R/D 2025-12-08 P/D 2025-12-16 - 1.90839 shares at 2.21","CDIV","","","$4.22"
"12/16/2025","12/16/2025","12/17/2025","ORCL","ORCL 12/26/2025 Put $182.50","BTO","3","$2.57","($771.06)"
"12/16/2025","12/16/2025","12/17/2025","ORCL","ORCL 1/9/2026 Put $160.00","BTO","2","$0.89","($178.04)"
"12/16/2025","12/16/2025","12/17/2025","CVNA","CVNA 12/19/2025 Put $430.00","STC","4","$2.20","$879.91"
"12/16/2025","12/16/2025","12/17/2025","CVNA","CVNA 12/19/2025 Put $430.00","BTO","1","$2.85","($285.02)"
"12/16/2025","12/16/2025","12/17/2025","CVNA","CVNA 12/19/2025 Put $430.00","BTO","3","$3.15","($945.06)"
"12/16/2025","12/16/2025","12/17/2025","GLD","GLD 12/19/2025 Put $393.00","STC","1","$2.13","$212.97"
"12/16/2025","12/16/2025","12/17/2025","GLD","GLD 12/19/2025 Put $393.00","STC","1","$2.22","$221.97"
"12/16/2025","12/16/2025","12/17/2025","GLD","GLD 12/19/2025 Put $393.00","STC","1","$2.30","$229.97"
"12/16/2025","12/16/2025","12/17/2025","GLD","GLD 12/19/2025 Put $393.00","STC","1","$2.00","$199.97"
"12/16/2025","12/16/2025","12/17/2025","GLD","GLD 12/19/2025 Put $393.00","BTO","4","$1.90","($760.08)"
"12/16/2025","12/16/2025","12/17/2025","AMD","AMD 12/19/2025 Put $202.50","STC","2","$2.79","$557.95"
"12/16/2025","12/16/2025","12/17/2025","GOOG","GOOG 12/19/2025 Put $302.50","STC","2","$1.59","$317.95"
"12/16/2025","12/16/2025","12/17/2025","GOOG","GOOG 12/19/2025 Put $302.50","STC","1","$1.59","$158.97"
"12/16/2025","12/16/2025","12/17/2025","GOOG","GOOG 12/19/2025 Put $302.50","STC","1","$1.79","$178.97"
"12/16/2025","12/16/2025","12/17/2025","AMD","AMD 12/19/2025 Put $202.50","STC","1","$3.05","$304.97"
"12/16/2025","12/16/2025","12/17/2025","AMD","AMD 12/19/2025 Put $202.50","BTO","3","$2.52","($756.06)"
"12/16/2025","12/16/2025","12/17/2025","GOOG","GOOG 12/19/2025 Put $302.50","BTO","4","$1.45","($580.08)"
"12/16/2025","12/16/2025","12/17/2025","ARM","ARM 12/26/2025 Put $115.00","STC","1","$1.23","$122.97"
"12/16/2025","12/16/2025","12/17/2025","ARM","ARM 12/26/2025 Put $115.00","STC","1","$1.00","$99.97"
"12/15/2025","12/15/2025","12/16/2025","CVNA","CVNA 12/19/2025 Put $430.00","STC","4","$4.20","$1,679.91"
"12/15/2025","12/15/2025","12/16/2025","CVNA","CVNA 12/19/2025 Put $430.00","BTO","2","$3.34","($668.04)"
"12/15/2025","12/15/2025","12/16/2025","CVNA","CVNA 12/19/2025 Put $430.00","BTO","2","$3.34","($668.04)"
"12/15/2025","12/15/2025","12/16/2025","MSTR","MSTR 12/26/2025 Put $130.00","BTO","4","$0.88","($352.08)"
"12/15/2025","12/15/2025","12/16/2025","APP","APP 12/19/2025 Put $610.00","STC","1","$1.75","$174.97"
"12/15/2025","12/15/2025","12/16/2025","APP","APP 12/19/2025 Put $610.00","STC","1","$1.75","$174.97"
"12/15/2025","12/15/2025","12/16/2025","APP","APP 12/19/2025 Put $610.00","STC","1","$1.75","$174.97"
"12/15/2025","12/15/2025","12/16/2025","APP","APP 12/19/2025 Put $610.00","STC","1","$1.75","$174.97"
"12/15/2025","12/15/2025","12/16/2025","BABA","BABA 12/19/2025 Put $149.00","STC","3","$1.77","$530.93"
"12/15/2025","12/15/2025","12/16/2025","APP","APP 12/19/2025 Put $610.00","BTO","1","$3.00","($300.02)"
"12/15/2025","12/15/2025","12/16/2025","BABA","BABA 12/19/2025 Put $149.00","BTO","3","$1.65","($495.06)"
"12/15/2025","12/15/2025","12/16/2025","APP","APP 12/19/2025 Put $610.00","BTO","3","$3.90","($1,170.06)"
"12/15/2025","12/15/2025","12/16/2025","ARM","ARM 12/26/2025 Put $115.00","BTO","3","$0.95","($285.06)"
"12/12/2025","12/12/2025","12/15/2025","RDW","Redwire
CUSIP: 75776W103","Sell","10","$7.90","$79.05"
"12/11/2025","12/11/2025","12/12/2025","APP","APP 12/12/2025 Put $700.00","STC","2","$5.00","$999.95"
"12/11/2025","12/11/2025","12/12/2025","APP","APP 12/12/2025 Put $700.00","STC","1","$5.00","$499.97"
"12/11/2025","12/11/2025","12/12/2025","ASTS","ASTS 12/12/2025 Put $79.00","STC","2","$1.58","$315.95"
"12/11/2025","12/11/2025","12/12/2025","ASTS","ASTS 12/12/2025 Put $79.00","STC","1","$1.66","$165.97"
"12/11/2025","12/11/2025","12/12/2025","ASTS","ASTS 12/12/2025 Put $79.00","BTO","3","$1.50","($450.06)"
"12/11/2025","12/11/2025","12/12/2025","APP","APP 12/12/2025 Put $700.00","BTO","3","$5.00","($1,500.06)"
"12/11/2025","12/11/2025","12/12/2025","MU","MU 12/12/2025 Call $262.50","STC","1","$3.31","$330.97"
"12/11/2025","12/11/2025","12/12/2025","MU","MU 12/12/2025 Call $262.50","STC","1","$3.15","$314.97"
"12/11/2025","12/11/2025","12/12/2025","GOOG","GOOG 12/12/2025 Call $320.00","STC","4","$1.75","$699.91"
"12/11/2025","12/11/2025","12/12/2025","MU","MU 12/12/2025 Call $262.50","BTO","2","$2.30","($460.04)"
"12/11/2025","12/11/2025","12/12/2025","GOOG","GOOG 12/12/2025 Call $320.00","BTO","4","$1.50","($600.08)"
"12/11/2025","12/11/2025","12/12/2025","CAT","CAT 12/12/2025 Put $600.00","STC","1","$2.10","$209.97"
"12/11/2025","12/11/2025","12/12/2025","CAT","CAT 12/12/2025 Put $600.00","STC","1","$3.00","$299.97"
"12/11/2025","12/11/2025","12/12/2025","CAT","CAT 12/12/2025 Put $600.00","STC","1","$2.25","$224.97"
"12/11/2025","12/11/2025","12/12/2025","MAIA","MAIA Biotechnology
CUSIP: 552641102","Sell","100","$1.48","$147.98"
"12/11/2025","12/11/2025","12/12/2025","ORCL","ORCL 1/9/2026 Put $160.00","BTO","3","$1.65","($495.06)"
"12/10/2025","12/10/2025","12/11/2025","CAT","CAT 12/12/2025 Put $600.00","BTO","3","$1.90","($570.06)"
"12/10/2025","12/10/2025","12/11/2025","MAIA","MAIA Biotechnology
CUSIP: 552641102","Buy","100","$1.43","($142.85)"
"12/10/2025","12/10/2025","12/11/2025","JPM","JPM 12/12/2025 Put $302.50","STC","3","$1.52","$455.93"
"12/10/2025","12/10/2025","12/11/2025","DASH","DASH 12/12/2025 Put $215.00","STC","1","$2.35","$234.97"
"12/10/2025","12/10/2025","12/11/2025","DASH","DASH 12/12/2025 Put $215.00","STC","1","$2.40","$239.97"
"12/10/2025","12/10/2025","12/11/2025","DASH","DASH 12/12/2025 Put $215.00","BTO","2","$1.85","($370.04)"
"12/10/2025","12/10/2025","12/11/2025","UBER","UBER 12/26/2025 Put $83.00","STC","1","$2.25","$224.97"
"12/10/2025","12/10/2025","12/11/2025","UBER","UBER 12/26/2025 Put $83.00","STC","1","$2.08","$207.97"
"12/10/2025","12/10/2025","12/11/2025","JPM","JPM 12/12/2025 Put $302.50","BTO","3","$1.59","($477.06)"
"12/10/2025","12/10/2025","12/11/2025","UBER","UBER 12/26/2025 Put $83.00","STC","1","$1.75","$174.97"
"12/10/2025","12/10/2025","12/11/2025","UBER","UBER 12/26/2025 Put $83.00","BTO","3","$1.49","($447.06)"
"12/10/2025","12/10/2025","12/11/2025","RKLB","RKLB 12/12/2025 Call $56.00","STC","3","$1.62","$485.93"
"12/10/2025","12/10/2025","12/11/2025","RKLB","RKLB 12/12/2025 Call $56.00","BTO","3","$1.77","($531.06)"
"12/10/2025","12/10/2025","12/11/2025","IMMX","Immix Biopharma
CUSIP: 45258H106","Sell","25","$6.83","$170.85"
"12/10/2025","12/10/2025","12/11/2025","BLND","Blend Labs
CUSIP: 09352U108","Sell","50","$3.27","$163.53"
"12/10/2025","12/10/2025","12/11/2025","TSM","TSM 12/26/2025 Call $315.00","STC","1","$4.20","$419.97"
"12/10/2025","12/10/2025","12/11/2025","CVNA","CVNA 1/2/2026 Call $530.00","STC","1","$4.30","$429.97"
"12/9/2025","12/9/2025","12/10/2025","IMMX","Immix Biopharma
CUSIP: 45258H106","Sell","15","$6.84","$102.56"
"12/9/2025","12/9/2025","12/10/2025","JPM","JPM 12/12/2025 Call $305.00","STC","1","$2.25","$224.97"
"12/9/2025","12/9/2025","12/10/2025","JPM","JPM 12/12/2025 Call $305.00","BTO","1","$2.27","($227.02)"
"12/9/2025","12/9/2025","12/10/2025","TSM","TSM 12/26/2025 Call $315.00","BTO","1","$4.50","($450.02)"
"12/9/2025","12/9/2025","12/10/2025","HD","HD 12/19/2025 Put $335.00","STC","1","$1.85","$184.97"
"12/9/2025","12/9/2025","12/10/2025","HD","HD 12/19/2025 Put $335.00","STC","1","$1.85","$184.97"
"12/9/2025","12/9/2025","12/10/2025","MSTR","MSTR 12/12/2025 Call $205.00","STC","4","$3.40","$1,359.91"
"12/9/2025","12/9/2025","12/10/2025","HD","HD 12/19/2025 Put $335.00","STC","2","$1.60","$319.95"
"12/9/2025","12/9/2025","12/10/2025","MSTR","MSTR 12/12/2025 Call $205.00","BTO","1","$3.40","($340.02)"
"12/9/2025","12/9/2025","12/10/2025","MSTR","MSTR 12/12/2025 Call $205.00","BTO","1","$3.73","($373.02)"
"12/9/2025","12/9/2025","12/10/2025","MSTR","MSTR 12/12/2025 Call $205.00","BTO","1","$3.73","($373.02)"
"12/9/2025","12/9/2025","12/10/2025","MSTR","MSTR 12/12/2025 Call $205.00","BTO","1","$3.73","($373.02)"
"12/9/2025","12/9/2025","12/10/2025","MSTR","MSTR 12/19/2025 Call $210.00","STC","1","$5.20","$519.97"
"12/9/2025","12/9/2025","12/10/2025","BMNR","BMNR 12/19/2025 Call $40.00","STC","2","$2.30","$459.95"
"12/9/2025","12/9/2025","12/10/2025","HD","HD 12/19/2025 Put $335.00","BTO","1","$1.50","($150.02)"
"12/9/2025","12/9/2025","12/10/2025","RDW","Redwire
CUSIP: 75776W103","Sell","30","$7.20","$216.15"
"12/9/2025","12/9/2025","12/10/2025","MSTR","MSTR 12/19/2025 Call $210.00","STC","1","$5.20","$519.97"
"12/9/2025","12/9/2025","12/10/2025","MSTR","MSTR 12/19/2025 Call $210.00","STC","1","$4.60","$459.97"
"12/9/2025","12/9/2025","12/10/2025","MSTR","MSTR 12/19/2025 Call $210.00","STC","2","$4.20","$839.95"
"12/9/2025","12/9/2025","12/10/2025","BMNR","BMNR 12/19/2025 Call $40.00","STC","1","$2.18","$217.97"
"12/9/2025","12/9/2025","12/10/2025","BMNR","BMNR 12/19/2025 Call $40.00","BTO","1","$2.00","($200.02)"
"12/9/2025","12/9/2025","12/10/2025","BMNR","BMNR 12/19/2025 Call $40.00","BTO","2","$2.00","($400.04)"
"12/9/2025","12/9/2025","12/10/2025","MSTR","MSTR 12/19/2025 Call $210.00","BTO","5","$4.00","($2,000.10)"
"12/9/2025","12/9/2025","12/10/2025","BABA","BABA 12/12/2025 Put $152.50","STC","3","$1.08","$323.93"
"12/9/2025","12/9/2025","12/10/2025","RKLB","RKLB 12/12/2025 Call $52.00","STC","3","$1.63","$488.93"
"12/9/2025","12/9/2025","12/10/2025","CVNA","CVNA 1/2/2026 Call $530.00","STC","1","$4.30","$429.97"
"12/9/2025","12/9/2025","12/10/2025","ROKU","ROKU 12/12/2025 Call $105.00","STC","3","$1.80","$539.93"
"12/9/2025","12/9/2025","12/10/2025","RKLB","RKLB 12/12/2025 Call $52.00","BTO","3","$1.73","($519.06)"
"12/9/2025","12/9/2025","12/10/2025","HD","HD 12/19/2025 Put $335.00","BTO","3","$1.45","($435.06)"
"12/9/2025","12/9/2025","12/10/2025","BABA","BABA 12/12/2025 Put $152.50","BTO","3","$1.47","($441.06)"
"12/9/2025","12/9/2025","12/10/2025","ROKU","ROKU 12/12/2025 Call $105.00","BTO","3","$1.90","($570.06)"
"12/9/2025","12/9/2025","12/10/2025","CVNA","CVNA 1/2/2026 Call $530.00","BTO","1","$3.99","($399.02)"
"12/9/2025","12/9/2025","12/10/2025","CVNA","CVNA 1/2/2026 Call $530.00","BTO","1","$3.99","($399.02)"
"12/9/2025","12/9/2025","12/10/2025","RDW","Redwire
CUSIP: 75776W103","Buy","90","$6.76","($607.95)"
"12/9/2025","12/9/2025","12/10/2025","IMMX","Immix Biopharma
CUSIP: 45258H106","Sell","40","$6.50","$259.80"
"12/8/2025","12/8/2025","12/9/2025","NVDA","NVDA 12/12/2025 Put $180.00","STC","1","$1.46","$145.97"
"12/8/2025","12/8/2025","12/9/2025","NVDA","NVDA 12/12/2025 Put $180.00","STC","2","$1.48","$295.95"
"12/8/2025","12/8/2025","12/9/2025","GOOG","GOOG 12/12/2025 Call $315.00","STC","2","$4.10","$819.95"
"12/8/2025","12/8/2025","12/9/2025","GOOG","GOOG 12/12/2025 Call $315.00","STC","1","$4.10","$409.97"
"12/8/2025","12/8/2025","12/9/2025","GOOG","GOOG 12/12/2025 Call $315.00","STC","1","$4.10","$409.97"
"12/8/2025","12/8/2025","12/9/2025","NVDA","NVDA 12/12/2025 Put $180.00","BTO","3","$1.43","($429.06)"
"12/8/2025","12/8/2025","12/9/2025","SPY","SPY 12/8/2025 Call $684.00","STC","2","$0.81","$161.95"
"12/8/2025","12/8/2025","12/9/2025","SPY","SPY 12/8/2025 Call $684.00","STC","3","$0.76","$227.93"
"12/8/2025","12/8/2025","12/9/2025","SPY","SPY 12/8/2025 Call $684.00","STC","3","$0.82","$245.93"
"12/8/2025","12/8/2025","12/9/2025","SPY","SPY 12/8/2025 Call $684.00","STC","2","$0.82","$163.95"
"12/8/2025","12/8/2025","12/9/2025","SPY","SPY 12/8/2025 Call $684.00","BTO","10","$0.53","($530.20)"
"12/8/2025","12/8/2025","12/9/2025","GOOG","GOOG 12/12/2025 Call $315.00","BTO","4","$4.45","($1,780.08)"
"12/8/2025","12/8/2025","12/9/2025","OKTA","OKTA 12/26/2025 Call $91.00","STC","1","$1.63","$162.97"
"12/8/2025","12/8/2025","12/9/2025","ARM","ARM 12/12/2025 Put $136.00","STC","4","$1.91","$763.91"
"12/8/2025","12/8/2025","12/9/2025","ARM","ARM 12/12/2025 Put $136.00","BTO","4","$2.05","($820.08)"
"12/8/2025","12/8/2025","12/9/2025","ZM","ZM 12/12/2025 Put $85.00","STC","6","$0.31","$185.86"
"12/8/2025","12/8/2025","12/9/2025","NFLX","NFLX 12/19/2025 Put $96.00","STC","2","$2.60","$519.95"
"12/8/2025","12/8/2025","12/9/2025","ROKU","ROKU 12/12/2025 Put $98.00","STC","1","$0.98","$97.97"
"12/8/2025","12/8/2025","12/9/2025","ROKU","ROKU 12/12/2025 Put $98.00","STC","2","$0.98","$195.95"
"12/8/2025","12/8/2025","12/9/2025","ROKU","ROKU 12/12/2025 Put $98.00","STC","1","$0.98","$97.97"
"12/8/2025","12/8/2025","12/9/2025","ROKU","ROKU 12/12/2025 Put $98.00","BTO","4","$1.08","($432.08)"
"12/8/2025","12/8/2025","12/9/2025","TSLA","TSLA 12/19/2025 Put $400.00","STC","2","$2.83","$565.95"
"12/8/2025","12/8/2025","12/9/2025","OKTA","OKTA 12/26/2025 Call $91.00","STC","1","$1.57","$156.97"
"12/8/2025","12/8/2025","12/9/2025","OKTA","OKTA 12/26/2025 Call $91.00","STC","1","$1.59","$158.97"
"12/8/2025","12/8/2025","12/9/2025","TSLA","TSLA 12/19/2025 Put $400.00","BTO","2","$2.97","($594.04)"
"12/8/2025","12/8/2025","12/9/2025","OKTA","OKTA 12/26/2025 Call $91.00","BTO","3","$1.42","($426.06)"
"12/8/2025","12/8/2025","12/9/2025","ZM","ZM 12/12/2025 Put $85.00","BTO","1","$0.55","($55.02)"
"12/8/2025","12/8/2025","12/9/2025","NFLX","NFLX 12/19/2025 Put $96.00","STC","1","$2.75","$274.97"
"12/8/2025","12/8/2025","12/9/2025","ZM","ZM 12/12/2025 Put $85.00","BTO","5","$0.59","($295.10)"
"12/8/2025","12/8/2025","12/9/2025","SPY","SPY 12/8/2025 Put $684.00","STC","1","$0.77","$76.97"
"12/8/2025","12/8/2025","12/9/2025","SPY","SPY 12/8/2025 Put $684.00","STC","2","$0.77","$153.95"
"12/8/2025","12/8/2025","12/9/2025","SPY","SPY 12/8/2025 Put $684.00","STC","2","$0.77","$153.95"
"12/8/2025","12/8/2025","12/9/2025","SPY","SPY 12/8/2025 Put $684.00","BTO","5","$0.84","($420.10)"
"12/8/2025","12/8/2025","12/9/2025","NFLX","NFLX 12/19/2025 Put $96.00","BTO","3","$2.38","($714.06)"
"12/8/2025","12/8/2025","12/9/2025","WMT","WMT 12/19/2025 Put $113.00","STC","1","$1.16","$115.97"
"12/8/2025","12/8/2025","12/9/2025","GOOG","GOOG 12/19/2025 Put $295.00","STC","2","$0.91","$181.95"
"12/8/2025","12/8/2025","12/9/2025","WMT","WMT 12/19/2025 Put $113.00","STC","1","$1.23","$122.97"
"12/8/2025","12/8/2025","12/9/2025","WMT","WMT 12/19/2025 Put $113.00","STC","1","$1.10","$109.97"
"12/5/2025","12/5/2025","12/8/2025","WMT","WMT 12/19/2025 Put $113.00","BTO","3","$0.99","($297.06)"
"12/5/2025","12/5/2025","12/8/2025","MSTR","MSTR 12/5/2025 Put $177.50","STC","5","$0.50","$249.89"
"12/5/2025","12/5/2025","12/8/2025","MSTR","MSTR 12/5/2025 Put $177.50","BTO","5","$0.70","($350.10)"
"12/5/2025","12/5/2025","12/8/2025","MSTR","MSTR 12/5/2025 Put $177.50","STC","4","$0.85","$339.91"
"12/5/2025","12/5/2025","12/8/2025","MSTR","MSTR 12/5/2025 Put $177.50","STC","1","$0.95","$94.97"
"12/5/2025","12/5/2025","12/8/2025","MSTR","MSTR 12/5/2025 Put $177.50","BTO","5","$0.84","($420.10)"
"12/5/2025","12/5/2025","12/8/2025","SPY","SPY 12/5/2025 Put $684.00","STC","1","$0.57","$56.97"
"12/5/2025","12/5/2025","12/8/2025","SPY","SPY 12/5/2025 Put $684.00","STC","1","$0.57","$56.97"
"12/5/2025","12/5/2025","12/8/2025","SPY","SPY 12/5/2025 Put $684.00","STC","2","$0.67","$133.95"
"12/5/2025","12/5/2025","12/8/2025","SPY","SPY 12/5/2025 Put $684.00","STC","1","$0.66","$65.97"
"12/5/2025","12/5/2025","12/8/2025","SPY","SPY 12/5/2025 Put $684.00","STC","5","$0.66","$329.89"
"12/5/2025","12/5/2025","12/8/2025","SPY","SPY 12/5/2025 Put $684.00","BTO","10","$0.60","($600.20)"
"12/5/2025","12/5/2025","12/8/2025","NFLX","NFLX 12/5/2025 Put $99.50","STC","5","$0.32","$159.89"
"12/5/2025","12/5/2025","12/8/2025","ORCL","ORCL 12/5/2025 Put $212.50","STC","3","$0.46","$137.93"
"12/5/2025","12/5/2025","12/8/2025","NFLX","NFLX 12/5/2025 Put $99.50","BTO","5","$0.53","($265.10)"
"12/5/2025","12/5/2025","12/8/2025","ORCL","ORCL 12/5/2025 Put $212.50","BTO","3","$0.46","($138.06)"
"12/5/2025","12/5/2025","12/8/2025","SPY","SPY 12/5/2025 Put $683.00","STC","5","$0.47","$234.89"
"12/5/2025","12/5/2025","12/8/2025","SPY","SPY 12/5/2025 Put $683.00","BTO","5","$0.47","($235.10)"
"12/5/2025","12/5/2025","12/8/2025","V","V 12/12/2025 Put $315.00","STC","3","$0.27","$80.93"
"12/5/2025","12/5/2025","12/8/2025","COST","COST 12/5/2025 Call $905.00","STC","1","$1.54","$153.97"
"12/5/2025","12/5/2025","12/8/2025","COST","COST 12/5/2025 Call $905.00","STC","1","$2.15","$214.97"
"12/5/2025","12/5/2025","12/8/2025","COST","COST 12/5/2025 Call $905.00","STC","1","$2.26","$225.97"
"12/5/2025","12/5/2025","12/8/2025","COST","COST 12/5/2025 Call $905.00","BTO","3","$1.52","($456.06)"
"12/5/2025","12/5/2025","12/8/2025","NFLX","NFLX 12/12/2025 Put $100.00","STC","1","$2.31","$230.97"
"12/5/2025","12/5/2025","12/8/2025","NFLX","NFLX 12/12/2025 Put $100.00","STC","1","$3.25","$324.97"
"12/5/2025","12/5/2025","12/8/2025","NFLX","NFLX 12/12/2025 Put $100.00","STC","1","$3.05","$304.97"
"12/4/2025","12/4/2025","12/5/2025","INTC","INTC 12/12/2025 Put $39.00","STC","1","$0.61","$60.97"
"12/4/2025","12/4/2025","12/5/2025","INTC","INTC 12/12/2025 Put $39.00","STC","1","$0.51","$50.97"
"12/4/2025","12/4/2025","12/5/2025","INTC","INTC 12/12/2025 Put $39.00","STC","1","$0.52","$51.97"
"12/4/2025","12/4/2025","12/5/2025","V","V 12/12/2025 Put $315.00","BTO","3","$0.90","($270.06)"
"12/4/2025","12/4/2025","12/4/2025","FIG","Stock Lending","SLIP","","","$0.32"
"12/4/2025","12/4/2025","12/4/2025","VELO","Stock Lending","SLIP","","","$0.01"
"12/4/2025","12/4/2025","12/5/2025","SNDK","SNDK 12/5/2025 Put $200.00","STC","4","$1.90","$759.91"
"12/4/2025","12/4/2025","12/5/2025","SNDK","SNDK 12/5/2025 Put $200.00","BTO","1","$1.95","($195.02)"
"12/4/2025","12/4/2025","12/5/2025","SNDK","SNDK 12/5/2025 Put $200.00","BTO","3","$2.05","($615.06)"
"12/4/2025","12/4/2025","12/5/2025","NFLX","NFLX 12/12/2025 Put $100.00","BTO","3","$1.44","($432.06)"
"12/4/2025","12/4/2025","12/5/2025","INTC","INTC 12/12/2025 Put $39.00","BTO","3","$0.35","($105.06)"
"12/4/2025","12/4/2025","12/5/2025","TSLA","TSLA 12/5/2025 Call $455.00","STC","2","$3.20","$639.95"
"12/4/2025","12/4/2025","12/5/2025","TSLA","TSLA 12/5/2025 Call $455.00","BTO","2","$3.35","($670.04)"
"12/4/2025","12/4/2025","12/5/2025","CAT","CAT 12/5/2025 Call $602.50","STC","2","$2.25","$449.95"
"12/4/2025","12/4/2025","12/5/2025","CAT","CAT 12/5/2025 Call $602.50","BTO","2","$2.40","($480.04)"
"12/4/2025","12/4/2025","12/5/2025","RR","Richtech Robotics
CUSIP: 765504105","Buy","100","$4.32","($432.50)"
"12/4/2025","12/4/2025","12/5/2025","SPY","SPY 12/4/2025 Put $684.00","STC","3","$1.35","$404.93"
"12/4/2025","12/4/2025","12/5/2025","SPY","SPY 12/4/2025 Put $684.00","STC","2","$1.56","$311.95"
"12/4/2025","12/4/2025","12/5/2025","SPY","SPY 12/4/2025 Put $684.00","BTO","5","$0.99","($495.10)"
"12/3/2025","12/3/2025","12/4/2025","UNH","UNH 12/19/2025 Call $360.00","STC","1","$2.32","$231.97"
"12/3/2025","12/3/2025","12/4/2025","GOOG","GOOG 12/5/2025 Put $320.00","STC","3","$2.63","$788.93"
"12/3/2025","12/3/2025","12/4/2025","JPM","JPM 12/5/2025 Call $312.50","STC","3","$1.62","$485.93"
"12/3/2025","12/3/2025","12/4/2025","JPM","JPM 12/5/2025 Call $312.50","BTO","3","$1.80","($540.06)"
"12/3/2025","12/3/2025","12/4/2025","DDOG","DDOG 12/12/2025 Put $147.00","STC","4","$1.28","$511.91"
"12/3/2025","12/3/2025","12/4/2025","SPY","SPY 12/3/2025 Put $683.00","STC","10","$0.52","$519.77"
"12/3/2025","12/3/2025","12/4/2025","JPM","JPM 12/5/2025 Call $312.50","STC","1","$1.45","$144.97"
"12/3/2025","12/3/2025","12/4/2025","JPM","JPM 12/5/2025 Call $312.50","STC","2","$1.50","$299.95"
"12/3/2025","12/3/2025","12/4/2025","JPM","JPM 12/5/2025 Call $312.50","STC","1","$1.53","$152.97"
"12/3/2025","12/3/2025","12/4/2025","JPM","JPM 12/5/2025 Call $312.50","STC","1","$1.52","$151.97"
"12/3/2025","12/3/2025","12/4/2025","JPM","JPM 12/5/2025 Call $312.50","BTO","5","$1.22","($610.10)"
"12/3/2025","12/3/2025","12/4/2025","SPY","SPY 12/3/2025 Put $683.00","BTO","10","$0.60","($600.20)"
"12/3/2025","12/3/2025","12/4/2025","UNH","UNH 12/19/2025 Call $360.00","STC","1","$2.15","$214.97"
"12/3/2025","12/3/2025","12/4/2025","GOOG","GOOG 12/5/2025 Put $320.00","BTO","3","$2.90","($870.06)"
"12/3/2025","12/3/2025","12/4/2025","MSFT","MSFT 12/5/2025 Call $487.50","STC","4","$1.30","$519.91"
"12/3/2025","12/3/2025","12/4/2025","UNH","UNH 12/19/2025 Call $360.00","BTO","2","$1.80","($360.04)"
"12/3/2025","12/3/2025","12/4/2025","SPY","SPY 12/3/2025 Call $683.00","STC","1","$0.89","$88.97"
"12/3/2025","12/3/2025","12/4/2025","SPY","SPY 12/3/2025 Call $683.00","STC","1","$0.99","$98.97"
"12/3/2025","12/3/2025","12/4/2025","SPY","SPY 12/3/2025 Call $683.00","STC","1","$0.93","$92.97"
"12/3/2025","12/3/2025","12/4/2025","SPY","SPY 12/3/2025 Call $683.00","STC","7","$0.94","$657.84"
"12/3/2025","12/3/2025","12/4/2025","SPY","SPY 12/3/2025 Call $683.00","STC","10","$0.92","$919.77"
"12/3/2025","12/3/2025","12/4/2025","SPY","SPY 12/3/2025 Call $683.00","BTO","20","$0.74","($1,480.40)"
"12/3/2025","12/3/2025","12/4/2025","MSFT","MSFT 12/5/2025 Call $487.50","STC","1","$2.75","$274.97"
"12/3/2025","12/3/2025","12/4/2025","MSFT","MSFT 12/5/2025 Call $487.50","BTO","5","$2.40","($1,200.10)"
"12/3/2025","12/3/2025","12/4/2025","DDOG","DDOG 12/12/2025 Put $147.00","BTO","4","$1.55","($620.08)"
"12/2/2025","12/2/2025","12/3/2025","SPY","SPY 12/2/2025 Put $677.00","STC","2","$0.02","$3.95"
"12/2/2025","12/2/2025","12/3/2025","SPY","SPY 12/2/2025 Put $678.00","STC","5","$0.07","$34.89"
"12/2/2025","12/2/2025","12/3/2025","SPY","SPY 12/2/2025 Put $678.00","STC","8","$0.07","$55.82"
"12/2/2025","12/2/2025","12/3/2025","SPY","SPY 12/2/2025 Put $681.00","STC","10","$0.55","$549.77"
"12/2/2025","12/2/2025","12/3/2025","SPY","SPY 12/2/2025 Put $681.00","STC","10","$0.73","$729.77"
"12/2/2025","12/2/2025","12/3/2025","SPY","SPY 12/2/2025 Put $681.00","STC","10","$0.74","$739.77"
"12/2/2025","12/2/2025","12/3/2025","SPY","SPY 12/2/2025 Put $681.00","STC","10","$0.72","$719.77"
"12/2/2025","12/2/2025","12/3/2025","SPY","SPY 12/2/2025 Put $681.00","BTO","5","$0.54","($270.10)"
"12/2/2025","12/2/2025","12/3/2025","SPY","SPY 12/2/2025 Put $681.00","BTO","13","$0.54","($702.26)"
"12/2/2025","12/2/2025","12/3/2025","SPY","SPY 12/2/2025 Put $681.00","BTO","5","$0.54","($270.10)"
"12/2/2025","12/2/2025","12/3/2025","SPY","SPY 12/2/2025 Put $681.00","BTO","12","$0.54","($648.24)"
"12/2/2025","12/2/2025","12/3/2025","SPY","SPY 12/2/2025 Put $681.00","BTO","5","$0.54","($270.10)"
"12/2/2025","12/2/2025","12/3/2025","DASH","DASH 12/5/2025 Put $195.00","STC","3","$0.30","$89.93"
"12/2/2025","12/2/2025","12/3/2025","SPY","SPY 12/2/2025 Put $678.00","BTO","5","$0.48","($240.10)"
"12/2/2025","12/2/2025","12/3/2025","SPY","SPY 12/2/2025 Put $678.00","BTO","4","$0.93","($372.08)"
"12/2/2025","12/2/2025","12/3/2025","SPY","SPY 12/2/2025 Put $678.00","BTO","4","$0.93","($372.08)"
"12/2/2025","12/2/2025","12/3/2025","ORCL","ORCL 12/5/2025 Put $200.00","STC","1","$3.20","$319.97"
"12/2/2025","12/2/2025","12/3/2025","SPY","SPY 12/2/2025 Put $682.00","STC","1","$2.35","$234.97"
"12/2/2025","12/2/2025","12/3/2025","GOOG","GOOG 12/5/2025 Put $290.00","STC","2","$0.11","$21.95"
"12/2/2025","12/2/2025","12/3/2025","ORCL","ORCL 12/5/2025 Put $200.00","STC","1","$2.78","$277.97"
"12/2/2025","12/2/2025","12/3/2025","SPY","SPY 12/2/2025 Put $682.00","STC","1","$1.40","$139.97"
"12/2/2025","12/2/2025","12/3/2025","SPY","SPY 12/2/2025 Put $677.00","STC","1","$0.23","$22.97"
"12/2/2025","12/2/2025","12/3/2025","ORCL","ORCL 12/5/2025 Put $200.00","STC","2","$2.78","$555.95"
"12/2/2025","12/2/2025","12/3/2025","SPY","SPY 12/2/2025 Put $682.00","STC","1","$1.36","$135.97"
"12/2/2025","12/2/2025","12/3/2025","SPY","SPY 12/2/2025 Put $682.00","STC","1","$1.21","$120.97"
"12/2/2025","12/2/2025","12/3/2025","SPY","SPY 12/2/2025 Put $682.00","STC","1","$0.97","$96.97"
"12/2/2025","12/2/2025","12/3/2025","SPY","SPY 12/2/2025 Put $682.00","STC","5","$0.83","$414.89"
"12/2/2025","12/2/2025","12/3/2025","SPY","SPY 12/2/2025 Put $682.00","BTO","5","$0.73","($365.10)"
"12/2/2025","12/2/2025","12/3/2025","SPY","SPY 12/2/2025 Put $682.00","BTO","5","$0.73","($365.10)"
"12/2/2025","12/2/2025","12/3/2025","ORCL","ORCL 12/5/2025 Put $200.00","BTO","3","$2.58","($774.06)"
"12/2/2025","12/2/2025","12/3/2025","ORCL","ORCL 12/5/2025 Put $200.00","BTO","1","$2.57","($257.02)"
"12/2/2025","12/2/2025","12/3/2025","INTC","INTC 12/5/2025 Call $42.00","STC","5","$0.94","$469.89"
"12/2/2025","12/2/2025","12/3/2025","INTC","INTC 12/5/2025 Call $42.00","STC","5","$0.98","$489.89"
"12/2/2025","12/2/2025","12/3/2025","GOOG","GOOG 12/19/2025 Put $295.00","BTO","2","$2.14","($428.04)"
"12/2/2025","12/2/2025","12/3/2025","INTC","INTC 12/5/2025 Call $42.00","BTO","4","$0.90","($360.08)"
"12/2/2025","12/2/2025","12/3/2025","INTC","INTC 12/5/2025 Call $42.00","BTO","3","$0.90","($270.06)"
"12/2/2025","12/2/2025","12/3/2025","INTC","INTC 12/5/2025 Call $42.00","BTO","1","$0.91","($91.02)"
"12/2/2025","12/2/2025","12/3/2025","INTC","INTC 12/5/2025 Call $42.00","BTO","2","$0.91","($182.04)"
"12/2/2025","12/2/2025","12/3/2025","PYPL","PYPL 12/5/2025 Put $62.00","STC","5","$0.71","$354.89"
"12/2/2025","12/2/2025","12/3/2025","PYPL","PYPL 12/5/2025 Put $62.00","STC","1","$0.71","$70.97"
"12/2/2025","12/2/2025","12/3/2025","PYPL","PYPL 12/5/2025 Put $62.00","STC","1","$0.71","$70.97"
"12/2/2025","12/2/2025","12/3/2025","PYPL","PYPL 12/5/2025 Put $62.00","STC","1","$0.71","$70.97"
"12/2/2025","12/2/2025","12/3/2025","PYPL","PYPL 12/5/2025 Put $62.00","BTO","8","$0.78","($624.16)"
"12/1/2025","12/1/2025","12/2/2025","MSTR","MSTR 12/12/2025 Put $120.00","STC","5","$0.60","$299.89"
"12/1/2025","12/1/2025","12/2/2025","SPY","SPY 12/2/2025 Put $677.00","STC","5","$0.87","$434.89"
"12/1/2025","12/1/2025","12/2/2025","SPY","SPY 12/2/2025 Put $677.00","BTO","5","$0.88","($440.10)"
"12/1/2025","12/1/2025","12/2/2025","SPY","SPY 12/2/2025 Put $677.00","STC","7","$0.79","$552.84"
"12/1/2025","12/1/2025","12/2/2025","SPY","SPY 12/2/2025 Put $677.00","STC","5","$0.96","$479.89"
"12/1/2025","12/1/2025","12/2/2025","SPY","SPY 12/2/2025 Put $677.00","STC","2","$0.88","$175.95"
"12/1/2025","12/1/2025","12/2/2025","SPY","SPY 12/2/2025 Put $677.00","BTO","5","$0.55","($275.10)"
"12/1/2025","12/1/2025","12/2/2025","SPY","SPY 12/2/2025 Put $677.00","BTO","2","$0.55","($110.04)"
"12/1/2025","12/1/2025","12/2/2025","SPY","SPY 12/2/2025 Put $677.00","BTO","8","$0.55","($440.16)"
"12/1/2025","12/1/2025","12/2/2025","SPY","SPY 12/1/2025 Put $682.00","STC","5","$0.62","$309.89"
"12/1/2025","12/1/2025","12/2/2025","SPY","SPY 12/1/2025 Put $682.00","STC","10","$0.65","$649.77"
"12/1/2025","12/1/2025","12/2/2025","SPY","SPY 12/1/2025 Put $682.00","STC","10","$0.65","$649.77"
"12/1/2025","12/1/2025","12/2/2025","SPY","SPY 12/1/2025 Put $682.00","STC","25","$0.70","$1,749.43"
"12/1/2025","12/1/2025","12/2/2025","SPY","SPY 12/1/2025 Put $682.00","BTO","50","$0.62","($3,101.00)"
"12/1/2025","12/1/2025","12/2/2025","SPY","SPY 12/1/2025 Put $681.00","STC","12","$0.26","$311.73"
"12/1/2025","12/1/2025","12/2/2025","SPY","SPY 12/1/2025 Put $681.00","STC","8","$0.26","$207.82"
"12/1/2025","12/1/2025","12/2/2025","SPY","SPY 12/1/2025 Put $681.00","BTO","3","$0.77","($231.06)"
"12/1/2025","12/1/2025","12/2/2025","SPY","SPY 12/1/2025 Put $681.00","BTO","6","$0.77","($462.12)"
"12/1/2025","12/1/2025","12/2/2025","SPY","SPY 12/1/2025 Put $681.00","BTO","1","$0.77","($77.02)"
"12/1/2025","12/1/2025","12/2/2025","SPY","SPY 12/1/2025 Put $681.00","BTO","10","$0.77","($770.20)"
"12/1/2025","12/1/2025","12/2/2025","SPY","SPY 12/1/2025 Put $679.00","STC","10","$0.61","$609.77"
"12/1/2025","12/1/2025","12/2/2025","SPY","SPY 12/1/2025 Put $679.00","BTO","10","$0.59","($590.20)"
"12/1/2025","12/1/2025","12/2/2025","SPY","SPY 12/2/2025 Call $684.00","STC","2","$1.10","$219.95"
"12/1/2025","12/1/2025","12/2/2025","AMD","AMD 12/5/2025 Put $205.00","STC","4","$1.53","$611.91"
"12/1/2025","12/1/2025","12/2/2025","MSTR","MSTR 12/12/2025 Put $120.00","STC","1","$1.60","$159.97"
"12/1/2025","12/1/2025","12/2/2025","MSTR","MSTR 12/12/2025 Put $120.00","STC","1","$1.60","$159.97"
"12/1/2025","12/1/2025","12/2/2025","MSTR","MSTR 12/12/2025 Put $120.00","STC","3","$1.15","$344.93"
"12/1/2025","12/1/2025","12/2/2025","AMD","AMD 12/5/2025 Put $205.00","BTO","4","$1.92","($768.08)"
"12/1/2025","12/1/2025","12/2/2025","MSTR","MSTR 12/12/2025 Put $120.00","BTO","5","$0.72","($360.10)"
"12/1/2025","12/1/2025","12/2/2025","SPY","SPY 12/2/2025 Put $677.00","BTO","2","$1.04","($208.04)"
"12/1/2025","12/1/2025","12/2/2025","SPY","SPY 12/2/2025 Call $684.00","STC","1","$0.99","$98.97"
"12/1/2025","12/1/2025","12/2/2025","SPY","SPY 12/2/2025 Call $684.00","BTO","3","$1.16","($348.06)"
"12/1/2025","12/1/2025","12/2/2025","DASH","DASH 12/5/2025 Put $195.00","BTO","3","$1.80","($540.06)"
"12/1/2025","12/1/2025","12/2/2025","LLY","LLY 12/5/2025 Put $1,010.00","STC","1","$1.15","$114.97"
"12/1/2025","12/1/2025","12/2/2025","MSTR","MSTR 12/12/2025 Put $120.00","BTO","5","$0.78","($390.10)"
"11/26/2025","11/26/2025","11/28/2025","TSLA","TSLA 12/12/2025 Put $310.00","STC","1","$0.46","$45.95"
"11/26/2025","11/26/2025","11/28/2025","TSLA","TSLA 12/12/2025 Put $310.00","STC","1","$0.46","$45.95"
"11/26/2025","11/26/2025","11/28/2025","SPY","SPY 11/26/2025 Call $681.00","STC","10","$0.35","$349.55"
"11/26/2025","11/26/2025","11/28/2025","MSFT","MSFT 11/28/2025 Call $490.00","STC","3","$1.02","$305.87"
"11/26/2025","11/26/2025","11/28/2025","GOOG","GOOG 12/5/2025 Put $290.00","STC","1","$0.50","$49.95"
"11/26/2025","11/26/2025","11/28/2025","GOOG","GOOG 12/5/2025 Put $290.00","STC","2","$0.50","$99.91"
"11/26/2025","11/26/2025","11/28/2025","MSFT","MSFT 11/28/2025 Call $490.00","BTO","3","$1.60","($480.12)"
"11/26/2025","11/26/2025","11/28/2025","GS","GS 11/28/2025 Call $830.00","STC","4","$1.20","$479.83"
"11/26/2025","11/26/2025","11/28/2025","SPY","SPY 11/26/2025 Call $681.00","BTO","10","$0.57","($570.42)"
"11/26/2025","11/26/2025","11/28/2025","GS","GS 11/28/2025 Call $830.00","BTO","1","$1.65","($165.04)"
"11/26/2025","11/26/2025","11/28/2025","GS","GS 11/28/2025 Call $830.00","BTO","3","$1.48","($444.12)"
"11/26/2025","11/26/2025","11/28/2025","SPY","SPY 11/26/2025 Put $677.00","STC","1","$0.80","$79.95"
"11/26/2025","11/26/2025","11/28/2025","SPY","SPY 11/26/2025 Put $677.00","STC","2","$0.82","$163.91"
"11/26/2025","11/26/2025","11/28/2025","SPY","SPY 11/26/2025 Put $677.00","STC","1","$0.90","$89.95"
"11/26/2025","11/26/2025","11/28/2025","SPY","SPY 11/26/2025 Put $677.00","STC","1","$0.90","$89.95"
"11/26/2025","11/26/2025","11/28/2025","SPY","SPY 11/26/2025 Put $677.00","STC","2","$0.85","$169.91"
"11/26/2025","11/26/2025","11/28/2025","SPY","SPY 11/26/2025 Put $677.00","STC","1","$0.85","$84.95"
"11/26/2025","11/26/2025","11/28/2025","SPY","SPY 11/26/2025 Put $677.00","STC","2","$0.80","$159.91"
"11/26/2025","11/26/2025","11/28/2025","SPY","SPY 11/26/2025 Put $677.00","BTO","8","$0.70","($560.34)"
"11/26/2025","11/26/2025","11/28/2025","SPY","SPY 11/26/2025 Put $677.00","BTO","2","$0.70","($140.08)"
"11/26/2025","11/26/2025","11/28/2025","SPY","SPY 11/26/2025 Put $676.00","STC","3","$0.64","$191.87"
"11/26/2025","11/26/2025","11/28/2025","SPY","SPY 11/26/2025 Put $676.00","STC","2","$0.92","$183.91"
"11/26/2025","11/26/2025","11/28/2025","SPY","SPY 11/26/2025 Put $676.00","STC","5","$0.90","$449.78"
"11/26/2025","11/26/2025","11/28/2025","SPY","SPY 11/26/2025 Put $676.00","BTO","10","$0.80","($800.42)"
"11/26/2025","11/26/2025","11/28/2025","SPY","SPY 11/26/2025 Call $680.00","STC","10","$0.48","$479.55"
"11/26/2025","11/26/2025","11/28/2025","SPY","SPY 11/26/2025 Call $680.00","BTO","10","$0.55","($550.42)"
"11/26/2025","11/26/2025","11/28/2025","SPY","SPY 11/26/2025 Call $680.00","STC","3","$0.76","$227.87"
"11/26/2025","11/26/2025","11/28/2025","SPY","SPY 11/26/2025 Call $680.00","STC","2","$0.76","$151.91"
"11/26/2025","11/26/2025","11/28/2025","SPY","SPY 11/26/2025 Call $680.00","STC","4","$0.72","$287.83"
"11/26/2025","11/26/2025","11/28/2025","SPY","SPY 11/26/2025 Call $680.00","STC","1","$0.72","$71.95"
"11/26/2025","11/26/2025","11/28/2025","SPY","SPY 11/26/2025 Call $680.00","BTO","5","$0.61","($305.21)"
"11/26/2025","11/26/2025","11/28/2025","SPY","SPY 11/26/2025 Call $680.00","BTO","5","$0.61","($305.21)"
"11/25/2025","11/25/2025","11/26/2025","MSFT","MSFT 11/28/2025 Call $480.00","STC","4","$2.43","$971.83"
"11/25/2025","11/25/2025","11/26/2025","LLY","LLY 12/5/2025 Put $1,010.00","BTO","1","$1.50","($150.04)"
"11/25/2025","11/25/2025","11/26/2025","MSFT","MSFT 11/28/2025 Call $480.00","BTO","1","$2.73","($273.04)"
"11/25/2025","11/25/2025","11/26/2025","MSFT","MSFT 11/28/2025 Call $480.00","BTO","1","$2.73","($273.04)"
"11/25/2025","11/25/2025","11/26/2025","MSFT","MSFT 11/28/2025 Call $480.00","BTO","2","$2.73","($546.08)"
"11/25/2025","11/25/2025","11/26/2025","IMMX","Immix Biopharma
CUSIP: 45258H106","Buy","80","$4.29","($343.20)"
"11/25/2025","11/25/2025","11/26/2025","SPY","SPY 11/25/2025 Call $674.00","STC","2","$0.88","$175.91"
"11/25/2025","11/25/2025","11/26/2025","SPY","SPY 11/25/2025 Call $674.00","STC","3","$0.88","$263.87"
"11/25/2025","11/25/2025","11/26/2025","SPY","SPY 11/25/2025 Call $674.00","STC","5","$0.90","$449.78"
"11/25/2025","11/25/2025","11/26/2025","SPY","SPY 11/25/2025 Call $674.00","STC","8","$0.84","$671.64"
"11/25/2025","11/25/2025","11/26/2025","SPY","SPY 11/25/2025 Call $674.00","STC","2","$0.84","$167.91"
"11/25/2025","11/25/2025","11/26/2025","SPY","SPY 11/25/2025 Call $674.00","BTO","20","$0.74","($1,480.84)"
"11/25/2025","11/25/2025","11/26/2025","SPY","SPY 11/25/2025 Put $673.00","STC","3","$0.15","$44.87"
"11/25/2025","11/25/2025","11/26/2025","SPY","SPY 11/25/2025 Put $673.00","STC","7","$0.15","$104.68"
"11/25/2025","11/25/2025","11/26/2025","SPY","SPY 11/25/2025 Put $673.00","STC","10","$0.15","$149.55"
"11/25/2025","11/25/2025","11/26/2025","SPY","SPY 11/25/2025 Put $673.00","BTO","1","$0.26","($26.04)"
"11/25/2025","11/25/2025","11/26/2025","SPY","SPY 11/25/2025 Put $673.00","BTO","19","$0.26","($494.80)"
"11/25/2025","11/25/2025","11/26/2025","SPY","SPY 11/25/2025 Put $673.00","STC","2","$0.29","$57.91"
"11/25/2025","11/25/2025","11/26/2025","SPY","SPY 11/25/2025 Put $673.00","STC","2","$0.29","$57.91"
"11/25/2025","11/25/2025","11/26/2025","SPY","SPY 11/25/2025 Put $673.00","STC","6","$0.29","$173.73"
"11/25/2025","11/25/2025","11/26/2025","SPY","SPY 11/28/2025 Put $670.00","STC","2","$1.49","$297.91"
"11/25/2025","11/25/2025","11/26/2025","SPY","SPY 11/25/2025 Put $673.00","STC","4","$0.54","$215.83"
"11/25/2025","11/25/2025","11/26/2025","SPY","SPY 11/25/2025 Put $673.00","STC","6","$0.54","$323.73"
"11/25/2025","11/25/2025","11/26/2025","SPY","SPY 11/25/2025 Put $673.00","BTO","20","$0.51","($1,020.84)"
"11/25/2025","11/25/2025","11/26/2025","SPY","SPY 11/25/2025 Put $673.00","STC","4","$0.70","$279.83"
"11/25/2025","11/25/2025","11/26/2025","SPY","SPY 11/25/2025 Put $673.00","STC","1","$0.70","$69.95"
"11/25/2025","11/25/2025","11/26/2025","SPY","SPY 11/25/2025 Put $673.00","STC","1","$0.65","$64.95"
"11/25/2025","11/25/2025","11/26/2025","SPY","SPY 11/25/2025 Put $673.00","STC","3","$0.65","$194.87"
"11/25/2025","11/25/2025","11/26/2025","SPY","SPY 11/25/2025 Put $673.00","STC","1","$0.65","$64.95"
"11/25/2025","11/25/2025","11/26/2025","SPY","SPY 11/25/2025 Put $673.00","STC","5","$0.54","$269.78"
"11/25/2025","11/25/2025","11/26/2025","SPY","SPY 11/25/2025 Put $673.00","STC","5","$0.79","$394.78"
"11/25/2025","11/25/2025","11/26/2025","SPY","SPY 11/28/2025 Put $670.00","STC","2","$1.76","$351.91"
"11/25/2025","11/25/2025","11/26/2025","SPY","SPY 11/25/2025 Put $673.00","STC","4","$0.38","$151.83"
"11/25/2025","11/25/2025","11/26/2025","SPY","SPY 11/25/2025 Put $673.00","STC","6","$0.38","$227.73"
"11/25/2025","11/25/2025","11/26/2025","SPY","SPY 11/25/2025 Put $673.00","BTO","30","$0.32","($961.27)"
"11/25/2025","11/25/2025","11/26/2025","SPY","SPY 11/25/2025 Put $672.00","STC","20","$0.24","$479.10"
"11/25/2025","11/25/2025","11/26/2025","SPY","SPY 11/28/2025 Put $670.00","BTO","2","$1.50","($300.08)"
"11/25/2025","11/25/2025","11/26/2025","SPY","SPY 11/28/2025 Put $670.00","BTO","2","$1.50","($300.08)"
"11/25/2025","11/25/2025","11/26/2025","SPY","SPY 11/25/2025 Put $672.00","BTO","20","$0.43","($860.84)"
"11/25/2025","11/25/2025","11/26/2025","SPY","SPY 11/25/2025 Call $672.00","STC","10","$0.95","$949.55"
"11/25/2025","11/25/2025","11/26/2025","SPY","SPY 11/25/2025 Call $672.00","BTO","7","$0.91","($637.30)"
"11/25/2025","11/25/2025","11/26/2025","SPY","SPY 11/25/2025 Call $672.00","BTO","1","$0.91","($91.04)"
"11/25/2025","11/25/2025","11/26/2025","SPY","SPY 11/25/2025 Call $672.00","BTO","2","$0.91","($182.08)"
"11/25/2025","11/25/2025","11/26/2025","SNDK","SNDK 11/28/2025 Put $200.00","STC","3","$2.60","$779.87"
"11/25/2025","11/25/2025","11/26/2025","SPY","SPY 11/25/2025 Put $666.00","STC","9","$0.18","$161.59"
"11/25/2025","11/25/2025","11/26/2025","SPY","SPY 11/25/2025 Put $666.00","STC","1","$0.18","$17.95"
"11/25/2025","11/25/2025","11/26/2025","SPY","SPY 11/25/2025 Put $666.00","BTO","10","$0.59","($590.42)"
"11/25/2025","11/25/2025","11/26/2025","SNDK","SNDK 11/28/2025 Put $200.00","STC","1","$4.40","$439.95"
"11/25/2025","11/25/2025","11/26/2025","SNDK","SNDK 11/28/2025 Put $200.00","BTO","1","$3.70","($370.04)"
"11/25/2025","11/25/2025","11/26/2025","SNDK","SNDK 11/28/2025 Put $200.00","BTO","3","$3.90","($1,170.12)"
"11/25/2025","11/25/2025","11/26/2025","BABA","BABA 12/5/2025 Call $172.50","STC","2","$1.68","$335.91"
"11/24/2025","11/24/2025","11/25/2025","SPY","Option Expiration for SPY 11/24/2025 Call $673.00","OEXP","4S","",""
"11/24/2025","11/24/2025","11/25/2025","BABA","BABA 12/5/2025 Call $172.50","BTO","2","$2.75","($550.08)"
"11/24/2025","11/24/2025","11/25/2025","MSFT","MSFT 12/5/2025 Put $460.00","STC","2","$3.00","$599.91"
"11/24/2025","11/24/2025","11/25/2025","MSFT","MSFT 12/5/2025 Put $460.00","BTO","1","$2.94","($294.04)"
"11/24/2025","11/24/2025","11/25/2025","MSFT","MSFT 12/5/2025 Put $460.00","BTO","1","$2.94","($294.04)"
"11/24/2025","11/24/2025","11/25/2025","GOOG","GOOG 12/5/2025 Put $290.00","BTO","1","$1.13","($113.04)"
"11/24/2025","11/24/2025","11/25/2025","ORCL","ORCL 11/28/2025 Call $210.00","STC","1","$2.29","$228.95"
"11/24/2025","11/24/2025","11/25/2025","ORCL","ORCL 11/28/2025 Call $210.00","STC","1","$2.29","$228.95"
"11/24/2025","11/24/2025","11/25/2025","ORCL","ORCL 11/28/2025 Call $210.00","STC","1","$2.29","$228.95"
"11/24/2025","11/24/2025","11/25/2025","ORCL","ORCL 11/28/2025 Call $210.00","BTO","3","$2.27","($681.12)"
"11/24/2025","11/24/2025","11/25/2025","GOOG","GOOG 12/5/2025 Put $290.00","BTO","1","$1.48","($148.04)"
"11/24/2025","11/24/2025","11/25/2025","SPY","SPY 11/24/2025 Call $673.00","BTO","4","$0.09","($36.16)"
"11/24/2025","11/24/2025","11/25/2025","GOOG","GOOG 12/5/2025 Put $290.00","BTO","3","$1.98","($594.12)"
"11/21/2025","11/21/2025","11/24/2025","SPY","SPY 11/21/2025 Put $661.00","STC","3","$0.89","$266.87"
"11/21/2025","11/21/2025","11/24/2025","SPY","SPY 11/21/2025 Put $661.00","STC","1","$0.96","$95.95"
"11/21/2025","11/21/2025","11/24/2025","SPY","SPY 11/21/2025 Put $661.00","STC","2","$0.96","$191.91"
"11/21/2025","11/21/2025","11/24/2025","SPY","SPY 11/21/2025 Put $661.00","STC","2","$0.95","$189.91"
"11/21/2025","11/21/2025","11/24/2025","SPY","SPY 11/21/2025 Put $661.00","STC","2","$0.92","$183.91"
"11/21/2025","11/21/2025","11/24/2025","SPY","SPY 11/21/2025 Put $661.00","BTO","1","$0.78","($78.04)"
"11/21/2025","11/21/2025","11/24/2025","SPY","SPY 11/21/2025 Put $661.00","BTO","9","$0.79","($711.38)"
"11/21/2025","11/21/2025","11/24/2025","SPY","SPY 11/21/2025 Put $661.00","STC","10","$0.90","$899.55"
"11/21/2025","11/21/2025","11/24/2025","SPY","SPY 11/21/2025 Put $661.00","BTO","10","$0.70","($700.42)"
"11/21/2025","11/21/2025","11/24/2025","SPY","SPY 11/21/2025 Call $666.00","STC","5","$0.23","$114.78"
"11/21/2025","11/21/2025","11/24/2025","SPY","SPY 11/21/2025 Call $666.00","BTO","5","$0.54","($270.21)"
"11/21/2025","11/21/2025","11/24/2025","SPY","SPY 11/21/2025 Call $664.00","STC","5","$1.29","$644.78"
"11/21/2025","11/21/2025","11/24/2025","SPY","SPY 11/21/2025 Call $664.00","STC","5","$1.37","$684.78"
"11/21/2025","11/21/2025","11/24/2025","SPY","SPY 11/21/2025 Call $664.00","BTO","10","$1.15","($1,150.42)"
"11/21/2025","11/21/2025","11/24/2025","SPY","SPY 11/21/2025 Put $657.00","STC","3","$1.40","$419.87"
"11/21/2025","11/21/2025","11/24/2025","SPY","SPY 11/21/2025 Put $657.00","STC","2","$1.78","$355.91"
"11/21/2025","11/21/2025","11/24/2025","SPY","SPY 11/21/2025 Put $657.00","BTO","5","$1.35","($675.21)"
"11/21/2025","11/21/2025","11/24/2025","SNDK","SNDK 11/21/2025 Put $187.50","STC","2","$1.40","$279.91"
"11/21/2025","11/21/2025","11/24/2025","SNDK","SNDK 11/21/2025 Put $187.50","BTO","2","$3.40","($680.08)"
"11/21/2025","11/21/2025","11/24/2025","MSFT","MSFT 12/5/2025 Put $450.00","STC","1","$4.55","$454.95"
"11/21/2025","11/21/2025","11/24/2025","SPY","SPY 11/21/2025 Call $660.00","STC","3","$1.04","$311.87"
"11/21/2025","11/21/2025","11/24/2025","SPY","SPY 11/21/2025 Call $660.00","BTO","3","$1.47","($441.12)"
"11/20/2025","11/20/2025","11/21/2025","ARM","ARM 11/28/2025 Put $128.00","STC","2","$2.70","$539.91"
"11/20/2025","11/20/2025","11/21/2025","ARM","ARM 11/28/2025 Put $128.00","BTO","2","$2.75","($550.08)"
"11/20/2025","11/20/2025","11/21/2025","MSFT","MSFT 12/5/2025 Put $450.00","BTO","1","$2.37","($237.04)"
"11/20/2025","11/20/2025","11/21/2025","SPY","SPY 11/20/2025 Call $663.00","STC","2","$1.60","$319.91"
"11/20/2025","11/20/2025","11/21/2025","SPY","SPY 11/20/2025 Call $663.00","STC","1","$1.77","$176.95"
"11/20/2025","11/20/2025","11/21/2025","SPY","SPY 11/20/2025 Call $663.00","STC","2","$1.77","$353.91"
"11/20/2025","11/20/2025","11/21/2025","SPY","SPY 11/20/2025 Call $663.00","BTO","5","$1.31","($655.21)"
"11/20/2025","11/20/2025","11/21/2025","ASTS","AST SpaceMobile
CUSIP: 00217D100","Buy","2","$54.88","($109.76)"
"11/20/2025","11/20/2025","11/21/2025","NVDA","NVIDIA
CUSIP: 67066G104","Buy","1","$183.95","($183.95)"
"11/20/2025","11/20/2025","11/21/2025","RKLB","Rocket Lab Corporation
CUSIP: 773121108","Buy","15","$40.90","($613.49)"
"11/20/2025","11/20/2025","11/21/2025","AMD","AMD 11/28/2025 Put $195.00","STC","2","$3.10","$619.91"
"11/20/2025","11/20/2025","11/21/2025","AMD","AMD 11/28/2025 Put $195.00","STC","1","$3.45","$344.95"
"11/20/2025","11/20/2025","11/21/2025","AMD","AMD 11/28/2025 Put $195.00","STC","2","$3.30","$659.91"
"11/20/2025","11/20/2025","11/21/2025","AMD","AMD 11/28/2025 Put $195.00","BTO","5","$3.25","($1,625.21)"
"11/20/2025","11/20/2025","11/21/2025","COIN","COIN 11/28/2025 Put $220.00","STC","2","$2.80","$559.91"
"11/20/2025","11/20/2025","11/21/2025","AMD","AMD 11/28/2025 Put $195.00","STC","1","$1.87","$186.95"
"11/20/2025","11/20/2025","11/21/2025","GOOG","GOOG 12/5/2025 Put $285.00","STC","2","$4.45","$889.91"
"11/20/2025","11/20/2025","11/21/2025","COIN","COIN 11/28/2025 Put $220.00","BTO","2","$2.30","($460.08)"
"11/20/2025","11/20/2025","11/21/2025","COIN","COIN 11/21/2025 Put $240.00","STC","2","$2.95","$589.91"
"11/20/2025","11/20/2025","11/21/2025","COIN","COIN 11/21/2025 Put $240.00","STC","1","$3.05","$304.95"
"11/20/2025","11/20/2025","11/21/2025","GOOG","GOOG 12/5/2025 Put $285.00","STC","1","$3.00","$299.95"
"11/20/2025","11/20/2025","11/21/2025","COIN","COIN 11/21/2025 Put $240.00","BTO","3","$2.35","($705.12)"
"11/20/2025","11/20/2025","11/21/2025","SPY","SPY 11/20/2025 Put $672.00","STC","1","$3.75","$374.95"
"11/20/2025","11/20/2025","11/21/2025","AMD","AMD 11/21/2025 Put $225.00","STC","1","$3.65","$364.95"
"11/20/2025","11/20/2025","11/21/2025","SPY","SPY 11/20/2025 Put $672.00","STC","1","$1.84","$183.95"
"11/20/2025","11/20/2025","11/21/2025","AMD","AMD 11/21/2025 Put $225.00","STC","1","$3.70","$369.95"
"11/20/2025","11/20/2025","11/21/2025","SPY","SPY 11/20/2025 Put $672.00","STC","1","$1.70","$169.95"
"11/20/2025","11/20/2025","11/21/2025","AMD","AMD 11/21/2025 Put $225.00","STC","1","$3.35","$334.95"
"11/20/2025","11/20/2025","11/21/2025","SPY","SPY 11/20/2025 Put $672.00","STC","1","$1.47","$146.95"
"11/20/2025","11/20/2025","11/21/2025","DASH","DASH 11/21/2025 Put $192.50","STC","2","$0.70","$139.91"
"11/20/2025","11/20/2025","11/21/2025","DASH","DASH 11/21/2025 Put $192.50","STC","2","$0.70","$139.91"
"11/20/2025","11/20/2025","11/21/2025","SPY","SPY 11/20/2025 Put $672.00","BTO","1","$0.98","($98.04)"
"11/20/2025","11/20/2025","11/21/2025","DASH","DASH 11/21/2025 Put $192.50","BTO","4","$0.50","($200.16)"
"11/20/2025","11/20/2025","11/21/2025","SPY","SPY 11/20/2025 Put $672.00","BTO","3","$1.18","($354.12)"
"11/20/2025","11/20/2025","11/21/2025","AMD","AMD 11/21/2025 Put $225.00","BTO","3","$2.39","($717.12)"
"11/20/2025","11/20/2025","11/21/2025","GOOG","GOOG 12/5/2025 Put $285.00","BTO","3","$2.35","($705.12)"
"11/20/2025","11/20/2025","11/21/2025","SPY","SPY 11/20/2025 Call $676.00","STC","5","$0.90","$449.78"
"11/20/2025","11/20/2025","11/21/2025","SPY","SPY 11/20/2025 Call $676.00","BTO","3","$1.13","($339.12)"
"11/20/2025","11/20/2025","11/21/2025","SPY","SPY 11/20/2025 Call $676.00","BTO","2","$1.13","($226.08)"
"11/19/2025","11/19/2025","11/20/2025","TSLA","TSLA 12/12/2025 Put $310.00","STC","1","$1.84","$183.95"
"11/19/2025","11/19/2025","11/20/2025","AMD","AMD 11/28/2025 Put $195.00","STC","1","$1.73","$172.95"
"11/19/2025","11/19/2025","11/20/2025","AMD","AMD 11/28/2025 Put $195.00","STC","2","$1.82","$363.91"
"11/19/2025","11/19/2025","11/20/2025","SPY","SPY 11/19/2025 Put $660.00","STC","5","$1.01","$504.78"
"11/19/2025","11/19/2025","11/20/2025","SPY","SPY 11/19/2025 Put $660.00","BTO","5","$1.11","($555.21)"
"11/19/2025","11/19/2025","11/20/2025","AMD","AMD 11/28/2025 Put $195.00","BTO","4","$1.71","($684.16)"
"11/19/2025","11/19/2025","11/20/2025","SNDK","SNDK 11/21/2025 Put $210.00","STC","2","$1.70","$339.91"
"11/19/2025","11/19/2025","11/20/2025","SNDK","SNDK 11/21/2025 Put $210.00","BTO","2","$2.00","($400.08)"
"11/19/2025","11/19/2025","11/20/2025","SPY","SPY 11/19/2025 Call $663.00","STC","5","$1.37","$684.78"
"11/19/2025","11/19/2025","11/20/2025","SPY","SPY 11/19/2025 Call $663.00","BTO","5","$1.33","($665.21)"
"11/19/2025","11/19/2025","11/20/2025","PLTR","PLTR 12/5/2025 Put $150.00","STC","1","$3.60","$359.95"
"11/19/2025","11/19/2025","11/20/2025","AMD","AMD 11/21/2025 Put $215.00","STC","2","$3.40","$679.91"
"11/19/2025","11/19/2025","11/20/2025","AMD","AMD 11/21/2025 Put $215.00","STC","1","$3.45","$344.95"
"11/19/2025","11/19/2025","11/20/2025","GOOG","GOOG 11/28/2025 Put $280.00","STC","1","$2.35","$234.95"
"11/19/2025","11/19/2025","11/20/2025","COIN","COIN 11/28/2025 Put $220.00","STC","1","$2.90","$289.95"
"11/19/2025","11/19/2025","11/20/2025","AMD","AMD 11/21/2025 Put $215.00","BTO","3","$2.71","($813.12)"
"11/19/2025","11/19/2025","11/20/2025","GOOG","GOOG 11/28/2025 Put $280.00","BTO","1","$1.97","($197.04)"
"11/19/2025","11/19/2025","11/20/2025","CVNA","CVNA 11/21/2025 Put $300.00","STC","2","$1.80","$359.91"
"11/19/2025","11/19/2025","11/20/2025","CVNA","CVNA 11/21/2025 Put $300.00","BTO","2","$1.92","($384.08)"
"11/19/2025","11/19/2025","11/20/2025","CVNA","CVNA 11/21/2025 Put $300.00","STC","2","$2.00","$399.91"
"11/19/2025","11/19/2025","11/20/2025","CVNA","CVNA 11/21/2025 Put $300.00","BTO","2","$1.95","($390.08)"
"11/19/2025","11/19/2025","11/20/2025","MSTR","MSTR 11/21/2025 Put $180.00","STC","2","$3.90","$779.91"
"11/19/2025","11/19/2025","11/20/2025","UNH","UNH 11/21/2025 Put $300.00","STC","2","$2.25","$449.91"
"11/19/2025","11/19/2025","11/20/2025","GOOG","GOOG 11/21/2025 Put $280.00","STC","1","$0.40","$39.95"
"11/19/2025","11/19/2025","11/20/2025","MSTR","MSTR 11/21/2025 Put $180.00","BTO","2","$3.75","($750.08)"
"11/19/2025","11/19/2025","11/20/2025","SPY","SPY 11/19/2025 Put $662.00","STC","1","$1.80","$179.95"
"11/19/2025","11/19/2025","11/20/2025","SPY","SPY 11/19/2025 Put $662.00","STC","1","$1.80","$179.95"
"11/19/2025","11/19/2025","11/20/2025","UNH","UNH 11/21/2025 Put $300.00","BTO","2","$2.47","($494.08)"
"11/19/2025","11/19/2025","11/20/2025","COIN","COIN 11/28/2025 Put $220.00","BTO","1","$1.82","($182.04)"
"11/19/2025","11/19/2025","11/20/2025","SPY","SPY 11/19/2025 Put $662.00","STC","3","$1.32","$395.87"
"11/19/2025","11/19/2025","11/20/2025","SPY","SPY 11/19/2025 Put $662.00","STC","5","$1.30","$649.78"
"11/19/2025","11/19/2025","11/20/2025","SPY","SPY 11/19/2025 Put $662.00","BTO","10","$1.23","($1,230.42)"
"11/19/2025","11/19/2025","11/20/2025","GOOG","GOOG 11/21/2025 Put $280.00","BTO","1","$0.27","($27.04)"
"11/19/2025","11/19/2025","11/20/2025","SPY","SPY 11/19/2025 Put $661.00","STC","1","$0.83","$82.95"
"11/19/2025","11/19/2025","11/20/2025","SPY","SPY 11/19/2025 Put $661.00","STC","2","$0.83","$165.91"
"11/19/2025","11/19/2025","11/20/2025","SPY","SPY 11/19/2025 Put $661.00","STC","2","$0.83","$165.91"
"11/19/2025","11/19/2025","11/20/2025","SPY","SPY 11/19/2025 Put $661.00","BTO","5","$0.96","($480.21)"
"11/19/2025","11/19/2025","11/20/2025","SPY","SPY 11/19/2025 Put $661.00","STC","4","$0.90","$359.83"
"11/19/2025","11/19/2025","11/20/2025","SPY","SPY 11/19/2025 Put $661.00","STC","1","$0.89","$88.95"
"11/19/2025","11/19/2025","11/20/2025","SPY","SPY 11/19/2025 Put $661.00","BTO","5","$1.01","($505.21)"
"11/19/2025","11/19/2025","11/20/2025","MSFT","MSFT 11/21/2025 Call $505.00","STC","3","$1.47","$440.87"
"11/19/2025","11/19/2025","11/20/2025","COST","COST 12/5/2025 Put $840.00","STC","1","$4.50","$449.95"
"11/19/2025","11/19/2025","11/20/2025","MSFT","MSFT 11/21/2025 Call $505.00","BTO","3","$1.69","($507.12)"
"11/19/2025","11/19/2025","11/20/2025","MSTR","MSTR 11/21/2025 Put $185.00","STC","5","$1.95","$974.78"
"11/18/2025","11/18/2025","11/19/2025","SPY","SPY 11/18/2025 Call $664.00","STC","5","$0.50","$249.78"
"11/18/2025","11/18/2025","11/19/2025","SPY","SPY 11/18/2025 Call $664.00","STC","5","$0.50","$249.78"
"11/18/2025","11/18/2025","11/19/2025","SPY","SPY 11/18/2025 Call $664.00","BTO","10","$0.65","($650.42)"
"11/18/2025","11/18/2025","11/19/2025","SPY","SPY 11/18/2025 Put $664.00","STC","5","$1.12","$559.78"
"11/18/2025","11/18/2025","11/19/2025","SPY","SPY 11/18/2025 Put $664.00","STC","5","$1.05","$524.78"
"11/18/2025","11/18/2025","11/19/2025","SPY","SPY 11/18/2025 Put $664.00","BTO","10","$0.93","($930.42)"
"11/18/2025","11/18/2025","11/19/2025","SPY","SPY 11/18/2025 Put $663.00","STC","10","$0.80","$799.55"
"11/18/2025","11/18/2025","11/19/2025","SPY","SPY 11/18/2025 Put $663.00","BTO","10","$0.73","($730.42)"
"11/18/2025","11/18/2025","11/19/2025","SPY","SPY 11/18/2025 Call $665.00","STC","5","$0.93","$464.78"
"11/18/2025","11/18/2025","11/19/2025","SPY","SPY 11/18/2025 Call $665.00","STC","5","$0.91","$454.78"
"11/18/2025","11/18/2025","11/19/2025","SPY","SPY 11/18/2025 Call $665.00","STC","5","$0.75","$374.78"
"11/18/2025","11/18/2025","11/19/2025","SPY","SPY 11/18/2025 Call $665.00","BTO","5","$0.49","($245.21)"
"11/18/2025","11/18/2025","11/19/2025","SPY","SPY 11/18/2025 Call $665.00","BTO","10","$0.64","($640.42)"
"11/18/2025","11/18/2025","11/19/2025","SPY","SPY 11/18/2025 Call $665.00","STC","1","$0.59","$58.95"
"11/18/2025","11/18/2025","11/19/2025","SPY","SPY 11/18/2025 Call $665.00","STC","9","$0.59","$530.59"
"11/18/2025","11/18/2025","11/19/2025","SPY","SPY 11/18/2025 Call $665.00","STC","9","$0.89","$800.59"
"11/18/2025","11/18/2025","11/19/2025","SPY","SPY 11/18/2025 Call $665.00","STC","1","$0.88","$87.95"
"11/18/2025","11/18/2025","11/19/2025","SPY","SPY 11/18/2025 Call $665.00","BTO","20","$0.61","($1,220.84)"
"11/18/2025","11/18/2025","11/19/2025","SPY","SPY 11/18/2025 Put $661.00","STC","10","$0.43","$429.55"
"11/18/2025","11/18/2025","11/19/2025","SPY","SPY 11/18/2025 Put $661.00","STC","5","$0.77","$384.78"
"11/18/2025","11/18/2025","11/19/2025","SPY","SPY 11/18/2025 Put $661.00","BTO","15","$0.73","($1,095.63)"
"11/18/2025","11/18/2025","11/19/2025","SPY","SPY 11/18/2025 Put $659.00","STC","10","$0.31","$309.55"
"11/18/2025","11/18/2025","11/19/2025","SPY","SPY 11/18/2025 Put $659.00","BTO","10","$0.80","($800.42)"
"11/18/2025","11/18/2025","11/19/2025","SPY","SPY 11/18/2025 Put $657.00","STC","3","$0.91","$272.87"
"11/18/2025","11/18/2025","11/19/2025","SPY","SPY 11/18/2025 Put $657.00","STC","1","$1.23","$122.95"
"11/18/2025","11/18/2025","11/19/2025","SPY","SPY 11/18/2025 Put $657.00","STC","1","$1.16","$115.95"
"11/18/2025","11/18/2025","11/19/2025","SPY","SPY 11/18/2025 Put $657.00","STC","1","$1.10","$109.95"
"11/18/2025","11/18/2025","11/19/2025","SPY","SPY 11/18/2025 Put $657.00","STC","1","$1.08","$107.95"
"11/18/2025","11/18/2025","11/19/2025","SPY","SPY 11/18/2025 Put $657.00","STC","1","$0.96","$95.95"
"11/18/2025","11/18/2025","11/19/2025","SPY","SPY 11/18/2025 Put $657.00","BTO","8","$0.87","($696.34)"
"11/18/2025","11/18/2025","11/19/2025","MSTR","MSTR 11/21/2025 Put $185.00","BTO","1","$1.74","($174.04)"
"11/18/2025","11/18/2025","11/19/2025","COST","COST 12/5/2025 Put $840.00","BTO","1","$2.05","($205.04)"
"11/18/2025","11/18/2025","11/19/2025","MSTR","MSTR 11/21/2025 Put $185.00","BTO","1","$2.30","($230.04)"
"11/18/2025","11/18/2025","11/19/2025","PYPL","PYPL 12/12/2025 Put $60.00","STC","1","$1.85","$184.95"
"11/18/2025","11/18/2025","11/19/2025","MSTR","MSTR 11/21/2025 Put $185.00","BTO","1","$2.45","($245.04)"
"11/18/2025","11/18/2025","11/19/2025","MSTR","MSTR 11/21/2025 Put $185.00","BTO","2","$3.20","($640.08)"
"11/18/2025","11/18/2025","11/19/2025","AMD","AMD 12/5/2025 Put $210.00","STC","1","$3.30","$329.95"
"11/17/2025","11/17/2025","11/18/2025","PYPL","PYPL 12/12/2025 Put $60.00","STC","1","$1.83","$182.95"
"11/17/2025","11/17/2025","11/18/2025","PLTR","PLTR 12/5/2025 Put $150.00","BTO","1","$2.75","($275.04)"
"11/17/2025","11/17/2025","11/18/2025","PYPL","PYPL 12/12/2025 Put $60.00","STC","1","$1.60","$159.95"
"11/17/2025","11/17/2025","11/18/2025","SPY","SPY 11/17/2025 Put $666.00","STC","1","$1.09","$108.95"
"11/17/2025","11/17/2025","11/18/2025","SPY","SPY 11/17/2025 Put $666.00","STC","1","$1.18","$117.95"
"11/17/2025","11/17/2025","11/18/2025","SPY","SPY 11/17/2025 Put $666.00","STC","1","$1.17","$116.95"
"11/17/2025","11/17/2025","11/18/2025","SPY","SPY 11/17/2025 Put $666.00","STC","1","$1.08","$107.95"
"11/17/2025","11/17/2025","11/18/2025","SPY","SPY 11/17/2025 Put $666.00","STC","1","$0.94","$93.95"
"11/17/2025","11/17/2025","11/18/2025","SPY","SPY 11/17/2025 Put $666.00","BTO","5","$0.79","($395.21)"
"11/17/2025","11/17/2025","11/18/2025","SPY","SPY 11/17/2025 Call $670.00","STC","5","$0.59","$294.78"
"11/17/2025","11/17/2025","11/18/2025","SPY","SPY 11/17/2025 Call $670.00","BTO","5","$0.67","($335.21)"
"11/17/2025","11/17/2025","11/18/2025","SPY","SPY 11/17/2025 Call $670.00","STC","1","$0.63","$62.95"
"11/17/2025","11/17/2025","11/18/2025","SPY","SPY 11/17/2025 Call $670.00","STC","1","$0.63","$62.95"
"11/17/2025","11/17/2025","11/18/2025","SPY","SPY 11/17/2025 Call $670.00","STC","1","$0.63","$62.95"
"11/17/2025","11/17/2025","11/18/2025","SPY","SPY 11/17/2025 Call $670.00","STC","2","$0.63","$125.91"
"11/17/2025","11/17/2025","11/18/2025","SPY","SPY 11/17/2025 Call $670.00","BTO","5","$0.81","($405.21)"
"11/17/2025","11/17/2025","11/18/2025","AMD","AMD 12/5/2025 Put $160.00","STC","3","$0.22","$65.87"
"11/17/2025","11/17/2025","11/18/2025","PLTR","PLTR 12/5/2025 Put $150.00","STC","3","$2.20","$659.87"
"11/17/2025","11/17/2025","11/18/2025","CVNA","CVNA 11/21/2025 Put $300.00","STC","1","$2.35","$234.95"
"11/17/2025","11/17/2025","11/18/2025","CVNA","CVNA 11/21/2025 Put $300.00","STC","1","$2.35","$234.95"
"11/17/2025","11/17/2025","11/18/2025","CVNA","CVNA 11/21/2025 Put $300.00","BTO","2","$2.52","($504.08)"
"11/17/2025","11/17/2025","11/18/2025","SPY","SPY 11/17/2025 Call $672.00","STC","3","$0.45","$134.87"
"11/17/2025","11/17/2025","11/18/2025","SPY","SPY 11/17/2025 Call $672.00","BTO","2","$0.58","($116.08)"
"11/17/2025","11/17/2025","11/18/2025","SPY","SPY 11/17/2025 Call $672.00","BTO","1","$0.59","($59.04)"
"11/17/2025","11/17/2025","11/18/2025","SPY","SPY 11/17/2025 Put $671.00","STC","3","$1.10","$329.87"
"11/17/2025","11/17/2025","11/18/2025","SPY","SPY 11/17/2025 Put $671.00","STC","2","$1.00","$199.91"
"11/17/2025","11/17/2025","11/18/2025","SPY","SPY 11/17/2025 Put $671.00","BTO","5","$0.95","($475.21)"
"11/17/2025","11/17/2025","11/18/2025","DDOG","DDOG 11/21/2025 Call $187.50","STC","4","$1.70","$679.83"
"11/17/2025","11/17/2025","11/18/2025","GOOG","GOOG 11/21/2025 Call $300.00","STC","1","$1.72","$171.95"
"11/17/2025","11/17/2025","11/18/2025","GOOG","GOOG 11/21/2025 Call $300.00","STC","2","$1.72","$343.91"
"11/17/2025","11/17/2025","11/18/2025","SPY","SPY 11/17/2025 Call $673.00","STC","3","$0.94","$281.87"
"11/17/2025","11/17/2025","11/18/2025","GOOG","GOOG 11/21/2025 Call $300.00","BTO","3","$1.77","($531.12)"
"11/17/2025","11/17/2025","11/18/2025","DDOG","DDOG 11/21/2025 Call $187.50","BTO","2","$1.75","($350.08)"
"11/17/2025","11/17/2025","11/18/2025","DDOG","DDOG 11/21/2025 Call $187.50","BTO","2","$1.75","($350.08)"
"11/17/2025","11/17/2025","11/18/2025","SPY","SPY 11/17/2025 Call $673.00","BTO","2","$0.88","($176.08)"
"11/17/2025","11/17/2025","11/18/2025","SPY","SPY 11/17/2025 Call $673.00","BTO","1","$0.87","($87.04)"
"11/17/2025","11/17/2025","11/18/2025","SPY","SPY 11/17/2025 Call $671.00","STC","1","$1.56","$155.95"
"11/17/2025","11/17/2025","11/18/2025","SPY","SPY 11/17/2025 Call $671.00","STC","1","$1.55","$154.95"
"11/17/2025","11/17/2025","11/18/2025","SPY","SPY 11/17/2025 Call $671.00","STC","1","$1.55","$154.95"
"11/17/2025","11/17/2025","11/18/2025","SPY","SPY 11/17/2025 Call $671.00","STC","2","$1.18","$235.91"
"11/17/2025","11/17/2025","11/18/2025","SPY","SPY 11/17/2025 Call $671.00","BTO","5","$1.10","($550.21)"
"11/17/2025","11/17/2025","11/18/2025","CVNA","CVNA 11/21/2025 Put $300.00","STC","2","$2.55","$509.91"
"11/17/2025","11/17/2025","11/18/2025","CVNA","CVNA 11/21/2025 Put $300.00","STC","1","$2.55","$254.95"
"11/17/2025","11/17/2025","11/18/2025","MU","MU 11/21/2025 Put $230.00","STC","1","$2.41","$240.95"
"11/17/2025","11/17/2025","11/18/2025","PLTR","PLTR 12/5/2025 Put $150.00","BTO","3","$2.45","($735.12)"
"11/17/2025","11/17/2025","11/18/2025","MU","MU 11/21/2025 Put $230.00","STC","1","$2.75","$274.95"
"11/17/2025","11/17/2025","11/18/2025","MU","MU 11/21/2025 Put $230.00","STC","1","$2.70","$269.95"
"11/17/2025","11/17/2025","11/18/2025","MU","MU 11/21/2025 Put $230.00","STC","1","$2.73","$272.95"
"11/17/2025","11/17/2025","11/18/2025","MU","MU 11/21/2025 Put $230.00","BTO","4","$2.45","($980.16)"
"11/17/2025","11/17/2025","11/18/2025","SPY","SPY 11/17/2025 Put $669.00","STC","1","$1.11","$110.95"
"11/17/2025","11/17/2025","11/18/2025","SPY","SPY 11/17/2025 Put $669.00","STC","1","$1.11","$110.95"
"11/17/2025","11/17/2025","11/18/2025","SPY","SPY 11/17/2025 Put $669.00","STC","1","$1.28","$127.95"
"11/17/2025","11/17/2025","11/18/2025","SPY","SPY 11/17/2025 Put $669.00","STC","2","$1.12","$223.91"
"11/17/2025","11/17/2025","11/18/2025","SPY","SPY 11/17/2025 Put $669.00","BTO","5","$1.05","($525.21)"
"11/17/2025","11/17/2025","11/18/2025","SPY","SPY 11/17/2025 Put $669.00","STC","3","$0.89","$266.87"
"11/17/2025","11/17/2025","11/18/2025","SPY","SPY 11/17/2025 Put $669.00","STC","1","$1.03","$102.95"
"11/17/2025","11/17/2025","11/18/2025","SPY","SPY 11/17/2025 Put $669.00","STC","1","$1.09","$108.95"
"11/17/2025","11/17/2025","11/18/2025","SPY","SPY 11/17/2025 Put $669.00","BTO","5","$0.94","($470.21)"
"11/17/2025","11/17/2025","11/18/2025","CVNA","CVNA 11/21/2025 Put $300.00","BTO","3","$2.75","($825.12)"
"11/17/2025","11/17/2025","11/18/2025","SPY","SPY 11/17/2025 Put $670.00","STC","3","$0.92","$275.87"
"11/17/2025","11/17/2025","11/18/2025","SPY","SPY 11/17/2025 Put $670.00","STC","2","$0.93","$185.91"
"11/17/2025","11/17/2025","11/18/2025","SPY","SPY 11/17/2025 Put $670.00","BTO","5","$0.89","($445.21)"
"11/17/2025","11/17/2025","11/18/2025","PYPL","PYPL 12/12/2025 Put $60.00","BTO","3","$1.32","($396.12)"
"11/17/2025","11/17/2025","11/18/2025","ARM","ARM 12/5/2025 Call $157.50","STC","1","$2.40","$239.95"
"11/17/2025","11/17/2025","11/18/2025","AMD","AMD 12/5/2025 Put $210.00","BTO","1","$2.05","($205.04)"
"11/17/2025","11/17/2025","11/18/2025","ARM","ARM 12/5/2025 Call $157.50","BTO","1","$2.40","($240.04)"
"11/14/2025","11/14/2025","11/17/2025","CAT","Option Expiration for CAT 11/14/2025 Put $500.00","OEXP","1S","",""
"11/14/2025","11/14/2025","11/17/2025","SPY","SPY 11/14/2025 Put $671.00","STC","2","$1.05","$209.91"
"11/14/2025","11/14/2025","11/17/2025","SPY","SPY 11/14/2025 Put $671.00","STC","1","$1.16","$115.95"
"11/14/2025","11/14/2025","11/17/2025","SPY","SPY 11/14/2025 Put $671.00","STC","2","$1.05","$209.91"
"11/14/2025","11/14/2025","11/17/2025","SPY","SPY 11/14/2025 Put $671.00","BTO","5","$1.03","($515.21)"
"11/14/2025","11/14/2025","11/17/2025","SPY","SPY 11/14/2025 Put $672.00","STC","2","$0.85","$169.91"
"11/14/2025","11/14/2025","11/17/2025","SPY","SPY 11/14/2025 Put $672.00","STC","2","$0.87","$173.91"
"11/14/2025","11/14/2025","11/17/2025","SPY","SPY 11/14/2025 Put $672.00","BTO","1","$0.69","($69.04)"
"11/14/2025","11/14/2025","11/17/2025","SPY","SPY 11/14/2025 Put $672.00","BTO","3","$0.83","($249.12)"
"11/14/2025","11/14/2025","11/17/2025","SPY","SPY 11/14/2025 Put $672.00","STC","2","$0.79","$157.91"
"11/14/2025","11/14/2025","11/17/2025","SPY","SPY 11/14/2025 Put $672.00","STC","1","$0.94","$93.95"
"11/14/2025","11/14/2025","11/17/2025","SPY","SPY 11/14/2025 Put $672.00","STC","2","$0.91","$181.91"
"11/14/2025","11/14/2025","11/17/2025","SPY","SPY 11/14/2025 Put $672.00","BTO","5","$0.75","($375.21)"
"11/14/2025","11/14/2025","11/17/2025","SPY","SPY 11/14/2025 Put $672.00","STC","2","$0.56","$111.91"
"11/14/2025","11/14/2025","11/17/2025","SPY","SPY 11/14/2025 Put $672.00","STC","1","$0.66","$65.95"
"11/14/2025","11/14/2025","11/17/2025","SPY","SPY 11/14/2025 Put $672.00","STC","3","$0.59","$176.87"
"11/14/2025","11/14/2025","11/17/2025","SPY","SPY 11/14/2025 Put $672.00","BTO","6","$0.54","($324.25)"
"11/14/2025","11/14/2025","11/17/2025","SPY","SPY 11/14/2025 Call $676.00","STC","1","$0.86","$85.95"
"11/14/2025","11/14/2025","11/17/2025","SPY","SPY 11/14/2025 Call $676.00","STC","1","$0.88","$87.95"
"11/14/2025","11/14/2025","11/17/2025","SPY","SPY 11/14/2025 Call $676.00","STC","1","$0.93","$92.95"
"11/14/2025","11/14/2025","11/17/2025","SPY","SPY 11/14/2025 Call $676.00","STC","2","$0.87","$173.91"
"11/14/2025","11/14/2025","11/17/2025","SPY","SPY 11/14/2025 Call $676.00","BTO","5","$0.73","($365.21)"
"11/14/2025","11/14/2025","11/17/2025","SPY","SPY 11/14/2025 Call $676.00","STC","4","$0.77","$307.83"
"11/14/2025","11/14/2025","11/17/2025","SPY","SPY 11/14/2025 Call $676.00","STC","1","$1.09","$108.95"
"11/14/2025","11/14/2025","11/17/2025","SPY","SPY 11/14/2025 Call $676.00","BTO","5","$0.95","($475.21)"
"11/14/2025","11/14/2025","11/17/2025","SPY","SPY 11/14/2025 Call $676.00","STC","1","$1.09","$108.95"
"11/14/2025","11/14/2025","11/17/2025","SPY","SPY 11/14/2025 Call $676.00","STC","3","$1.17","$350.87"
"11/14/2025","11/14/2025","11/17/2025","SPY","SPY 11/14/2025 Call $676.00","BTO","4","$0.57","($228.16)"
"11/14/2025","11/14/2025","11/17/2025","TSLA","TSLA 12/12/2025 Put $310.00","BTO","3","$2.08","($624.12)"
"11/14/2025","11/14/2025","11/17/2025","SPY","SPY 11/14/2025 Call $676.00","STC","6","$0.49","$293.73"
"11/14/2025","11/14/2025","11/17/2025","SPY","SPY 11/14/2025 Call $676.00","BTO","1","$0.65","($65.04)"
"11/14/2025","11/14/2025","11/17/2025","SPY","SPY 11/14/2025 Call $676.00","BTO","5","$0.71","($355.21)"
"11/14/2025","11/14/2025","11/17/2025","GOOG","GOOG 11/14/2025 Call $280.00","STC","2","$0.80","$159.91"
"11/14/2025","11/14/2025","11/17/2025","GOOG","GOOG 11/14/2025 Call $280.00","STC","3","$0.87","$260.87"
"11/14/2025","11/14/2025","11/17/2025","GOOG","GOOG 11/14/2025 Call $280.00","BTO","1","$0.70","($70.04)"
"11/14/2025","11/14/2025","11/17/2025","GOOG","GOOG 11/14/2025 Call $280.00","BTO","2","$0.70","($140.08)"
"11/14/2025","11/14/2025","11/17/2025","GOOG","GOOG 11/14/2025 Call $280.00","BTO","2","$0.70","($140.08)"
"11/14/2025","11/14/2025","11/17/2025","SPY","SPY 11/14/2025 Put $664.00","STC","5","$0.61","$304.78"
"11/14/2025","11/14/2025","11/17/2025","SPY","SPY 11/14/2025 Put $664.00","BTO","5","$0.84","($420.21)"
"11/14/2025","11/14/2025","11/17/2025","GOOG","GOOG 11/14/2025 Call $280.00","STC","1","$0.60","$59.95"
"11/14/2025","11/14/2025","11/17/2025","GOOG","GOOG 11/14/2025 Call $280.00","STC","1","$0.65","$64.95"
"11/14/2025","11/14/2025","11/17/2025","GOOG","GOOG 11/14/2025 Call $280.00","STC","3","$0.52","$155.87"
"11/14/2025","11/14/2025","11/17/2025","GOOG","GOOG 11/14/2025 Call $280.00","BTO","5","$0.46","($230.21)"
"11/14/2025","11/14/2025","11/17/2025","SPY","SPY 11/14/2025 Call $670.00","STC","2","$1.46","$291.91"
"11/14/2025","11/14/2025","11/17/2025","SPY","SPY 11/14/2025 Call $670.00","STC","1","$1.67","$166.95"
"11/14/2025","11/14/2025","11/17/2025","SPY","SPY 11/14/2025 Call $670.00","BTO","3","$1.48","($444.12)"
"11/14/2025","11/14/2025","11/17/2025","COIN","COIN 11/14/2025 Put $260.00","STC","3","$0.80","$239.87"
"11/14/2025","11/14/2025","11/17/2025","COIN","COIN 11/14/2025 Put $260.00","BTO","3","$1.85","($555.12)"
"11/14/2025","11/14/2025","11/17/2025","IBIT","IBIT 11/28/2025 Put $55.00","STC","1","$2.55","$254.95"
"11/13/2025","11/13/2025","11/14/2025","GLD","GLD 11/14/2025 Put $380.00","STC","5","$1.35","$674.78"
"11/13/2025","11/13/2025","11/14/2025","GLD","GLD 11/14/2025 Put $380.00","BTO","5","$1.59","($795.21)"
"11/13/2025","11/13/2025","11/14/2025","IBIT","IBIT 11/28/2025 Put $55.00","STC","1","$1.76","$175.95"
"11/13/2025","11/13/2025","11/14/2025","SPY","SPY 11/13/2025 Put $672.00","STC","2","$1.04","$207.91"
"11/13/2025","11/13/2025","11/14/2025","SPY","SPY 11/13/2025 Put $672.00","STC","1","$1.57","$156.95"
"11/13/2025","11/13/2025","11/14/2025","SPY","SPY 11/13/2025 Put $672.00","STC","1","$1.64","$163.95"
"11/13/2025","11/13/2025","11/14/2025","MU","MU 11/14/2025 Put $227.50","STC","1","$2.80","$279.95"
"11/13/2025","11/13/2025","11/14/2025","SPY","SPY 11/13/2025 Put $672.00","STC","1","$1.22","$121.95"
"11/13/2025","11/13/2025","11/14/2025","MU","MU 11/14/2025 Put $227.50","STC","1","$2.60","$259.95"
"11/13/2025","11/13/2025","11/14/2025","MU","MU 11/14/2025 Put $227.50","STC","1","$2.55","$254.95"
"11/13/2025","11/13/2025","11/14/2025","AMD","AMD 11/21/2025 Put $220.00","STC","1","$1.45","$144.95"
"11/13/2025","11/13/2025","11/14/2025","IBIT","IBIT 11/28/2025 Put $55.00","STC","2","$1.63","$325.91"
"11/13/2025","11/13/2025","11/14/2025","MU","MU 11/14/2025 Put $227.50","BTO","3","$2.40","($720.12)"
"11/13/2025","11/13/2025","11/14/2025","SPY","SPY 11/13/2025 Put $672.00","BTO","5","$0.66","($330.21)"
"11/13/2025","11/13/2025","11/14/2025","IBIT","IBIT 11/28/2025 Put $55.00","BTO","4","$1.45","($580.16)"
"11/13/2025","11/13/2025","11/14/2025","SNDK","SNDK 11/14/2025 Put $230.00","STC","1","$2.20","$219.95"
"11/13/2025","11/13/2025","11/14/2025","SNDK","SNDK 11/14/2025 Put $230.00","STC","1","$2.40","$239.95"
"11/13/2025","11/13/2025","11/14/2025","SNDK","SNDK 11/14/2025 Put $230.00","STC","1","$2.70","$269.95"
"11/13/2025","11/13/2025","11/14/2025","SNDK","SNDK 11/14/2025 Put $230.00","STC","2","$2.30","$459.91"
"11/13/2025","11/13/2025","11/14/2025","SNDK","SNDK 11/14/2025 Put $230.00","BTO","1","$1.80","($180.04)"
"11/13/2025","11/13/2025","11/14/2025","SNDK","SNDK 11/14/2025 Put $230.00","BTO","1","$2.20","($220.04)"
"11/13/2025","11/13/2025","11/14/2025","ORCL","ORCL 11/14/2025 Call $225.00","STC","5","$0.98","$489.78"
"11/13/2025","11/13/2025","11/14/2025","SNDK","SNDK 11/14/2025 Put $230.00","BTO","1","$2.43","($243.04)"
"11/13/2025","11/13/2025","11/14/2025","SNDK","SNDK 11/14/2025 Put $230.00","BTO","2","$2.43","($486.08)"
"11/13/2025","11/13/2025","11/14/2025","ORCL","ORCL 11/14/2025 Call $225.00","BTO","5","$1.12","($560.21)"
"11/13/2025","11/13/2025","11/14/2025","COIN","COIN 11/21/2025 Put $260.00","STC","1","$2.40","$239.95"
"11/13/2025","11/13/2025","11/14/2025","COIN","COIN 11/21/2025 Put $260.00","STC","2","$2.38","$475.91"
"11/13/2025","11/13/2025","11/14/2025","COIN","COIN 11/21/2025 Put $260.00","BTO","3","$2.20","($660.12)"
"11/13/2025","11/13/2025","11/14/2025","HOOD","HOOD 11/14/2025 Put $121.00","STC","1","$1.32","$131.95"
"11/13/2025","11/13/2025","11/14/2025","HOOD","HOOD 11/14/2025 Put $121.00","STC","2","$1.52","$303.91"
"11/13/2025","11/13/2025","11/14/2025","HOOD","HOOD 11/14/2025 Put $121.00","BTO","3","$0.99","($297.12)"
"11/13/2025","11/13/2025","11/14/2025","SPY","SPY 11/13/2025 Put $677.00","STC","1","$1.20","$119.95"
"11/13/2025","11/13/2025","11/14/2025","SPY","SPY 11/13/2025 Put $677.00","STC","1","$1.37","$136.95"
"11/13/2025","11/13/2025","11/14/2025","SPY","SPY 11/13/2025 Put $677.00","STC","1","$1.57","$156.95"
"11/13/2025","11/13/2025","11/14/2025","SPY","SPY 11/13/2025 Put $677.00","BTO","3","$1.00","($300.12)"
"11/13/2025","11/13/2025","11/14/2025","AMD","AMD 11/21/2025 Put $220.00","STC","1","$0.80","$79.95"
"11/12/2025","11/12/2025","11/13/2025","MSFT","MSFT 11/14/2025 Call $515.00","STC","3","$2.32","$695.87"
"11/12/2025","11/12/2025","11/13/2025","MSFT","MSFT 11/14/2025 Call $515.00","STC","1","$2.41","$240.95"
"11/12/2025","11/12/2025","11/13/2025","MSFT","MSFT 11/14/2025 Call $515.00","STC","1","$2.41","$240.95"
"11/12/2025","11/12/2025","11/13/2025","MSFT","MSFT 11/14/2025 Call $515.00","BTO","5","$2.31","($1,155.21)"
"11/12/2025","11/12/2025","11/13/2025","LLY","LLY 11/14/2025 Call $1,060.00","STC","3","$1.80","$539.87"
"11/12/2025","11/12/2025","11/13/2025","LLY","LLY 11/14/2025 Call $1,060.00","BTO","3","$2.00","($600.12)"
"11/12/2025","11/12/2025","11/13/2025","MSFT","MSFT 11/14/2025 Call $512.50","STC","3","$1.97","$590.87"
"11/12/2025","11/12/2025","11/13/2025","MSFT","MSFT 11/14/2025 Call $512.50","BTO","3","$2.03","($609.12)"
"11/12/2025","11/12/2025","11/13/2025","AMD","AMD 11/21/2025 Put $220.00","STC","1","$0.76","$75.95"
"11/12/2025","11/12/2025","11/13/2025","AMD","AMD 11/21/2025 Put $220.00","STC","2","$0.80","$159.91"
"11/12/2025","11/12/2025","11/13/2025","AMD","AMD 11/21/2025 Put $220.00","STC","1","$0.78","$77.95"
"11/12/2025","11/12/2025","11/13/2025","AMD","AMD 11/21/2025 Put $220.00","BTO","1","$0.63","($63.04)"
"11/12/2025","11/12/2025","11/13/2025","AMD","AMD 11/21/2025 Put $220.00","BTO","1","$0.63","($63.04)"
"11/12/2025","11/12/2025","11/13/2025","AMD","AMD 11/21/2025 Put $220.00","BTO","4","$0.74","($296.16)"
"11/12/2025","11/12/2025","11/13/2025","LLY","LLY 11/14/2025 Put $960.00","STC","1","$1.20","$119.95"
"11/12/2025","11/12/2025","11/13/2025","LLY","LLY 11/14/2025 Put $960.00","STC","2","$1.25","$249.91"
"11/12/2025","11/12/2025","11/13/2025","LLY","LLY 11/14/2025 Put $960.00","BTO","3","$1.20","($360.12)"
"11/12/2025","11/12/2025","11/13/2025","AMD","AMD 11/21/2025 Put $220.00","STC","2","$0.90","$179.91"
"11/12/2025","11/12/2025","11/13/2025","GS","GS 11/14/2025 Call $850.00","STC","1","$3.25","$324.95"
"11/12/2025","11/12/2025","11/13/2025","GS","GS 11/14/2025 Call $850.00","STC","1","$2.80","$279.95"
"11/12/2025","11/12/2025","11/13/2025","AMD","AMD 11/21/2025 Put $220.00","STC","1","$1.11","$110.95"
"11/12/2025","11/12/2025","11/13/2025","GS","GS 11/14/2025 Call $850.00","STC","1","$1.75","$174.95"
"11/12/2025","11/12/2025","11/13/2025","AMD","AMD 11/21/2025 Put $220.00","BTO","3","$0.99","($297.12)"
"11/12/2025","11/12/2025","11/13/2025","PLTR","PLTR 11/28/2025 Put $170.00","STC","1","$2.30","$229.95"
"11/12/2025","11/12/2025","11/13/2025","GS","GS 11/14/2025 Call $850.00","BTO","3","$1.54","($462.12)"
"11/12/2025","11/12/2025","11/13/2025","PLTR","PLTR 11/28/2025 Put $170.00","STC","1","$2.45","$244.95"
"11/12/2025","11/12/2025","11/13/2025","PLTR","PLTR 11/28/2025 Put $170.00","STC","1","$2.58","$257.95"
"11/11/2025","11/11/2025","11/12/2025","SPY","Option Expiration for SPY 11/11/2025 Put $672.00","OEXP","5S","",""
"11/11/2025","11/11/2025","11/12/2025","SPY","SPY 11/11/2025 Put $672.00","BTO","5","$0.10","($50.21)"
"11/11/2025","11/11/2025","11/12/2025","MU","MU 11/28/2025 Put $225.00","STC","1","$6.72","$671.95"
"11/10/2025","11/10/2025","11/12/2025","SPY","SPY 11/10/2025 Call $681.00","STC","7","$0.31","$216.68"
"11/10/2025","11/10/2025","11/12/2025","SPY","SPY 11/10/2025 Call $681.00","STC","1","$0.31","$30.95"
"11/10/2025","11/10/2025","11/12/2025","SPY","SPY 11/10/2025 Call $681.00","BTO","1","$0.30","($30.04)"
"11/10/2025","11/10/2025","11/12/2025","SPY","SPY 11/10/2025 Call $681.00","BTO","1","$0.30","($30.04)"
"11/10/2025","11/10/2025","11/12/2025","SPY","SPY 11/10/2025 Call $681.00","BTO","3","$0.30","($90.12)"
"11/10/2025","11/10/2025","11/12/2025","SPY","SPY 11/10/2025 Call $681.00","BTO","2","$0.30","($60.08)"
"11/10/2025","11/10/2025","11/12/2025","SPY","SPY 11/10/2025 Call $681.00","BTO","1","$0.30","($30.04)"
"11/10/2025","11/10/2025","11/12/2025","SPY","SPY 11/10/2025 Call $679.00","STC","1","$1.04","$103.95"
"11/10/2025","11/10/2025","11/12/2025","SPY","SPY 11/10/2025 Call $679.00","STC","1","$1.04","$103.95"
"11/10/2025","11/10/2025","11/12/2025","SPY","SPY 11/10/2025 Call $679.00","STC","1","$1.04","$103.95"
"11/10/2025","11/10/2025","11/12/2025","SPY","SPY 11/10/2025 Call $679.00","STC","2","$1.00","$199.91"
"11/10/2025","11/10/2025","11/12/2025","SPY","SPY 11/10/2025 Call $679.00","STC","5","$0.86","$429.78"
"11/10/2025","11/10/2025","11/12/2025","SPY","SPY 11/10/2025 Call $679.00","STC","5","$0.70","$349.78"
"11/10/2025","11/10/2025","11/12/2025","SPY","SPY 11/10/2025 Call $679.00","STC","5","$0.70","$349.78"
"11/10/2025","11/10/2025","11/12/2025","SPY","SPY 11/10/2025 Call $679.00","BTO","19","$0.45","($855.80)"
"11/10/2025","11/10/2025","11/12/2025","SPY","SPY 11/10/2025 Call $679.00","BTO","1","$0.44","($44.04)"
"11/10/2025","11/10/2025","11/12/2025","SPY","SPY 11/10/2025 Call $679.00","STC","8","$0.43","$343.64"
"11/10/2025","11/10/2025","11/12/2025","SPY","SPY 11/10/2025 Call $679.00","BTO","8","$0.44","($352.34)"
"11/10/2025","11/10/2025","11/12/2025","SPY","SPY 11/10/2025 Put $676.00","STC","5","$0.49","$244.78"
"11/10/2025","11/10/2025","11/12/2025","SPY","SPY 11/10/2025 Put $676.00","BTO","5","$0.78","($390.21)"
"11/10/2025","11/10/2025","11/12/2025","CRWV","CRWV 11/14/2025 Put $90.00","STC","2","$2.12","$423.91"
"11/10/2025","11/10/2025","11/12/2025","SPY","SPY 11/10/2025 Put $675.00","STC","5","$0.36","$179.78"
"11/10/2025","11/10/2025","11/12/2025","NVDA","NVDA 11/14/2025 Put $187.50","STC","3","$1.28","$383.87"
"11/10/2025","11/10/2025","11/12/2025","CRWV","CRWV 11/14/2025 Put $90.00","BTO","2","$2.42","($484.08)"
"11/10/2025","11/10/2025","11/12/2025","NVDA","NVDA 11/14/2025 Put $187.50","BTO","1","$1.67","($167.04)"
"11/10/2025","11/10/2025","11/12/2025","NVDA","NVDA 11/14/2025 Put $187.50","BTO","1","$1.67","($167.04)"
"11/10/2025","11/10/2025","11/12/2025","NVDA","NVDA 11/14/2025 Put $187.50","BTO","1","$1.67","($167.04)"
"11/10/2025","11/10/2025","11/12/2025","SPY","SPY 11/10/2025 Put $675.00","BTO","5","$1.10","($550.21)"
"11/10/2025","11/10/2025","11/12/2025","SPY","SPY 11/10/2025 Put $675.00","STC","5","$0.88","$439.78"
"11/10/2025","11/10/2025","11/12/2025","CRWD","CRWD 11/14/2025 Put $515.00","STC","2","$1.85","$369.91"
"11/10/2025","11/10/2025","11/12/2025","CRWD","CRWD 11/14/2025 Put $515.00","BTO","2","$2.10","($420.08)"
"11/10/2025","11/10/2025","11/12/2025","SPY","SPY 11/10/2025 Put $675.00","BTO","5","$0.85","($425.21)"
"11/10/2025","11/10/2025","11/12/2025","NVDA","NVDA 11/14/2025 Put $190.00","STC","2","$2.12","$423.91"
"11/10/2025","11/10/2025","11/12/2025","SPY","SPY 11/10/2025 Put $675.00","STC","1","$1.00","$99.95"
"11/10/2025","11/10/2025","11/12/2025","SPY","SPY 11/10/2025 Put $675.00","STC","1","$1.08","$107.95"
"11/10/2025","11/10/2025","11/12/2025","SPY","SPY 11/10/2025 Put $675.00","STC","1","$1.07","$106.95"
"11/10/2025","11/10/2025","11/12/2025","NVDA","NVDA 11/14/2025 Put $190.00","STC","1","$2.32","$231.95"
"11/10/2025","11/10/2025","11/12/2025","SPY","SPY 11/10/2025 Put $675.00","STC","1","$0.99","$98.95"
"11/10/2025","11/10/2025","11/12/2025","SPY","SPY 11/10/2025 Put $675.00","STC","1","$0.90","$89.95"
"11/10/2025","11/10/2025","11/12/2025","SPY","SPY 11/10/2025 Put $675.00","BTO","5","$0.80","($400.21)"
"11/10/2025","11/10/2025","11/12/2025","NVDA","NVDA 11/14/2025 Put $190.00","BTO","2","$2.01","($402.08)"
"11/10/2025","11/10/2025","11/12/2025","NVDA","NVDA 11/14/2025 Put $190.00","BTO","1","$2.01","($201.04)"
"11/10/2025","11/10/2025","11/12/2025","PLTR","PLTR 11/28/2025 Put $170.00","BTO","1","$1.98","($198.04)"
"11/10/2025","11/10/2025","11/12/2025","NVDA","NVDA 11/14/2025 Call $200.00","STC","2","$2.72","$543.91"
"11/10/2025","11/10/2025","11/12/2025","NVDA","NVDA 11/14/2025 Call $200.00","BTO","2","$2.70","($540.08)"
"11/10/2025","11/10/2025","11/12/2025","LLY","LLY 11/14/2025 Put $910.00","STC","1","$1.75","$174.95"
"11/10/2025","11/10/2025","11/12/2025","LLY","LLY 11/14/2025 Put $910.00","STC","1","$1.85","$184.95"
"11/10/2025","11/10/2025","11/12/2025","LLY","LLY 11/14/2025 Put $910.00","BTO","2","$1.75","($350.08)"
"11/10/2025","11/10/2025","11/12/2025","GLD","GLD 11/12/2025 Call $378.00","STC","2","$1.96","$391.91"
"11/10/2025","11/10/2025","11/12/2025","META","META 11/14/2025 Call $660.00","STC","2","$2.26","$451.91"
"11/10/2025","11/10/2025","11/12/2025","MU","MU 11/28/2025 Put $225.00","BTO","1","$4.10","($410.04)"
"11/10/2025","11/10/2025","11/12/2025","META","META 11/14/2025 Call $660.00","BTO","2","$2.01","($402.08)"
"11/10/2025","11/10/2025","11/12/2025","FIG","FIG 1/16/2026 Call $70.00","STC","1","$1.17","$116.95"
"11/10/2025","11/10/2025","11/12/2025","CNC","CNC 1/16/2026 Call $52.50","STC","1","$0.13","$12.95"
"11/10/2025","11/10/2025","11/12/2025","CNC","CNC 1/16/2026 Call $52.50","STC","2","$0.13","$25.91"
"11/10/2025","11/10/2025","11/12/2025","CNC","CNC 1/16/2026 Call $52.50","STC","3","$0.13","$38.87"
"11/10/2025","11/10/2025","11/12/2025","GLD","GLD 11/12/2025 Call $378.00","BTO","2","$1.73","($346.08)"
"11/10/2025","11/10/2025","11/12/2025","DAL","DAL 11/21/2025 Call $61.00","STC","1","$1.55","$154.95"
"11/10/2025","11/10/2025","11/12/2025","PLTR","PLTR 11/28/2025 Put $170.00","BTO","2","$2.68","($536.08)"
"11/10/2025","11/10/2025","11/12/2025","DAL","DAL 11/21/2025 Call $61.00","STC","1","$1.55","$154.95"
"11/7/2025","11/7/2025","11/10/2025","DAL","DAL 11/21/2025 Call $61.00","BTO","2","$1.29","($258.08)"
"11/7/2025","11/7/2025","11/10/2025","PLTR","PLTR 11/7/2025 Call $177.50","STC","2","$0.93","$185.91"
"11/7/2025","11/7/2025","11/10/2025","PLTR","PLTR 11/7/2025 Call $177.50","STC","1","$0.92","$91.95"
"11/7/2025","11/7/2025","11/10/2025","PLTR","PLTR 11/7/2025 Call $177.50","STC","1","$0.91","$90.95"
"11/7/2025","11/7/2025","11/10/2025","DDOG","DDOG 11/14/2025 Call $195.00","STC","3","$2.02","$605.87"
"11/7/2025","11/7/2025","11/10/2025","PLTR","PLTR 11/7/2025 Call $177.50","BTO","4","$0.45","($180.16)"
"11/7/2025","11/7/2025","11/10/2025","DAL","DAL 11/21/2025 Call $61.00","STC","1","$1.52","$151.95"
"11/7/2025","11/7/2025","11/10/2025","DAL","DAL 11/21/2025 Call $61.00","STC","2","$1.78","$355.91"
"11/7/2025","11/7/2025","11/10/2025","DAL","DAL 11/21/2025 Call $61.00","BTO","3","$1.60","($480.12)"
"11/7/2025","11/7/2025","11/10/2025","DDOG","DDOG 11/14/2025 Call $195.00","BTO","3","$1.68","($504.12)"
"11/7/2025","11/7/2025","11/10/2025","NVDA","NVDA 11/7/2025 Put $185.00","STC","3","$1.46","$437.87"
"11/7/2025","11/7/2025","11/10/2025","NVDA","NVDA 11/7/2025 Put $185.00","STC","1","$1.58","$157.95"
"11/7/2025","11/7/2025","11/10/2025","NVDA","NVDA 11/7/2025 Put $185.00","STC","1","$1.58","$157.95"
"11/7/2025","11/7/2025","11/10/2025","NVDA","NVDA 11/7/2025 Put $185.00","BTO","5","$1.46","($730.21)"
"11/7/2025","11/7/2025","11/10/2025","NVDA","NVDA 11/7/2025 Put $182.50","STC","5","$0.46","$229.78"
"11/7/2025","11/7/2025","11/10/2025","NVDA","NVDA 11/7/2025 Put $182.50","BTO","5","$0.49","($245.21)"
"11/7/2025","11/7/2025","11/10/2025","SPY","SPY 11/7/2025 Put $663.00","STC","3","$0.98","$293.87"
"11/7/2025","11/7/2025","11/10/2025","SPY","SPY 11/7/2025 Put $663.00","STC","2","$1.00","$199.91"
"11/7/2025","11/7/2025","11/10/2025","SPY","SPY 11/7/2025 Put $663.00","BTO","5","$0.94","($470.21)"
"11/7/2025","11/7/2025","11/10/2025","NVDA","NVDA 11/7/2025 Call $182.50","STC","3","$0.87","$260.87"
"11/7/2025","11/7/2025","11/10/2025","NVDA","NVDA 11/7/2025 Call $182.50","STC","2","$1.00","$199.91"
"11/7/2025","11/7/2025","11/10/2025","NVDA","NVDA 11/7/2025 Call $182.50","BTO","2","$0.82","($164.08)"
"11/7/2025","11/7/2025","11/10/2025","NVDA","NVDA 11/7/2025 Call $182.50","BTO","3","$0.82","($246.12)"
"11/7/2025","11/7/2025","11/7/2025","SPYM","Stock Lending","SLIP","","","$0.01"
"11/7/2025","11/7/2025","11/7/2025","VELO","Stock Lending","SLIP","","","$0.01"
"11/7/2025","11/7/2025","11/7/2025","KMX","Stock Lending","SLIP","","","$0.01"
"11/7/2025","11/7/2025","11/7/2025","FIG","Stock Lending","SLIP","","","$0.12"
"11/7/2025","11/7/2025","11/7/2025","ASTS","Stock Lending","SLIP","","","$0.01"
"11/7/2025","11/7/2025","11/10/2025","AAPL","AAPL 11/7/2025 Call $270.00","STC","3","$0.34","$101.87"
"11/7/2025","11/7/2025","11/10/2025","NVDA","NVDA 11/14/2025 Put $170.00","STC","1","$1.93","$192.95"
"11/7/2025","11/7/2025","11/10/2025","NVDA","NVDA 11/14/2025 Put $170.00","STC","2","$2.01","$401.91"
"11/7/2025","11/7/2025","11/10/2025","ORCL","ORCL 11/7/2025 Put $230.00","STC","2","$0.35","$69.91"
"11/7/2025","11/7/2025","11/10/2025","ORCL","ORCL 11/7/2025 Put $230.00","STC","1","$0.42","$41.95"
"11/7/2025","11/7/2025","11/10/2025","AAPL","AAPL 11/7/2025 Call $270.00","BTO","3","$0.60","($180.12)"
"11/7/2025","11/7/2025","11/10/2025","MU","MU 11/7/2025 Put $227.50","STC","2","$1.00","$199.91"
"11/7/2025","11/7/2025","11/10/2025","MU","MU 11/7/2025 Put $227.50","STC","1","$1.30","$129.95"
"11/7/2025","11/7/2025","11/10/2025","MU","MU 11/7/2025 Put $227.50","BTO","3","$1.23","($369.12)"
"11/7/2025","11/7/2025","11/10/2025","LMND","LMND 11/7/2025 Put $68.00","STC","3","$0.20","$59.87"
"11/7/2025","11/7/2025","11/10/2025","LMND","LMND 11/7/2025 Put $68.00","STC","1","$0.25","$24.95"
"11/7/2025","11/7/2025","11/10/2025","LMND","LMND 11/7/2025 Put $68.00","STC","1","$0.25","$24.95"
"11/7/2025","11/7/2025","11/10/2025","LMND","LMND 11/7/2025 Put $68.00","BTO","5","$0.20","($100.21)"
"11/7/2025","11/7/2025","11/10/2025","HOOD","HOOD 11/7/2025 Call $123.00","STC","1","$0.90","$89.95"
"11/7/2025","11/7/2025","11/10/2025","NVDA","NVDA 11/14/2025 Put $170.00","BTO","1","$1.92","($192.04)"
"11/7/2025","11/7/2025","11/10/2025","NVDA","NVDA 11/14/2025 Put $170.00","BTO","2","$1.92","($384.08)"
"11/7/2025","11/7/2025","11/10/2025","HOOD","HOOD 11/7/2025 Call $123.00","STC","1","$1.08","$107.95"
"11/7/2025","11/7/2025","11/10/2025","HOOD","HOOD 11/7/2025 Call $123.00","STC","1","$1.02","$101.95"
"11/7/2025","11/7/2025","11/10/2025","HOOD","HOOD 11/7/2025 Call $123.00","STC","1","$1.00","$99.95"
"11/7/2025","11/7/2025","11/10/2025","HOOD","HOOD 11/7/2025 Call $123.00","BTO","3","$0.90","($270.12)"
"11/7/2025","11/7/2025","11/10/2025","HOOD","HOOD 11/7/2025 Call $123.00","BTO","1","$0.90","($90.04)"
"11/7/2025","11/7/2025","11/10/2025","AMD","AMD 12/5/2025 Put $160.00","BTO","3","$0.62","($186.12)"
"11/7/2025","11/7/2025","11/10/2025","ORCL","ORCL 11/7/2025 Put $230.00","BTO","3","$0.37","($111.12)"
"11/7/2025","11/7/2025","11/10/2025","IONQ","IONQ 11/7/2025 Put $51.00","STC","2","$0.48","$95.91"
"11/7/2025","11/7/2025","11/10/2025","IONQ","IONQ 11/7/2025 Put $51.00","STC","1","$0.52","$51.95"
"11/7/2025","11/7/2025","11/10/2025","IONQ","IONQ 11/7/2025 Put $51.00","BTO","3","$0.90","($270.12)"
"11/6/2025","11/6/2025","11/7/2025","LLY","LLY 11/7/2025 Call $960.00","STC","1","$3.55","$354.95"
"11/6/2025","11/6/2025","11/7/2025","LLY","LLY 11/7/2025 Call $960.00","STC","1","$3.50","$349.95"
"11/6/2025","11/6/2025","11/7/2025","LLY","LLY 11/7/2025 Call $960.00","BTO","2","$3.25","($650.08)"
"11/6/2025","11/6/2025","11/7/2025","LLY","LLY 11/7/2025 Call $960.00","STC","1","$2.55","$254.95"
"11/6/2025","11/6/2025","11/7/2025","LLY","LLY 11/7/2025 Call $960.00","STC","1","$2.90","$289.95"
"11/6/2025","11/6/2025","11/7/2025","LLY","LLY 11/7/2025 Call $960.00","STC","1","$2.60","$259.95"
"11/6/2025","11/6/2025","11/7/2025","LLY","LLY 11/7/2025 Call $960.00","BTO","3","$2.30","($690.12)"
"11/6/2025","11/6/2025","11/7/2025","AMD","AMD 11/7/2025 Put $237.50","STC","3","$1.73","$518.87"
"11/6/2025","11/6/2025","11/7/2025","AMD","AMD 11/7/2025 Put $237.50","BTO","3","$1.85","($555.12)"
"11/6/2025","11/6/2025","11/7/2025","LLY","LLY 11/7/2025 Call $1,000.00","STC","2","$1.03","$205.91"
"11/6/2025","11/6/2025","11/7/2025","LLY","LLY 11/7/2025 Call $1,000.00","BTO","2","$1.70","($340.08)"
"11/6/2025","11/6/2025","11/7/2025","CVNA","CVNA 11/14/2025 Put $260.00","STC","1","$2.55","$254.95"
"11/6/2025","11/6/2025","11/7/2025","HOOD","HOOD 11/7/2025 Put $127.00","STC","1","$1.72","$171.95"
"11/6/2025","11/6/2025","11/7/2025","HOOD","HOOD 11/7/2025 Put $127.00","STC","1","$1.85","$184.95"
"11/6/2025","11/6/2025","11/7/2025","HOOD","HOOD 11/7/2025 Put $127.00","STC","1","$1.87","$186.95"
"11/6/2025","11/6/2025","11/7/2025","CVNA","CVNA 11/14/2025 Put $260.00","STC","1","$2.50","$249.95"
"11/6/2025","11/6/2025","11/7/2025","CNC","CNC 1/16/2026 Call $52.50","BTO","1","$0.30","($30.04)"
"11/6/2025","11/6/2025","11/7/2025","HOOD","HOOD 11/7/2025 Put $127.00","BTO","3","$1.55","($465.12)"
"11/6/2025","11/6/2025","11/7/2025","AMD","AMD 11/7/2025 Put $230.00","STC","3","$1.32","$395.87"
"11/6/2025","11/6/2025","11/7/2025","AMD","AMD 11/7/2025 Put $230.00","BTO","3","$1.58","($474.12)"
"11/6/2025","11/6/2025","11/7/2025","CVNA","CVNA 11/14/2025 Put $260.00","BTO","2","$2.10","($420.08)"
"11/6/2025","11/6/2025","11/7/2025","CVNA","CVNA 11/7/2025 Put $290.00","STC","2","$2.25","$449.91"
"11/6/2025","11/6/2025","11/7/2025","CVNA","CVNA 11/7/2025 Put $290.00","BTO","2","$2.10","($420.08)"
"11/6/2025","11/6/2025","11/7/2025","AMD","AMD 11/7/2025 Put $230.00","STC","2","$1.25","$249.91"
"11/6/2025","11/6/2025","11/7/2025","AMD","AMD 11/7/2025 Put $230.00","STC","2","$1.33","$265.91"
"11/6/2025","11/6/2025","11/7/2025","AMD","AMD 11/7/2025 Put $230.00","BTO","4","$1.21","($484.16)"
"11/6/2025","11/6/2025","11/7/2025","AMD","AMD 11/7/2025 Put $235.00","STC","1","$2.60","$259.95"
"11/6/2025","11/6/2025","11/7/2025","AMD","AMD 11/7/2025 Put $235.00","STC","1","$2.85","$284.95"
"11/6/2025","11/6/2025","11/7/2025","AMD","AMD 11/7/2025 Put $235.00","BTO","2","$2.40","($480.08)"
"11/6/2025","11/6/2025","11/7/2025","ORCL","ORCL 11/14/2025 Put $230.00","STC","1","$3.03","$302.95"
"11/6/2025","11/6/2025","11/7/2025","ORCL","ORCL 11/14/2025 Put $230.00","STC","1","$3.03","$302.95"
"11/6/2025","11/6/2025","11/7/2025","AMD","AMD 11/14/2025 Put $230.00","STC","1","$3.50","$349.95"
"11/6/2025","11/6/2025","11/7/2025","AMD","AMD 11/14/2025 Put $230.00","STC","1","$3.50","$349.95"
"11/6/2025","11/6/2025","11/7/2025","AMD","AMD 11/14/2025 Put $230.00","BTO","2","$3.10","($620.08)"
"11/6/2025","11/6/2025","11/7/2025","AMD","AMD 11/14/2025 Put $230.00","STC","1","$2.73","$272.95"
"11/6/2025","11/6/2025","11/7/2025","AMD","AMD 11/14/2025 Put $230.00","STC","1","$2.73","$272.95"
"11/6/2025","11/6/2025","11/7/2025","AMD","AMD 11/14/2025 Put $230.00","BTO","2","$2.70","($540.08)"
"11/5/2025","11/5/2025","11/6/2025","HD","HD 11/7/2025 Put $360.00","STC","5","$0.20","$99.78"
"11/5/2025","11/5/2025","11/6/2025","CRWD","CRWD 11/7/2025 Put $520.00","STC","1","$2.35","$234.95"
"11/5/2025","11/5/2025","11/6/2025","PLTR","PLTR 11/7/2025 Put $175.00","STC","3","$0.55","$164.87"
"11/5/2025","11/5/2025","11/6/2025","AMD","AMD 11/14/2025 Put $235.00","STC","1","$2.56","$255.95"
"11/5/2025","11/5/2025","11/6/2025","AMD","AMD 11/14/2025 Put $235.00","STC","1","$2.56","$255.95"
"11/5/2025","11/5/2025","11/6/2025","HD","HD 11/7/2025 Put $360.00","BTO","2","$0.30","($60.08)"
"11/5/2025","11/5/2025","11/6/2025","AMD","AMD 11/14/2025 Put $225.00","STC","2","$1.24","$247.91"
"11/5/2025","11/5/2025","11/6/2025","MSFT","MSFT 11/7/2025 Put $505.00","STC","1","$2.34","$233.95"
"11/5/2025","11/5/2025","11/6/2025","MSFT","MSFT 11/7/2025 Put $505.00","STC","1","$2.42","$241.95"
"11/5/2025","11/5/2025","11/6/2025","SPY","SPY 11/6/2025 Put $670.00","STC","3","$0.20","$59.87"
"11/5/2025","11/5/2025","11/6/2025","AMD","AMD 11/14/2025 Put $235.00","BTO","2","$2.69","($538.08)"
"11/5/2025","11/5/2025","11/6/2025","SMCI","SMCI 11/7/2025 Put $41.50","STC","1","$0.45","$44.95"
"11/5/2025","11/5/2025","11/6/2025","SMCI","SMCI 11/7/2025 Put $41.50","STC","1","$0.57","$56.95"
"11/5/2025","11/5/2025","11/6/2025","PLTR","PLTR 11/7/2025 Put $175.00","BTO","3","$0.96","($288.12)"
"11/5/2025","11/5/2025","11/6/2025","SMCI","SMCI 11/7/2025 Put $41.50","STC","2","$0.50","$99.91"
"11/5/2025","11/5/2025","11/6/2025","MSFT","MSFT 11/7/2025 Put $505.00","BTO","2","$2.40","($480.08)"
"11/5/2025","11/5/2025","11/6/2025","AMD","AMD 11/14/2025 Put $225.00","BTO","2","$1.78","($356.08)"
"11/5/2025","11/5/2025","11/6/2025","HD","HD 11/7/2025 Put $360.00","BTO","3","$0.75","($225.12)"
"11/5/2025","11/5/2025","11/6/2025","CRWD","CRWD 11/7/2025 Put $520.00","BTO","1","$3.45","($345.04)"
"11/5/2025","11/5/2025","11/6/2025","SMCI","SMCI 11/7/2025 Put $41.50","BTO","4","$0.48","($192.16)"
"11/5/2025","11/5/2025","11/6/2025","SPY","SPY 11/6/2025 Put $670.00","BTO","3","$0.64","($192.12)"
"11/5/2025","11/5/2025","11/6/2025","LLY","LLY 11/7/2025 Put $880.00","STC","1","$2.15","$214.95"
"11/5/2025","11/5/2025","11/6/2025","PLTR","PLTR 11/7/2025 Put $175.00","STC","1","$1.60","$159.95"
"11/5/2025","11/5/2025","11/6/2025","PLTR","PLTR 11/7/2025 Put $175.00","STC","1","$1.85","$184.95"
"11/5/2025","11/5/2025","11/6/2025","PLTR","PLTR 11/7/2025 Put $175.00","STC","1","$1.90","$189.95"
"11/5/2025","11/5/2025","11/6/2025","LLY","LLY 11/7/2025 Put $880.00","BTO","1","$3.10","($310.04)"
"11/5/2025","11/5/2025","11/6/2025","PLTR","PLTR 11/7/2025 Put $175.00","BTO","1","$1.55","($155.04)"
"11/5/2025","11/5/2025","11/6/2025","PLTR","PLTR 11/7/2025 Put $175.00","BTO","2","$1.75","($350.08)"
"11/5/2025","11/5/2025","11/6/2025","PLTR","PLTR 11/7/2025 Put $175.00","STC","1","$1.22","$121.95"
"11/5/2025","11/5/2025","11/6/2025","LVS","LVS 11/21/2025 Call $65.00","STC","1","$0.60","$59.95"
"11/5/2025","11/5/2025","11/6/2025","PLTR","PLTR 11/7/2025 Put $175.00","STC","1","$1.35","$134.95"
"11/5/2025","11/5/2025","11/6/2025","LVS","LVS 11/21/2025 Call $65.00","STC","1","$0.65","$64.95"
"11/5/2025","11/5/2025","11/6/2025","PLTR","PLTR 11/7/2025 Put $175.00","BTO","2","$1.25","($250.08)"
"11/5/2025","11/5/2025","11/6/2025","VTI","Vanguard Total Stock Market ETF
CUSIP: 922908769","Sell","0.76688","$331.83","$254.47"
"11/5/2025","11/5/2025","11/6/2025","VTI","Vanguard Total Stock Market ETF
CUSIP: 922908769","Sell","12","$331.89","$3,982.68"
"11/4/2025","11/4/2025","11/5/2025","HIMS","HIMS 11/7/2025 Put $41.00","STC","3","$0.98","$293.87"
"11/4/2025","11/4/2025","11/5/2025","BULL","Webull
CUSIP: G9572D103","Buy","17","$9.75","($165.74)"
"11/4/2025","11/4/2025","11/5/2025","HIMS","HIMS 11/7/2025 Put $41.00","BTO","3","$1.10","($330.12)"
"11/4/2025","11/4/2025","11/5/2025","VELO","Velo3D
CUSIP: 92259N302","Sell","31.186974","$4.49","$140.03"
"11/4/2025","11/4/2025","11/5/2025","META","Meta Platforms
CUSIP: 30303M102","Sell","1","$629.30","$629.30"
"11/4/2025","11/4/2025","11/5/2025","ORCL","ORCL 11/14/2025 Put $230.00","BTO","2","$2.60","($520.08)"
"11/4/2025","11/4/2025","11/5/2025","CAT","CAT 11/14/2025 Put $500.00","STC","1","$1.34","$133.95"
"11/4/2025","11/4/2025","11/5/2025","PLTR","PLTR 11/7/2025 Put $175.00","STC","1","$1.10","$109.95"
"11/4/2025","11/4/2025","11/5/2025","PLTR","PLTR 11/7/2025 Put $175.00","BTO","1","$1.18","($118.04)"
"11/4/2025","11/4/2025","11/5/2025","AAPL","AAPL 11/7/2025 Call $275.00","STC","2","$1.05","$209.91"
"11/4/2025","11/4/2025","11/5/2025","AAPL","AAPL 11/7/2025 Call $275.00","BTO","2","$1.07","($214.08)"
"11/4/2025","11/4/2025","11/5/2025","HIMS","HIMS 11/7/2025 Call $47.00","STC","2","$1.21","$241.91"
"11/4/2025","11/4/2025","11/5/2025","HIMS","HIMS 11/7/2025 Call $47.00","BTO","2","$1.44","($288.08)"
"11/4/2025","11/4/2025","11/5/2025","CRCL","CRCL 11/7/2025 Put $105.00","STC","2","$1.39","$277.91"
"11/4/2025","11/4/2025","11/5/2025","CRCL","CRCL 11/7/2025 Put $105.00","BTO","2","$1.28","($256.08)"
"11/4/2025","11/4/2025","11/5/2025","MSFT","MSFT 11/7/2025 Put $505.00","STC","2","$1.60","$319.91"
"11/4/2025","11/4/2025","11/5/2025","MSFT","MSFT 11/7/2025 Put $505.00","BTO","2","$1.63","($326.08)"
"11/4/2025","11/4/2025","11/5/2025","CAT","CAT 11/14/2025 Put $500.00","BTO","2","$1.21","($242.08)"
"11/4/2025","11/4/2025","11/5/2025","LLY","LLY 11/7/2025 Call $980.00","STC","1","$2.75","$274.95"
"11/4/2025","11/4/2025","11/5/2025","LLY","LLY 11/7/2025 Call $980.00","STC","1","$4.50","$449.95"
"11/4/2025","11/4/2025","11/5/2025","LLY","LLY 11/7/2025 Call $980.00","BTO","2","$2.85","($570.08)"
"11/4/2025","11/4/2025","11/5/2025","SPY","SPY 11/4/2025 Call $681.00","STC","3","$0.60","$179.87"
"11/4/2025","11/4/2025","11/5/2025","SPY","SPY 11/4/2025 Call $681.00","BTO","3","$0.61","($183.12)"
"11/4/2025","11/4/2025","11/5/2025","PLTR","PLTR 11/7/2025 Put $175.00","STC","1","$0.92","$91.95"
"11/4/2025","11/4/2025","11/5/2025","PLTR","PLTR 11/7/2025 Put $175.00","STC","1","$0.92","$91.95"
"11/4/2025","11/4/2025","11/5/2025","PLTR","PLTR 11/7/2025 Put $175.00","BTO","2","$1.05","($210.08)"
"11/4/2025","11/4/2025","11/5/2025","HIMS","HIMS 11/21/2025 Call $50.00","STC","2","$1.82","$363.91"
"11/3/2025","11/3/2025","11/4/2025","AVGO","AVGO 11/7/2025 Call $385.00","STC","2","$1.52","$303.91"
"11/3/2025","11/3/2025","11/4/2025","BULL","BULL 11/21/2025 Call $13.00","STC","3","$0.21","$62.87"
"11/3/2025","11/3/2025","11/4/2025","LVS","LVS 11/21/2025 Call $65.00","BTO","2","$0.67","($134.08)"
"11/3/2025","11/3/2025","11/4/2025","NFLX","NFLX 11/7/2025 Put $1,025.00","STC","4","$1.42","$567.83"
"11/3/2025","11/3/2025","11/4/2025","LLY","LLY 11/7/2025 Call $930.00","STC","2","$4.40","$879.91"
"11/3/2025","11/3/2025","11/4/2025","NFLX","NFLX 11/7/2025 Put $1,025.00","BTO","1","$1.85","($185.04)"
"11/3/2025","11/3/2025","11/4/2025","NFLX","NFLX 11/7/2025 Put $1,025.00","BTO","1","$1.90","($190.04)"
"11/3/2025","11/3/2025","11/4/2025","NFLX","NFLX 11/7/2025 Put $1,025.00","BTO","1","$3.10","($310.04)"
"11/3/2025","11/3/2025","11/4/2025","NFLX","NFLX 11/7/2025 Put $1,025.00","BTO","1","$3.10","($310.04)"
"11/3/2025","11/3/2025","11/4/2025","LLY","LLY 11/7/2025 Call $930.00","BTO","2","$3.20","($640.08)"
"11/3/2025","11/3/2025","11/4/2025","SPY","SPY 11/3/2025 Call $681.00","STC","2","$1.93","$385.91"
"11/3/2025","11/3/2025","11/4/2025","HIMS","HIMS 11/21/2025 Call $50.00","BTO","2","$2.82","($564.08)"
"11/3/2025","11/3/2025","11/4/2025","NFLX","NFLX 11/7/2025 Put $1,050.00","STC","2","$2.95","$589.91"
"11/3/2025","11/3/2025","11/4/2025","AVGO","AVGO 11/7/2025 Call $385.00","BTO","2","$2.33","($466.08)"
"11/3/2025","11/3/2025","11/4/2025","NFLX","NFLX 11/7/2025 Put $1,050.00","BTO","2","$3.10","($620.08)"
"11/3/2025","11/3/2025","11/4/2025","MARA","MARA 11/21/2025 Put $17.00","STC","2","$1.25","$249.91"
"11/3/2025","11/3/2025","11/4/2025","SPY","SPY 11/3/2025 Call $681.00","STC","1","$1.90","$189.95"
"11/3/2025","11/3/2025","11/4/2025","SPY","SPY 11/3/2025 Call $681.00","STC","1","$1.88","$187.95"
"11/3/2025","11/3/2025","11/4/2025","SPY","SPY 11/3/2025 Call $681.00","BTO","4","$1.60","($640.16)"
"10/31/2025","10/31/2025","11/3/2025","NVDA","Option Expiration for NVDA 10/31/2025 Put $197.50","OEXP","2S","",""
"10/31/2025","10/31/2025","11/3/2025","NFLX","Option Expiration for NFLX 10/31/2025 Put $1,000.00","OEXP","1S","",""
"10/31/2025","10/31/2025","11/3/2025","NFLX","NFLX 11/7/2025 Call $1,200.00","STC","1","$2.09","$208.95"
"10/31/2025","10/31/2025","11/3/2025","CVNA","CVNA 10/31/2025 Put $295.00","STC","1","$0.20","$19.95"
"10/31/2025","10/31/2025","11/3/2025","CVNA","CVNA 10/31/2025 Put $295.00","STC","1","$0.20","$19.95"
"10/31/2025","10/31/2025","11/3/2025","CVNA","CVNA 10/31/2025 Put $295.00","STC","1","$0.56","$55.95"
"10/31/2025","10/31/2025","11/3/2025","MU","MU 10/31/2025 Put $215.00","STC","1","$0.22","$21.95"
"10/31/2025","10/31/2025","11/3/2025","NVDA","NVDA 10/31/2025 Put $197.50","BTO","2","$0.11","($22.08)"
"10/31/2025","10/31/2025","11/3/2025","NFLX","NFLX 11/7/2025 Call $1,200.00","BTO","1","$2.68","($268.04)"
"10/31/2025","10/31/2025","11/3/2025","MU","MU 10/31/2025 Put $215.00","STC","1","$0.57","$56.95"
"10/31/2025","10/31/2025","11/3/2025","MU","MU 10/31/2025 Put $215.00","STC","1","$0.54","$53.95"
"10/31/2025","10/31/2025","11/3/2025","FIG","Figma
CUSIP: 316841105","Buy","1","$48.54","($48.54)"
"10/31/2025","10/31/2025","11/3/2025","MU","MU 10/31/2025 Put $215.00","BTO","3","$0.27","($81.12)"
"10/31/2025","10/31/2025","11/3/2025","ROKU","ROKU 10/31/2025 Put $107.00","STC","1","$0.90","$89.95"
"10/31/2025","10/31/2025","11/3/2025","GOOG","GOOG 10/31/2025 Call $282.50","STC","2","$0.53","$105.91"
"10/31/2025","10/31/2025","11/3/2025","CVNA","CVNA 10/31/2025 Put $295.00","BTO","1","$0.40","($40.04)"
"10/31/2025","10/31/2025","11/3/2025","CVNA","CVNA 10/31/2025 Put $295.00","BTO","1","$0.40","($40.04)"
"10/31/2025","10/31/2025","11/3/2025","CVNA","CVNA 10/31/2025 Put $295.00","BTO","1","$0.40","($40.04)"
"10/31/2025","10/31/2025","11/3/2025","ROKU","ROKU 10/31/2025 Put $107.00","STC","1","$0.45","$44.95"
"10/31/2025","10/31/2025","11/3/2025","GOOG","GOOG 10/31/2025 Call $282.50","BTO","2","$1.02","($204.08)"
"10/31/2025","10/31/2025","11/3/2025","SPYM","
CUSIP: 78464A854","Sell","14.65189","$80.46","$1,178.82"
"10/31/2025","10/31/2025","11/3/2025","META","Meta Platforms
CUSIP: 30303M102","Buy","1","$658.17","($658.17)"
"10/31/2025","10/31/2025","11/3/2025","ROKU","ROKU 10/31/2025 Put $107.00","BTO","1","$0.31","($31.04)"
"10/31/2025","10/31/2025","11/3/2025","ROKU","ROKU 10/31/2025 Put $107.00","BTO","1","$0.31","($31.04)"
"10/31/2025","10/31/2025","11/3/2025","AMZN","AMZN 11/7/2025 Call $250.00","STC","2","$4.40","$879.91"
"10/30/2025","10/30/2025","10/31/2025","MARA","MARA 11/21/2025 Put $17.00","STC","1","$1.27","$126.95"
"10/30/2025","10/30/2025","10/31/2025","AMZN","AMZN 11/7/2025 Call $250.00","BTO","2","$1.78","($356.08)"
"10/30/2025","10/30/2025","10/31/2025","KMX","CarMax
CUSIP: 143130102","Sell","6","$42.68","$256.10"
"10/30/2025","10/30/2025","10/31/2025","KMX","CarMax
CUSIP: 143130102","Sell","0.521739","$42.68","$22.27"
"10/30/2025","10/30/2025","10/31/2025","ALLY","Ally Financial
CUSIP: 02005N100","Sell","3.785011","$39.70","$150.26"
"10/30/2025","10/30/2025","10/31/2025","ASST","Strive, Inc.
CUSIP: 862945102","Sell","30","$1.25","$37.50"
"10/30/2025","10/30/2025","10/31/2025","CVNA","CVNA 10/31/2025 Put $290.00","STC","5","$0.90","$449.78"
"10/30/2025","10/30/2025","10/31/2025","CAT","CAT 10/31/2025 Put $570.00","STC","2","$0.70","$139.91"
"10/30/2025","10/30/2025","10/31/2025","CVNA","CVNA 10/31/2025 Put $290.00","STC","1","$1.22","$121.95"
"10/30/2025","10/30/2025","10/31/2025","CVNA","CVNA 10/31/2025 Put $290.00","BTO","1","$1.15","($115.04)"
"10/30/2025","10/30/2025","10/31/2025","MU","MU 10/31/2025 Put $217.50","STC","2","$0.85","$169.91"
"10/30/2025","10/30/2025","10/31/2025","ORCL","ORCL 10/31/2025 Put $255.00","STC","1","$1.50","$149.95"
"10/30/2025","10/30/2025","10/31/2025","ORCL","ORCL 10/31/2025 Put $255.00","STC","1","$2.20","$219.95"
"10/30/2025","10/30/2025","10/31/2025","CVNA","CVNA 10/31/2025 Put $290.00","BTO","2","$0.50","($100.08)"
"10/30/2025","10/30/2025","10/31/2025","MU","MU 10/31/2025 Put $217.50","BTO","2","$1.42","($284.08)"
"10/30/2025","10/30/2025","10/31/2025","ORCL","ORCL 10/31/2025 Put $255.00","BTO","2","$1.50","($300.08)"
"10/30/2025","10/30/2025","10/31/2025","CVNA","CVNA 10/31/2025 Put $290.00","BTO","1","$0.95","($95.04)"
"10/30/2025","10/30/2025","10/31/2025","SPY","SPY 11/3/2025 Call $696.00","STC","1","$0.27","$26.95"
"10/30/2025","10/30/2025","10/31/2025","CAT","CAT 10/31/2025 Put $570.00","BTO","2","$0.85","($170.08)"
"10/30/2025","10/30/2025","10/31/2025","CVNA","CVNA 10/31/2025 Put $290.00","BTO","1","$1.40","($140.04)"
"10/30/2025","10/30/2025","10/31/2025","CVNA","CVNA 10/31/2025 Put $290.00","BTO","1","$1.40","($140.04)"
"10/30/2025","10/30/2025","10/31/2025","WMT","WMT 11/7/2025 Put $100.00","STC","2","$0.48","$95.91"
"10/30/2025","10/30/2025","10/31/2025","GOOG","GOOG 11/7/2025 Put $270.00","STC","2","$1.42","$283.91"
"10/30/2025","10/30/2025","10/31/2025","CAT","CAT 10/31/2025 Put $570.00","STC","1","$0.90","$89.95"
"10/30/2025","10/30/2025","10/31/2025","MARA","MARA 11/21/2025 Put $17.00","BTO","3","$1.15","($345.12)"
"10/30/2025","10/30/2025","10/31/2025","GOOG","GOOG 11/7/2025 Put $270.00","BTO","2","$1.92","($384.08)"
"10/29/2025","10/29/2025","10/30/2025","SPY","SPY 11/3/2025 Call $696.00","BTO","1","$0.87","($87.04)"
"10/29/2025","10/29/2025","10/30/2025","WMT","WMT 11/7/2025 Put $100.00","STC","2","$0.75","$149.91"
"10/29/2025","10/29/2025","10/30/2025","CRWD","CRWD 10/31/2025 Put $527.50","STC","1","$2.40","$239.95"
"10/29/2025","10/29/2025","10/30/2025","CRWD","CRWD 10/31/2025 Put $527.50","STC","1","$2.65","$264.95"
"10/29/2025","10/29/2025","10/30/2025","TSLA","TSLA 11/7/2025 Call $550.00","STC","3","$0.87","$260.87"
"10/29/2025","10/29/2025","10/30/2025","ARM","ARM 11/7/2025 Call $225.00","STC","4","$0.95","$379.83"
"10/29/2025","10/29/2025","10/30/2025","CAT","CAT 10/31/2025 Put $570.00","BTO","1","$1.85","($185.04)"
"10/29/2025","10/29/2025","10/30/2025","CRWD","CRWD 10/31/2025 Put $527.50","BTO","2","$2.00","($400.08)"
"10/29/2025","10/29/2025","10/30/2025","CAT","CAT 10/31/2025 Put $570.00","STC","1","$1.92","$191.95"
"10/29/2025","10/29/2025","10/30/2025","FIG","FIG 1/16/2026 Call $70.00","BTO","1","$3.70","($370.04)"
"10/29/2025","10/29/2025","10/30/2025","NVDA","NVDA 11/14/2025 Put $190.00","STC","1","$2.60","$259.95"
"10/29/2025","10/29/2025","10/30/2025","CAT","CAT 10/31/2025 Put $570.00","STC","1","$2.30","$229.95"
"10/29/2025","10/29/2025","10/30/2025","CAT","CAT 10/31/2025 Put $570.00","BTO","2","$1.85","($370.08)"
"10/29/2025","10/29/2025","10/30/2025","WMT","WMT 11/7/2025 Put $100.00","BTO","4","$0.57","($228.16)"
"10/29/2025","10/29/2025","10/30/2025","CNC","CNC 1/16/2026 Call $52.50","BTO","1","$0.35","($35.04)"
"10/29/2025","10/29/2025","10/30/2025","NVDA","NVDA 11/14/2025 Put $190.00","BTO","1","$1.79","($179.04)"
"10/29/2025","10/29/2025","10/30/2025","GLD","GLD 10/31/2025 Call $372.00","STC","1","$2.76","$275.95"
"10/29/2025","10/29/2025","10/30/2025","GLD","GLD 10/31/2025 Call $372.00","STC","1","$2.75","$274.95"
"10/29/2025","10/29/2025","10/30/2025","GLD","GLD 10/31/2025 Call $372.00","STC","1","$2.75","$274.95"
"10/28/2025","10/28/2025","10/29/2025","SPY","SPY 10/29/2025 Put $685.00","STC","2","$1.44","$287.91"
"10/28/2025","10/28/2025","10/29/2025","SPY","SPY 10/29/2025 Put $685.00","STC","2","$1.46","$291.91"
"10/28/2025","10/28/2025","10/29/2025","SPY","SPY 10/29/2025 Put $685.00","STC","1","$1.55","$154.95"
"10/28/2025","10/28/2025","10/29/2025","SPY","SPY 10/29/2025 Put $685.00","BTO","5","$1.41","($705.21)"
"10/28/2025","10/28/2025","10/29/2025","GLD","GLD 10/31/2025 Call $372.00","BTO","2","$1.60","($320.08)"
"10/28/2025","10/28/2025","10/29/2025","GLD","GLD 10/31/2025 Call $372.00","BTO","1","$1.60","($160.04)"
"10/28/2025","10/28/2025","10/29/2025","ARM","ARM 11/7/2025 Call $225.00","BTO","1","$1.02","($102.04)"
"10/28/2025","10/28/2025","10/29/2025","TSLA","TSLA 11/7/2025 Call $550.00","BTO","3","$1.45","($435.12)"
"10/28/2025","10/28/2025","10/29/2025","QCOM","QCOM 10/31/2025 Put $175.00","STC","1","$1.10","$109.95"
"10/28/2025","10/28/2025","10/29/2025","UBER","UBER 10/31/2025 Call $99.00","STC","1","$0.56","$55.95"
"10/28/2025","10/28/2025","10/29/2025","UBER","UBER 10/31/2025 Call $99.00","STC","1","$0.56","$55.95"
"10/28/2025","10/28/2025","10/29/2025","UBER","UBER 10/31/2025 Call $99.00","STC","1","$0.56","$55.95"
"10/28/2025","10/28/2025","10/29/2025","QCOM","QCOM 10/31/2025 Put $175.00","STC","1","$1.32","$131.95"
"10/28/2025","10/28/2025","10/29/2025","QCOM","QCOM 10/31/2025 Put $175.00","BTO","2","$0.85","($170.08)"
"10/28/2025","10/28/2025","10/29/2025","UBER","UBER 10/31/2025 Call $99.00","BTO","3","$0.65","($195.12)"
"10/28/2025","10/28/2025","10/29/2025","LMND","LMND 10/31/2025 Call $61.00","STC","1","$1.05","$104.95"
"10/27/2025","10/27/2025","10/28/2025","ASST","Strive, Inc.
CUSIP: 862945102","Sell","40","$1.80","$72.00"
"10/27/2025","10/27/2025","10/28/2025","ASST","Strive, Inc.
CUSIP: 862945102","Sell","30","$1.79","$53.70"
"10/27/2025","10/27/2025","10/28/2025","LMND","LMND 10/31/2025 Call $61.00","STC","1","$0.80","$79.95"
"10/27/2025","10/27/2025","10/28/2025","LMND","LMND 10/31/2025 Call $61.00","BTO","2","$0.60","($120.08)"
"10/27/2025","10/27/2025","10/28/2025","PYPL","PYPL 11/21/2025 Call $80.00","STC","3","$1.30","$389.87"
"10/27/2025","10/27/2025","10/28/2025","LULU","LULU 11/14/2025 Call $215.00","STC","2","$0.67","$133.91"
"10/27/2025","10/27/2025","10/28/2025","PYPL","PYPL 11/21/2025 Call $80.00","BTO","3","$1.35","($405.12)"
"10/27/2025","10/27/2025","10/28/2025","COIN","COIN 10/31/2025 Call $400.00","STC","1","$6.60","$659.95"
"10/27/2025","10/27/2025","10/28/2025","COIN","COIN 10/31/2025 Call $400.00","BTO","1","$6.85","($685.04)"
"10/27/2025","10/27/2025","10/28/2025","QCOM","QCOM 10/31/2025 Put $175.00","STC","1","$0.72","$71.95"
"10/27/2025","10/27/2025","10/28/2025","QCOM","QCOM 10/31/2025 Put $175.00","STC","1","$0.72","$71.95"
"10/27/2025","10/27/2025","10/28/2025","QCOM","QCOM 10/31/2025 Put $175.00","BTO","2","$0.87","($174.08)"
"10/27/2025","10/27/2025","10/28/2025","ARM","ARM 11/7/2025 Call $225.00","BTO","1","$1.75","($175.04)"
"10/27/2025","10/27/2025","10/28/2025","ARM","ARM 11/7/2025 Call $225.00","BTO","2","$2.15","($430.08)"
"10/27/2025","10/27/2025","10/28/2025","ASST","Strive, Inc.
CUSIP: 862945102","Buy","100","$1.58","($157.58)"
"10/27/2025","10/27/2025","10/28/2025","MU","MU 11/7/2025 Put $195.00","STC","2","$2.75","$549.91"
"10/27/2025","10/27/2025","10/28/2025","NFLX","NFLX 10/31/2025 Put $1,000.00","BTO","1","$0.45","($45.04)"
"10/27/2025","10/27/2025","10/28/2025","MU","MU 11/7/2025 Put $195.00","STC","3","$2.28","$683.87"
"10/27/2025","10/27/2025","10/28/2025","BULL","BULL 11/21/2025 Call $13.00","BTO","3","$0.78","($234.12)"
"10/24/2025","10/24/2025","10/27/2025","PYPL","Option Expiration for PYPL 10/24/2025 Call $73.00","OEXP","3S","",""
"10/24/2025","10/24/2025","10/27/2025","BULL","Option Expiration for BULL 10/24/2025 Call $15.00","OEXP","5S","",""
"10/24/2025","10/24/2025","10/27/2025","TSLA","Option Expiration for TSLA 10/24/2025 Put $400.00","OEXP","3S","",""
"10/24/2025","10/24/2025","10/27/2025","NFLX","Option Expiration for NFLX 10/24/2025 Put $1,060.00","OEXP","2S","",""
"10/24/2025","10/24/2025","10/27/2025","MU","MU 11/7/2025 Put $195.00","BTO","1","$3.00","($300.04)"
"10/24/2025","10/24/2025","10/27/2025","CRCL","CRCL 10/24/2025 Call $145.00","STC","1","$0.49","$48.95"
"10/24/2025","10/24/2025","10/27/2025","CRCL","CRCL 10/24/2025 Call $145.00","STC","1","$0.50","$49.95"
"10/24/2025","10/24/2025","10/27/2025","CRCL","CRCL 10/24/2025 Call $145.00","STC","1","$0.50","$49.95"
"10/24/2025","10/24/2025","10/27/2025","CRCL","CRCL 10/24/2025 Call $145.00","BTO","3","$0.42","($126.12)"
"10/24/2025","10/24/2025","10/27/2025","TSLA","TSLA 10/24/2025 Put $435.00","STC","2","$0.92","$183.91"
"10/24/2025","10/24/2025","10/27/2025","TSLA","TSLA 10/24/2025 Put $435.00","STC","1","$0.92","$91.95"
"10/24/2025","10/24/2025","10/27/2025","TSLA","TSLA 10/24/2025 Put $435.00","BTO","3","$1.39","($417.12)"
"10/24/2025","10/24/2025","10/27/2025","GOOG","GOOG 10/24/2025 Put $257.50","STC","3","$0.10","$29.87"
"10/24/2025","10/24/2025","10/27/2025","GOOG","GOOG 10/24/2025 Put $257.50","BTO","3","$0.27","($81.12)"
"10/24/2025","10/24/2025","10/27/2025","MU","MU 10/24/2025 Call $220.00","STC","3","$0.39","$116.87"
"10/24/2025","10/24/2025","10/27/2025","MU","MU 10/24/2025 Call $220.00","BTO","1","$0.71","($71.04)"
"10/24/2025","10/24/2025","10/27/2025","MU","MU 10/24/2025 Call $220.00","BTO","2","$0.71","($142.08)"
"10/24/2025","10/24/2025","10/27/2025","MU","MU 11/7/2025 Put $195.00","BTO","4","$3.55","($1,420.16)"
"10/24/2025","10/24/2025","10/27/2025","PYPL","PYPL 10/24/2025 Call $71.00","STC","4","$0.37","$147.83"
"10/24/2025","10/24/2025","10/27/2025","PYPL","PYPL 10/24/2025 Call $71.00","BTO","4","$0.45","($180.16)"
"10/24/2025","10/24/2025","10/27/2025","NNE","NNE 10/31/2025 Call $45.50","STC","3","$2.80","$839.87"
"10/23/2025","10/23/2025","10/24/2025","DDOG","DDOG 10/24/2025 Call $155.00","STC","3","$1.75","$524.87"
"10/23/2025","10/23/2025","10/24/2025","IONQ","IONQ 10/31/2025 Put $50.00","STC","2","$1.00","$199.91"
"10/23/2025","10/23/2025","10/24/2025","CVNA","CVNA 10/24/2025 Call $342.50","STC","6","$2.80","$1,679.73"
"10/23/2025","10/23/2025","10/24/2025","CVNA","CVNA 10/24/2025 Call $342.50","BTO","1","$3.00","($300.04)"
"10/23/2025","10/23/2025","10/24/2025","NNE","NNE 10/31/2025 Call $45.50","STC","1","$2.30","$229.95"
"10/23/2025","10/23/2025","10/24/2025","DDOG","DDOG 10/24/2025 Call $155.00","BTO","2","$1.45","($290.08)"
"10/23/2025","10/23/2025","10/24/2025","DDOG","DDOG 10/24/2025 Call $155.00","BTO","1","$1.45","($145.04)"
"10/23/2025","10/23/2025","10/24/2025","AMD","AMD 10/24/2025 Call $240.00","STC","1","$1.04","$103.95"
"10/23/2025","10/23/2025","10/24/2025","AMD","AMD 10/24/2025 Call $240.00","STC","1","$1.04","$103.95"
"10/23/2025","10/23/2025","10/24/2025","AMD","AMD 10/24/2025 Call $240.00","BTO","2","$1.27","($254.08)"
"10/23/2025","10/23/2025","10/24/2025","IONQ","IONQ 10/31/2025 Put $50.00","BTO","2","$1.32","($264.08)"
"10/23/2025","10/23/2025","10/24/2025","CVNA","CVNA 10/24/2025 Call $342.50","BTO","1","$2.40","($240.04)"
"10/23/2025","10/23/2025","10/24/2025","CVNA","CVNA 10/24/2025 Call $342.50","BTO","4","$2.75","($1,100.16)"
"10/23/2025","10/23/2025","10/24/2025","SPY","SPY 10/23/2025 Call $672.00","STC","5","$0.36","$179.78"
"10/23/2025","10/23/2025","10/24/2025","SPY","SPY 10/23/2025 Call $672.00","BTO","5","$0.40","($200.21)"
"10/23/2025","10/23/2025","10/24/2025","NFLX","NFLX 10/24/2025 Put $1,060.00","BTO","1","$0.65","($65.04)"
"10/23/2025","10/23/2025","10/24/2025","NNE","NNE 10/31/2025 Call $45.50","BTO","2","$2.00","($400.08)"
"10/23/2025","10/23/2025","10/24/2025","NNE","NNE 10/31/2025 Call $45.50","BTO","1","$1.90","($190.04)"
"10/23/2025","10/23/2025","10/24/2025","NNE","NNE 10/31/2025 Call $45.50","BTO","1","$1.90","($190.04)"
"10/23/2025","10/23/2025","10/24/2025","CVNA","CVNA 10/24/2025 Put $285.00","STC","1","$0.30","$29.95"
"10/23/2025","10/23/2025","10/24/2025","CVNA","CVNA 10/24/2025 Put $285.00","STC","1","$0.30","$29.95"
"10/23/2025","10/23/2025","10/24/2025","NFLX","NFLX 10/24/2025 Put $1,060.00","BTO","1","$0.65","($65.04)"
"10/23/2025","10/23/2025","10/24/2025","CVNA","CVNA 10/24/2025 Put $285.00","BTO","1","$1.30","($130.04)"
"10/23/2025","10/23/2025","10/24/2025","CVNA","CVNA 10/24/2025 Put $285.00","BTO","1","$1.30","($130.04)"
"10/22/2025","10/22/2025","10/23/2025","TSLA","TSLA 10/24/2025 Put $400.00","BTO","3","$3.50","($1,050.12)"
"10/22/2025","10/22/2025","10/23/2025","BYND","Beyond Meat
CUSIP: 08862E109","Sell","55","$5.71","$314.04"
"10/22/2025","10/22/2025","10/23/2025","COIN","COIN 10/24/2025 Call $340.00","STC","1","$1.59","$158.95"
"10/22/2025","10/22/2025","10/23/2025","COIN","COIN 10/24/2025 Call $340.00","STC","2","$1.59","$317.91"
"10/22/2025","10/22/2025","10/23/2025","COIN","COIN 10/24/2025 Call $340.00","BTO","3","$1.76","($528.12)"
"10/22/2025","10/22/2025","10/23/2025","GLD","GLD 10/22/2025 Put $367.00","STC","2","$0.57","$113.91"
"10/22/2025","10/22/2025","10/23/2025","SOFI","SOFI 10/24/2025 Put $25.00","STC","2","$0.12","$23.91"
"10/22/2025","10/22/2025","10/23/2025","TSLA","TSLA 10/24/2025 Put $400.00","STC","2","$2.68","$535.91"
"10/22/2025","10/22/2025","10/23/2025","GLD","GLD 10/22/2025 Put $367.00","STC","1","$0.96","$95.95"
"10/22/2025","10/22/2025","10/23/2025","GLD","GLD 10/22/2025 Put $367.00","BTO","1","$0.72","($72.04)"
"10/22/2025","10/22/2025","10/23/2025","GLD","GLD 10/22/2025 Put $367.00","BTO","1","$0.72","($72.04)"
"10/22/2025","10/22/2025","10/23/2025","GLD","GLD 10/22/2025 Put $367.00","BTO","1","$0.72","($72.04)"
"10/22/2025","10/22/2025","10/23/2025","SOFI","SOFI 10/24/2025 Put $25.00","STC","1","$0.16","$15.95"
"10/22/2025","10/22/2025","10/23/2025","SOFI","SOFI 10/24/2025 Put $25.00","BTO","3","$0.16","($48.12)"
"10/22/2025","10/22/2025","10/23/2025","TSLA","TSLA 10/24/2025 Put $400.00","BTO","1","$2.75","($275.04)"
"10/22/2025","10/22/2025","10/23/2025","TSLA","TSLA 10/24/2025 Put $400.00","BTO","1","$2.75","($275.04)"
"10/22/2025","10/22/2025","10/23/2025","BYND","Beyond Meat
CUSIP: 08862E109","Buy","15","$5.86","($87.98)"
"10/22/2025","10/22/2025","10/23/2025","BYND","Beyond Meat
CUSIP: 08862E109","Buy","40","$6.02","($240.67)"
"10/22/2025","10/22/2025","10/23/2025","ORCL","ORCL 10/24/2025 Put $265.00","STC","1","$1.15","$114.95"
"10/22/2025","10/22/2025","10/23/2025","TSLA","TSLA 10/24/2025 Put $400.00","STC","1","$2.19","$218.95"
"10/22/2025","10/22/2025","10/23/2025","CVNA","CVNA 10/24/2025 Put $320.00","STC","1","$1.65","$164.95"
"10/22/2025","10/22/2025","10/23/2025","CVNA","CVNA 10/24/2025 Put $260.00","STC","2","$0.10","$19.91"
"10/22/2025","10/22/2025","10/23/2025","CVNA","CVNA 10/24/2025 Put $320.00","BTO","1","$1.60","($160.04)"
"10/22/2025","10/22/2025","10/23/2025","GOOG","GOOG 10/24/2025 Put $240.00","STC","2","$0.19","$37.91"
"10/21/2025","10/21/2025","10/22/2025","BLND","Blend Labs
CUSIP: 09352U108","Buy","115","$3.54","($407.10)"
"10/21/2025","10/21/2025","10/22/2025","GOOG","GOOG 10/24/2025 Put $240.00","BTO","2","$0.44","($88.08)"
"10/21/2025","10/21/2025","10/22/2025","ORCL","ORCL 10/24/2025 Put $265.00","BTO","1","$1.61","($161.04)"
"10/21/2025","10/21/2025","10/22/2025","TSLA","TSLA 10/24/2025 Put $400.00","BTO","1","$1.89","($189.04)"
"10/21/2025","10/21/2025","10/22/2025","LULU","LULU 11/14/2025 Call $215.00","BTO","2","$0.87","($174.08)"
"10/21/2025","10/21/2025","10/22/2025","PYPL","PYPL 10/24/2025 Call $73.00","BTO","3","$0.31","($93.12)"
"10/21/2025","10/21/2025","10/22/2025","COIN","COIN 10/24/2025 Call $355.00","STC","1","$4.40","$439.95"
"10/21/2025","10/21/2025","10/22/2025","COIN","COIN 10/24/2025 Call $355.00","STC","1","$4.40","$439.95"
"10/21/2025","10/21/2025","10/22/2025","GLD","GLD 10/22/2025 Call $385.00","STC","1","$2.10","$209.95"
"10/21/2025","10/21/2025","10/22/2025","GLD","GLD 10/22/2025 Call $385.00","BTO","1","$2.44","($244.04)"
"10/21/2025","10/21/2025","10/22/2025","COIN","COIN 10/24/2025 Call $355.00","BTO","2","$4.50","($900.08)"
"10/21/2025","10/21/2025","10/22/2025","GLD","GLD 10/22/2025 Put $372.00","STC","2","$2.35","$469.91"
"10/21/2025","10/21/2025","10/22/2025","GLD","GLD 10/22/2025 Put $372.00","BTO","2","$2.95","($590.08)"
"10/21/2025","10/21/2025","10/22/2025","AAPL","AAPL 11/14/2025 Call $300.00","STC","4","$0.46","$183.83"
"10/21/2025","10/21/2025","10/22/2025","BABA","BABA 11/7/2025 Call $200.00","STC","4","$0.96","$383.83"
"10/21/2025","10/21/2025","10/22/2025","AAPL","AAPL 10/31/2025 Call $270.00","STC","1","$4.05","$404.95"
"10/21/2025","10/21/2025","10/22/2025","GLD","GLD 10/22/2025 Put $379.00","STC","2","$2.30","$459.91"
"10/21/2025","10/21/2025","10/22/2025","GLD","GLD 10/22/2025 Put $379.00","BTO","2","$2.35","($470.08)"
"10/21/2025","10/21/2025","10/22/2025","JD","JD 10/24/2025 Put $32.50","STC","1","$0.40","$39.95"
"10/21/2025","10/21/2025","10/22/2025","JD","JD 10/24/2025 Put $32.50","STC","1","$0.40","$39.95"
"10/21/2025","10/21/2025","10/22/2025","FIG","Figma
CUSIP: 316841105","Buy","3.578457","$55.89","($200.00)"
"10/21/2025","10/21/2025","10/22/2025","FIG","Figma
CUSIP: 316841105","Buy","5.374417","$55.82","($300.00)"
"10/21/2025","10/21/2025","10/22/2025","JD","JD 10/24/2025 Put $32.50","STC","1","$0.48","$47.95"
"10/21/2025","10/21/2025","10/22/2025","JD","JD 10/24/2025 Put $32.50","STC","1","$0.48","$47.95"
"10/21/2025","10/21/2025","10/22/2025","GLD","GLD 10/24/2025 Put $386.00","STC","1","$5.15","$514.95"
"10/21/2025","10/21/2025","10/22/2025","GLD","GLD 10/24/2025 Put $386.00","STC","1","$5.50","$549.95"
"10/20/2025","10/20/2025","10/21/2025","JD","JD 10/24/2025 Put $32.50","BTO","4","$0.28","($112.16)"
"10/20/2025","10/20/2025","10/21/2025","BABA","BABA 11/7/2025 Call $200.00","BTO","4","$1.75","($700.16)"
"10/20/2025","10/20/2025","10/21/2025","AAPL","AAPL 10/31/2025 Call $270.00","STC","1","$4.00","$399.95"
"10/20/2025","10/20/2025","10/21/2025","MU","MU 10/24/2025 Put $195.00","STC","3","$2.05","$614.87"
"10/20/2025","10/20/2025","10/21/2025","AAPL","AAPL 11/14/2025 Call $300.00","BTO","4","$0.48","($192.16)"
"10/20/2025","10/20/2025","10/21/2025","GLD","GLD 10/24/2025 Put $386.00","BTO","2","$1.57","($314.08)"
"10/20/2025","10/20/2025","10/21/2025","MU","MU 10/24/2025 Put $195.00","BTO","1","$1.98","($198.04)"
"10/20/2025","10/20/2025","10/21/2025","MU","MU 10/24/2025 Put $195.00","BTO","2","$2.09","($418.08)"
"10/20/2025","10/20/2025","10/21/2025","AAPL","AAPL 10/31/2025 Call $270.00","BTO","2","$4.00","($800.08)"
"10/20/2025","10/20/2025","10/21/2025","GLD","GLD 10/22/2025 Put $386.00","STC","2","$0.90","$179.91"
"10/20/2025","10/20/2025","10/21/2025","CVNA","CVNA 10/24/2025 Put $260.00","BTO","1","$0.83","($83.04)"
"10/20/2025","10/20/2025","10/21/2025","CVNA","CVNA 10/24/2025 Put $260.00","BTO","1","$0.90","($90.04)"
"10/20/2025","10/20/2025","10/21/2025","GLD","GLD 10/22/2025 Put $386.00","BTO","2","$1.15","($230.08)"
"10/20/2025","10/20/2025","10/21/2025","AAPL","AAPL 10/31/2025 Call $260.00","STC","1","$5.90","$589.95"
"10/20/2025","10/20/2025","10/21/2025","AAPL","AAPL 10/31/2025 Call $260.00","STC","1","$5.95","$594.95"
"10/17/2025","10/17/2025","10/20/2025","AAPL","AAPL 10/31/2025 Call $260.00","BTO","1","$3.55","($355.04)"
"10/17/2025","10/17/2025","10/20/2025","AAPL","AAPL 10/31/2025 Call $260.00","BTO","1","$3.80","($380.04)"
"10/17/2025","10/17/2025","10/20/2025","AAPL","AAPL 10/31/2025 Call $260.00","STC","1","$4.00","$399.95"
"10/17/2025","10/17/2025","10/20/2025","AAPL","AAPL 10/31/2025 Call $260.00","STC","1","$3.70","$369.95"
"10/17/2025","10/17/2025","10/20/2025","LULU","LULU 10/17/2025 Call $167.50","STC","1","$0.20","$19.95"
"10/17/2025","10/17/2025","10/20/2025","BABA","BABA 10/24/2025 Call $175.00","STC","2","$1.47","$293.91"
"10/17/2025","10/17/2025","10/20/2025","BABA","BABA 10/24/2025 Call $175.00","STC","1","$1.67","$166.95"
"10/17/2025","10/17/2025","10/20/2025","MARA","MARA 10/24/2025 Put $18.50","STC","3","$0.66","$197.87"
"10/17/2025","10/17/2025","10/20/2025","LULU","LULU 10/17/2025 Call $167.50","BTO","1","$0.25","($25.04)"
"10/17/2025","10/17/2025","10/20/2025","MARA","MARA 10/24/2025 Put $18.50","BTO","3","$0.85","($255.12)"
"10/17/2025","10/17/2025","10/20/2025","PL","PL 10/31/2025 Put $12.50","STC","5","$0.85","$424.78"
"10/17/2025","10/17/2025","10/20/2025","AAPL","AAPL 10/31/2025 Call $260.00","BTO","2","$2.83","($566.08)"
"10/17/2025","10/17/2025","10/20/2025","SPY","SPY 10/20/2025 Put $648.00","STC","2","$1.00","$199.91"
"10/17/2025","10/17/2025","10/20/2025","RGTI","RGTI 10/17/2025 Put $43.00","STC","2","$0.40","$79.91"
"10/17/2025","10/17/2025","10/20/2025","SPY","SPY 10/20/2025 Put $648.00","BTO","2","$1.34","($268.08)"
"10/17/2025","10/17/2025","10/20/2025","BABA","BABA 10/24/2025 Call $175.00","BTO","3","$1.47","($441.12)"
"10/17/2025","10/17/2025","10/20/2025","RGTI","RGTI 10/17/2025 Put $43.00","BTO","2","$0.57","($114.08)"
"10/17/2025","10/17/2025","10/20/2025","TSLA","TSLA 10/17/2025 Call $440.00","STC","1","$3.35","$334.95"
"10/17/2025","10/17/2025","10/20/2025","TSLA","TSLA 10/17/2025 Call $440.00","STC","1","$3.05","$304.95"
"10/17/2025","10/17/2025","10/20/2025","TSLA","TSLA 10/17/2025 Call $440.00","BTO","1","$2.81","($281.04)"
"10/17/2025","10/17/2025","10/20/2025","TSLA","TSLA 10/17/2025 Call $440.00","BTO","1","$2.81","($281.04)"
"10/17/2025","10/17/2025","10/20/2025","WMT","WMT 10/31/2025 Put $100.00","STC","2","$0.39","$77.91"
"10/17/2025","10/17/2025","10/20/2025","WMT","WMT 10/31/2025 Put $100.00","STC","1","$0.38","$37.95"
"10/16/2025","10/16/2025","10/17/2025","PL","PL 10/31/2025 Put $12.50","BTO","5","$0.70","($350.21)"
"10/16/2025","10/16/2025","10/17/2025","LLY","LLY 10/17/2025 Call $860.00","STC","1","$0.25","$24.95"
"10/16/2025","10/16/2025","10/17/2025","SPY","SPY 10/16/2025 Put $648.00","STC","2","$0.07","$13.91"
"10/16/2025","10/16/2025","10/17/2025","WMT","WMT 10/31/2025 Put $100.00","STC","3","$0.55","$164.87"
"10/16/2025","10/16/2025","10/17/2025","WMT","WMT 10/31/2025 Put $100.00","BTO","6","$0.44","($264.25)"
"10/16/2025","10/16/2025","10/17/2025","WMT","WMT 11/21/2025 Call $120.00","STC","1","$0.49","$48.95"
"10/16/2025","10/16/2025","10/17/2025","WMT","WMT 11/21/2025 Call $120.00","STC","2","$0.49","$97.91"
"10/16/2025","10/16/2025","10/17/2025","ORCL","ORCL 10/17/2025 Call $335.00","STC","2","$1.82","$363.91"
"10/16/2025","10/16/2025","10/17/2025","ORCL","ORCL 10/17/2025 Call $335.00","BTO","2","$2.60","($520.08)"
"10/16/2025","10/16/2025","10/17/2025","APLD","APLD 10/17/2025 Call $39.00","STC","3","$0.80","$239.87"
"10/16/2025","10/16/2025","10/17/2025","APLD","APLD 10/17/2025 Call $39.00","BTO","3","$0.85","($255.12)"
"10/16/2025","10/16/2025","10/17/2025","SPY","SPY 10/16/2025 Put $648.00","BTO","2","$0.17","($34.08)"
"10/16/2025","10/16/2025","10/17/2025","GLD","GLD 10/17/2025 Put $386.00","STC","1","$0.56","$55.95"
"10/16/2025","10/16/2025","10/17/2025","NFLX","NFLX 10/17/2025 Put $1,180.00","STC","1","$4.90","$489.95"
"10/16/2025","10/16/2025","10/17/2025","LLY","LLY 10/17/2025 Call $860.00","BTO","1","$0.55","($55.04)"
"10/16/2025","10/16/2025","10/17/2025","NFLX","NFLX 10/17/2025 Put $1,180.00","STC","2","$4.60","$919.91"
"10/16/2025","10/16/2025","10/17/2025","PLTR","PLTR 10/17/2025 Put $177.50","STC","1","$1.63","$162.95"
"10/16/2025","10/16/2025","10/17/2025","PLTR","PLTR 10/17/2025 Put $177.50","STC","1","$1.69","$168.95"
"10/16/2025","10/16/2025","10/17/2025","NFLX","NFLX 10/17/2025 Put $1,180.00","STC","1","$4.30","$429.95"
"10/16/2025","10/16/2025","10/17/2025","NFLX","NFLX 10/17/2025 Put $1,180.00","STC","1","$4.20","$419.95"
"10/16/2025","10/16/2025","10/17/2025","GLD","GLD 10/17/2025 Put $386.00","BTO","1","$0.61","($61.04)"
"10/16/2025","10/16/2025","10/17/2025","PLTR","PLTR 10/17/2025 Put $177.50","BTO","2","$0.93","($186.08)"
"10/16/2025","10/16/2025","10/17/2025","NFLX","NFLX 10/17/2025 Put $1,180.00","BTO","1","$1.64","($164.04)"
"10/16/2025","10/16/2025","10/17/2025","CAT","CAT 10/24/2025 Put $480.00","STC","1","$0.50","$49.95"
"10/16/2025","10/16/2025","10/17/2025","NFLX","NFLX 10/17/2025 Put $1,180.00","STC","1","$3.20","$319.95"
"10/16/2025","10/16/2025","10/17/2025","NFLX","NFLX 10/17/2025 Put $1,180.00","STC","1","$2.80","$279.95"
"10/16/2025","10/16/2025","10/17/2025","NFLX","NFLX 10/17/2025 Put $1,180.00","BTO","1","$1.40","($140.04)"
"10/16/2025","10/16/2025","10/17/2025","NFLX","NFLX 10/17/2025 Put $1,180.00","BTO","2","$1.50","($300.08)"
"10/15/2025","10/15/2025","10/16/2025","CAT","CAT 10/24/2025 Put $480.00","BTO","1","$1.20","($120.04)"
"10/15/2025","10/15/2025","10/16/2025","CLS","CLS 10/24/2025 Put $200.00","STC","1","$0.32","$31.95"
"10/15/2025","10/15/2025","10/16/2025","CLS","CLS 10/24/2025 Put $200.00","STC","1","$0.32","$31.95"
"10/15/2025","10/15/2025","10/16/2025","CLS","CLS 10/17/2025 Put $220.00","STC","2","$0.12","$23.91"
"10/15/2025","10/15/2025","10/16/2025","HIMS","HIMS 10/17/2025 Call $70.00","STC","1","$0.79","$78.95"
"10/15/2025","10/15/2025","10/16/2025","GOOG","GOOG 10/17/2025 Call $255.00","STC","1","$1.32","$131.95"
"10/15/2025","10/15/2025","10/16/2025","HIMS","HIMS 10/17/2025 Call $70.00","STC","1","$0.88","$87.95"
"10/15/2025","10/15/2025","10/16/2025","HIMS","HIMS 10/17/2025 Call $70.00","STC","1","$0.92","$91.95"
"10/15/2025","10/15/2025","10/16/2025","HIMS","HIMS 10/17/2025 Call $70.00","BTO","3","$0.75","($225.12)"
"10/15/2025","10/15/2025","10/16/2025","GOOG","GOOG 10/17/2025 Call $255.00","STC","1","$1.32","$131.95"
"10/15/2025","10/15/2025","10/16/2025","GOOG","GOOG 10/17/2025 Call $255.00","BTO","1","$1.25","($125.04)"
"10/15/2025","10/15/2025","10/16/2025","GOOG","GOOG 10/17/2025 Call $255.00","BTO","1","$1.25","($125.04)"
"10/15/2025","10/15/2025","10/16/2025","NFLX","NFLX 10/17/2025 Put $1,180.00","BTO","1","$2.80","($280.04)"
"10/15/2025","10/15/2025","10/16/2025","NFLX","NFLX 10/17/2025 Put $1,180.00","BTO","1","$2.80","($280.04)"
"10/15/2025","10/15/2025","10/16/2025","IONQ","IONQ 10/17/2025 Put $68.00","STC","1","$1.90","$189.95"
"10/15/2025","10/15/2025","10/16/2025","NFLX","NFLX 10/17/2025 Put $1,180.00","BTO","1","$3.90","($390.04)"
"10/15/2025","10/15/2025","10/16/2025","IONQ","IONQ 10/17/2025 Put $68.00","STC","1","$2.05","$204.95"
"10/15/2025","10/15/2025","10/16/2025","GOOG","GOOG 10/17/2025 Put $240.00","STC","7","$0.67","$468.68"
"10/15/2025","10/15/2025","10/16/2025","COIN","COIN 10/17/2025 Put $300.00","STC","1","$0.92","$91.95"
"10/15/2025","10/15/2025","10/16/2025","GOOG","GOOG 10/17/2025 Put $240.00","STC","1","$0.71","$70.95"
"10/15/2025","10/15/2025","10/16/2025","MSTR","MSTR 10/24/2025 Put $230.00","STC","1","$1.82","$181.95"
"10/15/2025","10/15/2025","10/16/2025","COIN","COIN 10/17/2025 Put $300.00","STC","2","$0.92","$183.91"
"10/15/2025","10/15/2025","10/16/2025","GOOG","GOOG 10/17/2025 Put $240.00","BTO","3","$0.62","($186.12)"
"10/15/2025","10/15/2025","10/16/2025","GOOG","GOOG 10/17/2025 Put $240.00","BTO","5","$0.61","($305.21)"
"10/15/2025","10/15/2025","10/16/2025","IONQ","IONQ 10/17/2025 Put $68.00","BTO","2","$1.75","($350.08)"
"10/15/2025","10/15/2025","10/16/2025","COIN","COIN 10/17/2025 Put $300.00","BTO","3","$0.53","($159.12)"
"10/15/2025","10/15/2025","10/16/2025","MSTR","MSTR 10/24/2025 Put $230.00","BTO","1","$1.62","($162.04)"
"10/15/2025","10/15/2025","10/16/2025","IREN","IREN 10/17/2025 Put $60.00","STC","2","$0.73","$145.91"
"10/15/2025","10/15/2025","10/16/2025","SPY","SPY 10/15/2025 Put $662.00","STC","2","$0.71","$141.91"
"10/15/2025","10/15/2025","10/16/2025","IREN","IREN 10/17/2025 Put $60.00","BTO","2","$0.75","($150.08)"
"10/15/2025","10/15/2025","10/16/2025","SPY","SPY 10/15/2025 Put $662.00","BTO","2","$0.50","($100.08)"
"10/15/2025","10/15/2025","10/16/2025","TSLA","TSLA 10/17/2025 Call $450.00","STC","3","$2.75","$824.87"
"10/15/2025","10/15/2025","10/16/2025","LLY","LLY 10/17/2025 Call $842.50","STC","1","$3.25","$324.95"
"10/15/2025","10/15/2025","10/16/2025","LLY","LLY 10/17/2025 Call $842.50","BTO","1","$3.50","($350.04)"
"10/15/2025","10/15/2025","10/16/2025","SPY","SPY 10/15/2025 Call $670.00","STC","2","$0.73","$145.91"
"10/15/2025","10/15/2025","10/16/2025","SPY","SPY 10/15/2025 Call $670.00","STC","1","$0.70","$69.95"
"10/15/2025","10/15/2025","10/16/2025","SPY","SPY 10/15/2025 Call $670.00","BTO","2","$0.56","($112.08)"
"10/15/2025","10/15/2025","10/16/2025","SPY","SPY 10/15/2025 Call $670.00","BTO","1","$0.56","($56.04)"
"10/15/2025","10/15/2025","10/16/2025","WMT","WMT 11/21/2025 Call $120.00","BTO","3","$0.82","($246.12)"
"10/14/2025","10/14/2025","10/15/2025","TSLA","TSLA 10/17/2025 Call $450.00","BTO","1","$2.45","($245.04)"
"10/14/2025","10/14/2025","10/15/2025","TSLA","TSLA 10/17/2025 Call $450.00","BTO","2","$2.99","($598.08)"
"10/14/2025","10/14/2025","10/15/2025","CRWD","CRWD 10/17/2025 Call $510.00","STC","1","$2.50","$249.95"
"10/14/2025","10/14/2025","10/15/2025","MARA","MARA 10/17/2025 Call $23.00","STC","2","$0.56","$111.91"
"10/14/2025","10/14/2025","10/15/2025","BABA","BABA 10/17/2025 Call $170.00","STC","1","$1.88","$187.95"
"10/14/2025","10/14/2025","10/15/2025","ORCL","ORCL 10/17/2025 Call $312.50","STC","1","$6.35","$634.95"
"10/14/2025","10/14/2025","10/15/2025","SPY","SPY 10/14/2025 Call $665.00","STC","1","$0.89","$88.95"
"10/14/2025","10/14/2025","10/15/2025","SPY","SPY 10/14/2025 Call $665.00","STC","1","$0.86","$85.95"
"10/14/2025","10/14/2025","10/15/2025","BABA","BABA 10/17/2025 Call $170.00","STC","1","$1.93","$192.95"
"10/14/2025","10/14/2025","10/15/2025","SPY","SPY 10/14/2025 Call $665.00","STC","1","$0.79","$78.95"
"10/14/2025","10/14/2025","10/15/2025","CRWD","CRWD 10/17/2025 Call $510.00","BTO","1","$2.90","($290.04)"
"10/14/2025","10/14/2025","10/15/2025","BABA","BABA 10/17/2025 Call $170.00","STC","1","$1.95","$194.95"
"10/14/2025","10/14/2025","10/15/2025","MARA","MARA 10/17/2025 Call $23.00","BTO","1","$0.69","($69.04)"
"10/14/2025","10/14/2025","10/15/2025","MARA","MARA 10/17/2025 Call $23.00","BTO","1","$0.69","($69.04)"
"10/14/2025","10/14/2025","10/15/2025","SPY","SPY 10/14/2025 Call $665.00","STC","1","$0.79","$78.95"
"10/14/2025","10/14/2025","10/15/2025","SPY","SPY 10/14/2025 Call $665.00","BTO","4","$0.53","($212.16)"
"10/14/2025","10/14/2025","10/15/2025","ORCL","ORCL 10/17/2025 Call $312.50","BTO","1","$6.10","($610.04)"
"10/14/2025","10/14/2025","10/15/2025","BABA","BABA 10/17/2025 Call $170.00","BTO","1","$1.63","($163.04)"
"10/14/2025","10/14/2025","10/15/2025","BABA","BABA 10/17/2025 Call $170.00","BTO","2","$1.63","($326.08)"
"10/14/2025","10/14/2025","10/15/2025","TSLA","TSLA 10/17/2025 Put $400.00","STC","2","$2.35","$469.91"
"10/14/2025","10/14/2025","10/15/2025","MSFT","MSFT 10/17/2025 Call $520.00","STC","2","$1.58","$315.91"
"10/14/2025","10/14/2025","10/15/2025","MSFT","MSFT 10/17/2025 Call $520.00","BTO","2","$1.68","($336.08)"
"10/14/2025","10/14/2025","10/15/2025","TSLA","TSLA 10/17/2025 Put $400.00","BTO","2","$3.35","($670.08)"
"10/14/2025","10/14/2025","10/15/2025","CLS","CLS 10/24/2025 Put $200.00","BTO","2","$1.60","($320.08)"
"10/14/2025","10/14/2025","10/15/2025","CLS","CLS 10/17/2025 Put $220.00","BTO","2","$2.00","($400.08)"
"10/13/2025","10/13/2025","10/14/2025","LLY","LLY 10/17/2025 Put $760.00","STC","1","$0.80","$79.95"
"10/13/2025","10/13/2025","10/14/2025","PYPL","PYPL 11/7/2025 Call $80.00","STC","2","$1.05","$209.91"
"10/13/2025","10/13/2025","10/14/2025","LLY","LLY 10/17/2025 Put $760.00","BTO","1","$0.70","($70.04)"
"10/10/2025","10/10/2025","10/13/2025","GLD","Option Expiration for GLD 10/10/2025 Put $360.00","OEXP","2S","",""
"10/10/2025","10/10/2025","10/14/2025","AAPL","AAPL 11/7/2025 Call $275.00","STC","1","$1.06","$105.95"
"10/10/2025","10/10/2025","10/14/2025","AAPL","AAPL 11/7/2025 Call $275.00","STC","1","$1.06","$105.95"
"10/10/2025","10/10/2025","10/14/2025","AAPL","AAPL 10/31/2025 Call $280.00","STC","1","$0.48","$47.95"
"10/10/2025","10/10/2025","10/14/2025","COIN","COIN 10/10/2025 Put $360.00","STC","3","$1.20","$359.87"
"10/10/2025","10/10/2025","10/14/2025","COIN","COIN 10/10/2025 Put $360.00","BTO","3","$1.90","($570.12)"
"10/10/2025","10/10/2025","10/14/2025","SPY","SPY 10/10/2025 Call $665.00","STC","3","$0.75","$224.87"
"10/10/2025","10/10/2025","10/14/2025","CAT","CAT 10/24/2025 Put $480.00","STC","1","$5.50","$549.95"
"10/10/2025","10/10/2025","10/14/2025","SPY","SPY 10/10/2025 Call $665.00","BTO","3","$1.42","($426.12)"
"10/10/2025","10/10/2025","10/14/2025","ARM","ARM 10/31/2025 Call $195.00","STC","2","$2.20","$439.91"
"10/10/2025","10/10/2025","10/14/2025","AMZN","AMZN 10/24/2025 Call $240.00","STC","2","$0.76","$151.91"
"10/10/2025","10/10/2025","10/14/2025","AMD","AMD 10/10/2025 Call $225.00","STC","3","$0.43","$128.87"
"10/10/2025","10/10/2025","10/14/2025","AMD","AMD 10/10/2025 Call $225.00","BTO","3","$0.62","($186.12)"
"10/10/2025","10/10/2025","10/14/2025","LLY","LLY 10/24/2025 Call $970.00","STC","1","$1.60","$159.95"
"10/10/2025","10/10/2025","10/14/2025","CRWD","CRWD 10/24/2025 Put $470.00","STC","1","$3.90","$389.95"
"10/10/2025","10/10/2025","10/14/2025","HD","HD 10/24/2025 Put $365.00","STC","2","$2.50","$499.91"
"10/10/2025","10/10/2025","10/14/2025","COIN","COIN 10/10/2025 Put $380.00","STC","1","$5.20","$519.95"
"10/10/2025","10/10/2025","10/14/2025","COIN","COIN 10/10/2025 Put $380.00","STC","1","$4.20","$419.95"
"10/10/2025","10/10/2025","10/14/2025","COIN","COIN 10/10/2025 Put $380.00","STC","1","$4.20","$419.95"
"10/10/2025","10/10/2025","10/14/2025","CAT","CAT 10/10/2025 Put $505.00","STC","4","$0.35","$139.83"
"10/10/2025","10/10/2025","10/14/2025","COIN","COIN 10/10/2025 Put $380.00","BTO","3","$1.30","($390.12)"
"10/10/2025","10/10/2025","10/14/2025","KTOS","KTOS 10/24/2025 Put $90.00","STC","1","$1.80","$179.95"
"10/10/2025","10/10/2025","10/14/2025","KTOS","KTOS 10/24/2025 Put $90.00","STC","1","$1.80","$179.95"
"10/10/2025","10/10/2025","10/14/2025","CAT","CAT 10/10/2025 Put $505.00","BTO","2","$0.75","($150.08)"
"10/10/2025","10/10/2025","10/14/2025","CAT","CAT 10/10/2025 Put $505.00","BTO","2","$1.20","($240.08)"
"10/10/2025","10/10/2025","10/14/2025","AAPL","AAPL 10/31/2025 Call $280.00","STC","1","$0.88","$87.95"
"10/9/2025","10/9/2025","10/10/2025","KTOS","KTOS 10/24/2025 Put $90.00","BTO","2","$2.60","($520.08)"
"10/9/2025","10/9/2025","10/10/2025","HD","HD 10/24/2025 Put $365.00","BTO","2","$2.29","($458.08)"
"10/9/2025","10/9/2025","10/10/2025","DELL","DELL 10/10/2025 Call $165.00","STC","2","$0.19","$37.91"
"10/9/2025","10/9/2025","10/10/2025","SNOW","SNOW 10/17/2025 Call $267.50","STC","2","$1.79","$357.91"
"10/9/2025","10/9/2025","10/10/2025","GLD","GLD 10/10/2025 Put $360.00","STC","1","$0.55","$54.95"
"10/9/2025","10/9/2025","10/10/2025","CRWD","CRWD 10/24/2025 Put $470.00","BTO","1","$3.75","($375.04)"
"10/9/2025","10/9/2025","10/10/2025","VELO","Velo3D
CUSIP: 92259N302","Sell","0.4162","$5.40","$2.25"
"10/9/2025","10/9/2025","10/10/2025","VELO","Velo3D
CUSIP: 92259N302","Sell","18","$5.40","$97.23"
"10/9/2025","10/9/2025","10/10/2025","SNOW","SNOW 10/17/2025 Call $267.50","BTO","2","$2.13","($426.08)"
"10/9/2025","10/9/2025","10/10/2025","AAPL","AAPL 11/7/2025 Call $275.00","BTO","1","$1.76","($176.04)"
"10/9/2025","10/9/2025","10/10/2025","AAPL","AAPL 11/7/2025 Call $275.00","BTO","1","$1.76","($176.04)"
"10/9/2025","10/9/2025","10/10/2025","DELL","DELL 10/10/2025 Call $165.00","BTO","1","$0.49","($49.04)"
"10/9/2025","10/9/2025","10/10/2025","DELL","DELL 10/10/2025 Call $165.00","BTO","1","$0.49","($49.04)"
"10/9/2025","10/9/2025","10/10/2025","DELL","DELL 10/10/2025 Put $150.00","STC","3","$0.28","$83.87"
"10/9/2025","10/9/2025","10/10/2025","NVDA","NVDA 10/17/2025 Call $200.00","STC","2","$1.86","$371.91"
"10/9/2025","10/9/2025","10/10/2025","DELL","DELL 10/10/2025 Put $150.00","BTO","3","$0.36","($108.12)"
"10/9/2025","10/9/2025","10/10/2025","CVNA","CVNA 10/10/2025 Call $370.00","STC","3","$1.10","$329.87"
"10/9/2025","10/9/2025","10/10/2025","BULL","BULL 10/24/2025 Call $15.00","BTO","5","$0.70","($350.21)"
"10/9/2025","10/9/2025","10/10/2025","CAT","CAT 10/10/2025 Put $495.00","STC","1","$2.60","$259.95"
"10/9/2025","10/9/2025","10/10/2025","CAT","CAT 10/10/2025 Put $495.00","BTO","1","$1.50","($150.04)"
"10/9/2025","10/9/2025","10/10/2025","CVNA","CVNA 10/10/2025 Call $370.00","BTO","3","$1.45","($435.12)"
"10/9/2025","10/9/2025","10/10/2025","NVDA","NVDA 10/17/2025 Call $200.00","BTO","2","$2.69","($538.08)"
"10/9/2025","10/9/2025","10/10/2025","NVDA","NVDA 10/24/2025 Put $175.00","STC","2","$1.21","$241.91"
"10/9/2025","10/9/2025","10/10/2025","ARM","ARM 10/31/2025 Call $195.00","BTO","2","$3.70","($740.08)"
"10/8/2025","10/8/2025","10/9/2025","ARM","ARM 11/7/2025 Call $190.00","STC","1","$6.80","$679.95"
"10/8/2025","10/8/2025","10/9/2025","AMZN","AMZN 10/17/2025 Call $235.00","STC","1","$1.11","$110.95"
"10/8/2025","10/8/2025","10/9/2025","AMZN","AMZN 10/17/2025 Call $235.00","STC","1","$1.11","$110.95"
"10/8/2025","10/8/2025","10/9/2025","CAT","CAT 10/24/2025 Put $480.00","BTO","1","$4.85","($485.04)"
"10/8/2025","10/8/2025","10/9/2025","AMZN","AMZN 10/24/2025 Call $240.00","BTO","1","$1.50","($150.04)"
"10/8/2025","10/8/2025","10/9/2025","AMZN","AMZN 10/24/2025 Call $240.00","BTO","1","$1.50","($150.04)"
"10/8/2025","10/8/2025","10/9/2025","MU","MU 10/10/2025 Put $190.00","STC","2","$2.31","$461.91"
"10/8/2025","10/8/2025","10/9/2025","AMZN","AMZN 10/17/2025 Call $235.00","STC","1","$1.41","$140.95"
"10/8/2025","10/8/2025","10/9/2025","CRWV","CRWV 10/10/2025 Call $144.00","STC","2","$2.35","$469.91"
"10/8/2025","10/8/2025","10/9/2025","CRWV","CRWV 10/10/2025 Call $144.00","BTO","2","$2.70","($540.08)"
"10/8/2025","10/8/2025","10/9/2025","AMD","AMD 10/10/2025 Call $230.00","STC","1","$4.20","$419.95"
"10/8/2025","10/8/2025","10/9/2025","VELO","Velo3D
CUSIP: 92259N302","Buy","0.603174","$5.04","($3.04)"
"10/8/2025","10/8/2025","10/9/2025","VELO","Velo3D
CUSIP: 92259N302","Buy","49","$5.04","($246.96)"
"10/8/2025","10/8/2025","10/9/2025","NVDA","NVDA 10/24/2025 Put $175.00","STC","2","$1.66","$331.91"
"10/8/2025","10/8/2025","10/9/2025","AMD","AMD 10/10/2025 Call $230.00","STC","1","$2.78","$277.95"
"10/8/2025","10/8/2025","10/9/2025","AMD","AMD 10/10/2025 Call $230.00","STC","1","$2.96","$295.95"
"10/8/2025","10/8/2025","10/9/2025","ASTS","ASTS 10/10/2025 Put $75.00","STC","1","$1.04","$103.95"
"10/8/2025","10/8/2025","10/9/2025","MU","MU 10/10/2025 Put $190.00","BTO","2","$1.95","($390.08)"
"10/8/2025","10/8/2025","10/9/2025","AAPL","AAPL 10/31/2025 Call $280.00","STC","1","$1.15","$114.95"
"10/8/2025","10/8/2025","10/9/2025","AAPL","AAPL 10/10/2025 Call $262.50","STC","2","$0.50","$99.91"
"10/8/2025","10/8/2025","10/9/2025","ASTS","ASTS 10/10/2025 Put $75.00","STC","1","$0.80","$79.95"
"10/8/2025","10/8/2025","10/9/2025","NVDA","NVDA 10/24/2025 Put $175.00","BTO","1","$1.59","($159.04)"
"10/8/2025","10/8/2025","10/9/2025","NVDA","NVDA 10/24/2025 Put $175.00","BTO","1","$1.59","($159.04)"
"10/8/2025","10/8/2025","10/9/2025","NVDA","NVDA 10/24/2025 Put $175.00","BTO","1","$1.59","($159.04)"
"10/8/2025","10/8/2025","10/9/2025","NVDA","NVDA 10/24/2025 Put $175.00","BTO","1","$1.59","($159.04)"
"10/8/2025","10/8/2025","10/9/2025","ASTS","ASTS 10/10/2025 Put $75.00","BTO","2","$0.55","($110.08)"
"10/8/2025","10/8/2025","10/9/2025","BABA","BABA 10/17/2025 Put $175.00","STC","1","$2.96","$295.95"
"10/8/2025","10/8/2025","10/9/2025","AMD","AMD 10/10/2025 Call $230.00","BTO","1","$2.95","($295.04)"
"10/8/2025","10/8/2025","10/9/2025","AMD","AMD 10/10/2025 Call $230.00","BTO","1","$2.95","($295.04)"
"10/8/2025","10/8/2025","10/9/2025","AMD","AMD 10/10/2025 Call $230.00","BTO","1","$2.95","($295.04)"
"10/8/2025","10/8/2025","10/9/2025","LLY","LLY 10/10/2025 Call $887.50","STC","2","$1.80","$359.91"
"10/8/2025","10/8/2025","10/9/2025","LLY","LLY 10/10/2025 Call $887.50","BTO","2","$2.15","($430.08)"
"10/8/2025","10/8/2025","10/9/2025","PYPL","PYPL 11/7/2025 Call $80.00","BTO","2","$2.35","($470.08)"
"10/8/2025","10/8/2025","10/9/2025","GLD","GLD 10/10/2025 Put $360.00","BTO","3","$0.35","($105.12)"
"10/7/2025","10/7/2025","10/8/2025","ARM","ARM 11/7/2025 Call $190.00","BTO","1","$4.20","($420.04)"
"10/7/2025","10/7/2025","10/8/2025","ORCL","ORCL 10/10/2025 Call $295.00","STC","1","$1.57","$156.95"
"10/7/2025","10/7/2025","10/8/2025","ORCL","ORCL 10/10/2025 Call $295.00","BTO","1","$1.72","($172.04)"
"10/7/2025","10/7/2025","10/8/2025","GLD","GLD 10/10/2025 Put $360.00","STC","2","$1.03","$205.91"
"10/7/2025","10/7/2025","10/8/2025","GLD","GLD 10/10/2025 Put $360.00","BTO","2","$1.05","($210.08)"
"10/7/2025","10/7/2025","10/8/2025","CAT","CAT 10/24/2025 Put $480.00","STC","1","$9.85","$984.95"
"10/7/2025","10/7/2025","10/8/2025","MU","MU 10/24/2025 Put $165.00","STC","1","$2.85","$284.95"
"10/7/2025","10/7/2025","10/8/2025","NVDA","NVDA 10/17/2025 Put $175.00","STC","2","$1.73","$345.91"
"10/7/2025","10/7/2025","10/8/2025","MU","MU 10/24/2025 Put $165.00","STC","1","$2.98","$297.95"
"10/7/2025","10/7/2025","10/8/2025","BABA","BABA 10/17/2025 Put $175.00","STC","1","$2.45","$244.95"
"10/7/2025","10/7/2025","10/8/2025","MU","MU 10/24/2025 Put $165.00","BTO","2","$2.72","($544.08)"
"10/7/2025","10/7/2025","10/8/2025","NVDA","NVDA 10/17/2025 Put $175.00","BTO","2","$1.72","($344.08)"
"10/7/2025","10/7/2025","10/8/2025","CRWV","CRWV 10/17/2025 Call $160.00","STC","1","$0.96","$95.95"
"10/7/2025","10/7/2025","10/8/2025","CVNA","CVNA 10/10/2025 Call $395.00","STC","2","$1.50","$299.91"
"10/7/2025","10/7/2025","10/8/2025","MSFT","MSFT 10/10/2025 Call $530.00","STC","1","$2.48","$247.95"
"10/7/2025","10/7/2025","10/8/2025","MSFT","MSFT 10/10/2025 Call $530.00","BTO","1","$3.40","($340.04)"
"10/7/2025","10/7/2025","10/8/2025","AAPL","AAPL 10/31/2025 Call $280.00","BTO","1","$1.05","($105.04)"
"10/7/2025","10/7/2025","10/8/2025","AAPL","AAPL 10/31/2025 Call $280.00","BTO","2","$1.05","($210.08)"
"10/7/2025","10/7/2025","10/8/2025","BABA","BABA 10/17/2025 Put $175.00","BTO","2","$1.61","($322.08)"
"10/7/2025","10/7/2025","10/8/2025","CVNA","CVNA 10/10/2025 Call $395.00","BTO","2","$2.80","($560.08)"
"10/7/2025","10/7/2025","10/8/2025","AMD","AMD 10/10/2025 Call $230.00","STC","1","$1.47","$146.95"
"10/7/2025","10/7/2025","10/8/2025","PYPL","PYPL 10/24/2025 Call $80.00","STC","2","$1.05","$209.91"
"10/7/2025","10/7/2025","10/8/2025","SNOW","SNOW 10/17/2025 Call $260.00","STC","2","$1.36","$271.91"
"10/7/2025","10/7/2025","10/8/2025","PYPL","PYPL 10/24/2025 Call $80.00","BTO","2","$1.34","($268.08)"
"10/7/2025","10/7/2025","10/8/2025","PYPL","PYPL 10/24/2025 Call $74.00","STC","1","$3.10","$309.95"
"10/7/2025","10/7/2025","10/8/2025","NNE","NNE 10/31/2025 Call $70.00","STC","1","$3.50","$349.95"
"10/7/2025","10/7/2025","10/8/2025","AMD","AMD 10/10/2025 Call $230.00","BTO","1","$2.85","($285.04)"
"10/7/2025","10/7/2025","10/8/2025","PYPL","PYPL 10/24/2025 Call $74.00","STC","1","$2.52","$251.95"
"10/7/2025","10/7/2025","10/8/2025","PYPL","PYPL 10/24/2025 Call $74.00","STC","1","$2.60","$259.95"
"10/6/2025","10/6/2025","10/7/2025","PYPL","PYPL 10/24/2025 Call $74.00","BTO","3","$1.29","($387.12)"
"10/6/2025","10/6/2025","10/7/2025","SNOW","SNOW 10/17/2025 Call $260.00","BTO","2","$2.94","($588.08)"
"10/6/2025","10/6/2025","10/6/2025","ASTS","Stock Lending","SLIP","","","$0.01"
"10/6/2025","10/6/2025","10/6/2025","SPYM","Stock Lending","SLIP","","","$0.01"
"10/6/2025","10/6/2025","10/7/2025","BIDU","BIDU 10/24/2025 Call $155.00","STC","1","$5.10","$509.95"
"10/6/2025","10/6/2025","10/7/2025","BIDU","BIDU 10/24/2025 Call $155.00","STC","1","$4.40","$439.95"
"10/6/2025","10/6/2025","10/7/2025","MU","MU 10/17/2025 Put $175.00","STC","1","$2.35","$234.95"
"10/6/2025","10/6/2025","10/7/2025","NNE","NNE 10/31/2025 Call $70.00","BTO","1","$1.80","($180.04)"
"10/6/2025","10/6/2025","10/7/2025","MU","MU 10/17/2025 Put $175.00","STC","1","$2.52","$251.95"
"10/6/2025","10/6/2025","10/7/2025","ALLY","Ally Financial
CUSIP: 02005N100","Buy","3.785011","$39.63","($150.00)"
"10/6/2025","10/6/2025","10/7/2025","MU","MU 10/17/2025 Put $175.00","STC","1","$2.43","$242.95"
"10/6/2025","10/6/2025","10/7/2025","COIN","COIN 10/10/2025 Call $420.00","STC","1","$4.10","$409.95"
"10/6/2025","10/6/2025","10/7/2025","COIN","COIN 10/10/2025 Call $420.00","BTO","1","$3.80","($380.04)"
"10/6/2025","10/6/2025","10/7/2025","CAT","CAT 10/10/2025 Put $480.00","STC","1","$1.88","$187.95"
"10/6/2025","10/6/2025","10/7/2025","CAT","CAT 10/10/2025 Put $480.00","STC","1","$2.00","$199.95"
"10/6/2025","10/6/2025","10/7/2025","MU","MU 10/17/2025 Put $175.00","BTO","3","$1.86","($558.12)"
"10/6/2025","10/6/2025","10/7/2025","CAT","CAT 10/10/2025 Put $480.00","STC","1","$1.80","$179.95"
"10/6/2025","10/6/2025","10/7/2025","BIDU","BIDU 10/24/2025 Call $155.00","BTO","2","$3.20","($640.08)"
"10/6/2025","10/6/2025","10/7/2025","CAT","CAT 10/10/2025 Put $480.00","BTO","3","$1.55","($465.12)"
"10/3/2025","10/3/2025","10/6/2025","SNOW","Option Expiration for SNOW 10/3/2025 Call $242.50","OEXP","1S","",""
"10/3/2025","10/3/2025","10/6/2025","LLY","LLY 10/24/2025 Call $970.00","BTO","1","$3.85","($385.04)"
"10/3/2025","10/3/2025","10/6/2025","LLY","LLY 10/3/2025 Call $845.00","STC","1","$1.70","$169.95"
"10/3/2025","10/3/2025","10/6/2025","LLY","LLY 10/3/2025 Call $845.00","STC","1","$1.75","$174.95"
"10/3/2025","10/3/2025","10/6/2025","LLY","LLY 10/3/2025 Call $845.00","BTO","2","$0.82","($164.08)"
"10/3/2025","10/3/2025","10/6/2025","CRCL","CRCL 10/3/2025 Put $148.00","STC","1","$2.40","$239.95"
"10/3/2025","10/3/2025","10/6/2025","CRCL","CRCL 10/3/2025 Put $148.00","STC","1","$1.60","$159.95"
"10/3/2025","10/3/2025","10/6/2025","MSTR","MSTR 10/3/2025 Put $347.50","STC","3","$0.32","$95.87"
"10/3/2025","10/3/2025","10/6/2025","CRCL","CRCL 10/3/2025 Put $148.00","STC","1","$1.00","$99.95"
"10/3/2025","10/3/2025","10/6/2025","MSTR","MSTR 10/3/2025 Put $347.50","BTO","3","$0.85","($255.12)"
"10/3/2025","10/3/2025","10/6/2025","CRCL","CRCL 10/3/2025 Put $148.00","BTO","3","$0.70","($210.12)"
"10/3/2025","10/3/2025","10/6/2025","LLY","LLY 10/3/2025 Call $845.00","STC","2","$0.63","$125.91"
"10/3/2025","10/3/2025","10/6/2025","UNH","UNH 10/3/2025 Call $367.50","STC","3","$0.42","$125.87"
"10/3/2025","10/3/2025","10/6/2025","CRCL","CRCL 10/3/2025 Put $152.50","STC","1","$2.50","$249.95"
"10/3/2025","10/3/2025","10/6/2025","CRCL","CRCL 10/3/2025 Put $152.50","STC","1","$1.81","$180.95"
"10/3/2025","10/3/2025","10/6/2025","LLY","LLY 10/3/2025 Call $845.00","BTO","2","$1.52","($304.08)"
"10/3/2025","10/3/2025","10/6/2025","PLTR","PLTR 10/3/2025 Put $175.00","STC","3","$0.16","$47.87"
"10/3/2025","10/3/2025","10/6/2025","PLTR","PLTR 10/3/2025 Put $175.00","BTO","3","$0.31","($93.12)"
"10/3/2025","10/3/2025","10/6/2025","CRCL","CRCL 10/3/2025 Put $152.50","BTO","2","$0.97","($194.08)"
"10/3/2025","10/3/2025","10/6/2025","UNH","UNH 10/3/2025 Call $367.50","BTO","3","$0.64","($192.12)"
"10/3/2025","10/3/2025","10/6/2025","SNOW","SNOW 10/3/2025 Call $242.50","BTO","1","$0.31","($31.04)"
"10/3/2025","10/3/2025","10/6/2025","LLY","LLY 10/3/2025 Call $845.00","STC","1","$2.15","$214.95"
"10/3/2025","10/3/2025","10/6/2025","LLY","LLY 10/3/2025 Call $850.00","STC","1","$1.15","$114.95"
"10/3/2025","10/3/2025","10/6/2025","LLY","LLY 10/3/2025 Call $850.00","BTO","1","$2.50","($250.04)"
"10/3/2025","10/3/2025","10/6/2025","CNC","CNC 1/16/2026 Call $52.50","BTO","4","$1.15","($460.16)"
"10/3/2025","10/3/2025","10/6/2025","CAT","CAT 10/24/2025 Put $480.00","BTO","1","$5.45","($545.04)"
"10/3/2025","10/3/2025","10/6/2025","CNC","Centene
CUSIP: 15135B101","Sell","0.89711","$38.48","$34.52"
"10/3/2025","10/3/2025","10/6/2025","CNC","Centene
CUSIP: 15135B101","Sell","3","$38.48","$115.45"
"10/3/2025","10/3/2025","10/6/2025","LLY","LLY 10/3/2025 Call $845.00","BTO","1","$1.30","($130.04)"
"10/3/2025","10/3/2025","10/6/2025","CRWD","CRWD 10/3/2025 Put $485.00","STC","2","$1.80","$359.91"
"10/3/2025","10/3/2025","10/6/2025","CRWD","CRWD 10/3/2025 Put $485.00","BTO","2","$2.15","($430.08)"
"10/3/2025","10/3/2025","10/6/2025","AAPL","AAPL 10/10/2025 Call $262.50","BTO","2","$1.67","($334.08)"
"10/3/2025","10/3/2025","10/6/2025","CRWD","CRWD 10/3/2025 Put $490.00","STC","1","$3.50","$349.95"
"10/3/2025","10/3/2025","10/6/2025","CRWD","CRWD 10/3/2025 Put $490.00","STC","1","$2.51","$250.95"
"10/3/2025","10/3/2025","10/6/2025","CRWD","CRWD 10/3/2025 Put $490.00","STC","1","$2.00","$199.95"
"10/3/2025","10/3/2025","10/6/2025","MSFT","MSFT 10/3/2025 Call $520.00","STC","3","$0.85","$254.87"
"10/3/2025","10/3/2025","10/6/2025","CRWD","CRWD 10/3/2025 Put $490.00","BTO","2","$1.17","($234.08)"
"10/3/2025","10/3/2025","10/6/2025","CRWD","CRWD 10/3/2025 Put $490.00","BTO","1","$1.17","($117.04)"
"10/3/2025","10/3/2025","10/6/2025","MSFT","MSFT 10/3/2025 Call $520.00","BTO","3","$1.21","($363.12)"
"10/3/2025","10/3/2025","10/6/2025","V","V 10/10/2025 Put $335.00","STC","4","$0.72","$287.83"
"10/3/2025","10/3/2025","10/6/2025","COIN","COIN 10/3/2025 Call $382.50","STC","1","$3.10","$309.95"
"10/3/2025","10/3/2025","10/6/2025","COIN","COIN 10/3/2025 Call $382.50","STC","1","$3.40","$339.95"
"10/3/2025","10/3/2025","10/6/2025","COIN","COIN 10/3/2025 Call $382.50","BTO","2","$2.83","($566.08)"
"10/2/2025","10/2/2025","10/2/2025","NVDA","Cash Div: R/D 2025-09-11 P/D 2025-10-02 - 4 shares at 0.01","CDIV","","","$0.04"
"10/2/2025","10/2/2025","10/3/2025","V","V 10/10/2025 Put $335.00","BTO","1","$1.14","($114.04)"
"10/2/2025","10/2/2025","10/3/2025","V","V 10/10/2025 Put $335.00","BTO","1","$1.14","($114.04)"
"10/2/2025","10/2/2025","10/3/2025","V","V 10/10/2025 Put $335.00","BTO","2","$1.14","($228.08)"
"10/2/2025","10/2/2025","10/3/2025","UBER","UBER 10/3/2025 Call $97.00","STC","5","$0.37","$184.78"
"10/2/2025","10/2/2025","10/3/2025","UBER","UBER 10/3/2025 Call $97.00","BTO","5","$0.43","($215.21)"
"10/2/2025","10/2/2025","10/3/2025","FMST","Foremost Clean Energy
CUSIP: 34547F105","Sell","34.018063","$3.00","$102.05"
"10/2/2025","10/2/2025","10/3/2025","KMX","CarMax
CUSIP: 143130102","Buy","0.521739","$46.00","($24.00)"
"10/2/2025","10/2/2025","10/3/2025","KMX","CarMax
CUSIP: 143130102","Buy","6","$46.00","($276.00)"
"10/2/2025","10/2/2025","10/3/2025","NFLX","NFLX 10/3/2025 Call $1,180.00","STC","1","$3.00","$299.95"
"10/2/2025","10/2/2025","10/3/2025","DDOG","DDOG 10/3/2025 Put $148.00","STC","4","$0.46","$183.83"
"10/2/2025","10/2/2025","10/3/2025","JOBY","JOBY 10/3/2025 Call $18.00","STC","1","$0.25","$24.95"
"10/2/2025","10/2/2025","10/3/2025","JOBY","JOBY 10/3/2025 Call $18.00","STC","2","$0.25","$49.91"
"10/2/2025","10/2/2025","10/3/2025","DELL","DELL 10/3/2025 Call $150.00","STC","2","$0.50","$99.91"
"10/2/2025","10/2/2025","10/3/2025","DDOG","DDOG 10/3/2025 Put $148.00","BTO","4","$0.72","($288.16)"
"10/2/2025","10/2/2025","10/3/2025","JOBY","JOBY 10/3/2025 Call $18.00","BTO","3","$0.35","($105.12)"
"10/2/2025","10/2/2025","10/3/2025","DELL","DELL 10/3/2025 Call $150.00","BTO","2","$0.53","($106.08)"
"10/2/2025","10/2/2025","10/3/2025","NFLX","NFLX 10/3/2025 Call $1,180.00","BTO","1","$3.20","($320.04)"
"10/2/2025","10/2/2025","10/3/2025","COIN","COIN 10/3/2025 Put $347.50","STC","2","$1.33","$265.91"
"10/2/2025","10/2/2025","10/3/2025","COIN","COIN 10/3/2025 Put $347.50","BTO","2","$1.82","($364.08)"
"10/2/2025","10/2/2025","10/3/2025","MSFT","MSFT 10/3/2025 Put $510.00","STC","1","$2.75","$274.95"
"10/2/2025","10/2/2025","10/3/2025","MSFT","MSFT 10/3/2025 Put $510.00","STC","1","$2.05","$204.95"
"10/2/2025","10/2/2025","10/3/2025","MSFT","MSFT 10/3/2025 Put $510.00","STC","1","$1.55","$154.95"
"10/2/2025","10/2/2025","10/3/2025","MSFT","MSFT 10/3/2025 Put $510.00","BTO","3","$1.20","($360.12)"
"10/2/2025","10/2/2025","10/3/2025","COIN","COIN 10/3/2025 Put $347.50","STC","1","$2.25","$224.95"
"10/2/2025","10/2/2025","10/3/2025","COIN","COIN 10/3/2025 Put $347.50","STC","1","$2.40","$239.95"
"10/2/2025","10/2/2025","10/3/2025","COIN","COIN 10/3/2025 Put $347.50","BTO","2","$1.73","($346.08)"
"10/2/2025","10/2/2025","10/3/2025","JPM","JPM 10/3/2025 Put $305.00","STC","3","$0.66","$197.87"
"10/2/2025","10/2/2025","10/3/2025","ASTS","ASTS 10/3/2025 Call $65.00","STC","1","$1.45","$144.95"
"10/2/2025","10/2/2025","10/3/2025","ASTS","ASTS 10/3/2025 Call $65.00","STC","1","$1.50","$149.95"
"10/2/2025","10/2/2025","10/3/2025","ASTS","ASTS 10/3/2025 Call $65.00","STC","1","$1.45","$144.95"
"10/2/2025","10/2/2025","10/3/2025","ASTS","ASTS 10/3/2025 Call $65.00","BTO","3","$1.25","($375.12)"
"10/2/2025","10/2/2025","10/3/2025","CRWV","CRWV 10/17/2025 Call $160.00","BTO","1","$2.54","($254.04)"
"10/2/2025","10/2/2025","10/3/2025","JPM","JPM 10/3/2025 Put $305.00","BTO","3","$1.15","($345.12)"
"10/2/2025","10/2/2025","10/3/2025","COIN","COIN 10/17/2025 Call $420.00","STC","1","$4.30","$429.95"
"10/2/2025","10/2/2025","10/3/2025","COIN","COIN 10/17/2025 Call $420.00","STC","1","$5.10","$509.95"
"10/2/2025","10/2/2025","10/3/2025","LLY","LLY 10/3/2025 Call $850.00","STC","1","$3.05","$304.95"
"10/2/2025","10/2/2025","10/3/2025","COIN","COIN 10/17/2025 Call $420.00","BTO","2","$3.50","($700.08)"
"10/2/2025","10/2/2025","10/3/2025","LLY","LLY 10/3/2025 Call $850.00","STC","1","$4.20","$419.95"
"10/2/2025","10/2/2025","10/3/2025","LLY","LLY 10/3/2025 Call $850.00","BTO","2","$2.20","($440.08)"
"10/1/2025","10/1/2025","10/1/2025","VTI","Cash Div: R/D 2025-09-29 P/D 2025-10-01 - 12.76688 shares at 0.9072","CDIV","","","$11.58"
"10/1/2025","10/1/2025","10/2/2025","JPM","JPM 10/3/2025 Put $310.00","STC","2","$1.54","$307.91"
"10/1/2025","10/1/2025","10/2/2025","LLY","LLY 10/3/2025 Put $800.00","STC","1","$2.60","$259.95"
"10/1/2025","10/1/2025","10/2/2025","LLY","LLY 10/3/2025 Put $800.00","BTO","1","$3.10","($310.04)"
"10/1/2025","10/1/2025","10/2/2025","LLY","LLY 10/3/2025 Call $860.00","STC","2","$3.10","$619.91"
"10/1/2025","10/1/2025","10/2/2025","LLY","LLY 10/3/2025 Call $860.00","BTO","2","$3.65","($730.08)"
"10/1/2025","10/1/2025","10/2/2025","LLY","LLY 10/3/2025 Call $850.00","STC","1","$4.50","$449.95"
"10/1/2025","10/1/2025","10/2/2025","LLY","LLY 10/3/2025 Call $850.00","STC","1","$4.50","$449.95"
"10/1/2025","10/1/2025","10/2/2025","JPM","JPM 10/3/2025 Put $310.00","BTO","2","$1.78","($356.08)"
"10/1/2025","10/1/2025","10/2/2025","LLY","LLY 10/3/2025 Call $850.00","BTO","2","$2.28","($456.08)"
"10/1/2025","10/1/2025","10/2/2025","ORCL","ORCL 10/3/2025 Call $300.00","STC","3","$1.41","$422.87"
"10/1/2025","10/1/2025","10/2/2025","LLY","LLY 10/3/2025 Call $850.00","STC","1","$1.42","$141.95"
"10/1/2025","10/1/2025","10/2/2025","ORCL","ORCL 10/3/2025 Call $300.00","BTO","2","$1.56","($312.08)"
"10/1/2025","10/1/2025","10/2/2025","ORCL","ORCL 10/3/2025 Call $300.00","BTO","1","$1.56","($156.04)"
"10/1/2025","10/1/2025","10/2/2025","LLY","LLY 10/3/2025 Call $850.00","BTO","1","$0.95","($95.04)"
"10/1/2025","10/1/2025","10/2/2025","COIN","COIN 10/3/2025 Call $372.50","STC","2","$1.90","$379.91"
"10/1/2025","10/1/2025","10/2/2025","LLY","LLY 10/3/2025 Call $850.00","STC","2","$0.82","$163.91"
"10/1/2025","10/1/2025","10/2/2025","COIN","COIN 10/3/2025 Call $372.50","BTO","2","$1.70","($340.08)"
"10/1/2025","10/1/2025","10/2/2025","LLY","LLY 10/3/2025 Call $850.00","BTO","2","$0.86","($172.08)"
"10/1/2025","10/1/2025","10/2/2025","UBER","UBER 10/3/2025 Call $100.00","STC","1","$0.53","$52.95"
"10/1/2025","10/1/2025","10/2/2025","UBER","UBER 10/3/2025 Call $100.00","STC","2","$0.53","$105.91"
"10/1/2025","10/1/2025","10/2/2025","AAPL","AAPL 10/17/2025 Call $267.50","STC","1","$1.89","$188.95"
"10/1/2025","10/1/2025","10/2/2025","AAPL","AAPL 10/3/2025 Call $257.50","STC","1","$2.90","$289.95"
"10/1/2025","10/1/2025","10/2/2025","AAPL","AAPL 10/17/2025 Call $267.50","STC","1","$2.00","$199.95"
"10/1/2025","10/1/2025","10/2/2025","AAPL","AAPL 10/17/2025 Call $267.50","STC","1","$2.00","$199.95"
"10/1/2025","10/1/2025","10/2/2025","AAPL","AAPL 10/3/2025 Call $257.50","STC","2","$2.83","$565.91"
"10/1/2025","10/1/2025","10/2/2025","UBER","UBER 10/3/2025 Call $100.00","BTO","3","$0.72","($216.12)"
""
"","","","","","","","","","The data provided is for informational purposes only. Please consult a professional tax service or personal tax advisor if you need instructions on how to calculate cost basis or questions regarding your specific tax situation. Reminder: This data does not include Robinhood Crypto or Robinhood Spending activity."
